tour_type,sov,hov2,hov3
NonWork,0.08229438064565353,0.36108343623439704,0.5566221831199494
Work,0.2896057327751863,0.6633585715191381,0.04703569570567556
