"TAZ","Type","HH","HH_POP","GQPop","Median_Inc","Pct_Worker","Pct_Child","Pct_Senior","HHOF1","HHOF2","HHOF3","HHOF4","HHOF5","HHOF6","HHOF7","Elem","High","College","StudGQ_UNR","StudOff_UNR","BuildingS_UNR","NAICS11","NAICS21","NAICS22","NAICS23","NAICS31","NAICS32","NAICS33","NAICS42","NAICS44","NAICS45","NAICS48","NAICS49","NAICS51","NAICS52","NAICS53","NAICS54","NAICS55","NAICS56","NAICS61","NAICS62","NAICS71","NAICS72","NAICS81","NAICS92","NAICS99","HotelRms","AWDT","IEEI_Distance","PCT_AUTO_EE","PCT_AUTO_IEEI","PCT_TRK_EE","PCT_TRK_IEEI","Industry","Office","Service_RateHigh","Service_RateLow","Retail","K12","PctHighPay","Enplanements","TotalEmp","Density","AreaType","ATSmoothed","EmpDensity","Cluster","ClusterName","Industry_EL","Industry_EH","Office_EL","Office_EH","Retail_EL","Retail_EH","Service_RateLow_EL","Service_RateLow_EH","Service_RateHigh_EL","Service_RateHigh_EH","walkability_attr","gs_home_attr","gs_work_attr","gs_other_attr","gs_total_attr","GSIndex","ApproachDensity","walk_attr_dens","IndEmpDensity","ApproachDensity_z","IndEmpDensity_z","walk_attr_dens_z","GSIndex_z","Walkability","wHH","wK12","wCollege","wRetail","wTotalEmp","access_general_sov_attr","access_nearby_sov_attr","access_walk_attr","access_transit_attr","access_employment_sov_attr","access_general_sov","access_nearby_sov","access_walk","access_transit","access_employment_sov","PctNearBusStop","PKTNCWait","OPTNCWait","AirportProd"
101,"Internal",0.00,0.00,0.00,89930.00,,,,0.00,0.00,0.00,0.00,0.00,0.00,0.00,0.00,0.00,0.00,,0.00,,0.00,0.00,0.00,0.00,0.00,0.00,0.00,0.00,2,1,0.00,0.00,0.00,0.00,1,0.00,0.00,0.00,0.00,0.00,155,800,0.00,0.00,0.00,0.00,,,,,,,0.00,0.00,46.5,109.5,803,0.00,21.7742,0,959,198855.03,"Downtown",1,126649.29,1,"Downtown Reno",0.00,0.00,0.00,0.00,628.153,174.847,85.6573,23.8427,36.375,10.125,15889.70,0.00,1438.50,14451.20,15889.70,0.164669,396.192,2098455.85,0.00,2.10409,-0.294607,4.43361,-2.24598,0.295031,0.00,0.00,0.00,236.91,282.934,15889.70,3479.50,1.72067,15889.70,959,13.5018,12.3128,4.53284,6.43732,11.7005,1,6.43392,2.93392,
102,"Internal",0.00,0.00,0.00,89930.00,,,,0.00,0.00,0.00,0.00,0.00,0.00,0.00,0.00,0.00,0.00,,0.00,,0.00,0.00,0.00,0.00,0.00,0.00,0.00,0.00,0.00,0.00,0.00,0.00,0.00,0.00,0.00,0.00,0.00,0.00,0.00,0.00,778,4015.00,2,0.00,0.00,0.00,,,,,,,0.00,0.00,233.4,546.6,4015.00,0.00,37.931,0,4795,1035888.76,"Downtown",1,659749.83,1,"Downtown Reno",0.00,0.00,0.00,0.00,2492.07,1522.93,339.269,207.331,144.869,88.531,79448.50,0.00,7192.50,72256.00,79448.50,0.164669,0.00,10931414.96,0.00,-0.362952,-0.294607,23.8145,-2.24598,0.962951,0.00,0.00,0.00,3866.25,4617.35,79448.50,17397.50,28.0806,79448.50,4795.00,13.4051,11.9062,4.4987,6.44425,11.6869,1,6.64927,3.14927,
103,"Internal",0.00,0.00,0.00,89930.00,,,,0.00,0.00,0.00,0.00,0.00,0.00,0.00,0.00,0.00,0.00,,0.00,,0.00,0.00,0.00,0.00,0.00,0.00,0.00,0.00,0.00,0.00,0.00,0.00,0.00,0.00,0.00,2,0.00,0.00,0.00,0.00,389,2012.00,0.00,0.00,0.00,0.00,,,,,,,0.00,0.00,116.7,274.3,2012.00,0.00,40.8367,0,2403,524021.19,"Downtown",1,333745.19,1,"Downtown Reno",0.00,0.00,0.00,0.00,1190.37,821.633,162.285,112.015,69.0436,47.6564,39814.00,0.00,3604.50,36209.50,39814.00,0.164674,0.00,5529642.57,0.00,-0.362952,-0.294607,11.9622,-2.24594,0.619816,0.00,0.00,0.00,1247.07,1489.42,39814.00,8718.40,9.05746,39814.00,2403.00,13.301,11.7805,4.52999,6.51766,11.6307,1,6.89279,3.39279,
104,"Internal",0.00,0.00,0.00,89930.00,,,,0.00,0.00,0.00,0.00,0.00,0.00,0.00,0.00,0.00,0.00,,0.00,,0.00,0.00,0.00,0.00,0.00,0.00,0.00,3,2,3,28,0.00,0.00,22,0.00,0.00,0.00,0.00,0.00,0.00,2,9,0.00,0.00,0.00,0.00,,,,,,,31,0.00,0.6,23.4,14,0.00,45.3125,0,69,7373.25,"Downtown",1,4695.97,1,"Downtown Reno",16.9531,14.0469,0.00,0.00,7.65625,6.34375,12.7969,10.6031,0.328125,0.271875,489.2,0.00,103.5,385.7,489.2,0.333616,748.633,33293.74,2109.78,4.29869,1.54832,-0.0976792,-0.765701,0.199676,0.00,0.00,0.00,2.79546,13.7776,489.2,101.7,0.0203034,489.2,69,13.3796,11.5487,4.55648,6.77077,11.7073,1,6.70775,3.20775,
105,"Internal",407,600,0.00,96406.00,68.8333,2.5,28.6667,263,114,15,11,4,0.00,0.00,0.00,0.00,0.00,,11,,0.00,0.00,0.00,0.00,0.00,0.00,0.00,0.00,0.00,0.00,0.00,0.00,2,1,13,7,0.00,0.00,0.00,1,1,8,21,0.00,0.00,234,,,,,,,0.00,0.00,0.5,45.5,8,0.00,64.9254,0,54,78157.74,"Downtown",1,6163.26,1,"Downtown Reno",0.00,0.00,0.00,0.00,2.80597,5.19403,15.959,29.541,0.175373,0.324627,1180.50,2645.50,81,1099.50,3826.00,0.438859,456.538,436678.34,0.00,2.47985,-0.294607,0.787409,0.15642,0.204304,83.1517,0.00,0.00,1.63443,11.0324,1180.50,291.5,3.13363,1180.50,54,13.4193,12.1255,4.48725,6.20993,11.6687,1,6.61691,3.11691,5.9987
106,"Internal",0.00,0.00,0.00,89930.00,,,,0.00,0.00,0.00,0.00,0.00,0.00,0.00,0.00,0.00,0.00,,0.00,,0.00,0.00,0.00,0.00,0.00,0.00,0.00,0.00,0.00,0.00,0.00,0.00,0.00,0.00,0.00,0.00,0.00,0.00,0.00,0.00,1,6,0.00,0.00,0.00,921,,,,,,,0.00,0.00,0.3,0.7,6,0.00,0.00,0,7,1373.74,"Downtown",1,874.925,1,"Downtown Reno",0.00,0.00,0.00,0.00,6,0.00,0.7,0.00,0.3,0.00,117.8,0.00,10.5,107.3,117.8,0.162378,999.914,14723.74,0.00,5.86339,-0.294607,-0.138425,-2.26605,0.208548,0.00,0.00,0.00,1.25129,1.45984,117.8,25.8,0.00908811,117.8,7,13.3296,11.7521,4.45589,6.30806,11.6623,1,6.8247,3.3247,
107,"Internal",0.00,0.00,0.00,89930.00,,,,0.00,0.00,0.00,0.00,0.00,0.00,0.00,0.00,0.00,0.00,,0.00,,0.00,0.00,0.00,0.00,0.00,0.00,0.00,0.00,0.00,0.00,0.00,0.00,0.00,6,20,0.00,0.00,0.00,0.00,0.00,14,75,2,0.00,0.00,0.00,,,,,,,0.00,0.00,4.2,37.8,75,0.00,24.2424,0,117,12879.13,"Downtown",1,8202.62,1,"Downtown Reno",0.00,0.00,0.00,0.00,56.8182,18.1818,28.6364,9.16364,3.18182,1.01818,1637.70,0.00,175.5,1462.20,1637.70,0.191357,981.51,114815.69,0.00,5.74879,-0.294607,0.0811927,-2.01215,0.219437,0.00,0.00,0.00,16.4577,25.6741,1637.70,357.9,0.119533,1637.70,117,13.2779,11.3101,4.47466,6.78921,11.6762,1,6.9486,3.4486,
108,"Internal",0.00,0.00,0.00,89930.00,,,,0.00,0.00,0.00,0.00,0.00,0.00,0.00,0.00,0.00,0.00,,0.00,,0.00,1,0.00,24,0.00,0.00,0.00,0.00,0.00,0.00,2,0.00,0.00,0.00,9,10,20,5,0.00,0.00,168,865,38,49,0.00,180,,,,,,,15,86,50.4,174.6,865,0.00,31.7191,0,1191,192849.59,"Downtown",1,122824.47,1,"Downtown Reno",10.2421,4.75787,58.7215,27.2785,590.63,274.37,119.218,55.3816,34.4136,15.9864,17738.50,0.00,1786.50,16175.60,17962.10,0.179134,825.017,1852380.69,1546.91,4.77433,1.05664,3.89368,-2.11924,0.366014,0.00,0.00,0.00,316.602,435.922,17738.50,3867.00,2.29948,17738.50,1191.00,13.4946,12.2323,4.43871,6.31828,11.7002,1,6.44975,2.94975,
109,"Internal",0.00,0.00,0.00,89930.00,,,,0.00,0.00,0.00,0.00,0.00,0.00,0.00,0.00,0.00,0.00,,0.00,,0.00,0.00,0.00,0.00,0.00,0.00,0.00,0.00,0.00,0.00,0.00,0.00,0.00,0.00,0.00,0.00,0.00,0.00,0.00,0.00,256,1321.00,2296.00,0.00,0.00,0.00,,,,,,,0.00,0.00,76.8,2475.20,1321.00,0.00,41.8546,0,3873,1266709.06,"Downtown",1,806757.56,1,"Downtown Reno",0.00,0.00,0.00,0.00,768.1,552.9,1439.21,1035.99,44.6556,32.1444,38993.90,0.00,5809.50,33184.40,38993.90,0.253577,0.00,8122546.79,0.00,-0.362952,-0.294607,17.6514,-1.46699,0.871693,0.00,0.00,0.00,1151.51,3376.07,38993.90,8478.50,8.36339,38993.90,3873.00,13.3657,11.9524,4.3826,6.55265,11.6674,1,6.73996,3.23996,
110,"Internal",0.00,0.00,0.00,89930.00,,,,0.00,0.00,0.00,0.00,0.00,0.00,0.00,0.00,0.00,0.00,,0.00,,0.00,0.00,0.00,0.00,0.00,0.00,0.00,0.00,3,0.00,0.00,0.00,0.00,0.00,0.00,0.00,0.00,0.00,0.00,0.00,9,47,0.00,0.00,0.00,0.00,,,,,,,0.00,0.00,2.7,6.3,50,0.00,14.8148,0,59,11494.12,"Downtown",1,7320.52,1,"Downtown Reno",0.00,0.00,0.00,0.00,42.5926,7.40741,5.36667,0.933333,2.3,0.4,985.4,0.00,88.5,896.9,985.4,0.16349,992.613,122265.06,0.00,5.81792,-0.294607,0.0975377,-2.25631,0.216751,0.00,0.00,0.00,10.8376,12.7883,985.4,215.8,0.0787132,985.4,59,13.3639,11.4695,4.56097,6.89346,11.7141,1,6.74419,3.24419,
111,"Internal",0.00,0.00,0.00,89930.00,,,,0.00,0.00,0.00,0.00,0.00,0.00,0.00,0.00,0.00,0.00,,0.00,,0.00,0.00,0.00,15,0.00,0.00,0.00,0.00,0.00,11,0.00,3,0.00,0.00,18,0.00,0.00,0.00,9,0.00,38,195,41,0.00,0.00,0.00,,,,,,,10.5,7.5,15,91,206,0.00,13.6364,0,330,93722.26,"Downtown",1,59691.01,1,"Downtown Reno",9.06818,1.43182,6.47727,1.02273,177.909,28.0909,78.5909,12.4091,12.9545,2.04545,4499.80,0.00,495,4024.30,4519.30,0.195067,0.00,817459.37,1899.26,-0.362952,1.36443,1.6229,-1.97965,0.130878,0.00,0.00,0.00,26.9608,43.1897,4499.80,980.8,0.195816,4499.80,330,13.3387,11.7094,4.44349,6.00015,11.6637,1,6.80322,3.30322,
112,"Internal",82,121,0.00,22146.00,65.2893,3.30579,31.405,56,17,5,4,0.00,0.00,0.00,0.00,0.00,0.00,,5,,3,0.00,0.00,42,0.00,0.00,0.00,0.00,15,1,0.00,0.00,47,2,24,62,5,9,0.00,0.00,181,934,29,0.00,0.00,0.00,,,,,,,24,35,54.3,290.7,950,0.00,24.1935,0,1354,200488.66,"Downtown",1,120813.54,1,"Downtown Reno",18.1935,5.80645,26.5323,8.46774,720.161,229.839,220.369,70.3306,41.1629,13.1371,20029.80,533,2031.00,18089.80,20653.80,0.222537,267.681,1842879.35,2141.45,1.30387,1.57599,3.87283,-1.73896,0.255847,20.9794,0.00,0.00,243.054,346.416,20029.80,4379.50,2.55293,20029.80,1354.00,13.4905,12.2942,4.4931,6.2224,11.6934,1,6.45857,2.95857,14.6464
113,"Internal",64,97,0.00,96406.00,77.3196,4.12371,18.5567,39,20,3,1,1,0.00,0.00,0.00,0.00,0.00,,2,,0.00,0.00,0.00,0.00,0.00,0.00,0.00,0.00,2,0.00,0.00,0.00,0.00,0.00,15,0.00,0.00,2,0.00,0.00,11,62,0.00,0.00,0.00,0.00,,,,,,,0.00,2,3.3,22.7,64,0.00,14.876,0,92,27719.99,"Downtown",1,10562.12,1,"Downtown Reno",0.00,0.00,1.70248,0.297521,54.4793,9.52066,19.3231,3.37686,2.80909,0.490909,1470.00,416,138,1337.20,1891.20,0.44635,688.834,217120.50,0.00,3.92633,-0.294607,0.305665,0.222055,0.226194,14.4764,0.00,0.00,14.4764,20.8098,1470.00,326.6,0.648629,1470.00,92,13.3056,11.5933,4.40324,5.97535,11.6513,1,6.88177,3.38177,1.70938
114,"Internal",0.00,0.00,0.00,89930.00,,,,0.00,0.00,0.00,0.00,0.00,0.00,0.00,0.00,0.00,0.00,,0.00,,0.00,0.00,0.00,0.00,0.00,0.00,0.00,0.00,0.00,0.00,0.00,0.00,0.00,0.00,0.00,0.00,0.00,0.00,0.00,0.00,0.00,0.00,0.00,0.00,0.00,0.00,,,,,,,0.00,0.00,0.00,0.00,0.00,0.00,9.09091,0,0,0.00,"Downtown",1,0.00,1,"Downtown Reno",0.00,0.00,0.00,0.00,0.00,0.00,0.00,0.00,0.00,0.00,0.00,0.00,0.00,0.00,0.00,,0.00,0.00,0.00,-0.362952,-0.294607,-0.170731,,0.00,0.00,0.00,0.00,0.00,0.00,0.00,0.00,0.00,0.00,0.00,13.544,12.7244,4.44838,6.60786,11.7018,1,6.34344,2.84344,
115,"Internal",94,144,0.00,45625.00,81.9444,5.55556,12.5,56,31,2,5,0.00,0.00,0.00,0.00,0.00,0.00,,2,,0.00,0.00,0.00,0.00,0.00,0.00,0.00,0.00,0.00,0.00,0.00,0.00,0.00,0.00,3,8,0.00,0.00,0.00,0.00,88,453,0.00,0.00,0.00,0.00,,,,,,,0.00,0.00,26.4,72.6,453,0.00,72.2222,0,552,124068.91,"Downtown",1,67760.44,1,"Downtown Reno",0.00,0.00,0.00,0.00,125.833,327.167,20.1667,52.4333,7.33333,19.0667,9204.10,611,828,8376.10,9815.10,0.260735,1964.07,1204846.99,0.00,11.8671,-0.294607,2.47289,-1.40427,0.588063,55.2779,0.00,0.00,266.392,324.611,9204.10,2023.10,4.01011,9204.10,552,13.3395,11.7056,4.37989,6.20609,11.6673,1,6.80127,3.30127,10.0927
116,"Internal",12,19,0.00,40313.00,68.4211,10.5263,21.0526,7,3,2,0.00,0.00,0.00,0.00,0.00,0.00,0.00,,1,,0.00,0.00,0.00,0.00,0.00,0.00,0.00,0.00,0.00,6,0.00,0.00,0.00,0.00,2,0.00,0.00,0.00,0.00,0.00,3,20,5,0.00,0.00,91,,,,,,,0.00,0.00,0.9,9.1,26,0.00,50,0,36,5674.43,"Downtown",1,2704.81,1,"Downtown Reno",0.00,0.00,0.00,0.00,13,13,4.55,4.55,0.45,0.45,565,78,54,511,643,0.346664,525.936,48310.95,0.00,2.91199,-0.294607,-0.0647291,-0.651376,0.169311,2.03173,0.00,0.00,4.40208,6.09518,565,124.6,0.108249,565,36,13.2411,11.0283,4.34674,6.97756,11.6911,1,7.03875,3.53875,0.630266
117,"Internal",0.00,0.00,0.00,89930.00,,,,0.00,0.00,0.00,0.00,0.00,0.00,0.00,0.00,0.00,0.00,,0.00,,0.00,0.00,0.00,0.00,0.00,0.00,0.00,0.00,3,38,0.00,0.00,83,142,227,6,0.00,1,59,3,36,185,21,54,0.00,0.00,,,,,,,0.00,55,35,542,226,0.00,72.8916,0,858,71155.69,"Downtown",1,45318.53,1,"Downtown Reno",0.00,0.00,14.9096,40.0904,61.2651,164.735,146.928,395.072,9.48795,25.512,7622.40,0.00,1287.00,6478.40,7765.40,0.276534,422.55,410159.09,0.00,2.26822,-0.294607,0.729222,-1.26584,0.169871,0.00,0.00,0.00,38.3909,145.75,7622.40,1646.50,0.278833,7622.40,858,13.4598,12.0605,4.43917,6.61201,11.7038,1,6.52611,3.02611,
118,"Internal",290,465,0.00,96406.00,63.2258,5.16129,31.6129,155,116,5,9,4,0.00,1,0.00,0.00,0.00,,6,,0.00,0.00,0.00,49,0.00,0.00,0.00,2,18,0.00,0.00,0.00,0.00,6,7,6,0.00,1,0.00,16,11,59,22,0.00,0.00,0.00,,,,,,,26.5,25.5,6.5,61.5,77,0.00,27.044,0,197,106595.28,"Downtown",1,27119.83,1,"Downtown Reno",19.3333,7.16667,18.6038,6.89623,56.1761,20.8239,44.8679,16.6321,4.74214,1.75786,2527.70,1885.00,295.5,2298.50,4479.00,0.555184,1101.31,616597.49,3648.10,6.49479,2.89207,1.18218,1.17564,0.37998,110.194,0.00,0.00,29.2584,74.856,2527.70,568.3,4.34952,2527.70,197,13.2476,11.3933,4.36129,5.75416,11.6383,1,7.02277,3.52277,5.70107
119,"Internal",160,282,0.00,47273.00,78.3688,2.83688,18.7943,77,58,14,9,1,1,0.00,0.00,0.00,0.00,,10,,0.00,0.00,0.00,0.00,0.00,0.00,0.00,0.00,0.00,0.00,0.00,0.00,0.00,0.00,5,0.00,0.00,0.00,0.00,0.00,0.00,0.00,0.00,0.00,0.00,1768.00,,,,,,,0.00,0.00,0.00,5,0.00,0.00,37.5,0,5,38667.15,"Downtown",1,667.019,1,"Downtown Reno",0.00,0.00,0.00,0.00,0.00,0.00,3.125,1.875,0.00,0.00,332,1040.00,7.5,324.5,1372.00,0.36944,533.615,183029.92,0.00,2.9598,-0.294607,0.230865,-0.451821,0.184132,29.4611,0.00,0.00,0.00,0.920661,332,86,1.10606,332,5,13.344,11.6937,4.39537,6.40676,11.6761,1,6.79073,3.29073,2.81513
120,"Internal",0.00,0.00,0.00,89930.00,,,,0.00,0.00,0.00,0.00,0.00,0.00,0.00,0.00,0.00,0.00,,0.00,,0.00,0.00,0.00,0.00,0.00,0.00,0.00,0.00,0.00,0.00,0.00,0.00,0.00,0.00,6,3,2,0.00,0.00,0.00,16,85,1,0.00,0.00,0.00,,,,,,,0.00,2,4.8,21.2,85,0.00,10.7527,0,113,25110.14,"Downtown",1,15992.46,1,"Downtown Reno",0.00,0.00,1.78495,0.215054,75.8602,9.13978,18.9204,2.27957,4.28387,0.516129,1741.10,0.00,169.5,1576.80,1746.30,0.175283,990.683,247147.18,0.00,5.80591,-0.294607,0.371549,-2.15299,0.229769,0.00,0.00,0.00,19.5304,25.9639,1741.10,380.7,0.141849,1741.10,113,13.2708,11.5224,4.33955,5.80645,11.6478,1,6.96599,3.46599,
121,"Internal",0.00,0.00,0.00,89930.00,,,,0.00,0.00,0.00,0.00,0.00,0.00,0.00,0.00,0.00,0.00,,0.00,,0.00,0.00,0.00,0.00,0.00,0.00,0.00,0.00,2,3,0.00,0.00,6,0.00,1,0.00,0.00,0.00,0.00,0.00,0.00,3,0.00,16,0.00,0.00,,,,,,,0.00,16,0.00,7,8,0.00,40.9091,0,31,14327.17,"Downtown",1,9124.87,1,"Downtown Reno",0.00,0.00,9.45455,6.54545,4.72727,3.27273,4.13636,2.86364,0.00,0.00,236.8,0.00,46.5,231.9,278.4,0.278256,0.00,81947.21,0.00,-0.362952,-0.294607,0.00907411,-1.25075,0.101701,0.00,0.00,0.00,0.81361,3.15274,236.8,49.2,0.00590925,236.8,31,13.2578,11.3513,4.36966,6.26859,11.6663,1,6.99768,3.49768,
122,"Internal",0.00,0.00,0.00,89930.00,,,,0.00,0.00,0.00,0.00,0.00,0.00,0.00,0.00,0.00,0.00,,0.00,,0.00,0.00,0.00,0.00,0.00,0.00,0.00,0.00,6,0.00,0.00,0.00,0.00,0.00,5,0.00,0.00,0.00,0.00,1,6,30,30,3,0.00,0.00,,,,,,,0.00,3,2,40,36,0.00,45.0082,0,81,6682.51,"Downtown",1,4256.04,1,"Downtown Reno",0.00,0.00,1.64975,1.35025,19.797,16.203,21.9967,18.0033,1.09984,0.900164,917.4,0.00,121.5,803.7,925.2,0.228154,1155.96,48613.42,0.00,6.83507,-0.294607,-0.0640654,-1.68974,0.252262,0.00,0.00,0.00,9.08142,20.4332,917.4,199.5,0.0659583,917.4,81,13.2199,10.9907,4.19196,6.71146,11.6931,1,7.09165,3.59165,
123,"Internal",0.00,0.00,0.00,89930.00,,,,0.00,0.00,0.00,0.00,0.00,0.00,0.00,0.00,0.00,0.00,,0.00,,0.00,0.00,0.00,0.00,0.00,0.00,0.00,0.00,0.00,0.00,0.00,0.00,0.00,0.00,0.00,0.00,0.00,0.00,0.00,9,204,1055.00,2,0.00,0.00,1572.00,,,,,,,0.00,0.00,63,152,1055.00,0.00,37.4332,0,1270,147472.50,"Downtown",1,93924.14,1,"Downtown Reno",0.00,0.00,0.00,0.00,660.08,394.92,95.1016,56.8984,39.4171,23.5829,20932.50,0.00,1905.00,19027.50,20932.50,0.165449,887.472,1548084.22,0.00,5.16323,-0.294607,3.22601,-2.23915,0.341292,0.00,0.00,0.00,360.063,433.441,20932.50,4583.50,2.61514,20932.50,1270.00,13.382,11.8584,4.43698,6.76854,11.6986,1,6.70218,3.20218,
124,"Internal",0.00,0.00,0.00,89930.00,,,,0.00,0.00,0.00,0.00,0.00,0.00,0.00,0.00,0.00,0.00,,0.00,,0.00,0.00,0.00,0.00,0.00,0.00,0.00,0.00,16,0.00,0.00,0.00,0.00,0.00,0.00,8,0.00,0.00,0.00,0.00,0.00,0.00,0.00,0.00,0.00,0.00,,,,,,,0.00,0.00,0.00,8,16,0.00,40,0,24,5306.78,"Downtown",1,3379.85,1,"Downtown Reno",0.00,0.00,0.00,0.00,9.6,6.4,4.8,3.2,0.00,0.00,344,0.00,36,308,344,0.187399,1126.62,48444.49,0.00,6.65235,-0.294607,-0.0644361,-2.04683,0.23845,0.00,0.00,0.00,3.8152,5.72279,344,75.2,0.0277098,344,24,13.3294,11.3183,4.53445,7.07611,11.7178,1,6.82502,3.32502,
125,"Internal",215,278,0.00,40313.00,73.0216,1.79856,25.1799,172,31,8,2,1,0.00,1,0.00,0.00,0.00,,7,,0.00,0.00,0.00,0.00,0.00,0.00,0.00,0.00,0.00,0.00,0.00,0.00,0.00,0.00,8,0.00,0.00,0.00,0.00,39,0.00,0.00,1,0.00,0.00,28,,,,,,,0.00,0.00,7.8,40.2,0.00,0.00,19.6721,0,48,23864.41,"Downtown",1,3241.66,1,"Downtown Reno",0.00,0.00,0.00,0.00,0.00,0.00,32.2918,7.9082,6.26557,1.53443,677.3,1397.50,72,605.3,2074.80,0.460003,270.138,140120.70,0.00,1.31917,-0.294607,0.136716,0.341673,0.157621,33.8886,0.00,0.00,0.00,7.56582,677.3,165.1,1.27228,677.3,48,13.2185,10.9303,4.30088,6.70589,11.6947,1,7.09516,3.59516,2.97209
126,"Internal",24,39,0.00,14621.00,30.7692,10.2564,58.9744,13,8,2,1,0.00,0.00,0.00,0.00,0.00,0.00,,1,,0.00,0.00,0.00,0.00,0.00,0.00,0.00,0.00,0.00,30,0.00,0.00,0.00,0.00,11,0.00,0.00,0.00,0.00,0.00,30,155,0.00,0.00,0.00,214,,,,,,,0.00,0.00,9,32,185,0.00,45.0082,0,226,55435.46,"Downtown",1,31810.28,1,"Downtown Reno",0.00,0.00,0.00,0.00,101.735,83.2652,17.5974,14.4026,4.94926,4.05074,3734.70,156,339,3395.70,3890.70,0.229067,985.274,547629.47,0.00,5.77223,-0.294607,1.03085,-1.68174,0.26861,6.44663,0.00,0.00,49.6928,60.7058,3734.70,819.7,0.602944,3734.70,226,13.3038,11.443,4.2831,6.30286,11.6957,1,6.88611,3.38611,3.15691
127,"Internal",17,19,0.00,45625.00,78.9474,10.5263,10.5263,15,2,0.00,0.00,0.00,0.00,0.00,0.00,0.00,0.00,,1,,0.00,0.00,0.00,1,0.00,0.00,0.00,0.00,0.00,0.00,0.00,0.00,0.00,0.00,0.00,0.00,0.00,0.00,0.00,0.00,0.00,0.00,2,0.00,0.00,79,,,,,,,0.5,0.5,0.00,2,0.00,0.00,45.0082,0,3,1442.46,"Downtown",1,182.509,1,"Downtown Reno",0.274959,0.225041,0.274959,0.225041,0.00,0.00,1.09984,0.900164,0.00,0.00,46.5,110.5,4.5,43.3,158.3,0.43711,182.509,9630.41,30.4182,0.773512,-0.268036,-0.1496,0.141096,0.135118,2.29701,0.00,0.00,0.00,0.405355,46.5,11.4,0.0862368,46.5,3,13.1482,11.0264,4.24371,5.67796,11.6129,1,7.27389,3.77389,0.225372
128,"Internal",0.00,0.00,0.00,89930.00,,,,0.00,0.00,0.00,0.00,0.00,0.00,0.00,0.00,0.00,0.00,,0.00,,0.00,0.00,0.00,0.00,0.00,0.00,0.00,0.00,0.00,0.00,0.00,0.00,0.00,0.00,0.00,0.00,0.00,0.00,0.00,0.00,85,440,0.00,0.00,0.00,0.00,,,,,,,0.00,0.00,25.5,59.5,440,0.00,29.085,0,525,69485.98,"Downtown",1,44255.10,1,"Downtown Reno",0.00,0.00,0.00,0.00,312.026,127.974,42.1944,17.3056,18.0833,7.41667,8704.00,0.00,787.5,7916.50,8704.00,0.16458,0.00,733707.45,0.00,-0.362952,-0.294607,1.43914,-2.24677,0.122411,0.00,0.00,0.00,53.861,64.2659,8704.00,1906.00,0.391192,8704.00,525,13.1506,11.0985,4.22985,5.84522,11.6164,1,7.26768,3.76768,
129,"Internal",0.00,0.00,0.00,89930.00,,,,0.00,0.00,0.00,0.00,0.00,0.00,0.00,0.00,0.00,0.00,,0.00,,0.00,0.00,0.00,0.00,0.00,0.00,0.00,0.00,0.00,0.00,0.00,0.00,0.00,0.00,0.00,0.00,0.00,0.00,0.00,0.00,2,15,0.00,0.00,0.00,0.00,,,,,,,0.00,0.00,0.6,1.4,15,0.00,58.3333,0,17,11172.79,"Downtown",1,7115.87,1,"Downtown Reno",0.00,0.00,0.00,0.00,6.25,8.75,0.583333,0.816667,0.25,0.35,291.7,0.00,25.5,266.2,291.7,0.159553,0.00,122099.89,0.00,-0.362952,-0.294607,0.0971753,-2.29081,0.0920502,0.00,0.00,0.00,1.38075,1.56485,291.7,63.9,0.0100284,291.7,17,13.2885,11.4813,4.21669,6.29562,11.6901,1,6.9229,3.4229,
130,"Internal",0.00,0.00,24,89930.00,,,,0.00,0.00,0.00,0.00,0.00,0.00,0.00,0.00,0.00,0.00,,0.00,,0.00,0.00,0.00,0.00,0.00,0.00,0.00,0.00,0.00,0.00,0.00,0.00,0.00,0.00,0.00,0.00,0.00,0.00,0.00,0.00,0.00,0.00,0.00,0.00,0.00,0.00,,,,,,,0.00,0.00,0.00,0.00,0.00,0.00,45.0082,0,0,0.00,"Downtown",1,0.00,1,"Downtown Reno",0.00,0.00,0.00,0.00,0.00,0.00,0.00,0.00,0.00,0.00,0.00,0.00,0.00,0.00,0.00,,0.00,0.00,0.00,-0.362952,-0.294607,-0.170731,,0.00,0.00,0.00,0.00,0.00,0.00,0.00,0.00,0.00,0.00,0.00,13.235,11.2508,4.23984,6.37048,11.6954,1,7.05384,3.55384,
131,"Internal",81,171,0.00,22146.00,81.8713,10.5263,7.60234,23,39,11,4,3,1,0.00,0.00,0.00,0.00,,2,,0.00,0.00,0.00,0.00,0.00,0.00,0.00,0.00,0.00,6,0.00,0.00,0.00,0.00,0.00,2,0.00,0.00,0.00,0.00,0.00,1,9,0.00,0.00,0.00,,,,,,,0.00,0.00,0.00,11,7,0.00,50,0,18,12533.16,"Downtown",1,1132.16,1,"Downtown Reno",0.00,0.00,0.00,0.00,3.5,3.5,5.5,5.5,0.00,0.00,346.4,526.5,27,319.4,872.9,0.501351,0.00,54903.52,0.00,-0.362952,-0.294607,-0.0502639,0.703962,0.124972,10.1227,0.00,0.00,0.874802,2.24949,346.4,82.4,0.386391,346.4,18,13.0704,10.8348,4.07361,5.85623,11.6246,1,7.47928,3.97928,1.99704
132,"Internal",82,168,4,52892.00,82.7381,2.97619,14.2857,38,28,3,8,1,0.00,4,215,0.00,0.00,,5,,0.00,0.00,0.00,0.00,0.00,0.00,0.00,0.00,0.00,0.00,0.00,0.00,0.00,0.00,3,6,0.00,0.00,29,5,0.00,0.00,0.00,0.00,0.00,0.00,,,,,,,0.00,0.00,12.6,30.4,0.00,215,51.5152,0,43,17395.40,"Downtown",1,3176.02,1,"Downtown Reno",0.00,0.00,0.00,0.00,0.00,0.00,14.7394,15.6606,6.10909,6.49091,719.1,533,387,332.1,1252.10,0.652912,295.444,92481.39,0.00,1.47674,-0.294607,0.0321877,2.03191,0.188144,15.4278,40.4509,0.00,0.00,8.09019,719.1,92.6,0.786841,719.1,43,13.0849,10.8367,4.11894,5.40068,11.5977,1,7.44056,3.94056,2.31898
133,"Internal",1,2,0.00,47273.00,100,0.00,0.00,0.00,1,0.00,0.00,0.00,0.00,0.00,0.00,0.00,0.00,,0.00,,0.00,0.00,0.00,0.00,0.00,0.00,0.00,2,0.00,0.00,0.00,0.00,0.00,0.00,0.00,1,0.00,0.00,0.00,0.00,7,36,5,0.00,0.00,201,,,,,,,2,0.00,2.1,10.9,36,0.00,31.1111,0,51,5348.32,"Downtown",1,3323.30,1,"Downtown Reno",1.37778,0.622222,0.00,0.00,24.8,11.2,7.50889,3.39111,1.44667,0.653333,753.9,6.5,76.5,677.4,760.4,0.196197,0.00,49549.80,130.326,-0.362952,-0.180765,-0.0620108,-1.96974,0.0923216,0.0923216,0.00,0.00,3.32358,4.7084,753.9,164.7,0.0276052,753.9,51,13.1803,11.1561,4.21913,6.04997,11.6326,1,7.19149,3.69149,0.557958
134,"Internal",1,2,50,90071.00,100,0.00,0.00,0.00,1,0.00,0.00,0.00,0.00,0.00,0.00,0.00,0.00,,0.00,,0.00,0.00,0.00,0.00,0.00,0.00,0.00,0.00,0.00,0.00,0.00,0.00,0.00,0.00,0.00,0.00,0.00,0.00,0.00,0.00,63,329,0.00,0.00,0.00,0.00,,,,,,,0.00,0.00,18.9,44.1,329,0.00,37.6147,0,392,17999.04,"Downtown",1,11426.32,1,"Downtown Reno",0.00,0.00,0.00,0.00,205.248,123.752,27.5119,16.5881,11.7908,7.10917,6507.00,6.5,588,5919.00,6513.50,0.166063,204.041,189860.60,0.00,0.907589,-0.294607,0.245853,-2.23377,0.114921,0.114921,0.00,0.00,37.809,45.049,6507.00,1425.00,0.278921,6507.00,392,13.115,10.7944,4.11528,6.45614,11.6445,1,7.3608,3.8608,4.70373
135,"Internal",35,38,0.00,22146.00,71.0526,15.7895,13.1579,32,3,0.00,0.00,0.00,0.00,0.00,0.00,0.00,0.00,,1,,0.00,0.00,0.00,0.00,0.00,0.00,0.00,0.00,0.00,0.00,0.00,0.00,0.00,40,39,3,0.00,3,0.00,0.00,16,84,6,0.00,0.00,0.00,,,,,,,0.00,3,4.8,99.2,84,0.00,45.5128,0,191,23513.27,"Downtown",1,13291.27,1,"Downtown Reno",0.00,0.00,1.63462,1.36538,45.7692,38.2308,54.0513,45.1487,2.61538,2.18462,2228.70,227.5,286.5,1950.00,2464.00,0.351648,765.466,171464.33,0.00,4.40351,-0.294607,0.205489,-0.607712,0.21744,7.61041,0.00,0.00,18.265,41.5311,2228.70,488.2,0.418376,2228.70,191,13.2293,11.3199,4.18079,6.40764,11.6811,1,7.06802,3.56802,2.89627
136,"Internal",10,34,6,40313.00,67.6471,26.4706,5.88235,0.00,3,0.00,7,0.00,0.00,0.00,0.00,0.00,0.00,,0.00,,0.00,0.00,0.00,41,17,1,0.00,2,0.00,0.00,0.00,0.00,0.00,0.00,5,0.00,0.00,0.00,0.00,0.00,13,64,26,88,0.00,0.00,,,,,,,40.5,108.5,3.9,40.1,64,0.00,64.3617,0,257,15629.37,"Urban",1,9180.68,1,"Downtown Reno",14.4335,26.0665,38.6676,69.8324,22.8085,41.1915,14.291,25.809,1.38989,2.51011,1909.20,65,385.5,1805.80,2256.30,0.32944,214.335,80600.68,1446.76,0.971686,0.969163,0.0061196,-0.802295,0.12934,1.2934,0.00,0.00,8.27775,33.2404,1909.20,394.7,0.108679,1909.20,257,13.1536,10.6896,4.01565,6.35815,11.6918,1,7.25998,3.75998,4.23569
137,"Internal",0.00,0.00,0.00,89930.00,,,,0.00,0.00,0.00,0.00,0.00,0.00,0.00,0.00,0.00,0.00,,0.00,,0.00,0.00,0.00,0.00,0.00,0.00,0.00,0.00,0.00,11,0.00,0.00,0.00,0.00,0.00,0.00,0.00,0.00,0.00,0.00,0.00,0.00,8,0.00,0.00,0.00,,,,,,,0.00,0.00,0.00,8,11,0.00,36.3636,0,19,2065.16,"Downtown",1,1315.29,1,"Downtown Reno",0.00,0.00,0.00,0.00,7,4,5.09091,2.90909,0.00,0.00,250.5,0.00,28.5,222,250.5,0.201657,761.481,17341.00,0.00,4.3787,-0.294607,-0.132682,-1.92191,0.178116,0.00,0.00,0.00,1.95928,3.38421,250.5,54.7,0.0142303,250.5,19,13.2931,11.2501,4.45562,6.60044,11.7121,1,6.91173,3.41173,
138,"Internal",271,334,0.00,14621.00,66.4671,3.59281,29.9401,227,37,2,1,1,3,0.00,0.00,0.00,0.00,,7,,0.00,0.00,0.00,0.00,0.00,0.00,0.00,0.00,0.00,0.00,0.00,0.00,0.00,0.00,7,7,0.00,24,0.00,0.00,7,37,0.00,0.00,0.00,0.00,,,,,,,0.00,24,2.1,18.9,37,0.00,32.4675,0,82,33608.37,"Downtown",1,5955.45,1,"Downtown Reno",0.00,0.00,16.2078,7.79221,24.987,12.013,12.7636,6.13636,1.41818,0.681818,1396.40,1761.50,123,1335.80,3220.30,0.527269,435.765,233882.25,0.00,2.3505,-0.294607,0.342443,0.931053,0.199897,54.1721,0.00,0.00,7.3962,16.3916,1396.40,324.4,2.0875,1396.40,82,13.1932,11.0385,4.08151,6.18597,11.6965,1,7.15885,3.65885,3.71491
139,"Internal",0.00,0.00,0.00,89930.00,,,,0.00,0.00,0.00,0.00,0.00,0.00,0.00,0.00,0.00,0.00,,0.00,,0.00,18,0.00,3,0.00,0.00,0.00,7,0.00,0.00,1,0.00,26,124,24,180,6,30,6,8,7,36,6,41,0.00,0.00,,,,,,,27.5,78.5,6.1,374.9,36,0.00,54.4053,0,523,73003.09,"Downtown",1,46495.12,1,"Downtown Reno",12.5385,14.9615,35.7919,42.7081,16.4141,19.5859,170.935,203.965,2.78128,3.31872,3124.80,0.00,784.5,2544.40,3328.90,0.360252,355.603,295941.90,2444.77,1.85135,1.84094,0.478612,-0.53232,0.165185,0.00,0.00,0.00,5.94667,86.3918,3124.80,657.8,0.0431906,3124.80,523,13.2716,11.4683,4.17828,6.52783,11.688,1,6.96402,3.46402,
140,"Internal",204,410,0.00,28047.00,60.4878,24.6341,14.878,72,78,35,18,1,0.00,0.00,0.00,0.00,0.00,,9,,0.00,0.00,0.00,57,0.00,0.00,0.00,0.00,0.00,0.00,0.00,0.00,0.00,10,20,8,0.00,2,0.00,7,7,39,0.00,0.00,0.00,93,,,,,,,28.5,30.5,3.5,48.5,39,0.00,43.9024,0,150,20035.29,"Downtown",1,4655.63,1,"Downtown Reno",15.9878,12.5122,17.1098,13.3902,21.878,17.122,27.2073,21.2927,1.96341,1.53659,1585.10,1326.00,225,1439.40,2990.40,0.56603,186.225,92814.59,884.569,0.796649,0.478079,0.0329188,1.27067,0.158716,32.3781,0.00,0.00,6.18994,23.8074,1585.10,353.8,1.26053,1585.10,150,13.1772,10.7524,4.37759,6.51627,11.6881,1,7.19937,3.69937,4.94009
141,"Internal",60,146,0.00,14621.00,80.137,18.4932,1.36986,27,11,7,6,4,3,2,0.00,0.00,0.00,,3,,0.00,0.00,0.00,0.00,0.00,0.00,0.00,0.00,0.00,1,0.00,0.00,0.00,0.00,1,3,0.00,0.00,0.00,1,9,49,0.00,0.00,0.00,0.00,,,,,,,0.00,0.00,2.9,11.1,50,0.00,44.6429,0,64,21756.90,"Downtown",1,5649.13,1,"Downtown Reno",0.00,0.00,0.00,0.00,27.6786,22.3214,6.14464,4.95536,1.60536,1.29464,1127.40,390,96,1031.40,1517.40,0.467926,1324.01,133937.28,0.00,7.88152,-0.294607,0.123148,0.411096,0.35228,21.1368,0.00,0.00,17.614,22.5459,1127.40,251.8,0.921469,1127.40,64,13.2428,11.2625,4.10535,6.52138,11.6968,1,7.03455,3.53455,2.31398
142,"Internal",1,2,0.00,47273.00,50,0.00,50,0.00,1,0.00,0.00,0.00,0.00,0.00,0.00,0.00,0.00,,0.00,,0.00,0.00,0.00,8,0.00,0.00,0.00,0.00,0.00,0.00,0.00,0.00,0.00,0.00,6,18,0.00,90,0.00,2035.00,10,56,24,0.00,0.00,29,,,,,,,4,94,410,1683.00,56,0.00,56.3014,0,2247,70247.67,"Downtown",1,44714.87,1,"Downtown Reno",1.74794,2.25206,41.0767,52.9233,24.4712,31.5288,735.447,947.553,179.164,230.836,13063.90,6.5,3370.50,9937.80,13314.80,0.378848,278.597,264961.96,79.5992,1.37184,-0.225076,0.410637,-0.369385,0.155373,0.155373,0.00,0.00,8.70091,349.124,13063.90,2790.70,0.0690279,13063.90,2247.00,13.1832,11.0501,4.24464,6.13214,11.668,1,7.18422,3.68422,31.1304
143,"Internal",98,127,0.00,22146.00,61.4173,18.1102,20.4724,87,0.00,4,7,0.00,0.00,0.00,0.00,0.00,0.00,,3,,0.00,3,0.00,23,0.00,0.00,0.00,3,37,13,0.00,0.00,13,55,83,118,0.00,6,6,94,16,84,17,0.00,0.00,93,,,,,,,17.5,17.5,26,376,134,0.00,64.006,0,571,37416.20,"Downtown",1,20873.28,1,"Downtown Reno",6.29895,11.2011,6.29895,11.2011,48.2319,85.7681,135.337,240.663,9.35843,16.6416,5048.20,637,856.5,4237.20,5730.70,0.418615,146.223,209489.51,639.724,0.547559,0.264203,0.288922,-0.0209585,0.140524,13.7713,0.00,0.00,18.8302,80.2392,5048.20,1098.30,0.653782,5048.20,571,13.1033,11.0932,3.97185,6.01262,11.6403,1,7.39166,3.89166,10.1065
144,"Internal",8,10,0.00,45625.00,70,10,20,6,2,0.00,0.00,0.00,0.00,0.00,0.00,0.00,0.00,,1,,0.00,0.00,0.00,0.00,0.00,0.00,0.00,0.00,0.00,0.00,0.00,0.00,0.00,0.00,9,3,0.00,18,51,0.00,0.00,0.00,0.00,0.00,0.00,0.00,,,,,,,0.00,18,20.4,42.6,0.00,0.00,41.1765,0,81,9306.19,"Downtown",1,5494.98,1,"Downtown Reno",0.00,0.00,10.5882,7.41176,0.00,0.00,25.0588,17.5412,12,8.4,422,52,121.5,347.3,520.8,0.490904,0.00,35330.67,0.00,-0.362952,-0.294607,-0.0932098,0.612423,0.122633,0.981064,0.00,0.00,0.00,9.93327,422,88.6,0.0368321,422,81,13.0363,10.7932,3.96903,5.33864,11.582,1,7.57188,4.07188,0.981222
145,"Internal",272,318,0.00,45625.00,71.0692,3.14465,25.7862,234,33,3,1,1,0.00,0.00,0.00,0.00,0.00,,15,,0.00,0.00,0.00,0.00,0.00,0.00,0.00,0.00,0.00,0.00,0.00,0.00,0.00,0.00,22,0.00,0.00,0.00,0.00,0.00,0.00,2,0.00,0.00,0.00,911,,,,,,,0.00,0.00,0.00,22,2,0.00,57.1429,0,24,23971.67,"Downtown",1,1617.51,1,"Downtown Reno",0.00,0.00,0.00,0.00,0.857143,1.14286,9.42857,12.5714,0.00,0.00,677.4,1768.00,36,641.4,2445.40,0.408273,539.169,164810.59,0.00,2.99439,-0.294607,0.190889,-0.111568,0.190079,51.7015,0.00,0.00,0.380158,4.5619,677.4,170.6,1.94379,677.4,24,13.0801,11.0086,3.93932,5.49131,11.5983,1,7.45332,3.95332,3.12938
146,"Internal",56,89,0.00,14621.00,77.5281,13.4831,8.98876,32,18,3,3,0.00,0.00,0.00,0.00,0.00,0.00,,2,,0.00,0.00,5,8,0.00,0.00,0.00,0.00,0.00,0.00,0.00,0.00,7,21,22,47,0.00,0.00,0.00,8,0.00,0.00,14,0.00,0.00,0.00,,,,,,,9,4,1.6,117.4,0.00,0.00,66.1157,0,132,20701.89,"Downtown",1,9223.94,1,"Downtown Reno",3.04959,5.95041,1.35537,2.64463,0.00,0.00,39.7802,77.6198,0.542149,1.05785,811.8,364,198,624.2,1186.20,0.601068,1327.69,82889.67,628.905,7.9044,0.254752,0.011142,1.57766,0.381168,21.3454,0.00,0.00,0.00,50.3141,811.8,177.3,0.80137,811.8,132,13.13,10.7648,4.00332,6.40012,11.6957,1,7.32131,3.82131,3.07438
147,"Internal",219,282,0.00,52892.00,79.078,6.02837,14.8936,182,21,6,10,0.00,0.00,0.00,0.00,0.00,0.00,,14,,0.00,0.00,0.00,5,36,0.00,0.00,5,8,10,0.00,0.00,11,9,29,29,0.00,0.00,0.00,55,5,22,79,0.00,2,0.00,,,,,,,43.5,4.5,12.5,204.5,40,0.00,45.283,0,305,58320.18,"Downtown",1,23377.50,1,"Downtown Reno",23.8019,19.6981,2.46226,2.03774,21.8868,18.1132,111.896,92.6038,6.83962,5.66038,2523.30,1423.50,457.5,2077.50,3958.50,0.58189,306.59,303409.33,3334.17,1.54615,2.61784,0.494996,1.40963,0.194485,42.5921,0.00,0.00,7.77938,59.3178,2523.30,557.9,1.65554,2523.30,305,13.0127,10.7462,3.95394,5.16196,11.5736,1,7.63668,4.13668,6.64129
148,"Internal",120,188,0.00,31865.00,81.9149,9.57447,8.51064,75,34,2,7,1,1,0.00,0.00,0.00,0.00,,5,,0.00,0.00,0.00,0.00,0.00,11,0.00,0.00,11,0.00,0.00,0.00,0.00,7,26,5,0.00,0.00,0.00,42,3,18,13,0.00,0.00,0.00,,,,,,,11,0.00,9.3,86.7,29,0.00,30.2326,0,136,14213.80,"Downtown",1,4814.19,1,"Downtown Reno",7.67442,3.32558,0.00,0.00,20.2326,8.76744,60.4884,26.2116,6.48837,2.81163,1340.90,780,204,1136.90,2120.90,0.568149,0.00,75076.66,389.383,-0.362952,0.0455259,-0.00600095,1.28924,0.134456,16.1347,0.00,0.00,3.89921,18.286,1340.90,299.6,0.634064,1340.90,136,13.1116,10.6896,3.7472,6.0578,11.7047,1,7.36962,3.86962,3.45422
149,"Internal",53,75,0.00,47273.00,86.6667,5.33333,8,36,14,1,2,0.00,0.00,0.00,0.00,0.00,0.00,,3,,0.00,0.00,0.00,0.00,0.00,0.00,0.00,0.00,0.00,0.00,0.00,0.00,0.00,0.00,2,0.00,0.00,0.00,0.00,234,1,5,0.00,0.00,0.00,0.00,,,,,,,0.00,0.00,47.1,189.9,5,0.00,85.9551,0,242,32466.96,"Downtown",1,17269.29,1,"Downtown Reno",0.00,0.00,0.00,0.00,0.702247,4.29775,26.6713,163.229,6.61517,40.4848,1521.40,344.5,363,1158.40,1865.90,0.542639,285.443,133151.90,0.00,1.41447,-0.294607,0.121425,1.06572,0.171787,9.10472,0.00,0.00,0.858936,41.5725,1521.40,331.4,0.348057,1521.40,242,13.0682,10.9174,3.95452,5.68892,11.5968,1,7.48534,3.98534,4.68879
150,"Internal",0.00,0.00,0.00,89930.00,,,,0.00,0.00,0.00,0.00,0.00,0.00,0.00,0.00,0.00,0.00,,0.00,,0.00,0.00,0.00,16,0.00,2,64,0.00,5,0.00,0.00,0.00,0.00,0.00,0.00,7,0.00,0.00,0.00,155,0.00,0.00,9,0.00,0.00,0.00,,,,,,,74,8,31,140,5,0.00,36.5696,0,258,15379.88,"Downtown",1,9795.33,1,"Downtown Reno",46.9385,27.0615,5.07443,2.92557,3.17152,1.82848,88.8026,51.1974,19.6634,11.3366,1297.10,0.00,387,930.9,1317.90,0.414839,227.798,50035.91,2809.51,1.05552,2.15955,-0.0609442,-0.0540459,0.140072,0.00,0.00,0.00,0.700362,36.1387,1297.10,266.7,0.00508673,1297.10,258,12.9657,10.2009,3.84187,6.11152,11.6484,1,7.76811,4.26811,
151,"Internal",188,302,115,31865.00,74.1722,5.29801,20.5298,128,29,20,5,1,4,1,0.00,0.00,0.00,,5,,0.00,0.00,0.00,0.00,0.00,0.00,0.00,0.00,2,0.00,0.00,0.00,0.00,0.00,10,7,0.00,5,0.00,0.00,0.00,2,9,0.00,0.00,0.00,,,,,,,0.00,5,0.00,26,4,0.00,35.2941,0,35,12230.11,"Downtown",1,1199.18,1,"Downtown Reno",0.00,0.00,3.23529,1.76471,2.58824,1.41176,16.8235,9.17647,0.00,0.00,592.6,1222.00,52.5,553.1,1827.60,0.460511,137.05,62617.94,0.00,0.490439,-0.294607,-0.0333373,0.346125,0.135962,25.5608,0.00,0.00,0.543846,4.75866,592.6,144.1,0.963578,592.6,35,13.1374,10.7146,3.79083,6.14996,11.709,1,7.30208,3.80208,3.21103
152,"Internal",369,559,0.00,28047.00,56.5295,5.36673,38.1038,244,90,15,14,3,2,1,0.00,0.00,0.00,,14,,0.00,0.00,0.00,0.00,0.00,0.00,0.00,0.00,0.00,0.00,0.00,0.00,0.00,0.00,5,0.00,0.00,0.00,0.00,44,0.00,0.00,3,0.00,0.00,0.00,,,,,,,0.00,0.00,8.8,43.2,0.00,0.00,51.2821,0,52,15824.53,"Downtown",1,1284.45,1,"Downtown Reno",0.00,0.00,0.00,0.00,0.00,0.00,21.0462,22.1538,4.28718,4.51282,992.3,2398.50,78,914.3,3390.80,0.426413,98.8035,83755.77,0.00,0.252286,-0.294607,0.0130424,0.0473675,0.12847,47.4055,0.00,0.00,0.00,6.68046,992.3,246.9,1.77975,992.3,52,13.07,10.4491,4.03183,6.05709,11.6722,1,7.4805,3.9805,4.64984
153,"Internal",65,122,0.00,56759.00,58.1967,5.73771,36.0656,34,15,7,5,4,0.00,0.00,0.00,0.00,0.00,,2,,2,0.00,0.00,11,0.00,0.00,0.00,7,0.00,0.00,0.00,0.00,3,8,51,153,0.00,14,0.00,104,8,42,25,0.00,0.00,0.00,,,,,,,14.5,19.5,23.2,328.8,42,0.00,59.25,0,428,14542.24,"Downtown",1,7838.76,1,"Downtown Reno",5.90875,8.59125,7.94625,11.5538,17.115,24.885,133.986,194.814,9.454,13.746,2982.10,422.5,642,2390.80,3455.30,0.47177,109.889,63283.34,265.565,0.321315,-0.0626311,-0.0318773,0.444773,0.134257,8.72668,0.00,0.00,5.63878,57.4618,2982.10,644.1,0.36858,2982.10,428,12.8295,10.0846,3.80944,5.374,11.5447,0.996996,8.16632,4.66632,7.31674
154,"Internal",39,56,0.00,47273.00,89.2857,5.35714,5.35714,31,2,4,1,1,0.00,0.00,0.00,0.00,0.00,,2,,0.00,0.00,0.00,0.00,0.00,0.00,0.00,0.00,0.00,0.00,0.00,0.00,0.00,3,5,0.00,14,0.00,0.00,70,8,45,36,0.00,0.00,0.00,,,,,,,0.00,14,16.4,105.6,45,0.00,36.5591,0,181,12881.41,"Downtown",1,6853.58,1,"Downtown Reno",0.00,0.00,8.88172,5.11828,28.5484,16.4516,66.9935,38.6065,10.4043,5.9957,1640.80,253.5,271.5,1405.70,1930.70,0.432888,113.595,73106.13,0.00,0.344392,-0.294607,-0.0103246,0.104103,0.130339,5.0832,0.00,0.00,5.86523,23.5913,1640.80,357.4,0.233438,1640.80,181,12.9955,10.6139,3.90821,5.68182,11.5894,1,7.68438,4.18438,2.63345
155,"Internal",138,199,0.00,31865.00,56.2814,8.54271,35.1759,93,32,10,3,0.00,0.00,0.00,0.00,0.00,0.00,,3,,7,5,0.00,409,0.00,0.00,8,5,5,2,16,0.00,0.00,52,24,133,1,69,5,17,6,29,20,0.00,0.00,0.00,,,,,,,245.5,274.5,7.2,249.8,36,0.00,50.4587,0,813,60433.27,"Downtown",1,33298.48,1,"Downtown Reno",121.624,123.876,135.991,138.509,17.8349,18.1651,123.754,126.046,3.56697,3.63303,3934.60,897,1219.50,3428.80,5545.30,0.543145,0.00,227121.82,10055.07,-0.362952,8.48867,0.32761,1.07015,0.140424,19.3785,0.00,0.00,5.05526,114.165,3934.60,785,0.764243,3934.60,813,13.1177,10.7378,3.79478,6.05798,11.7097,1,7.35346,3.85346,13.1246
156,"Internal",9,26,53,25437.00,76.9231,15.3846,7.69231,4,1,2,0.00,0.00,0.00,2,0.00,0.00,0.00,,0.00,,0.00,0.00,0.00,0.00,2,16,0.00,16,6,0.00,0.00,0.00,0.00,0.00,0.00,0.00,6,0.00,16,140,1,5,15,0.00,0.00,0.00,,,,,,,34,6,34.7,137.3,11,0.00,51.3966,0,223,9013.14,"Downtown",1,5343.61,1,"Downtown Reno",16.5251,17.4749,2.9162,3.0838,5.34637,5.65363,66.7324,70.5676,16.8654,17.8346,1306.00,58.5,334.5,987.1,1380.10,0.427893,263.586,33070.45,814.72,1.27837,0.417065,-0.0981691,0.060333,0.145177,1.3066,0.00,0.00,1.59695,32.3745,1306.00,276,0.0606522,1306.00,223,13.0958,10.47,3.65435,6.01686,11.7029,1,7.41146,3.91146,3.3111
157,"Internal",103,181,42,52892.00,73.4807,12.1547,14.3646,46,43,11,1,1,0.00,1,0.00,0.00,0.00,,7,,0.00,0.00,0.00,10,0.00,0.00,0.00,0.00,24,7,0.00,0.00,0.00,2,22,91,8,13,0.00,69,52,264,26,0.00,0.00,0.00,,,,,,,5,26,29.4,232.6,295,0.00,44.5783,0,588,19702.37,"Downtown",1,10491.44,1,"Downtown Reno",2.77108,2.22892,14.4096,11.5904,163.494,131.506,128.911,103.689,16.294,13.106,7272.40,669.5,882,6458.00,8009.50,0.330779,53.5278,142910.23,89.213,-0.0296408,-0.216678,0.142836,-0.790559,0.115541,11.9007,0.00,0.00,34.0846,67.9382,7272.40,1590.90,0.694346,7272.40,588,12.8573,10.348,3.56907,4.68357,11.5348,1,8.08305,4.58305,8.33597
158,"Internal",0.00,0.00,0.00,89930.00,,,,0.00,0.00,0.00,0.00,0.00,0.00,0.00,0.00,0.00,0.00,,0.00,,0.00,0.00,0.00,0.00,0.00,0.00,0.00,0.00,0.00,0.00,0.00,0.00,0.00,0.00,0.00,0.00,0.00,47,0.00,0.00,9,46,10,0.00,0.00,0.00,,,,,,,0.00,47,2.7,16.3,46,0.00,47.0588,0,112,10221.93,"Downtown",1,6510.27,1,"Downtown Reno",0.00,0.00,24.8824,22.1176,24.3529,21.6471,8.62941,7.67059,1.42941,1.27059,1107.60,0.00,168,1061.80,1229.80,0.235892,174.382,71485.13,0.00,0.722906,-0.294607,-0.0138813,-1.62194,0.113554,0.00,0.00,0.00,5.2235,12.7181,1107.60,234.9,0.0379383,1107.60,112,13.0207,10.7604,3.70571,5.23799,11.5962,1,7.6146,4.1146,
159,"Internal",8,10,0.00,45625.00,80,20,0.00,6,2,0.00,0.00,0.00,0.00,0.00,0.00,0.00,0.00,,0.00,,0.00,0.00,0.00,39,0.00,0.00,0.00,3,1,0.00,0.00,0.00,0.00,0.00,0.00,0.00,0.00,31,0.00,45,1,3,39,0.00,0.00,0.00,,,,,,,22.5,50.5,9.3,75.7,4,0.00,48.4848,0,162,13390.78,"Downtown",1,8205.88,1,"Downtown Reno",11.5909,10.9091,26.0152,24.4848,2.06061,1.93939,38.997,36.703,4.79091,4.50909,785,52,243,673.3,968.3,0.450637,202.614,49047.85,1139.71,0.898702,0.700944,-0.0631122,0.259609,0.141722,1.13378,0.00,0.00,0.566888,22.9589,785,158.9,0.0466826,785,162,12.9781,10.5697,3.74126,5.06714,11.581,1,7.7331,4.2331,2.03224
160,"Internal",68,90,0.00,52892.00,72.2222,8.88889,18.8889,51,14,1,2,0.00,0.00,0.00,0.00,0.00,0.00,,4,,0.00,0.00,0.00,0.00,0.00,0.00,0.00,3,0.00,0.00,0.00,0.00,0.00,0.00,15,14,0.00,3,0.00,0.00,2,14,2,0.00,0.00,0.00,,,,,,,3,3,0.6,32.4,14,0.00,43.3333,0,53,10298.66,"Downtown",1,3151.14,1,"Downtown Reno",1.7,1.3,1.7,1.3,7.93333,6.06667,18.36,14.04,0.34,0.26,593.8,442,79.5,522.1,1043.60,0.564528,951.286,62047.65,178.366,5.56059,-0.138801,-0.0345886,1.25751,0.28604,19.4507,0.00,0.00,4.00456,15.1601,593.8,134,0.759324,593.8,53,12.9724,10.7638,3.71723,4.87146,11.5717,1,7.74916,4.24916,1.411
161,"Internal",53,71,0.00,47273.00,69.0141,11.2676,19.7183,40,9,3,1,0.00,0.00,0.00,0.00,0.00,0.00,,4,,0.00,0.00,0.00,31,0.00,0.00,0.00,0.00,0.00,2,0.00,0.00,3,1,9,11,0.00,2,0.00,14,0.00,0.00,33,0.00,0.00,0.00,,,,,,,15.5,17.5,2.8,68.2,2,0.00,54.902,0,106,10326.25,"Downtown",1,4610.07,1,"Downtown Reno",6.9902,8.5098,7.89216,9.60784,0.901961,1.09804,30.7569,37.4431,1.26275,1.53725,634.7,344.5,159,521.2,1024.70,0.604184,173.965,44565.42,674.113,0.720305,0.294242,-0.0729474,1.60496,0.159387,8.44753,0.00,0.00,0.318775,16.8951,634.7,136.4,0.319461,634.7,106,12.938,10.4717,3.62373,5.29872,11.5773,1,7.84718,4.34718,1.96578
162,"Internal",86,228,0.00,25437.00,75.4386,19.7368,4.82456,17,38,12,6,5,6,2,0.00,0.00,0.00,,6,,0.00,0.00,0.00,20,0.00,0.00,0.00,0.00,10,14,0.00,0.00,0.00,0.00,10,0.00,0.00,0.00,0.00,0.00,10,54,5,0.00,0.00,138,,,,,,,10,10,3,22,78,0.00,46.25,0,123,9342.54,"Downtown",1,2728.72,1,"Downtown Reno",5.375,4.625,5.375,4.625,41.925,36.075,11.825,10.175,1.6125,1.3875,1822.00,559,184.5,1663.50,2407.00,0.462557,310.586,53398.57,221.847,1.57103,-0.10082,-0.053566,0.364058,0.157502,13.5452,0.00,0.00,12.2852,19.3728,1822.00,402.8,0.597754,1822.00,123,13.1181,10.4189,3.6014,5.71523,11.7359,1,7.35256,3.85256,3.76833
163,"Internal",8,9,0.00,37172.00,66.6667,22.2222,11.1111,7,1,0.00,0.00,0.00,0.00,0.00,0.00,0.00,0.00,,0.00,,0.00,0.00,0.00,0.00,0.00,0.00,0.00,33,0.00,0.00,0.00,0.00,0.00,0.00,25,0.00,0.00,0.00,0.00,258,2,14,26,0.00,0.00,0.00,,,,,,,33,0.00,52.2,258.8,14,0.00,55.3846,0,358,30822.15,"Downtown",1,19321.04,1,"Downtown Reno",14.7231,18.2769,0.00,0.00,6.24615,7.75385,115.465,143.335,23.2892,28.9108,2117.60,52,537,1580.60,2169.60,0.40742,647.633,117092.00,1780.99,3.66978,1.26112,0.0861872,-0.119042,0.203322,1.62658,0.00,0.00,2.84651,72.7894,2117.60,451.1,0.0817409,2117.60,358,13.1115,10.5632,3.47006,5.86168,11.7211,1,7.36985,3.86985,5.45563
164,"Internal",2,8,0.00,47273.00,62.5,0.00,37.5,0.00,0.00,0.00,2,0.00,0.00,0.00,0.00,0.00,0.00,,0.00,,0.00,0.00,0.00,0.00,0.00,0.00,0.00,0.00,6,0.00,0.00,0.00,0.00,8,0.00,0.00,0.00,0.00,0.00,0.00,64,329,2,0.00,0.00,27,,,,,,,0.00,0.00,19.2,54.8,335,0.00,19.8795,0,409,13597.68,"Urban",1,8553.70,1,"Downtown Reno",0.00,0.00,0.00,0.00,268.404,66.5964,43.906,10.894,15.3831,3.81687,6682.70,13,613.5,6069.20,6695.70,0.169981,334.619,140031.86,0.00,1.72068,-0.294607,0.136521,-2.19944,0.126625,0.253249,0.00,0.00,42.4192,51.7894,6682.70,1463.30,0.317599,6682.70,409,13.0417,10.7557,3.49739,5.05979,11.6197,1,7.55717,4.05717,3.68844
165,"Internal",397,793,0.00,37172.00,66.7087,16.6456,16.6456,164,151,40,19,9,12,2,0.00,0.00,0.00,,14,,0.00,0.00,0.00,0.00,0.00,0.00,0.00,0.00,0.00,0.00,0.00,0.00,0.00,0.00,54,0.00,0.00,0.00,0.00,0.00,1,8,0.00,0.00,0.00,0.00,,,,,,,0.00,0.00,0.3,54.7,8,0.00,46.6667,0,63,43864.98,"Downtown",1,3098.37,1,"Downtown Reno",0.00,0.00,0.00,0.00,4.26667,3.73333,29.1733,25.5267,0.16,0.14,1211.90,2580.50,94.5,1117.40,3792.40,0.449567,0.00,186512.21,0.00,-0.362952,-0.294607,0.238506,0.250237,0.126105,50.0638,0.00,0.00,1.00884,7.94464,1211.90,297.3,1.88687,1211.90,63,13.0061,10.3919,3.23244,5.74433,11.6695,1,7.65511,4.15511,7.44963
166,"Internal",72,160,0.00,37172.00,75,11.875,13.125,28,27,3,8,2,1,3,0.00,0.00,0.00,,8,,0.00,0.00,0.00,1,0.00,0.00,2,0.00,2,0.00,0.00,0.00,33,0.00,0.00,8,0.00,40,0.00,86,3,15,11,0.00,0.00,0.00,,,,,,,2.5,40.5,18.1,122.9,17,0.00,51.8325,0,201,14859.60,"Downtown",1,6280.09,1,"Downtown Reno",1.20419,1.29581,19.5079,20.9921,8.18848,8.81152,59.1979,63.7021,8.71832,9.38168,1373.30,468,301.5,1177.10,1946.60,0.552553,374.931,60820.06,78.1106,1.9717,-0.226376,-0.0372821,1.15258,0.181084,13.038,0.00,0.00,3.07842,36.3978,1373.30,296.4,0.511845,1373.30,201,13.0832,10.535,3.42445,5.79069,11.7144,1,7.44493,3.94493,4.4727
167,"Internal",0.00,0.00,111,89930.00,,,,0.00,0.00,0.00,0.00,0.00,0.00,0.00,0.00,0.00,0.00,,0.00,,0.00,0.00,0.00,383,0.00,53,0.00,5,7,13,0.00,0.00,0.00,0.00,0.00,0.00,0.00,57,0.00,0.00,5,25,21,0.00,0.00,0.00,,,,,,,249.5,248.5,1.5,24.5,45,0.00,59.9424,0,569,15251.05,"Downtown",1,9713.28,1,"Downtown Reno",99.9438,149.556,99.5432,148.957,18.0259,26.9741,9.81412,14.6859,0.600865,0.899135,2481.10,0.00,853.5,2273.70,3127.20,0.396876,153.637,53383.78,4259.16,0.593728,3.42584,-0.0535985,-0.211426,0.129264,0.00,0.00,0.00,5.81687,73.5511,2481.10,464.7,0.0422479,2481.10,569,12.9973,10.3447,3.0432,5.99677,11.6741,1,7.67937,4.17937,
168,"Internal",110,235,47,37172.00,71.0638,12.766,16.1702,49,23,20,13,2,3,0.00,0.00,0.00,0.00,,6,,0.00,0.00,0.00,8,0.00,0.00,0.00,0.00,0.00,0.00,0.00,0.00,0.00,0.00,3,8,0.00,23,0.00,318,2,9,8,16,0.00,0.00,,,,,,,4,43,64.2,274.8,9,0.00,48.423,0,395,27638.73,"Downtown",1,12765.80,1,"Downtown Reno",2.06308,1.93692,22.1781,20.8219,4.64193,4.35807,141.734,133.066,33.1124,31.0876,2416.70,715,592.5,1936.00,3243.50,0.561763,258.548,104825.00,129.274,1.24699,-0.181684,0.0592715,1.23328,0.168889,18.5778,0.00,0.00,1.52,66.7112,2416.70,522.2,0.708507,2416.70,395,13.0541,10.483,3.49551,5.66892,11.7041,1,7.52345,4.02345,7.72119
169,"Internal",403,723,14,44753.00,62.9322,13.0014,24.0664,220,104,47,16,8,6,2,0.00,0.00,0.00,,25,,0.00,0.00,0.00,7,0.00,0.00,0.00,0.00,0.00,0.00,0.00,0.00,0.00,2,15,5,36,21,0.00,157,2,15,8,0.00,3,0.00,,,,,,,3.5,63.5,32,157,15,0.00,25.7895,0,271,25754.12,"Downtown",1,6076.92,1,"Downtown Reno",2.59737,0.902632,47.1237,16.3763,11.1316,3.86842,116.511,40.4895,23.7474,8.25263,2305.60,2619.50,406.5,2064.20,5090.20,0.564343,224.241,114142.99,78.4842,1.03337,-0.22605,0.0797166,1.25588,0.165143,66.5525,0.00,0.00,2.47714,44.7537,2305.60,523.3,2.51657,2305.60,271,12.7048,10.114,3.23638,4.18757,11.4855,1,8.55405,5.05405,8.20402
170,"Internal",90,236,0.00,25437.00,71.6102,20.339,8.05085,30,24,14,7,6,5,4,0.00,0.00,0.00,,5,,0.00,0.00,0.00,0.00,0.00,0.00,0.00,0.00,2,0.00,93,0.00,0.00,0.00,0.00,0.00,5,0.00,0.00,0.00,8,42,5,0.00,0.00,97,,,,,,,93,5,2.4,10.6,44,0.00,0.00,0,155,12685.56,"Downtown",1,4101.77,1,"Downtown Reno",93,0.00,5,0.00,44,0.00,10.6,0.00,2.4,0.00,1360.60,585,232.5,1141.10,1958.60,0.557263,317.556,51830.50,2461.06,1.61443,1.85517,-0.0570066,1.19385,0.172756,15.548,0.00,0.00,7.60126,26.7772,1360.60,290,0.638928,1360.60,155,13.1004,10.517,3.18015,5.82509,11.7251,1,7.39922,3.89922,3.12844
171,"Internal",122,150,0.00,25437.00,66,13.3333,20.6667,96,25,0.00,1,0.00,0.00,0.00,0.00,0.00,0.00,,4,,0.00,0.00,0.00,93,7,0.00,0.00,41,26,14,18,0.00,0.00,0.00,0.00,91,0.00,2,0.00,1,107,552,59,0.00,0.00,283,,,,,,,112.5,48.5,32.3,225.7,592,0.00,40.678,0,1011,28356.65,"Downtown",1,16500.90,1,"Downtown Reno",66.7373,45.7627,28.7712,19.7288,351.186,240.814,133.89,91.8102,19.161,13.139,13230.00,793,1516.50,11839.60,14149.10,0.28518,195.856,230932.56,1836.15,0.856621,1.3093,0.335971,-1.19009,0.130427,15.9121,0.00,0.00,77.2126,131.861,13230.00,2878.30,1.15818,13230.00,1011.00,13.0573,10.5091,3.05728,6.26934,11.7,1,7.51467,4.01467,13.5771
172,"Internal",287,569,7,33364.00,71.1775,14.2355,14.587,146,73,26,24,9,5,4,0.00,0.00,0.00,,19,,0.00,0.00,0.00,117,0.00,0.00,0.00,23,7,18,6,0.00,2,18,45,33,0.00,152,0.00,118,5,22,10,36,0.00,0.00,,,,,,,87.5,246.5,25.1,205.9,47,0.00,30.9091,0,612,13970.85,"Urban",1,5588.65,1,"Downtown Reno",60.4545,27.0455,170.309,76.1909,32.4727,14.5273,142.258,63.6418,17.3418,7.75818,3719.80,1865.50,918,3442.70,6226.20,0.582748,36.5271,56856.28,799.031,-0.135502,0.403359,-0.0459793,1.41715,0.139606,40.0669,0.00,0.00,6.56148,85.4388,3719.80,780.4,1.55189,3719.80,612,12.8098,10.2327,3.19366,4.54148,11.5304,1,8.22611,4.72611,11.1202
173,"Internal",0.00,0.00,0.00,89930.00,,,,0.00,0.00,0.00,0.00,0.00,0.00,0.00,0.00,0.00,0.00,,0.00,,0.00,0.00,0.00,0.00,0.00,0.00,0.00,0.00,0.00,21,0.00,0.00,0.00,0.00,5,3470.00,0.00,130,0.00,4904.00,49,253,17,0.00,0.00,0.00,,,,,,,0.00,130,995.5,7449.50,274,0.00,61.1963,0,8849,284609.75,"Downtown",1,181265.83,1,"Downtown Reno",0.00,0.00,50.4448,79.5552,106.322,167.678,2890.68,4558.82,386.291,609.209,52805.80,0.00,13273.50,39870.30,53143.80,0.374766,0.00,1088615.09,0.00,-0.362952,-0.294607,2.21786,-0.405157,0.174229,0.00,0.00,0.00,47.7387,1541.75,52805.80,11322.40,0.346726,52805.80,8849.00,13.0932,10.8276,2.86163,4.98965,11.7322,1,7.41831,3.91831,
174,"Internal",0.00,0.00,100,89930.00,,,,0.00,0.00,0.00,0.00,0.00,0.00,0.00,0.00,0.00,0.00,,0.00,,0.00,0.00,0.00,0.00,0.00,0.00,9,0.00,23,18,0.00,0.00,37,0.00,0.00,0.00,0.00,5,0.00,103,0.00,3,5,0.00,0.00,0.00,,,,,,,9,5,20.6,124.4,44,0.00,51.2397,0,203,6472.47,"Urban",1,4122.27,1,"Downtown Reno",4.38843,4.61157,2.43802,2.56198,21.4545,22.5455,60.6579,63.7421,10.0446,10.5554,1676.80,0.00,304.5,1385.30,1689.80,0.295454,121.84,34314.33,182.761,0.395734,-0.134962,-0.0954398,-1.10007,0.112926,0.00,0.00,0.00,4.96877,22.9241,1676.80,361.4,0.0360881,1676.80,203,13.0068,10.2384,2.65513,5.54231,11.707,1,7.65302,4.15302,
175,"Internal",180,349,0.00,24313.00,63.0372,18.9112,18.0516,78,70,13,7,8,4,0.00,0.00,0.00,0.00,,11,,0.00,2,24,108,3,0.00,0.00,0.00,68,2,0.00,0.00,0.00,21,20,6,0.00,101,0.00,18,57,298,54,0.00,0.00,0.00,,,,,,,83,155,20.7,155.3,368,0.00,38.1346,0,782,12055.40,"Urban",1,5978.63,1,"Downtown Reno",51.3483,31.6517,95.8914,59.1086,227.665,140.335,96.077,59.223,12.8061,7.89386,8923.20,1170.00,1173.00,8153.20,10496.20,0.371704,45.8718,80246.64,634.56,-0.0773135,0.259692,0.00534279,-0.431982,0.116086,20.8955,0.00,0.00,42.7197,90.7794,8923.20,1929.00,1.09475,8923.20,782,12.931,10.3448,3.08967,4.69048,11.5951,1,7.86731,4.36731,11.3138
176,"Internal",0.00,0.00,0.00,89930.00,,,,0.00,0.00,0.00,0.00,0.00,0.00,0.00,0.00,0.00,0.00,,0.00,,0.00,0.00,0.00,0.00,0.00,0.00,0.00,0.00,0.00,14,0.00,0.00,0.00,0.00,0.00,2,0.00,3,0.00,36,0.00,1,53,0.00,0.00,0.00,,,,,,,0.00,3,7.2,83.8,15,0.00,59.7561,0,109,3302.59,"Urban",1,2103.40,1,"Downtown Reno",0.00,0.00,1.20732,1.79268,6.03659,8.96341,33.7244,50.0756,2.89756,4.30244,799.1,0.00,163.5,643.4,806.9,0.323139,250.864,15570.92,0.00,1.19915,-0.294607,-0.136566,-0.8575,0.128947,0.00,0.00,0.00,1.9342,14.0552,799.1,172.2,0.0140481,799.1,109,13.0561,10.3985,2.54578,5.5652,11.7366,1,7.51797,4.01797,
177,"Internal",1,2,219,25437.00,100,0.00,0.00,0.00,1,0.00,0.00,0.00,0.00,0.00,0.00,0.00,0.00,,0.00,,0.00,0.00,0.00,11,0.00,0.00,5,20,10,0.00,0.00,0.00,0.00,0.00,0.00,0.00,0.00,259,0.00,5,5,22,20,0.00,0.00,0.00,,,,,,,30.5,264.5,2.5,27.5,32,0.00,81.8182,0,357,4872.96,"Urban",1,3092.52,1,"Downtown Reno",5.54545,24.9545,48.0909,216.409,5.81818,26.1818,5,22.5,0.454545,2.04545,1653.30,6.5,535.5,1805.50,2347.50,0.356416,60.6376,20335.25,264.207,0.0146311,-0.0638181,-0.126112,-0.56593,0.112772,0.112772,0.00,0.00,3.6087,40.2596,1653.30,315.2,0.0304438,1653.30,357,12.9282,10.104,2.8263,5.92316,11.6608,1,7.87509,4.37509,6.68756
178,"Internal",227,468,187,67816.00,50.4273,15.1709,34.4017,123,39,32,13,6,9,5,0.00,0.00,0.00,,11,,9,0.00,0.00,197,230,0.00,0.00,0.00,11,0.00,0.00,0.00,7,0.00,3,0.00,0.00,0.00,13,197,15,75,29,0.00,0.00,0.00,,,,,,,337.5,98.5,49.1,214.9,86,0.00,64.784,0,786,22441.79,"Downtown",1,10363.12,1,"Downtown Reno",118.854,218.646,34.6878,63.8122,30.2858,55.7142,75.6792,139.221,17.2911,31.8089,4825.90,1475.50,1179.00,3903.00,6557.50,0.562786,145.031,86458.23,4449.81,0.540138,3.59238,0.018972,1.24224,0.152369,34.5878,0.00,0.00,13.1038,119.762,4825.90,1000.90,1.3937,4825.90,786,12.8565,9.8796,2.48632,4.98296,11.6648,1,8.08533,4.58533,16.3437
179,"Internal",52,76,0.00,25437.00,65.7895,5.26316,28.9474,37,9,4,1,1,0.00,0.00,0.00,0.00,0.00,,3,,0.00,0.00,0.00,123,0.00,0.00,0.00,0.00,0.00,16,0.00,0.00,0.00,0.00,5,0.00,0.00,0.00,0.00,0.00,1,3,15,0.00,0.00,0.00,,,,,,,61.5,61.5,0.3,20.7,19,0.00,45.6954,0,163,3386.96,"Urban",1,1663.22,1,"Downtown Reno",33.3974,28.1026,33.3974,28.1026,10.3179,8.68212,11.2411,9.45894,0.162914,0.137086,940.7,338,244.5,856.1,1438.60,0.561778,61.2229,14679.22,627.535,0.018276,0.253555,-0.138522,1.23341,0.137234,7.13619,0.00,0.00,2.60745,22.3692,940.7,190.6,0.286852,940.7,163,12.8945,9.99521,2.60141,5.49666,11.645,1,7.97322,4.47322,2.69546
180,"Internal",3,6,109,25000.00,,,,1,1,1,0.00,0.00,0.00,0.00,0.00,0.00,0.00,,10,,0.00,0.00,0.00,261,0.00,0.00,3,8,25,20,10,0.00,0.00,5,7,69,0.00,14,0.00,0.00,0.00,0.00,32,0.00,0.00,0.00,,,,,,,151.5,144.5,0.00,113,45,0.00,65.6642,0,454,13390.94,"Urban",1,8457.41,1,"Downtown Reno",52.0188,99.4812,49.6153,94.8847,15.4511,29.5489,38.7995,74.2005,0.00,0.00,2368.00,19.5,681,2062.70,2763.20,0.381964,707.889,51474.67,2822.24,4.04498,2.17067,-0.0577874,-0.342084,0.203155,0.609464,0.00,0.00,9.14196,92.2322,2368.00,469.6,0.0892791,2368.00,454,13.0127,10.237,2.04231,5.17764,11.7359,1,7.63681,4.13681,
181,"Internal",4,7,0.00,25000.00,57.1429,28.5714,14.2857,1,3,0.00,0.00,0.00,0.00,0.00,0.00,0.00,0.00,,0.00,,0.00,0.00,0.00,0.00,0.00,0.00,0.00,0.00,5,6,28,0.00,0.00,0.00,0.00,0.00,7,0.00,0.00,0.00,0.00,0.00,30,255,0.00,0.00,,,,,,,28,262,0.00,30,11,0.00,62.3188,0,331,7819.74,"Urban",1,4914.15,1,"Downtown Reno",10.5507,17.4493,98.7246,163.275,4.14493,6.85507,11.3043,18.6957,0.00,0.00,1251.30,26,496.5,1436.00,1958.50,0.397953,148.464,29076.61,415.698,0.561513,0.0685123,-0.106932,-0.201992,0.12742,0.509679,0.00,0.00,1.40162,42.176,1251.30,228.1,0.0293148,1251.30,331,12.9926,10.0284,2.03499,5.43596,11.735,1,7.69245,4.19245,5.60549
182,"Internal",8,22,28,25000.00,59.0909,18.1818,22.7273,1,3,3,0.00,0.00,1,0.00,0.00,0.00,0.00,,0.00,,0.00,0.00,0.00,0.00,0.00,0.00,0.00,0.00,0.00,0.00,0.00,0.00,0.00,0.00,0.00,5,0.00,0.00,0.00,114,0.00,0.00,2,1,0.00,0.00,,,,,,,0.00,1,22.8,98.2,0.00,0.00,56.25,0,122,2816.09,"Downtown",1,1608.78,1,"Downtown Reno",0.00,0.00,0.4375,0.5625,0.00,0.00,42.9625,55.2375,9.975,12.825,695.8,52,183,515.4,750.4,0.463985,0.00,9895.29,0.00,-0.362952,-0.294607,-0.149019,0.376566,0.118108,0.944865,0.00,0.00,0.00,14.4092,695.8,149.7,0.0354731,695.8,122,12.9659,10.1757,1.91327,4.99091,11.7173,1,7.76775,4.26775,2.12506
183,"Internal",5,10,0.00,25000.00,50,30,20,1,3,1,0.00,0.00,0.00,0.00,0.00,0.00,0.00,,0.00,,0.00,0.00,0.00,102,0.00,0.00,2,0.00,16,13,0.00,0.00,0.00,0.00,2,1,0.00,0.00,0.00,0.00,5,22,23,0.00,0.00,0.00,,,,,,,53,51,1.5,29.5,51,0.00,59.6491,0,186,8523.99,"Downtown",1,5249.13,1,"Downtown Reno",21.386,31.614,20.5789,30.4211,20.5789,30.4211,11.9035,17.5965,0.605263,0.894737,1448.80,32.5,279,1302.40,1613.90,0.318478,620.865,45546.07,1495.72,3.5031,1.01193,-0.0707957,-0.898342,0.17837,0.89185,0.00,0.00,9.09687,33.1768,1448.80,300.8,0.0995533,1448.80,186,13.0541,10.3161,2.40258,4.90744,11.7537,1,7.52335,4.02335,3.20731
201,"Internal",0.00,0.00,0.00,89930.00,,,,0.00,0.00,0.00,0.00,0.00,0.00,0.00,0.00,0.00,0.00,,0.00,,0.00,0.00,0.00,0.00,0.00,0.00,0.00,0.00,0.00,51,0.00,0.00,0.00,0.00,0.00,0.00,0.00,0.00,0.00,0.00,0.00,0.00,0.00,0.00,0.00,0.00,,,,,,,0.00,0.00,0.00,0.00,51,0.00,26,0,51,26626.44,"Downtown",1,16958.18,2,"University",0.00,0.00,0.00,0.00,37.74,13.26,0.00,0.00,0.00,0.00,953.7,0.00,76.5,877.2,953.7,0.147559,0.00,317117.99,0.00,-0.362952,-0.294607,0.525075,-2.3959,0.0995603,0.00,0.00,0.00,5.07758,5.07758,953.7,209.1,0.0368784,953.7,51,13.1849,10.6226,4.53318,6.796,11.6996,1,7.17972,3.67972,
202,"Internal",165,393,24,71506.00,57.7608,22.1374,20.1018,56,55,24,10,8,9,3,0.00,0.00,0.00,,11,,0.00,0.00,0.00,1,0.00,0.00,0.00,0.00,0.00,0.00,0.00,0.00,0.00,0.00,1,0.00,0.00,0.00,0.00,0.00,7,32,0.00,0.00,0.00,0.00,,,,,,,0.5,0.5,2.1,5.9,32,0.00,6.94444,0,41,12942.08,"Downtown",1,1160.15,2,"University",0.465278,0.0347222,0.465278,0.0347222,29.7778,2.22222,5.49028,0.409722,1.95417,0.145833,959.7,1072.50,61.5,899.5,2033.50,0.525253,848.893,57540.81,14.1482,4.923,-0.282248,-0.0444773,0.913381,0.256647,42.3468,0.00,0.00,8.21271,10.5225,959.7,223.8,1.64947,959.7,41,13.0322,10.114,4.37309,6.46629,11.6386,1,7.58293,4.08293,3.13995
203,"Internal",92,164,1143.00,71506.00,76.2195,9.14634,14.6341,54,18,10,6,4,0.00,0.00,0.00,0.00,0.00,,5,,0.00,0.00,0.00,0.00,0.00,0.00,0.00,0.00,0.00,34,0.00,0.00,1,0.00,0.00,2,0.00,0.00,0.00,0.00,57,296,1,0.00,0.00,27,,,,,,,0.00,0.00,17.1,43.9,330,0.00,18.4524,0,391,18606.25,"Downtown",1,9351.94,2,"University",0.00,0.00,0.00,0.00,269.107,60.8929,35.7994,8.1006,13.9446,3.15536,6687.40,598,586.5,6100.90,7285.40,0.285519,239.18,174252.17,0.00,1.12639,-0.294607,0.211606,-1.18712,0.132132,12.1561,0.00,0.00,43.6035,51.6636,6687.40,1472.20,0.77307,6687.40,391,13.0045,10.1612,4.23917,6.3477,11.6133,1,7.65952,4.15952,5.05212
204,"Internal",88,168,0.00,27182.00,66.0714,14.2857,19.6429,34,37,11,3,3,0.00,0.00,0.00,0.00,0.00,,5,,0.00,0.00,0.00,29,0.00,0.00,0.00,0.00,0.00,0.00,0.00,0.00,0.00,0.00,0.00,14,0.00,0.00,2681.00,0.00,0.00,0.00,3,0.00,0.00,0.00,,,,,,,14.5,14.5,1072.40,1625.60,0.00,0.00,66.0583,0,2727,104991.69,"Downtown",1,64343.80,2,"University",4.92155,9.57845,4.92155,9.57845,0.00,0.00,551.757,1073.84,363.991,708.409,15363.00,572,4090.50,11310.20,15972.70,0.431734,0.00,376877.22,342.129,-0.362952,0.0042482,0.656196,0.093992,0.134944,11.8751,0.00,0.00,0.00,367.992,15363.00,3296.10,0.445826,15363.00,2727.00,12.8767,10.0045,3.89978,5.48657,11.5941,1,8.02539,4.52539,43.0426
205,"Internal",17,38,0.00,90071.00,73.6842,21.0526,5.26316,3,7,7,0.00,0.00,0.00,0.00,0.00,0.00,0.00,,3,,0.00,0.00,0.00,0.00,0.00,0.00,0.00,0.00,0.00,0.00,0.00,0.00,0.00,0.00,0.00,0.00,0.00,0.00,0.00,0.00,0.00,0.00,0.00,0.00,0.00,0.00,,,,,,,0.00,0.00,0.00,0.00,0.00,0.00,0.00,0,0,3354.90,"Downtown",1,0.00,2,"University",0.00,0.00,0.00,0.00,0.00,0.00,0.00,0.00,0.00,0.00,32.3,110.5,0.00,32.3,142.8,0.350057,264.861,12607.36,0.00,1.2863,-0.294607,-0.143068,-0.621652,0.13377,2.27409,0.00,0.00,0.00,0.00,32.3,8.5,0.0853763,32.3,0.00,12.9272,9.77143,4.60665,5.40623,11.5607,0.993307,7.87819,4.37819,0.349495
206,"Internal",1,2,752,90071.00,100,0.00,0.00,0.00,1,0.00,0.00,0.00,0.00,0.00,0.00,0.00,19536.00,3055.14,0.00,220,0.00,0.00,0.00,1,0.00,0.00,0.00,0.00,0.00,37,0.00,0.00,0.00,0.00,1,0.00,0.00,0.00,2829.00,0.00,5,26,1,0.00,0.00,0.00,,,,,,,0.5,0.5,1133.10,1702.90,63,0.00,34.7826,0,2900,29128.29,"Downtown",1,18543.44,2,"University",0.326087,0.173913,0.326087,0.173913,41.087,21.913,1110.59,592.313,738.978,394.122,145834.10,47447.89,79079.60,12715.90,139243.39,0.553009,19.1829,890362.78,3.19715,-0.243502,-0.291814,1.78286,1.15658,0.1913,0.1913,0.00,3737.24,12.0519,554.771,145834.10,3662.50,79.227,145834.10,2900.00,13.1009,10.0267,4.60164,5.39402,11.5615,0.975825,7.39804,3.89804,31.8274
207,"Internal",0.00,0.00,0.00,89930.00,,,,0.00,0.00,0.00,0.00,0.00,0.00,0.00,0.00,0.00,0.00,,0.00,,0.00,0.00,0.00,0.00,0.00,0.00,0.00,0.00,0.00,0.00,0.00,0.00,0.00,0.00,0.00,0.00,0.00,0.00,0.00,0.00,0.00,0.00,0.00,32,0.00,0.00,,,,,,,0.00,32,0.00,0.00,0.00,0.00,92.8571,0,32,692.145,"Downtown",1,440.822,2,"University",0.00,0.00,2.28571,29.7143,0.00,0.00,0.00,0.00,0.00,0.00,96,0.00,48,131.2,179.2,0.392219,0.00,2468.60,0.00,-0.362952,-0.294607,-0.165314,-0.252231,0.109734,0.00,0.00,0.00,0.00,3.51149,96,16,0.00,96,32,12.8762,10.1745,3.42867,5.12472,11.5925,1,8.02684,4.52684,
208,"Internal",77,217,0.00,30638.00,49.7696,22.5806,27.6498,19,18,13,16,7,4,0.00,0.00,0.00,0.00,,6,,0.00,0.00,0.00,0.00,0.00,0.00,0.00,0.00,0.00,0.00,0.00,0.00,0.00,0.00,2,0.00,16,0.00,0.00,73,3,18,0.00,0.00,0.00,142,,,,,,,0.00,16,15.5,62.5,18,0.00,25.4237,0,112,10472.37,"Downtown",1,2985.60,2,"University",0.00,0.00,11.9322,4.0678,13.4237,4.57627,46.6102,15.8898,11.5593,3.94068,967.7,500.5,168,841.3,1509.80,0.567225,79.9715,40247.00,0.00,0.135021,-0.294607,-0.0824226,1.28113,0.141796,10.9183,0.00,0.00,2.55232,15.8811,967.7,213.9,0.428442,967.7,112,12.9978,10.1686,3.08512,5.55958,11.6896,1,7.67798,4.17798,2.48394
209,"Internal",62,167,0.00,90071.00,72.4551,17.9641,9.58084,10,29,3,15,2,1,2,0.00,0.00,0.00,,6,,0.00,0.00,0.00,3,0.00,0.00,0.00,0.00,0.00,0.00,0.00,0.00,0.00,0.00,0.00,0.00,0.00,0.00,0.00,0.00,0.00,0.00,0.00,0.00,0.00,0.00,,,,,,,1.5,1.5,0.00,0.00,0.00,0.00,33.3333,0,3,6396.36,"Downtown",1,111.753,2,"University",1,0.5,1,0.5,0.00,0.00,0.00,0.00,0.00,0.00,126.8,403,4.5,126.2,533.7,0.37383,260.756,19880.77,55.8763,1.26074,-0.245798,-0.127109,-0.413359,0.136791,8.48105,0.00,0.00,0.00,0.410373,126.8,32.5,0.318404,126.8,3,13.0007,10.1856,4.42495,6.23264,11.546,1,7.66989,4.16989,1.54214
210,"Internal",505,890,0.00,30638.00,67.8652,15.9551,16.1798,327,85,29,34,15,10,5,0.00,0.00,0.00,,24,,0.00,0.00,0.00,0.00,0.00,0.00,0.00,0.00,0.00,0.00,0.00,0.00,0.00,0.00,11,0.00,0.00,0.00,0.00,0.00,7,33,6,0.00,0.00,0.00,,,,,,,0.00,0.00,2.1,21.9,33,0.00,15.3846,0,57,15522.46,"Downtown",1,903.301,2,"University",0.00,0.00,0.00,0.00,27.9231,5.07692,18.5308,3.36923,1.77692,0.323077,1711.00,3282.50,85.5,1625.50,4993.50,0.461626,110.932,79133.91,0.00,0.327806,-0.294607,0.00290128,0.355901,0.134022,67.6813,0.00,0.00,4.42274,7.63927,1711.00,416.6,2.57308,1711.00,57,12.8232,9.78543,3.34246,4.66299,11.596,1,8.18538,4.68538,8.03082
211,"Internal",132,261,0.00,23847.00,60.5364,30.2682,9.1954,57,36,26,12,0.00,1,0.00,579,0.00,0.00,,5,,0.00,0.00,0.00,0.00,0.00,0.00,0.00,0.00,0.00,0.00,0.00,0.00,0.00,0.00,0.00,0.00,0.00,2,60,0.00,0.00,0.00,1,0.00,0.00,0.00,,,,,,,0.00,2,24,37,0.00,579,71.3542,0,63,11091.86,"Urban",1,1941.52,2,"University",0.00,0.00,0.572917,1.42708,0.00,0.00,10.599,26.401,6.875,17.125,1466.90,858,963,509.1,2330.10,0.645867,92.4533,71808.44,0.00,0.212743,-0.294607,-0.0131719,1.97019,0.156444,20.6505,90.5808,0.00,0.00,9.85594,1466.90,140.2,1.24023,1466.90,63,12.8199,9.82475,2.81195,5.24536,11.6103,1,8.19541,4.69541,2.98794
212,"Internal",354,871,1201.00,27182.00,51.6648,39.7245,8.61079,113,96,60,49,26,10,0.00,744,0.00,0.00,,22,,0.00,0.00,0.00,0.00,0.00,0.00,0.00,15,2,0.00,0.00,0.00,0.00,0.00,6,2,0.00,3,100,3,28,141,0.00,0.00,0.00,0.00,,,,,,,15,3,49,90,143,744,66.2162,0,300,8752.70,"Urban",1,1956.59,2,"University",5.06757,9.93243,1.01351,1.98649,48.3108,94.6892,30.4054,59.5946,16.5541,32.4459,5295.10,2301.00,1566.00,3736.90,7603.90,0.624496,19.5659,49592.29,97.8293,-0.241117,-0.209151,-0.0619176,1.78293,0.142667,50.5042,106.145,0.00,20.4014,42.8002,5295.10,939.1,2.5891,5295.10,300,13.0623,10.0063,4.43533,5.00815,11.5545,0.438358,7.50109,4.00109,10.1472
213,"Internal",0.00,0.00,0.00,89930.00,,,,0.00,0.00,0.00,0.00,0.00,0.00,0.00,0.00,0.00,0.00,,0.00,,0.00,0.00,0.00,0.00,0.00,0.00,0.00,0.00,0.00,0.00,0.00,0.00,0.00,0.00,0.00,2,0.00,0.00,0.00,0.00,5,21,0.00,3478.00,0.00,0.00,,,,,,,0.00,3478.00,1.5,5.5,21,0.00,90.4762,0,3506,56400.51,"Downtown",1,35921.06,2,"University",0.00,0.00,331.238,3146.76,2,19,0.52381,4.97619,0.142857,1.35714,10865.90,0.00,5259.00,14649.70,19908.70,0.388755,0.00,203976.51,0.00,-0.362952,-0.294607,0.276825,-0.282584,0.119836,0.00,0.00,0.00,2.51655,420.144,10865.90,1833.50,0.0182777,10865.90,3506.00,12.8958,9.93829,3.08898,4.91438,11.6499,1,7.96915,4.46915,
214,"Internal",637,1352.00,0.00,90071.00,84.3935,11.7604,3.84615,306,128,95,41,61,6,0.00,0.00,0.00,0.00,,58,,1,0.00,0.00,16,0.00,0.00,0.00,0.00,0.00,3,0.00,0.00,46,2,40,16,0.00,60,30,24,77,397,13,0.00,0.00,73,,,,,,,9,68,39.9,208.1,400,0.00,36.338,0,725,56669.05,"Downtown",1,16497.77,2,"University",5.72958,3.27042,43.2901,24.7099,254.648,145.352,132.481,75.6194,25.4011,14.4989,10310.10,4140.50,1087.50,9399.40,14627.40,0.501427,227.556,332854.56,204.8,1.05401,-0.115711,0.559604,0.704625,0.171587,109.301,0.00,0.00,68.635,124.401,10310.10,2294.60,4.60199,10310.10,725,12.8881,9.79649,4.24757,6.2029,11.496,1,7.99171,4.49171,22.1687
215,"Internal",119,278,0.00,66276.00,56.4748,35.9712,7.55396,41,34,20,15,6,2,1,0.00,0.00,0.00,,12,,0.00,0.00,0.00,0.00,0.00,0.00,0.00,0.00,0.00,0.00,0.00,0.00,0.00,0.00,21,0.00,0.00,0.00,0.00,0.00,0.00,0.00,0.00,0.00,0.00,0.00,,,,,,,0.00,0.00,0.00,21,0.00,0.00,21.2121,0,21,10879.93,"Urban",1,734.723,2,"University",0.00,0.00,0.00,0.00,0.00,0.00,16.5455,4.45455,0.00,0.00,343.7,773.5,31.5,312.2,1117.20,0.441757,104.96,39087.24,0.00,0.290624,-0.294607,-0.0849673,0.181807,0.128496,15.2911,0.00,0.00,0.00,2.69843,343.7,84.7,0.574073,343.7,21,12.8273,9.86031,3.48705,4.36203,11.5979,0.294066,8.17308,4.67308,2.1563
216,"Internal",503,1232.00,8,23847.00,61.7695,23.2955,14.9351,228,85,53,50,56,22,9,0.00,0.00,0.00,,29,,0.00,0.00,0.00,0.00,0.00,0.00,0.00,0.00,0.00,0.00,0.00,0.00,0.00,0.00,7,0.00,0.00,6,0.00,1,0.00,0.00,23,0.00,0.00,0.00,,,,,,,0.00,6,0.2,30.8,0.00,0.00,0.00,0,37,13637.40,"Downtown",1,391.122,2,"University",0.00,0.00,6,0.00,0.00,0.00,30.8,0.00,0.2,0.00,1147.30,3269.50,55.5,1107.40,4432.40,0.393315,126.85,46854.24,0.00,0.426929,-0.294607,-0.0679253,-0.242635,0.125457,63.1048,0.00,0.00,0.00,4.6419,1147.30,291.7,2.36914,1147.30,37,12.7282,9.61795,2.80921,4.9081,11.5813,1,8.47974,4.97974,9.74201
217,"Internal",257,765,4,37361.00,48.2353,38.6928,13.0719,52,73,36,47,27,18,4,921,0.00,0.00,,14,,0.00,0.00,0.00,3,0.00,0.00,0.00,0.00,0.00,0.00,0.00,0.00,0.00,0.00,119,0.00,0.00,0.00,121,0.00,0.00,0.00,0.00,88,0.00,0.00,,,,,,,1.5,89.5,48.4,191.6,0.00,921,76.4706,0,331,12117.50,"Urban",1,3122.02,2,"University",0.352941,1.14706,21.0588,68.4412,0.00,0.00,45.0824,146.518,11.3882,37.0118,3486.80,1670.50,1878.00,1841.50,5390.00,0.665822,0.00,50838.91,14.1481,-0.362952,-0.282248,-0.0591823,2.14502,0.145943,37.5074,134.414,0.00,0.00,48.3072,3486.80,462,2.09809,3486.80,331,12.6979,9.52734,2.71898,4.61614,11.5644,1,8.57634,5.07634,10.1323
218,"Internal",174,352,5,90071.00,69.8864,28.9773,1.13636,67,55,35,16,0.00,1,0.00,0.00,0.00,0.00,,14,330,0.00,0.00,1,2,0.00,0.00,0.00,0.00,0.00,0.00,0.00,1,84,7,13,0.00,0.00,56,2829.00,0.00,15,77,2,100,0.00,0.00,,,,,,,3,157,1136.10,1813.90,77,0.00,71.3504,0,3187,22839.94,"Urban",1,13590.58,2,"University",0.859487,2.14051,44.9798,112.02,22.0602,54.9398,519.674,1294.23,325.488,810.612,18770.50,1131.00,11380.50,14398.20,26909.70,0.533092,38.3794,114753.16,12.7931,-0.123968,-0.283432,0.0810555,0.982068,0.136837,23.8096,0.00,0.00,10.5365,436.1,18770.50,4022.70,0.970412,18770.50,3187.00,12.6345,9.43438,3.51026,5.15003,11.4592,0.437834,8.78312,5.28312,48.1239
219,"Internal",528,1359.00,0.00,66276.00,57.9102,33.6277,8.4621,145,142,109,86,26,11,9,0.00,0.00,0.00,,30,,0.00,0.00,0.00,26,7,21,11,1,23,10,0.00,0.00,0.00,0.00,17,0.00,0.00,0.00,48,0.00,3,18,30,0.00,0.00,0.00,,,,,,,53,13,20.1,77.9,51,0.00,22.449,0,215,14595.76,"Urban",1,1849.66,2,"University",41.102,11.898,10.0816,2.91837,39.551,11.449,60.4122,17.4878,15.5878,4.51224,2703.70,3432.00,322.5,2415.00,6169.50,0.534588,51.6184,53076.62,455.963,-0.0415302,0.103684,-0.0542724,0.995176,0.134884,71.219,0.00,0.00,6.87911,29.0002,2703.70,623.7,2.72374,2703.70,215,12.7652,9.60701,3.23323,4.34598,11.5906,0.605961,8.36348,4.86348,11.8687
220,"Internal",309,1017.00,17,62702.00,57.1288,32.2517,10.6195,53,68,60,51,34,27,16,0.00,0.00,0.00,,28,,0.00,0.00,0.00,34,0.00,0.00,0.00,0.00,0.00,0.00,0.00,0.00,0.00,0.00,0.00,0.00,0.00,0.00,0.00,0.00,0.00,0.00,0.00,0.00,0.00,0.00,,,,,,,17,17,0.00,0.00,0.00,0.00,52.6316,0,34,9040.98,"Urban",1,287.18,2,"University",8.05263,8.94737,8.05263,8.94737,0.00,0.00,0.00,0.00,0.00,0.00,689.1,2008.50,51,682.3,2741.80,0.401101,25.3394,23158.56,143.59,-0.205166,-0.169178,-0.119917,-0.174415,0.114302,35.3192,0.00,0.00,0.00,3.88626,689.1,171.5,1.32599,689.1,34,12.6602,9.34854,2.72415,4.33723,11.5653,0.39527,8.69829,5.19829,7.71709
221,"Internal",256,679,15,67262.00,54.6392,32.6951,12.6657,68,75,44,38,13,14,4,0.00,0.00,0.00,,17,,0.00,0.00,0.00,44,0.00,0.00,2,0.00,11,0.00,0.00,0.00,0.00,0.00,5,0.00,0.00,8,0.00,0.00,2,11,10,0.00,0.00,0.00,,,,,,,24,30,0.6,16.4,22,0.00,18.75,0,93,7887.43,"Urban",1,889.105,2,"University",19.5,4.5,24.375,5.625,17.875,4.125,13.325,3.075,0.4875,0.1125,1155.00,1664.00,139.5,1093.50,2897.00,0.525285,28.6808,27696.11,229.447,-0.18436,-0.0941816,-0.109961,0.913664,0.129564,33.1683,0.00,0.00,2.8504,12.0494,1155.00,265.6,1.26594,1155.00,93,12.72,9.4837,2.81488,4.34865,11.5904,0.812305,8.50558,5.00558,5.47828
222,"Internal",365,1028.00,0.00,45000.00,74.3191,22.3735,3.30739,74,81,91,90,18,8,3,0.00,0.00,0.00,,39,,14,0.00,0.00,64,0.00,0.00,0.00,47,0.00,5,1,0.00,0.00,0.00,24,20,0.00,3,0.00,0.00,7,34,39,0.00,0.00,0.00,,,,,,,94,35,2.1,87.9,39,0.00,48.7261,0,258,9402.62,"Urban",1,1692.76,2,"University",48.1975,45.8025,17.9459,17.0541,19.9968,19.0032,45.0697,42.8303,1.07675,1.02325,2313.80,2372.50,387,2017.80,4777.30,0.568408,26.2443,31344.23,616.741,-0.199532,0.244127,-0.101957,1.2915,0.134957,49.2593,0.00,0.00,5.26332,34.8189,2313.80,514.9,1.88757,2313.80,258,12.6051,9.31763,2.83548,3.77618,11.4849,0.431345,8.8809,5.3809,12.7926
223,"Internal",536,1447.00,0.00,31250.00,61.161,33.1721,5.6669,148,159,85,60,43,16,25,0.00,0.00,0.00,,31,,0.00,0.00,0.00,2,0.00,0.00,0.00,0.00,11,1,0.00,0.00,0.00,0.00,9,0.00,0.00,1,0.00,0.00,0.00,0.00,20,0.00,0.00,0.00,,,,,,,1,2,0.00,29,12,0.00,33.3333,0,44,20275.05,"Urban",1,588.425,2,"University",0.666667,0.333333,1.33333,0.666667,8,4,19.3333,9.66667,0.00,0.00,1414.20,3484.00,66,1353.40,4903.40,0.418787,133.733,65574.59,13.3733,0.469787,-0.282925,-0.02685,-0.0194525,0.130436,69.9138,0.00,0.00,1.56524,5.7392,1414.20,353.5,2.63614,1414.20,44,12.5996,9.26354,2.75561,4.1978,11.5286,1,8.89932,5.39932,11.5269
224,"Internal",108,291,0.00,67262.00,60.4811,22.6804,16.8385,33,31,9,12,17,6,0.00,0.00,0.00,0.00,,8,,0.00,0.00,0.00,0.00,0.00,0.00,0.00,0.00,0.00,0.00,0.00,0.00,0.00,0.00,0.00,0.00,0.00,0.00,0.00,0.00,0.00,0.00,0.00,0.00,0.00,0.00,,,,,,,0.00,0.00,0.00,0.00,0.00,0.00,0.00,0,0,2662.27,"Urban",1,0.00,2,"University",0.00,0.00,0.00,0.00,0.00,0.00,0.00,0.00,0.00,0.00,205.2,702,0.00,205.2,907.2,0.350057,0.00,8299.69,0.00,-0.362952,-0.294607,-0.15252,-0.621652,0.105553,11.3997,0.00,0.00,0.00,0.00,205.2,54,0.42798,205.2,0.00,12.5354,9.19107,2.62118,3.49313,11.4906,0.772888,9.11855,5.61855,2.19682
225,"Internal",193,533,0.00,45000.00,63.4146,29.0807,7.50469,37,61,38,34,14,9,0.00,0.00,0.00,0.00,,12,,0.00,0.00,0.00,0.00,0.00,0.00,0.00,0.00,0.00,0.00,0.00,0.00,0.00,0.00,0.00,0.00,0.00,0.00,0.00,0.00,0.00,0.00,0.00,0.00,0.00,0.00,,,,,,,0.00,0.00,0.00,0.00,0.00,0.00,45.0082,0,0,8109.97,"Urban",1,0.00,2,"University",0.00,0.00,0.00,0.00,0.00,0.00,0.00,0.00,0.00,0.00,366.7,1254.50,0.00,366.7,1621.20,0.350057,60.8628,24667.70,0.00,0.0160336,-0.294607,-0.116606,-0.621652,0.112316,21.6769,0.00,0.00,0.00,0.00,366.7,96.5,0.813816,366.7,0.00,12.6059,9.28097,2.59088,3.58654,11.5141,0.868348,8.87822,5.37822,4.2189
226,"Internal",204,477,0.00,36648.00,71.6981,24.3187,3.98323,67,65,27,31,10,3,1,0.00,1696.00,0.00,,13,,0.00,0.00,0.00,0.00,0.00,0.00,0.00,0.00,7,10,0.00,0.00,0.00,0.00,1,0.00,0.00,0.00,0.00,0.00,6,31,23,0.00,0.00,0.00,,,,,,,0.00,0.00,1.8,28.2,48,1696.00,20.5882,0,78,3926.19,"Urban",1,510.856,2,"University",0.00,0.00,0.00,0.00,38.1176,9.88235,22.3941,5.80588,1.42941,0.370588,3997.20,1326.00,2661.00,1336.20,5323.20,0.625055,45.8461,34863.99,0.00,-0.0774737,-0.294607,-0.0942338,1.78783,0.145073,29.595,246.045,0.00,6.96353,11.3157,3997.20,334.8,2.42461,3997.20,78,12.7398,9.57379,2.54213,3.2666,11.5821,0.973482,8.44303,4.94303,4.98869
301,"Internal",9,15,0.00,52188.00,86.6667,6.66667,6.66667,5,2,2,0.00,0.00,0.00,0.00,0.00,0.00,0.00,,0.00,,0.00,2,0.00,9,3,0.00,0.00,0.00,0.00,0.00,0.00,0.00,10,15,46,34,0.00,6,20,2,11,57,5,1963.00,0.00,0.00,,,,,,,9.5,1973.50,11.7,131.3,57,0.00,75.7249,0,2183,308148.01,"Downtown",1,195402.04,3,"Midtown Reno",2.30614,7.19386,479.069,1494.43,13.8368,43.1632,31.8732,99.4268,2.84019,8.85981,7832.80,58.5,3274.50,9689.40,13022.40,0.383132,0.00,1165645.23,850.352,-0.362952,0.44819,2.38688,-0.331851,0.18135,1.63215,0.00,0.00,10.3369,395.887,7832.80,1401.30,0.136353,7832.80,2183.00,13.1549,10.9548,3.88824,6.40053,11.6876,1,7.25668,3.75668,39.6725
302,"Internal",0.00,0.00,0.00,89930.00,,,,0.00,0.00,0.00,0.00,0.00,0.00,0.00,0.00,0.00,0.00,,2,,0.00,2,9,3,0.00,0.00,0.00,5,0.00,0.00,0.00,0.00,0.00,92,59,194,1,28,0.00,64,10,51,40,0.00,0.00,0.00,,,,,,,17.5,30.5,15.8,443.2,51,0.00,83.6149,0,558,99204.33,"Downtown",1,63182.50,3,"Midtown Reno",2.8674,14.6326,4.99747,25.5025,8.35642,42.6436,72.6189,370.581,2.58885,13.2111,3668.10,0.00,837,2910.40,3747.40,0.346935,0.00,424319.16,1981.53,-0.362952,1.43629,0.760291,-0.649004,0.127063,0.00,0.00,0.00,6.48021,70.9011,3668.10,783.9,0.0470658,3668.10,558,13.1374,11.0004,3.964,6.54945,11.6647,1,7.30201,3.80201,
303,"Internal",31,52,0.00,55938.00,75,19.2308,5.76923,19,7,3,1,0.00,1,0.00,0.00,0.00,0.00,,1,,0.00,0.00,0.00,0.00,0.00,0.00,0.00,0.00,0.00,11,0.00,0.00,7,251,20,170,147,1,0.00,26,14,73,63,0.00,0.00,0.00,,,,,,,0.00,148,9.4,541.6,84,0.00,74.5098,0,783,70913.21,"Downtown",1,43331.32,3,"Midtown Reno",0.00,0.00,37.7255,110.275,21.4118,62.5882,138.055,403.545,2.39608,7.00392,5159.30,201.5,1174.50,4369.60,5745.60,0.378605,166.02,317962.21,0.00,0.670837,-0.294607,0.526928,-0.371521,0.144359,4.47513,0.00,0.00,12.1262,113.033,5159.30,1095.10,0.256082,5159.30,783,13.0603,10.9361,3.80009,6.14268,11.6347,1,7.50655,4.00655,14.2454
304,"Internal",0.00,0.00,0.00,89930.00,,,,0.00,0.00,0.00,0.00,0.00,0.00,0.00,0.00,0.00,0.00,,0.00,,0.00,0.00,0.00,0.00,0.00,0.00,0.00,0.00,0.00,0.00,0.00,0.00,0.00,0.00,2,2,0.00,20,0.00,0.00,11,59,0.00,0.00,0.00,0.00,,,,,,,0.00,20,3.3,11.7,59,0.00,47.0588,0,94,14257.54,"Downtown",1,9080.52,3,"Midtown Reno",0.00,0.00,10.5882,9.41176,31.2353,27.7647,6.19412,5.50588,1.74706,1.55294,1247.30,0.00,141,1158.30,1299.30,0.193487,289.804,125514.03,0.00,1.44162,-0.294607,0.104666,-1.99349,0.123707,0.00,0.00,0.00,7.29873,11.6285,1247.30,269.9,0.0530107,1247.30,94,13.1584,11.0231,3.95299,6.57723,11.6743,1,7.24758,3.74758,
305,"Internal",132,206,0.00,52188.00,70.3884,16.0194,13.5922,85,31,9,3,4,0.00,0.00,0.00,0.00,0.00,,6,,0.00,0.00,0.00,0.00,0.00,0.00,0.00,5,0.00,9,0.00,0.00,0.00,22,7,56,0.00,1,0.00,0.00,1,9,26,0.00,0.00,0.00,,,,,,,5,1,0.3,111.7,18,0.00,48.0263,0,136,20301.14,"Downtown",1,6580.96,3,"Midtown Reno",2.59868,2.40132,0.519737,0.480263,9.35526,8.64474,58.0546,53.6454,0.155921,0.144079,1232.60,858,204,1031.20,2093.20,0.579788,338.726,101288.73,241.947,1.74625,-0.0832621,0.0515124,1.39121,0.183218,24.1848,0.00,0.00,3.29793,24.9177,1232.60,277.2,0.931924,1232.60,136,13.0965,10.6715,3.72493,5.94699,11.7038,1,7.40948,3.90948,3.72247
306,"Internal",150,311,0.00,52188.00,79.0997,7.71704,13.1833,54,68,12,7,3,0.00,6,0.00,0.00,0.00,,6,,2,0.00,0.00,0.00,0.00,2,0.00,0.00,0.00,0.00,0.00,0.00,0.00,0.00,5,7,0.00,0.00,0.00,67,5,25,22,0.00,0.00,0.00,,,,,,,4,0.00,14.9,91.1,25,0.00,37.8378,0,135,19938.46,"Downtown",1,5146.97,3,"Midtown Reno",2.48649,1.51351,0.00,0.00,15.5405,9.45946,56.6297,34.4703,9.26216,5.63784,1358.10,975,202.5,1155.60,2333.10,0.572499,0.00,88951.01,152.503,-0.362952,-0.161393,0.0244415,1.32734,0.135848,20.3772,0.00,0.00,3.3962,18.3395,1358.10,306.7,0.789687,1358.10,135,13.0613,10.6674,3.72373,6.27499,11.6501,1,7.5039,4.0039,4.72412
307,"Internal",81,100,0.00,52188.00,43,1,56,66,13,1,0.00,1,0.00,0.00,0.00,0.00,0.00,,2,,0.00,0.00,0.00,1,0.00,0.00,0.00,0.00,9,23,0.00,0.00,0.00,0.00,3,0.00,0.00,3,0.00,0.00,22,110,14,0.00,0.00,0.00,,,,,,,0.5,3.5,6.6,32.4,142,0.00,14.557,0,185,36378.39,"Downtown",1,17235.52,3,"Midtown Reno",0.427215,0.0727848,2.99051,0.509494,121.329,20.6709,27.6835,4.71646,5.63924,0.960759,3039.70,526.5,277.5,2771.30,3575.30,0.371473,0.00,333092.68,46.5825,-0.362952,-0.253916,0.560126,-0.434004,0.124895,10.1165,0.00,0.00,17.7351,23.1056,3039.70,671.5,0.508614,3039.70,185,13.0801,11.1331,3.72422,6.30098,11.6427,1,7.45324,3.95324,2.16784
308,"Internal",276,550,0.00,55938.00,72.7273,13.8182,13.4545,144,69,28,10,10,11,4,0.00,0.00,0.00,,15,,0.00,1,0.00,20,0.00,0.00,0.00,1,0.00,0.00,0.00,0.00,0.00,24,13,102,0.00,30,1,14,3,15,21,0.00,0.00,0.00,,,,,,,12,40,4.1,173.9,15,0.00,54.3651,0,245,19019.79,"Urban",1,4985.50,3,"Midtown Reno",5.47619,6.52381,18.254,21.746,6.84524,8.15476,79.3591,94.5409,1.87103,2.22897,1957.70,1794.00,367.5,1694.20,3855.70,0.581351,0.00,78459.54,244.188,-0.362952,-0.0813049,0.00142162,1.40491,0.136364,37.6365,0.00,0.00,2.04546,33.4092,1957.70,439.1,1.42784,1957.70,245,12.8033,10.0441,3.40891,5.22788,11.5466,1,8.24579,4.74579,8.48334
309,"Internal",26,45,0.00,39104.00,77.7778,11.1111,11.1111,17,3,5,0.00,0.00,0.00,1,0.00,0.00,0.00,,2,,0.00,0.00,0.00,0.00,0.00,0.00,0.00,0.00,3,7,0.00,0.00,7,5,1,24,0.00,0.00,0.00,1,37,193,23,0.00,0.00,0.00,,,,,,,0.00,0.00,11.3,86.7,203,0.00,23.75,0,301,27610.42,"Downtown",1,16056.07,3,"Midtown Reno",0.00,0.00,0.00,0.00,154.787,48.2125,66.1088,20.5912,8.61625,2.68375,4394.30,169,451.5,3942.80,4563.30,0.242302,160.027,243417.44,0.00,0.633518,-0.294607,0.363365,-1.56578,0.12194,3.17043,0.00,0.00,24.7538,36.7038,4394.30,962.9,0.298814,4394.30,301,13.0368,10.9567,3.67902,6.25175,11.629,1,7.57033,4.07033,3.51636
310,"Internal",305,520,0.00,52188.00,81.1538,12.1154,6.73077,168,92,20,18,6,1,0.00,0.00,0.00,0.00,,15,,0.00,0.00,0.00,8,0.00,0.00,0.00,0.00,0.00,0.00,0.00,0.00,0.00,1,6,22,0.00,3,0.00,14,5,21,8,0.00,0.00,0.00,,,,,,,4,7,4.3,51.7,21,0.00,37.7358,0,88,12858.04,"Downtown",1,1719.17,3,"Midtown Reno",2.49057,1.50943,4.35849,2.64151,13.0755,7.92453,32.1906,19.5094,2.67736,1.62264,1318.80,1982.50,132,1205.00,3319.50,0.509963,58.6081,64849.82,78.1441,0.00199352,-0.226347,-0.0284402,0.779418,0.133248,40.6407,0.00,0.00,2.79821,11.7258,1318.80,311.3,1.5461,1318.80,88,12.9529,10.2368,3.58881,5.89413,11.6441,0.979126,7.80465,4.30465,6.3532
311,"Internal",273,407,0.00,39104.00,86.9779,7.86241,5.1597,192,53,13,10,2,1,2,0.00,0.00,0.00,,14,,0.00,2,0.00,7,0.00,0.00,0.00,0.00,7,1,0.00,0.00,0.00,6,10,36,0.00,141,0.00,15,9,49,40,0.00,0.00,0.00,,,,,,,5.5,144.5,5.7,110.3,57,0.00,23.4127,0,323,24770.82,"Downtown",1,8752.37,3,"Midtown Reno",4.2123,1.2877,110.669,33.8313,43.6548,13.3452,84.4758,25.8242,4.36548,1.33452,2684.20,1774.50,484.5,2575.40,4834.40,0.571431,189.68,130998.27,149.034,0.818161,-0.164423,0.1167,1.31799,0.162629,44.3976,0.00,0.00,9.26983,52.529,2684.20,584.4,1.73415,2684.20,323,12.8667,10.2159,3.50372,6.02622,11.5744,1,8.05492,4.55492,7.69619
312,"Internal",158,334,0.00,37172.00,78.4431,14.3713,7.18563,68,48,16,15,4,7,0.00,0.00,0.00,0.00,,9,,0.00,0.00,0.00,0.00,6,0.00,0.00,0.00,0.00,8,0.00,0.00,11,15,40,55,0.00,0.00,0.00,133,1,3,36,0.00,0.00,0.00,,,,,,,6,0.00,26.9,264.1,11,0.00,54.067,0,308,24453.91,"Downtown",1,9212.11,3,"Midtown Reno",2.75598,3.24402,0.00,0.00,5.05263,5.94737,121.309,142.791,12.356,14.544,2153.50,1027.00,462,1691.50,3180.50,0.591784,0.00,95127.02,179.457,-0.362952,-0.137848,0.0379926,1.49631,0.138743,21.9214,0.00,0.00,1.52617,42.7329,2153.50,476.3,0.83408,2153.50,308,13.0095,10.42,3.42685,5.45346,11.6828,1,7.64555,4.14555,7.91991
313,"Internal",170,273,17,55938.00,77.2894,4.0293,18.6813,106,42,7,13,2,0.00,0.00,0.00,0.00,0.00,,7,,0.00,0.00,0.00,2,0.00,0.00,0.00,0.00,0.00,0.00,0.00,0.00,8,10,9,48,0.00,2,0.00,23,7,33,13,0.00,0.00,0.00,,,,,,,1,3,6.7,111.3,33,0.00,61.0526,0,155,15737.98,"Urban",1,4724.11,3,"Midtown Reno",0.389474,0.610526,1.16842,1.83158,12.8526,20.1474,43.3484,67.9516,2.60947,4.09053,1612.90,1105.00,232.5,1388.20,2725.70,0.568988,0.00,83074.31,30.4782,-0.362952,-0.267984,0.0115471,1.29658,0.135041,22.9571,0.00,0.00,4.45637,20.9314,1612.90,363.9,0.894243,1612.90,155,12.8304,10.1282,3.44426,5.71267,11.5591,0.997022,8.16366,4.66366,5.08245
314,"Internal",46,111,0.00,56759.00,56.7568,12.6126,30.6306,22,8,3,5,5,2,1,0.00,0.00,0.00,,2,,0.00,0.00,0.00,0.00,0.00,0.00,0.00,0.00,0.00,0.00,0.00,0.00,0.00,0.00,0.00,0.00,0.00,0.00,0.00,0.00,0.00,0.00,0.00,0.00,0.00,0.00,,,,,,,0.00,0.00,0.00,0.00,0.00,0.00,71.4286,0,0,2593.27,"Downtown",1,0.00,3,"Midtown Reno",0.00,0.00,0.00,0.00,0.00,0.00,0.00,0.00,0.00,0.00,87.4,299,0.00,87.4,386.4,0.350057,280.354,9027.40,0.00,1.38278,-0.294607,-0.150923,-0.621652,0.135374,6.2272,0.00,0.00,0.00,0.00,87.4,23,0.233788,87.4,0.00,12.5026,9.3271,3.18639,4.47455,11.4218,0.889984,9.2333,5.7333,0.786363
315,"Internal",302,588,0.00,56759.00,67.6871,13.7755,18.5374,137,92,40,22,8,2,1,0.00,0.00,0.00,,18,,0.00,1,0.00,30,0.00,0.00,0.00,0.00,0.00,0.00,0.00,0.00,0.00,8,49,59,0.00,3,3,11,1,5,7,0.00,0.00,0.00,,,,,,,16,18,3.7,134.3,5,0.00,64.2276,0,177,8954.70,"Urban",1,1830.42,3,"Midtown Reno",5.72358,10.2764,6.43902,11.561,1.78862,3.21138,48.0423,86.2577,1.32358,2.37642,1542.10,1963.00,265.5,1323.40,3551.90,0.550155,41.3654,36731.44,165.462,-0.105374,-0.150073,-0.0901363,1.13157,0.134706,40.6813,0.00,0.00,0.673531,23.843,1542.10,354.1,1.53219,1542.10,177,12.691,9.76644,3.07402,4.67618,11.5032,0.982004,8.59855,5.09855,7.79295
316,"Internal",51,62,0.00,37172.00,67.7419,14.5161,17.7419,45,3,2,0.00,1,0.00,0.00,0.00,0.00,0.00,,3,,0.00,0.00,0.00,0.00,0.00,0.00,6,0.00,0.00,0.00,0.00,0.00,0.00,0.00,3,0.00,239,21,0.00,98,0.00,0.00,1,0.00,0.00,0.00,,,,,,,6,260,19.6,82.4,0.00,0.00,51.938,0,368,47224.27,"Downtown",1,27162.21,3,"Midtown Reno",2.88372,3.11628,124.961,135.039,0.00,0.00,39.6031,42.7969,9.42016,10.1798,1466.10,331.5,552,1590.10,2473.60,0.519013,295.241,182577.31,442.862,1.47548,0.0922405,0.229872,0.858711,0.173091,8.82764,0.00,0.00,0.00,63.6975,1466.10,280.9,0.331416,1466.10,368,13.077,10.6762,3.25722,5.39247,11.7153,1,7.46169,3.96169,6.01786
317,"Internal",221,462,0.00,46650.00,78.7879,15.1515,6.06061,104,64,18,13,10,10,2,0.00,0.00,0.00,,11,,0.00,0.00,0.00,28,0.00,0.00,0.00,0.00,0.00,6,0.00,0.00,0.00,0.00,0.00,0.00,0.00,0.00,0.00,5,1,6,17,0.00,0.00,0.00,,,,,,,14,14,1.3,21.7,12,0.00,36.7347,0,63,20610.77,"Downtown",1,2314.92,3,"Midtown Reno",8.85714,5.14286,8.85714,5.14286,7.59184,4.40816,13.7286,7.97143,0.822449,0.477551,857.1,1436.50,94.5,799,2330.00,0.500661,146.979,85615.22,514.426,0.552268,0.154753,0.0171223,0.697911,0.143914,31.805,0.00,0.00,1.72697,9.06658,857.1,201.3,1.2066,857.1,63,12.8727,10.0656,3.4588,6.35117,11.6062,1,8.03736,4.53736,5.323
318,"Internal",25,38,0.00,55938.00,84.2105,0.00,15.7895,17,5,2,0.00,1,0.00,0.00,404,0.00,0.00,,1,,0.00,0.00,0.00,0.00,0.00,0.00,0.00,0.00,0.00,0.00,0.00,0.00,0.00,0.00,0.00,0.00,0.00,0.00,0.00,6,0.00,0.00,0.00,0.00,0.00,0.00,,,,,,,0.00,0.00,1.2,4.8,0.00,404,20,0,6,4500.42,"Urban",1,569.424,3,"Midtown Reno",0.00,0.00,0.00,0.00,0.00,0.00,3.84,0.96,0.96,0.24,687.1,162.5,615,72.1,849.6,0.432227,0.00,80630.48,0.00,-0.362952,-0.294607,0.00618499,0.0983128,0.118235,2.95588,47.767,0.00,0.00,0.709411,687.1,19.7,0.356161,687.1,6,12.6928,9.80292,3.17282,4.89982,11.5025,1,8.59272,5.09272,0.45704
319,"Internal",21,36,0.00,46650.00,86.1111,11.1111,2.77778,13,4,2,1,1,0.00,0.00,0.00,0.00,0.00,,0.00,,0.00,0.00,0.00,18,0.00,0.00,0.00,0.00,2,39,0.00,0.00,0.00,0.00,0.00,10,0.00,63,0.00,9,29,146,32,0.00,0.00,0.00,,,,,,,9,72,10.5,69.5,187,0.00,36.0465,0,348,25612.13,"Downtown",1,15303.87,3,"Midtown Reno",5.75581,3.24419,46.0465,25.9535,119.593,67.407,44.4477,25.0523,6.71512,3.78488,4227.80,136.5,522,3893.00,4551.50,0.254371,659.65,200159.68,395.79,3.7446,0.051122,0.268451,-1.46003,0.185451,3.89447,0.00,0.00,34.6793,64.537,4227.80,913.7,0.398086,4227.80,348,12.989,10.5582,3.41773,6.52455,11.6301,1,7.70272,4.20272,4.67463
320,"Internal",135,301,0.00,90071.00,64.4518,17.608,17.9402,57,39,11,14,7,7,0.00,0.00,0.00,0.00,,5,,0.00,0.00,0.00,0.00,0.00,0.00,0.00,0.00,0.00,0.00,0.00,0.00,0.00,0.00,0.00,0.00,0.00,0.00,0.00,44,0.00,0.00,0.00,0.00,0.00,0.00,,,,,,,0.00,0.00,8.8,35.2,0.00,0.00,73.0769,0,44,23610.32,"Downtown",1,2807.07,3,"Midtown Reno",0.00,0.00,0.00,0.00,0.00,0.00,9.47692,25.7231,2.36923,6.43077,502.9,877.5,66,436.9,1380.40,0.493444,0.00,88065.29,0.00,-0.362952,-0.294607,0.0224981,0.634684,0.125879,16.9937,0.00,0.00,0.00,5.5387,502.9,120.3,0.637995,502.9,44,12.8816,10.1068,3.11456,5.13985,11.6362,1,8.01088,4.51088,3.21493
321,"Internal",112,259,0.00,59840.00,65.251,15.8301,18.9189,45,35,10,10,2,6,4,0.00,0.00,0.00,,5,,0.00,0.00,0.00,0.00,5,0.00,0.00,0.00,0.00,0.00,0.00,0.00,0.00,0.00,2,3,0.00,11,0.00,22,3,16,16,0.00,0.00,0.00,,,,,,,5,11,5.3,40.7,16,0.00,43.2432,0,78,13345.68,"Downtown",1,2728.82,3,"Midtown Reno",2.83784,2.16216,6.24324,4.75676,9.08108,6.91892,23.1,17.6,3.00811,2.29189,817.6,728,117,729.2,1574.20,0.566037,139.94,55073.24,174.925,0.508435,-0.141807,-0.0498916,1.27073,0.150106,16.8119,0.00,0.00,2.4017,11.7083,817.6,184.8,0.648614,817.6,78,12.9003,10.1199,3.29566,5.3755,11.6318,1,7.95628,4.45628,3.14385
322,"Internal",65,133,0.00,55938.00,72.9323,15.0376,12.0301,25,24,10,3,1,1,1,360,0.00,0.00,,3,,0.00,0.00,0.00,0.00,0.00,0.00,0.00,0.00,0.00,0.00,0.00,0.00,0.00,0.00,0.00,0.00,0.00,0.00,0.00,0.00,0.00,0.00,9,0.00,0.00,0.00,,,,,,,0.00,0.00,0.00,9,0.00,360,45.0082,0,9,5097.60,"Urban",1,311.82,3,"Midtown Reno",0.00,0.00,0.00,0.00,0.00,0.00,4.94926,4.05074,0.00,0.00,713.9,422.5,553.5,160.4,1136.40,0.604619,138.587,39372.46,0.00,0.50001,-0.294607,-0.0843415,1.60878,0.154386,10.0351,55.579,0.00,0.00,1.38947,713.9,43.3,0.662034,713.9,9,12.748,9.98368,3.18968,5.39415,11.5227,0.999995,8.41715,4.91715,1.33148
323,"Internal",279,457,0.00,70962.00,75.4923,12.9103,11.5974,153,92,21,10,1,2,0.00,0.00,0.00,0.00,,14,,0.00,0.00,0.00,17,0.00,0.00,0.00,0.00,0.00,0.00,0.00,28,0.00,1,2,37,0.00,33,0.00,5,3,15,1,0.00,0.00,0.00,,,,,,,36.5,41.5,1.9,47.1,15,0.00,32.3529,0,142,14815.37,"Urban",1,3093.99,3,"Midtown Reno",24.6912,11.8088,28.0735,13.4265,10.1471,4.85294,31.8618,15.2382,1.28529,0.614706,1319.00,1813.50,213,1213.90,3240.40,0.542132,130.732,70604.01,795.286,0.4511,0.400089,-0.0158146,1.06127,0.146608,40.9037,0.00,0.00,2.19912,20.8184,1319.00,298.8,1.55162,1319.00,142,12.8609,10.268,3.30994,6.19318,11.5721,0.811854,8.07211,4.57211,5.95866
324,"Internal",48,113,0.00,56759.00,55.7522,6.19469,38.0531,10,23,7,4,4,0.00,0.00,0.00,0.00,0.00,,2,,0.00,0.00,0.00,0.00,0.00,0.00,0.00,0.00,0.00,0.00,0.00,0.00,0.00,0.00,0.00,2,0.00,0.00,0.00,0.00,0.00,0.00,1,0.00,0.00,0.00,,,,,,,0.00,0.00,0.00,3,0.00,0.00,50,0,3,3733.35,"Suburban",1,95.1491,3,"Midtown Reno",0.00,0.00,0.00,0.00,0.00,0.00,1.5,1.5,0.00,0.00,108,312,4.5,103.5,420,0.387321,0.00,13320.88,0.00,-0.362952,-0.294607,-0.141503,-0.295146,0.10975,5.26798,0.00,0.00,0.00,0.329249,108,27.6,0.197776,108,3,12.4388,9.18768,2.82467,4.27514,11.3943,1,9.46087,5.96087,0.826995
325,"Internal",103,186,0.00,59840.00,69.3548,10.2151,20.4301,56,26,11,5,5,0.00,0.00,0.00,0.00,0.00,,3,,0.00,0.00,0.00,0.00,0.00,0.00,0.00,0.00,0.00,0.00,0.00,0.00,0.00,0.00,0.00,0.00,0.00,0.00,0.00,9,0.00,0.00,0.00,0.00,0.00,0.00,,,,,,,0.00,0.00,1.8,7.2,0.00,0.00,40,0,9,8559.14,"Downtown",1,384.909,3,"Midtown Reno",0.00,0.00,0.00,0.00,0.00,0.00,4.32,2.88,1.08,0.72,246.1,669.5,13.5,232.6,915.6,0.400571,171.071,39158.06,0.00,0.702284,-0.294607,-0.0848119,-0.179054,0.130887,13.4813,0.00,0.00,0.00,1.17798,246.1,62.3,0.506129,246.1,9,12.8017,9.92803,3.06206,5.01449,11.5991,1,8.25079,4.75079,1.72774
326,"Internal",67,174,10,90071.00,62.6437,27.0115,10.3448,22,25,4,5,3,1,7,0.00,0.00,0.00,,3,,0.00,0.00,0.00,0.00,0.00,0.00,0.00,0.00,0.00,0.00,0.00,0.00,0.00,0.00,0.00,0.00,0.00,0.00,0.00,10,0.00,0.00,13,0.00,0.00,0.00,,,,,,,0.00,0.00,2,21,0.00,0.00,62.5,0,23,5026.04,"Downtown",1,550.176,3,"Midtown Reno",0.00,0.00,0.00,0.00,0.00,0.00,7.875,13.125,0.75,1.25,256.1,435.5,34.5,221.6,691.6,0.498324,143.524,16543.55,0.00,0.530755,-0.294607,-0.134432,0.677436,0.13888,9.30499,0.00,0.00,0.00,3.19425,256.1,61.1,0.349337,256.1,23,12.9609,10.4188,2.87321,5.07136,11.6869,1,7.78191,4.28191,1.74749
327,"Internal",90,160,0.00,70962.00,81.25,12.5,6.25,60,14,8,1,1,3,3,0.00,0.00,0.00,,3,,0.00,0.00,0.00,0.00,0.00,0.00,0.00,0.00,14,45,0.00,0.00,0.00,2,3,6,1,0.00,6,1,14,72,18,0.00,0.00,0.00,,,,,,,0.00,1,6.8,43.2,131,0.00,34.1772,0,182,24126.52,"Downtown",1,9850.60,3,"Midtown Reno",0.00,0.00,0.658228,0.341772,86.2278,44.7722,28.4354,14.7646,4.47595,2.32405,2903.70,585,273,2633.30,3491.30,0.396922,324.745,188963.70,0.00,1.6592,-0.294607,0.243885,-0.211027,0.159012,14.3111,0.00,0.00,20.8305,28.9401,2903.70,642.6,0.688572,2903.70,182,12.8607,10.1904,3.44508,6.54677,11.5777,1,8.07294,4.57294,3.79999
328,"Internal",181,325,0.00,90071.00,71.0769,13.5385,15.3846,110,35,15,7,12,2,0.00,345,0.00,0.00,,5,,0.00,0.00,0.00,5,0.00,0.00,0.00,0.00,0.00,0.00,0.00,0.00,0.00,0.00,8,0.00,0.00,0.00,48,0.00,0.00,0.00,0.00,0.00,0.00,0.00,,,,,,,2.5,2.5,19.2,36.8,0.00,345,66.6667,0,61,13653.30,"Downtown",1,1979.32,3,"Midtown Reno",0.833333,1.66667,0.833333,1.66667,0.00,0.00,12.2667,24.5333,6.4,12.8,1190.00,1176.50,609,587.5,2373.00,0.627039,0.00,76998.62,81.1195,-0.362952,-0.223748,-0.00178387,1.80522,0.142319,25.7597,49.1001,0.00,0.00,8.68146,1190.00,160.2,1.21913,1190.00,61,12.7845,9.88477,2.65251,4.59874,11.6104,1,8.30364,4.80364,3.93673
329,"Internal",169,255,0.00,46650.00,75.2941,12.9412,11.7647,106,49,7,6,0.00,1,0.00,0.00,0.00,0.00,,5,,0.00,24,0.00,61,0.00,0.00,0.00,0.00,6,3,0.00,0.00,0.00,0.00,2,22,3,5,0.00,130,25,131,26,0.00,0.00,0.00,,,,,,,54.5,38.5,33.5,171.5,140,0.00,45.3782,0,438,22007.16,"Downtown",1,10224.88,3,"Midtown Reno",29.7689,24.7311,21.0294,17.4706,76.4706,63.5294,93.6765,77.8235,18.2983,15.2017,4366.10,1098.50,657,3809.20,5564.70,0.478511,70.0334,129904.97,1272.27,0.0731377,0.816745,0.114301,0.503844,0.134425,22.7178,0.00,0.00,18.8195,58.8782,4366.10,951,0.989581,4366.10,438,12.9498,10.4868,3.3515,6.2738,11.6244,1,7.81325,4.31325,8.48138
330,"Internal",136,265,0.00,150714.00,64.5283,14.3396,21.1321,55,50,21,5,3,2,0.00,0.00,0.00,0.00,,7,,0.00,0.00,0.00,0.00,0.00,0.00,0.00,0.00,0.00,0.00,0.00,0.00,0.00,0.00,3,0.00,0.00,0.00,0.00,0.00,0.00,0.00,0.00,0.00,0.00,0.00,,,,,,,0.00,0.00,0.00,3,0.00,0.00,45.0082,0,3,6587.41,"Urban",1,73.272,3,"Midtown Reno",0.00,0.00,0.00,0.00,0.00,0.00,1.64975,1.35025,0.00,0.00,275.2,884,4.5,270.7,1159.20,0.363901,0.00,28312.30,0.00,-0.362952,-0.294607,-0.108609,-0.500352,0.107988,14.6864,0.00,0.00,0.00,0.323964,275.2,71.6,0.551371,275.2,3,12.6505,9.67139,2.81643,4.56174,11.4871,0.876878,8.73014,5.23014,2.1742
331,"Internal",233,457,0.00,59840.00,71.116,17.7243,11.1597,105,77,23,17,8,0.00,3,0.00,0.00,0.00,,10,,0.00,0.00,0.00,0.00,0.00,0.00,0.00,0.00,0.00,14,0.00,0.00,0.00,5,0.00,5,0.00,5,0.00,0.00,8,40,29,0.00,0.00,0.00,,,,,,,0.00,5,2.4,44.6,54,0.00,23.3333,0,106,13818.97,"Downtown",1,2349.59,3,"Midtown Reno",0.00,0.00,3.83333,1.16667,41.4,12.6,34.1933,10.4067,1.84,0.56,1730.70,1514.50,159,1584.70,3258.20,0.544996,0.00,72221.03,0.00,-0.362952,-0.294607,-0.0122666,1.08637,0.131343,30.6029,0.00,0.00,7.09253,13.9224,1730.70,396.8,1.20044,1730.70,106,12.8699,10.1674,3.26254,5.2852,11.6136,1,8.04546,4.54546,5.15816
332,"Internal",189,376,0.00,98807.00,64.3617,22.0745,13.5638,89,52,27,6,13,1,1,0.00,0.00,0.00,,7,,0.00,0.00,0.00,5,0.00,0.00,0.00,0.00,0.00,0.00,0.00,0.00,1,0.00,0.00,0.00,0.00,0.00,0.00,1,0.00,0.00,2,0.00,0.00,0.00,,,,,,,2.5,2.5,0.2,3.8,0.00,0.00,0.00,0,9,7824.01,"Downtown",1,180.494,3,"Midtown Reno",2.5,0.00,2.5,0.00,0.00,0.00,3.8,0.00,0.2,0.00,396.5,1228.50,13.5,389.5,1631.50,0.375945,0.00,32719.46,50.1371,-0.362952,-0.250811,-0.0989392,-0.394824,0.109495,20.6945,0.00,0.00,0.00,0.985454,396.5,101.8,0.776935,396.5,9,12.7891,9.93165,2.96018,4.86853,11.6055,0.981306,8.28943,4.78943,3.0798
333,"Internal",59,107,0.00,150714.00,42.0561,19.6262,38.3178,28,19,7,5,0.00,0.00,0.00,0.00,0.00,0.00,,4,,0.00,0.00,0.00,0.00,0.00,0.00,0.00,0.00,0.00,0.00,0.00,0.00,0.00,0.00,0.00,0.00,0.00,0.00,0.00,0.00,0.00,0.00,0.00,0.00,0.00,0.00,,,,,,,0.00,0.00,0.00,0.00,0.00,0.00,50,0,0,3682.51,"Suburban",1,0.00,3,"Midtown Reno",0.00,0.00,0.00,0.00,0.00,0.00,0.00,0.00,0.00,0.00,112.1,383.5,0.00,112.1,495.6,0.350057,0.00,17056.54,0.00,-0.362952,-0.294607,-0.133306,-0.621652,0.105978,6.25267,0.00,0.00,0.00,0.00,112.1,29.5,0.234744,112.1,0.00,12.4057,9.13548,2.73179,4.08671,11.3805,0.916353,9.58201,6.08201,0.561688
334,"Internal",49,121,76,59840.00,66.9421,11.5702,21.4876,7,27,7,5,0.00,2,1,291,0.00,0.00,,4,,0.00,0.00,0.00,0.00,0.00,0.00,0.00,0.00,0.00,0.00,0.00,0.00,0.00,0.00,0.00,9,0.00,7,42,2098.00,0.00,0.00,0.00,0.00,0.00,0.00,,,,,,,0.00,7,436.4,1712.60,0.00,291,86.3561,0,2156,115847.89,"Downtown",1,71236.39,3,"Midtown Reno",0.00,0.00,0.955075,6.04493,0.00,0.00,233.666,1478.93,59.5421,376.858,12585.00,318.5,3670.50,8932.70,12921.70,0.440816,0.00,426945.83,0.00,-0.362952,-0.294607,0.766055,0.173564,0.139164,6.81905,40.4968,0.00,0.00,300.038,12585.00,2606.80,0.463878,12585.00,2156.00,12.8056,10.1221,3.1102,5.01625,11.596,1,8.23881,4.73881,45.9742
335,"Internal",102,222,0.00,60139.00,63.5135,18.018,18.4685,38,38,8,9,7,1,1,0.00,0.00,0.00,,6,,0.00,0.00,0.00,2,0.00,0.00,0.00,0.00,0.00,0.00,0.00,0.00,0.00,1,0.00,1,0.00,0.00,0.00,0.00,0.00,0.00,1,0.00,0.00,0.00,,,,,,,1,1,0.00,3,0.00,0.00,100,0,5,8622.99,"Urban",1,187.578,3,"Midtown Reno",0.00,1,0.00,1,0.00,0.00,0.00,3,0.00,0.00,216.6,663,7.5,211.7,882.2,0.377545,300.125,33096.30,37.5156,1.50589,-0.261836,-0.0981124,-0.380803,0.142867,14.5725,0.00,0.00,0.00,0.714337,216.6,55.6,0.547094,216.6,5,12.734,10.1945,2.98565,5.03826,11.5128,1,8.46129,4.96129,1.87087
336,"Internal",171,307,0.00,60139.00,75.57,11.7264,12.7036,90,50,18,5,5,3,0.00,0.00,0.00,0.00,,9,,0.00,0.00,0.00,29,0.00,0.00,0.00,0.00,20,0.00,0.00,0.00,5,0.00,8,6,14,1,0.00,8,14,68,2,0.00,0.00,0.00,,,,,,,14.5,29.5,5.8,37.2,88,0.00,32.1429,0,175,14071.43,"Urban",1,4232.76,3,"Midtown Reno",9.83929,4.66071,20.0179,9.48214,59.7143,28.2857,25.2429,11.9571,3.93571,1.86429,2343.30,1111.50,262.5,2157.50,3531.50,0.522179,0.00,85417.10,350.714,-0.362952,0.0117479,0.0166876,0.886449,0.129257,22.1029,0.00,0.00,11.3746,22.6199,2343.30,519.9,0.912423,2343.30,175,12.7542,10.2517,3.09132,5.35776,11.517,0.979762,8.39782,4.89782,4.93806
337,"Internal",408,727,0.00,65071.00,74.6905,10.4539,14.8556,209,134,28,26,5,5,1,0.00,0.00,0.00,,26,,0.00,0.00,0.00,6,0.00,0.00,0.00,0.00,0.00,0.00,0.00,0.00,0.00,7,15,44,0.00,16,0.00,47,1,3,20,0.00,0.00,0.00,,,,,,,3,19,9.7,124.3,3,0.00,54.717,0,159,15091.98,"Urban",1,2457.00,3,"Midtown Reno",1.35849,1.64151,8.60377,10.3962,1.35849,1.64151,56.2868,68.0132,4.39245,5.30755,1647.70,2652.00,238.5,1458.60,4349.10,0.51268,108.17,67205.81,46.3584,0.310607,-0.254112,-0.0232708,0.803222,0.139624,56.9665,0.00,0.00,0.418872,22.2002,1647.70,388.1,2.14174,1647.70,159,12.8135,10.2078,3.18367,5.86307,11.5538,0.613619,8.21468,4.71468,9.23485
338,"Internal",0.00,0.00,0.00,89930.00,,,,0.00,0.00,0.00,0.00,0.00,0.00,0.00,0.00,0.00,0.00,,0.00,,0.00,0.00,0.00,6,2,0.00,0.00,24,5,18,0.00,0.00,0.00,0.00,0.00,16,17,0.00,0.00,0.00,6,28,3,0.00,0.00,0.00,,,,,,,29,20,1.8,23.2,51,0.00,48.4211,0,125,23823.19,"Downtown",1,15172.81,3,"Midtown Reno",14.9579,14.0421,10.3158,9.68421,26.3053,24.6947,11.9663,11.2337,0.928421,0.871579,1240.70,0.00,187.5,1105.20,1292.70,0.248014,1335.21,156911.18,3520.09,7.95122,2.78025,0.173557,-1.51573,0.303935,0.00,0.00,0.00,15.5007,37.9919,1240.70,263.6,0.112582,1240.70,125,13.0198,11.225,3.26349,6.40568,11.6233,1,7.61707,4.11707,
339,"Internal",168,369,0.00,90071.00,67.7507,17.8862,14.3631,70,52,17,14,7,3,5,0.00,0.00,0.00,,7,,0.00,0.00,0.00,0.00,112,0.00,0.00,3,67,3,0.00,0.00,0.00,0.00,5,0.00,0.00,0.00,0.00,279,3,21,6,0.00,0.00,0.00,,,,,,,115,0.00,56.7,236.3,91,0.00,50,0,499,26058.77,"Downtown",1,11282.79,3,"Midtown Reno",57.5,57.5,0.00,0.00,45.5,45.5,118.15,118.15,28.35,28.35,4006.70,1092.00,748.5,3258.20,5098.70,0.524226,135.665,115285.74,2600.24,0.481817,1.97675,0.082224,0.904383,0.147626,24.8012,0.00,0.00,13.434,73.6656,4006.70,866.2,1.02868,4006.70,499,13.0477,10.5797,2.73942,4.96317,11.7269,1,7.54077,4.04077,10.5741
340,"Internal",341,780,0.00,150714.00,56.1538,19.2308,24.6154,119,119,45,22,19,14,3,0.00,0.00,0.00,,14,,0.00,0.00,0.00,22,0.00,0.00,0.00,0.00,0.00,0.00,0.00,0.00,0.00,0.00,2,8,0.00,10,0.00,1,1,5,0.00,0.00,0.00,0.00,,,,,,,11,21,0.5,11.5,5,0.00,52,0,49,6767.22,"Suburban",1,386.953,3,"Midtown Reno",5.28,5.72,10.08,10.92,2.4,2.6,5.52,5.98,0.24,0.26,904.6,2216.50,73.5,885.7,3175.70,0.434537,0.00,25078.48,86.8669,-0.362952,-0.218727,-0.115705,0.118544,0.115559,39.4055,0.00,0.00,0.577793,5.66237,904.6,221.4,1.4836,904.6,49,12.5401,9.44607,2.6742,4.33889,11.4396,0.587391,9.10249,5.60249,6.17121
341,"Internal",50,90,0.00,47371.00,74.4444,24.4444,1.11111,24,20,2,2,1,0.00,1,0.00,0.00,0.00,,1,,0.00,0.00,0.00,8,0.00,0.00,0.00,0.00,0.00,7,0.00,0.00,0.00,0.00,38,25,0.00,0.00,20,78,13,62,47,0.00,0.00,0.00,,,,,,,4,4,27.5,193.5,69,0.00,45.9627,0,298,18297.19,"Downtown",1,9773.43,3,"Midtown Reno",2.16149,1.83851,2.16149,1.83851,37.2857,31.7143,104.562,88.9379,14.8602,12.6398,2646.90,325,447,2210.30,2982.30,0.416371,229.577,97809.69,131.187,1.0666,-0.180013,0.0438789,-0.0406163,0.143476,7.17379,0.00,0.00,9.89982,42.7558,2646.90,577.1,0.341228,2646.90,298,12.9634,10.517,3.20115,6.36589,11.6249,1,7.77475,4.27475,5.06385
342,"Internal",19,25,0.00,65071.00,64,8,28,14,4,1,0.00,0.00,0.00,0.00,0.00,0.00,0.00,,1,,0.00,0.00,0.00,0.00,0.00,0.00,0.00,0.00,17,37,0.00,0.00,0.00,0.00,1,0.00,0.00,8,0.00,1,54,277,26,0.00,0.00,0.00,,,,,,,0.00,8,16.4,65.6,331,0.00,24.9221,0,421,28313.08,"Downtown",1,17375.26,3,"Midtown Reno",0.00,0.00,6.00623,1.99377,248.508,82.4922,49.2511,16.3489,12.3128,4.08723,6709.00,123.5,631.5,6098.30,6853.30,0.19938,0.00,282845.22,0.00,-0.362952,-0.294607,0.449876,-1.94186,0.103168,1.96019,0.00,0.00,34.1486,43.4337,6709.00,1469.00,0.321613,6709.00,421,12.963,10.8047,3.21464,6.35601,11.6042,1,7.77572,4.27572,4.71052
343,"Internal",207,475,0.00,98807.00,70.3158,9.47368,20.2105,62,83,29,19,4,6,4,0.00,0.00,0.00,,6,,0.00,0.00,0.00,5,0.00,0.00,0.00,0.00,0.00,0.00,0.00,0.00,0.00,0.00,0.00,0.00,0.00,6,0.00,0.00,0.00,0.00,1,0.00,0.00,0.00,,,,,,,2.5,8.5,0.00,1,0.00,0.00,25,0,12,6281.76,"Urban",1,152.642,3,"Midtown Reno",1.875,0.625,6.375,2.125,0.00,0.00,0.75,0.25,0.00,0.00,431.9,1345.50,18,436,1799.50,0.382129,0.00,22889.98,31.8005,-0.362952,-0.266829,-0.120507,-0.340641,0.109669,22.7015,0.00,0.00,0.00,1.31603,431.9,110.2,0.852282,431.9,12,12.891,10.287,2.91514,4.7,11.6421,0.978004,7.98328,4.48328,4.29858
344,"Internal",204,388,0.00,47371.00,65.7216,19.8454,14.433,96,67,16,19,3,2,1,0.00,0.00,0.00,,7,,0.00,0.00,0.00,10,5,0.00,0.00,0.00,81,6,0.00,0.00,0.00,0.00,5,5,1,0.00,0.00,0.00,15,76,23,0.00,0.00,0.00,,,,,,,10,6,4.5,43.5,163,0.00,27.1845,0,227,22210.86,"Downtown",1,6772.89,3,"Midtown Reno",7.28155,2.71845,4.36893,1.63107,118.689,44.3107,31.6748,11.8252,3.2767,1.2233,3752.50,1326.00,340.5,3427.60,5094.10,0.475039,0.00,151990.29,298.365,-0.362952,-0.0339798,0.16276,0.473421,0.127257,25.9604,0.00,0.00,20.7429,28.8873,3752.50,835.9,1.12529,3752.50,227,12.8848,10.2213,3.0654,5.93113,11.6104,1,8.00154,4.50154,5.69055
345,"Internal",86,215,0.00,98807.00,56.7442,27.907,15.3488,21,33,12,11,6,3,0.00,0.00,0.00,0.00,,4,,0.00,0.00,0.00,3,0.00,0.00,0.00,0.00,216,0.00,0.00,0.00,0.00,0.00,0.00,0.00,0.00,0.00,0.00,0.00,5,21,0.00,0.00,0.00,0.00,,,,,,,1.5,1.5,1.5,3.5,237,0.00,47.3684,0,245,12537.13,"Downtown",1,5122.06,3,"Midtown Reno",0.789474,0.710526,0.789474,0.710526,124.737,112.263,1.84211,1.65789,0.789474,0.710526,4632.30,559,367.5,4268.70,5195.20,0.30829,62.7191,108612.73,31.3595,0.0275923,-0.267214,0.0675824,-0.987608,0.112198,9.64899,0.00,0.00,26.5908,27.4884,4632.30,1022.20,0.555381,4632.30,245,12.9055,10.1725,2.81915,4.60547,11.6666,0.99843,7.94098,4.44098,5.09665
346,"Internal",213,576,0.00,47371.00,67.7083,25.1736,7.11806,51,81,20,28,17,6,10,0.00,0.00,0.00,,12,,0.00,0.00,0.00,1,0.00,0.00,0.00,0.00,0.00,0.00,0.00,0.00,0.00,0.00,0.00,0.00,0.00,1,0.00,0.00,0.00,0.00,1,0.00,0.00,0.00,,,,,,,0.5,1.5,0.00,1,0.00,0.00,66.6667,0,3,19109.33,"Downtown",1,98.7204,3,"Midtown Reno",0.166667,0.333333,0.5,1,0.00,0.00,0.333333,0.666667,0.00,0.00,416.3,1384.50,4.5,415.7,1804.70,0.358396,263.254,59386.92,16.4534,1.2763,-0.280235,-0.0404267,-0.548585,0.13747,29.2812,0.00,0.00,0.00,0.412411,416.3,108.7,1.0993,416.3,3,12.645,9.57314,3.00522,5.14283,11.524,1,8.74843,5.24843,4.92154
347,"Internal",187,355,0.00,65071.00,66.7606,16.338,16.9014,79,77,14,10,4,1,2,0.00,0.00,0.00,,8,,0.00,0.00,0.00,6,0.00,6,0.00,3,0.00,2,0.00,0.00,0.00,18,23,30,0.00,28,0.00,101,76,394,31,0.00,0.00,0.00,,,,,,,12,31,43,236,396,0.00,68.7943,0,718,20810.65,"Urban",1,10079.98,3,"Midtown Reno",3.74468,8.25532,9.67376,21.3262,123.574,272.426,73.6454,162.355,13.4184,29.5816,9451.90,1215.50,1077.00,8455.50,10748.00,0.358266,0.00,150890.86,168.468,-0.362952,-0.147448,0.160347,-0.549728,0.113564,21.2365,0.00,0.00,44.9714,81.539,9451.90,2073.40,1.12391,9451.90,718,12.8419,10.4355,3.00232,5.62552,11.5525,0.907772,8.12909,4.62909,15.8663
348,"Internal",136,231,0.00,60139.00,68.3983,12.1212,19.4805,69,48,14,2,2,1,0.00,0.00,0.00,0.00,,7,,2,0.00,0.00,0.00,0.00,0.00,0.00,0.00,0.00,0.00,7,0.00,0.00,0.00,5,11,0.00,1,0.00,45,0.00,0.00,3,0.00,0.00,0.00,,,,,,,9,1,9,55,0.00,0.00,49.6124,0,74,6324.22,"Urban",1,1347.95,3,"Midtown Reno",4.53488,4.46512,0.503876,0.496124,0.00,0.00,27.7132,27.2868,4.53488,4.46512,646.8,884,111,538.4,1533.40,0.53913,145.724,27931.62,163.939,0.544453,-0.151403,-0.109445,1.03497,0.145351,19.7677,0.00,0.00,0.00,10.7559,646.8,149.8,0.742138,646.8,74,12.6991,9.98754,2.87342,5.0937,11.4974,1,8.57253,5.07253,3.05016
349,"Internal",149,376,20,98807.00,60.1064,21.2766,18.617,41,47,27,16,14,2,2,777,0.00,0.00,,6,,0.00,0.00,0.00,0.00,0.00,0.00,0.00,0.00,156,2,0.00,0.00,0.00,1,0.00,7,0.00,0.00,72,13,17,90,17,0.00,0.00,0.00,,,,,,,0.00,0.00,36.5,90.5,248,777,12.5,0,375,12685.56,"Urban",1,4930.66,3,"Midtown Reno",0.00,0.00,0.00,0.00,217,31,79.1875,11.3125,31.9375,4.5625,6797.40,968.5,1728.00,5069.40,7765.90,0.508818,52.5937,102109.41,0.00,-0.035457,-0.294607,0.0533131,0.769385,0.134614,20.0575,104.595,0.00,33.3844,50.4804,6797.40,1243.70,1.53238,6797.40,375,12.9109,10.2121,2.71219,4.45134,11.661,1,7.92525,4.42525,6.0983
350,"Internal",169,452,0.00,73750.00,60.6195,29.646,9.73451,59,39,22,21,12,7,9,0.00,0.00,0.00,,18,,0.00,0.00,0.00,0.00,0.00,0.00,0.00,0.00,0.00,0.00,0.00,0.00,0.00,0.00,0.00,0.00,0.00,3,0.00,18,0.00,0.00,0.00,0.00,0.00,0.00,,,,,,,0.00,3,3.6,14.4,0.00,0.00,14.2857,0,21,8016.51,"Urban",1,347.126,3,"Midtown Reno",0.00,0.00,2.57143,0.428571,0.00,0.00,12.3429,2.05714,3.08571,0.514286,430.9,1098.50,31.5,407.2,1537.20,0.418741,66.1193,25409.65,0.00,0.0487651,-0.294607,-0.114978,-0.0198558,0.120697,20.3978,0.00,0.00,0.00,2.53464,430.9,107.6,0.765795,430.9,21,12.8704,10.0449,2.98204,4.95636,11.634,0.996231,8.04403,4.54403,3.61017
351,"Internal",111,288,0.00,150714.00,55.9028,20.4861,23.6111,17,56,13,13,5,6,1,0.00,0.00,0.00,,5,,0.00,0.00,0.00,0.00,0.00,0.00,8,0.00,0.00,0.00,0.00,0.00,0.00,3,3,65,0.00,0.00,0.00,0.00,0.00,0.00,16,0.00,0.00,0.00,,,,,,,8,0.00,0.00,87,0.00,0.00,66.9118,0,95,3544.02,"Suburban",1,770.153,3,"Midtown Reno",2.64706,5.35294,0.00,0.00,0.00,0.00,28.7868,58.2132,0.00,0.00,722.1,721.5,142.5,579.6,1443.60,0.579265,32.4275,11703.08,64.855,-0.16103,-0.237955,-0.145052,1.38662,0.13591,15.086,0.00,0.00,0.00,12.9114,722.1,163.9,0.566373,722.1,95,12.5576,9.50264,2.40942,4.02064,11.4442,0.479813,9.04194,5.54194,3.61346
352,"Internal",9,17,0.00,65071.00,82.3529,5.88235,11.7647,6,0.00,2,0.00,1,0.00,0.00,0.00,0.00,0.00,,0.00,,0.00,0.00,0.00,60,0.00,0.00,0.00,0.00,87,26,0.00,0.00,0.00,9,11,39,0.00,20,1,72,24,125,14,0.00,0.00,103,,,,,,,30,50,22,148,238,0.00,38.6842,0,488,24739.68,"Downtown",1,15414.52,3,"Midtown Reno",18.3947,11.6053,30.6579,19.3421,145.932,92.0684,90.7474,57.2526,13.4895,8.51053,5659.70,58.5,732,5057.70,5848.20,0.236302,0.00,184727.86,947.614,-0.362952,0.533149,0.234591,-1.61835,0.102287,0.920583,0.00,0.00,24.3443,49.9161,5659.70,1224.30,0.211374,5659.70,488,12.944,10.6731,3.13819,6.42975,11.598,1,7.82978,4.32978,6.56784
353,"Internal",226,488,0.00,47371.00,73.1557,20.9016,5.94262,90,66,41,15,4,7,3,0.00,0.00,0.00,,12,,0.00,0.00,0.00,0.00,0.00,0.00,7,0.00,10,3,0.00,0.00,0.00,16,0.00,2,0.00,7,0.00,13,11,56,26,0.00,0.00,0.00,,,,,,,7,7,5.9,62.1,69,0.00,32.0755,0,151,19713.50,"Downtown",1,4105.34,3,"Midtown Reno",4.75472,2.24528,4.75472,2.24528,46.8679,22.1321,42.1811,19.9189,4.00755,1.89245,2142.50,1469.00,226.5,1934.20,3629.70,0.548348,217.502,98683.24,190.314,0.991405,-0.128364,0.0457956,1.11574,0.160729,36.3248,0.00,0.00,11.0903,24.2701,2142.50,484.5,1.44429,2142.50,151,12.904,10.3937,3.09943,6.089,11.5985,1,7.94548,4.44548,6.27895
354,"Internal",203,505,0.00,102759.00,58.4158,20.5941,20.9901,42,67,64,19,7,2,2,0.00,0.00,0.00,,9,,7,0.00,0.00,0.00,0.00,0.00,0.00,0.00,0.00,0.00,2,0.00,0.00,0.00,0.00,1,0.00,0.00,0.00,0.00,0.00,0.00,0.00,0.00,0.00,0.00,,,,,,,9,0.00,0.00,1,0.00,0.00,57.6923,0,10,4648.88,"Suburban",1,89.2811,3,"Midtown Reno",3.80769,5.19231,0.00,0.00,0.00,0.00,0.423077,0.576923,0.00,0.00,418.3,1319.50,15,403.3,1737.80,0.36954,26.7843,15515.26,80.353,-0.196169,-0.224417,-0.136688,-0.450941,0.110581,22.4479,0.00,0.00,0.00,1.10581,418.3,107.2,0.842763,418.3,10,12.39,9.18893,2.29635,3.38551,11.3665,0.261576,9.63985,6.13985,3.8334
355,"Internal",232,556,0.00,25000.00,57.9137,23.9209,18.1655,77,77,35,15,12,12,4,0.00,0.00,0.00,,8,,0.00,0.00,0.00,0.00,6,0.00,0.00,0.00,88,13,0.00,0.00,0.00,17,6,0.00,0.00,0.00,0.00,26,13,68,59,0.00,0.00,211,,,,,,,6,0.00,9.1,111.9,169,0.00,51.0129,0,296,11273.07,"Downtown",1,3268.98,3,"Midtown Reno",2.93923,3.06077,0.00,0.00,82.7882,86.2118,54.8166,57.0834,4.45783,4.64217,4296.70,1508.00,444,3852.70,5804.70,0.486133,77.3068,64106.15,66.263,0.118429,-0.236725,-0.030072,0.570627,0.132345,30.7041,0.00,0.00,22.3663,39.1741,4296.70,957.1,1.31517,4296.70,296,12.9071,10.0601,2.50254,4.38942,11.6738,1,7.93625,4.43625,8.60719
356,"Internal",0.00,0.00,0.00,89930.00,,,,0.00,0.00,0.00,0.00,0.00,0.00,0.00,0.00,0.00,0.00,,0.00,,0.00,0.00,0.00,0.00,0.00,0.00,0.00,0.00,86,118,0.00,1,0.00,13,10,0.00,0.00,10,0.00,0.00,23,117,17,0.00,0.00,0.00,,,,,,,1,10,6.9,56.1,321,0.00,25.3165,0,395,34406.12,"Downtown",1,21913.00,3,"Midtown Reno",0.746835,0.253165,7.46835,2.53165,239.734,81.2658,41.8975,14.2025,5.15316,1.74684,6388.50,0.00,592.5,5822.00,6414.50,0.167674,388.332,355850.46,55.4759,2.05514,-0.246148,0.61006,-2.21966,0.145672,0.00,0.00,0.00,46.7608,57.5405,6388.50,1397.20,0.339623,6388.50,395,12.9621,10.674,3.14972,6.21184,11.6128,1,7.77834,4.27834,
357,"Internal",188,349,0.00,47679.00,66.4756,13.7536,19.7708,44,136,5,1,0.00,0.00,2,0.00,0.00,0.00,,5,,0.00,0.00,0.00,5,0.00,0.00,1,0.00,0.00,40,0.00,0.00,0.00,0.00,0.00,0.00,0.00,0.00,0.00,0.00,10,52,25,0.00,0.00,117,,,,,,,3.5,2.5,3,32,92,0.00,27.451,0,133,34322.80,"Downtown",1,8183.43,3,"Midtown Reno",2.53922,0.960784,1.81373,0.686275,66.7451,25.2549,23.2157,8.78431,2.17647,0.823529,2291.60,1222.00,199.5,2098.60,3520.10,0.520849,0.00,216590.12,215.353,-0.362952,-0.106492,0.304502,0.874801,0.136842,25.7263,0.00,0.00,12.5894,18.2,2291.60,516.2,1.05728,2291.60,133,12.9027,10.4885,3.10399,6.23263,11.5834,1,7.949,4.449,4.38921
358,"Internal",118,328,0.00,73750.00,64.0244,21.0366,14.939,15,56,16,15,6,7,3,0.00,0.00,0.00,,6,,0.00,0.00,0.00,0.00,0.00,0.00,0.00,0.00,0.00,0.00,0.00,0.00,0.00,0.00,0.00,0.00,0.00,0.00,0.00,0.00,0.00,0.00,0.00,0.00,0.00,0.00,,,,,,,0.00,0.00,0.00,0.00,0.00,0.00,45.0082,0,0,9513.81,"Urban",1,0.00,3,"Midtown Reno",0.00,0.00,0.00,0.00,0.00,0.00,0.00,0.00,0.00,0.00,224.2,767,0.00,224.2,991.2,0.350057,87.0166,28750.27,0.00,0.17889,-0.294607,-0.107648,-0.621652,0.115182,13.5915,0.00,0.00,0.00,0.00,224.2,59,0.510264,224.2,0.00,12.8444,10.1288,2.87645,5.25507,11.6103,0.893065,8.12161,4.62161,2.62121
359,"Internal",0.00,0.00,0.00,89930.00,,,,0.00,0.00,0.00,0.00,0.00,0.00,0.00,0.00,0.00,0.00,,0.00,,0.00,0.00,0.00,0.00,0.00,0.00,0.00,0.00,52,16,0.00,0.00,0.00,0.00,14,0.00,0.00,0.00,0.00,0.00,14,75,18,0.00,0.00,0.00,,,,,,,0.00,0.00,4.2,41.8,143,0.00,14.6154,0,189,21600.21,"Downtown",1,13757.01,3,"Midtown Reno",0.00,0.00,0.00,0.00,122.1,20.9,35.6908,6.10923,3.58615,0.613846,2931.70,0.00,283.5,2648.20,2931.70,0.174701,0.00,213393.79,0.00,-0.362952,-0.294607,0.297488,-2.15809,0.0974977,0.00,0.00,0.00,13.9422,18.4271,2931.70,641.5,0.101262,2931.70,189,12.9097,10.6465,3.06847,5.73668,11.6042,1,7.92865,4.42865,
360,"Internal",86,199,0.00,104583.00,66.3317,13.5678,20.1005,25,24,27,8,0.00,1,1,0.00,0.00,0.00,,6,,0.00,0.00,0.00,6,0.00,0.00,0.00,0.00,10,24,0.00,0.00,0.00,3,2,48,0.00,7,0.00,44,10,52,3,0.00,0.00,0.00,,,,,,,3,10,11.8,98.2,86,0.00,46.9136,0,209,8199.10,"Urban",1,3250.67,3,"Midtown Reno",1.59259,1.40741,5.30864,4.69136,45.6543,40.3457,52.1309,46.0691,6.2642,5.5358,2426.60,559,313.5,2139.10,3011.60,0.450203,93.3208,46840.81,46.6604,0.218145,-0.253848,-0.0679548,0.255812,0.128672,11.0658,0.00,0.00,11.0658,26.8925,2426.60,534.1,0.495816,2426.60,209,12.7003,9.87163,2.65286,4.57236,11.506,1,8.56846,5.06846,4.60284
361,"Internal",237,659,0.00,73750.00,60.091,27.9211,11.9879,64,61,48,21,23,10,10,0.00,0.00,0.00,,15,,0.00,0.00,0.00,7,0.00,0.00,0.00,0.00,0.00,0.00,0.00,0.00,0.00,0.00,0.00,0.00,0.00,349,0.00,0.00,0.00,0.00,5,0.00,0.00,0.00,,,,,,,3.5,352.5,0.00,5,0.00,0.00,48.4848,0,361,13761.99,"Urban",1,4052.88,3,"Midtown Reno",1.80303,1.69697,181.591,170.909,0.00,0.00,2.57576,2.42424,0.00,0.00,1546.30,1540.50,541.5,1921.30,4003.30,0.603295,78.5877,44944.30,39.2938,0.126404,-0.260283,-0.072116,1.59718,0.146835,34.8,0.00,0.00,0.00,53.0076,1546.30,302.5,1.3065,1546.30,361,12.9187,10.193,2.8182,4.63585,11.6617,0.780257,7.90278,4.40278,10.4312
362,"Internal",90,193,0.00,73750.00,61.1399,25.3886,13.4715,38,26,10,11,3,0.00,2,0.00,0.00,0.00,,2,,0.00,0.00,0.00,0.00,0.00,0.00,0.00,9,0.00,3,0.00,0.00,40,0.00,1,0.00,0.00,0.00,0.00,0.00,5,23,39,0.00,0.00,0.00,,,,,,,9,0.00,1.5,83.5,26,0.00,37.3333,0,120,13485.13,"Urban",1,4242.67,3,"Midtown Reno",5.64,3.36,0.00,0.00,16.2933,9.70667,52.3267,31.1733,0.94,0.56,1160.20,585,180,980.2,1745.20,0.561544,0.00,61702.52,318.2,-0.362952,-0.0166539,-0.0353459,1.23136,0.132818,11.9536,0.00,0.00,3.45327,15.9382,1160.20,258.1,0.473856,1160.20,120,12.911,10.5174,2.94958,5.43826,11.6281,0.995417,7.92506,4.42506,3.05904
363,"Internal",255,610,0.00,104583.00,57.8689,16.7213,25.4098,67,104,34,21,27,0.00,2,0.00,0.00,0.00,,15,,0.00,0.00,0.00,0.00,0.00,0.00,0.00,0.00,0.00,0.00,0.00,0.00,0.00,0.00,3,5,0.00,0.00,0.00,0.00,1,6,0.00,0.00,0.00,0.00,,,,,,,0.00,0.00,0.3,8.7,6,0.00,62.5,0,15,4743.48,"Suburban",1,112.307,3,"Midtown Reno",0.00,0.00,0.00,0.00,2.25,3.75,3.2625,5.4375,0.1125,0.1875,647.1,1657.50,22.5,624.6,2304.60,0.409183,59.897,17254.83,0.00,0.0100196,-0.294607,-0.132871,-0.103601,0.118487,30.2141,0.00,0.00,0.710921,1.7773,647.1,162.9,1.13949,647.1,15,12.7176,10.0038,3.00562,4.93358,11.5128,0.919231,8.51318,5.01318,4.65792
364,"Internal",186,283,0.00,25000.00,64.311,1.76678,33.9223,144,10,19,8,2,1,2,0.00,0.00,0.00,,6,,0.00,0.00,0.00,3,0.00,0.00,0.00,0.00,80,61,0.00,0.00,0.00,578,13,326,0.00,16,11,30,11,62,64,0.00,0.00,98,,,,,,,1.5,17.5,13.7,1019.30,203,0.00,60.3393,0,1255,28293.22,"Downtown",1,15756.79,3,"Midtown Reno",0.594911,0.905089,6.94063,10.5594,80.5113,122.489,404.262,615.038,5.43352,8.26648,9991.30,1209.00,1882.50,8154.30,11245.80,0.434655,125.552,141193.35,18.8328,0.418846,-0.278156,0.139069,0.11958,0.135982,25.2926,0.00,0.00,27.6043,170.657,9991.30,2174.40,1.15005,9991.30,1255.00,12.8326,9.88491,2.24496,3.91199,11.6486,0.936791,8.15704,4.65704,24.0094
365,"Internal",242,467,0.00,47679.00,62.3126,14.561,23.1263,119,77,17,13,6,9,1,0.00,0.00,0.00,,14,,0.00,0.00,0.00,0.00,0.00,0.00,0.00,0.00,0.00,13,0.00,0.00,0.00,8,1,2,6,0.00,7,30,16,80,44,0.00,0.00,0.00,,,,,,,0.00,6,13.6,94.4,93,0.00,35.1145,0,207,14426.96,"Downtown",1,3770.61,3,"Midtown Reno",0.00,0.00,3.89313,2.10687,60.3435,32.6565,61.2519,33.1481,8.82443,4.77557,2821.70,1573.00,310.5,2526.80,4410.30,0.539583,54.6465,80335.82,0.00,-0.0226746,-0.294607,0.00553847,1.03894,0.137536,33.2837,0.00,0.00,12.7908,28.4699,2821.70,634.9,1.34247,2821.70,207,12.8987,10.3497,3.20049,6.71293,11.5781,0.997883,7.96077,4.46077,6.19307
366,"Internal",273,671,0.00,133417.00,54.5455,18.0328,27.4218,73,80,68,30,18,4,0.00,581,0.00,0.00,,18,,0.00,0.00,0.00,15,0.00,0.00,0.00,0.00,0.00,0.00,0.00,0.00,0.00,0.00,22,1,0.00,11,51,62,8,41,37,0.00,0.00,0.00,,,,,,,7.5,18.5,35.2,145.8,41,581,41.3333,0,248,5809.56,"Suburban",1,1358.72,3,"Midtown Reno",4.4,3.1,10.8533,7.64667,24.0533,16.9467,85.536,60.264,20.6507,14.5493,3248.50,1774.50,1243.50,2053.10,5071.10,0.65351,32.8722,27783.02,41.0902,-0.158261,-0.258714,-0.109771,2.03715,0.146906,40.1054,85.3525,0.00,6.02315,36.4327,3248.50,534.8,1.98754,3248.50,248,12.5255,9.45851,2.12333,3.67245,11.431,0.239755,9.15298,5.65298,7.78308
367,"Internal",462,964,0.00,24787.00,64.2116,27.4896,8.29875,181,148,92,17,6,13,5,0.00,0.00,0.00,,16,,0.00,0.00,0.00,0.00,0.00,0.00,0.00,0.00,0.00,7,0.00,0.00,51,49,8,52,0.00,2,0.00,1,8,40,8,0.00,0.00,0.00,,,,,,,0.00,2,2.6,174.4,47,0.00,46.5909,0,226,16826.19,"Downtown",1,2883.36,3,"Midtown Reno",0.00,0.00,1.06818,0.931818,25.1023,21.8977,93.1455,81.2545,1.38864,1.21136,2753.90,3003.00,339,2420.10,5762.10,0.548524,0.00,73514.30,0.00,-0.362952,-0.294607,-0.009429,1.11728,0.131864,60.9211,0.00,0.00,6.1976,29.8012,2753.90,637.1,2.33217,2753.90,226,12.9697,10.5814,3.26369,6.28764,11.6193,1,7.75701,4.25701,11.0451
368,"Internal",45,124,0.00,44209.00,61.2903,34.6774,4.03226,14,7,8,10,5,0.00,1,0.00,0.00,0.00,,3,,0.00,0.00,0.00,100,0.00,0.00,0.00,0.00,17,2,53,14,2,47,10,41,3,22,0.00,14,2,15,16,0.00,0.00,0.00,,,,,,,117,75,3.4,128.6,34,0.00,41.791,0,358,19291.31,"Downtown",1,10065.95,3,"Midtown Reno",68.1045,48.8955,43.6567,31.3433,19.791,14.209,74.8567,53.7433,1.9791,1.4209,2036.50,292.5,537,1694.50,2524.00,0.490587,112.469,70967.74,3289.71,0.337377,2.57901,-0.0150166,0.609646,0.137461,6.18576,0.00,0.00,4.67369,49.2112,2036.50,416.3,0.266177,2036.50,358,12.9099,10.3763,3.17204,5.79383,11.6225,1,7.9281,4.4281,5.96573
369,"Internal",105,285,0.00,133417.00,53.6842,27.3684,18.9474,9,53,16,15,10,2,0.00,0.00,0.00,0.00,,4,,0.00,0.00,0.00,0.00,0.00,0.00,0.00,0.00,0.00,0.00,0.00,0.00,0.00,0.00,0.00,8,0.00,0.00,0.00,0.00,0.00,0.00,0.00,0.00,0.00,0.00,,,,,,,0.00,0.00,0.00,8,0.00,0.00,76.9231,0,8,3645.27,"Suburban",1,98.0041,3,"Midtown Reno",0.00,0.00,0.00,0.00,0.00,0.00,1.84615,6.15385,0.00,0.00,244.3,682.5,12,232.3,926.8,0.394716,0.00,11353.77,0.00,-0.362952,-0.294607,-0.145819,-0.230354,0.11045,11.5973,0.00,0.00,0.00,0.883601,244.3,62.1,0.435396,244.3,8,12.3599,9.17188,1.91049,2.7461,11.3517,0.00,9.75201,6.25201,2.05271
370,"Internal",0.00,0.00,0.00,89930.00,,,,0.00,0.00,0.00,0.00,0.00,0.00,0.00,332,0.00,0.00,,0.00,,0.00,0.00,0.00,0.00,0.00,0.00,0.00,0.00,0.00,0.00,0.00,0.00,2,0.00,8,0.00,0.00,8,0.00,17,0.00,0.00,7,0.00,0.00,0.00,,,,,,,0.00,8,3.4,30.6,0.00,332,26.4069,0,42,2743.28,"Urban",1,1747.17,3,"Midtown Reno",0.00,0.00,5.88745,2.11255,0.00,0.00,22.5195,8.08052,2.50216,0.897835,712.4,0.00,561,172.2,733.2,0.359402,166.398,30500.68,0.00,0.673185,-0.294607,-0.103808,-0.539766,0.124803,0.00,41.4347,0.00,0.00,5.24174,712.4,44.8,0.212684,712.4,42,12.9729,10.4428,2.87929,4.94127,11.6712,0.779912,7.74772,4.24772,
371,"Internal",188,600,0.00,81116.00,58.6667,29.6667,11.6667,35,45,33,35,14,16,10,0.00,0.00,0.00,,13,,0.00,0.00,0.00,3,0.00,0.00,0.00,0.00,16,0.00,0.00,0.00,0.00,0.00,0.00,0.00,0.00,0.00,0.00,0.00,2,15,3,0.00,0.00,0.00,,,,,,,1.5,1.5,0.6,4.4,31,0.00,68.6486,0,39,9061.26,"Urban",1,534.438,3,"Midtown Reno",0.47027,1.02973,0.47027,1.02973,9.71892,21.2811,1.37946,3.02054,0.188108,0.411892,973.9,1222.00,58.5,919.3,2199.80,0.516065,95.9248,30145.06,20.5553,0.23436,-0.276651,-0.104588,0.832883,0.136342,25.6322,0.00,0.00,4.22659,5.31733,973.9,228.6,0.993009,973.9,39,12.899,10.0403,2.61757,4.42546,11.6682,1,7.95996,4.45996,5.1381
372,"Internal",123,305,0.00,81116.00,66.8852,30.4918,2.62295,45,28,17,19,9,3,2,394,0.00,0.00,,6,,1,0.00,0.00,7,0.00,0.00,0.00,0.00,0.00,0.00,0.00,529,96,0.00,10,16,0.00,2,47,0.00,2,13,45,0.00,0.00,130,,,,,,,533.5,5.5,19.4,196.6,13,394,29.4118,0,768,18594.96,"Urban",1,9452.22,3,"Midtown Reno",376.588,156.912,3.88235,1.61765,9.17647,3.82353,138.776,57.8235,13.6941,5.70588,3894.40,799.5,1743.00,2165.70,4708.20,0.622527,123.076,57946.52,6566.09,0.403426,5.44098,-0.0435871,1.76568,0.156177,19.2098,61.5339,0.00,2.03031,119.944,3894.40,643.5,1.05179,3894.40,768,12.9808,10.2022,2.26415,3.93815,11.7111,1,7.72556,4.22556,11.7619
373,"Internal",62,191,0.00,44209.00,60.2094,30.8901,8.90052,11,18,11,7,9,4,2,0.00,0.00,0.00,,5,,0.00,0.00,0.00,0.00,0.00,0.00,3,0.00,0.00,0.00,0.00,0.00,34,0.00,0.00,25,0.00,0.00,0.00,0.00,13,63,10,0.00,0.00,0.00,,,,,,,3,0.00,3.9,78.1,63,0.00,35.0993,0,148,10681.83,"Urban",1,3734.04,3,"Midtown Reno",1.94702,1.05298,0.00,0.00,40.8874,22.1126,50.6874,27.4126,2.53113,1.36887,1764.10,403,222,1542.10,2167.10,0.448555,100.92,54675.94,75.69,0.265465,-0.22849,-0.0507633,0.241368,0.129781,8.04642,0.00,0.00,8.1762,19.2076,1764.10,389.2,0.361471,1764.10,148,12.9649,10.3592,3.00305,5.27101,11.6657,1,7.77058,4.27058,3.35551
374,"Internal",261,758,0.00,44209.00,61.6095,34.1689,4.22164,38,82,64,37,27,10,3,0.00,0.00,0.00,,9,,0.00,0.00,0.00,11,0.00,0.00,0.00,0.00,7,0.00,10,0.00,0.00,0.00,22,7,1,0.00,0.00,10,0.00,0.00,6,0.00,0.00,0.00,,,,,,,15.5,6.5,2,43,7,0.00,31.1111,0,74,32529.89,"Downtown",1,2753.65,3,"Midtown Reno",10.6778,4.82222,4.47778,2.02222,4.82222,2.17778,29.6222,13.3778,1.37778,0.622222,944.8,1696.50,111,850.7,2658.20,0.488521,260.481,98915.62,576.778,1.25903,0.209218,0.0463054,0.591547,0.157703,41.1606,0.00,0.00,1.10392,11.67,944.8,224.2,1.55331,944.8,74,12.8714,10.1966,3.15697,5.43139,11.6023,1,8.04105,4.54105,6.72129
375,"Internal",103,171,0.00,47679.00,66.0819,7.60234,26.3158,55,37,5,3,3,0.00,0.00,0.00,0.00,0.00,,5,,0.00,0.00,0.00,0.00,0.00,0.00,0.00,0.00,53,0.00,0.00,0.00,0.00,0.00,2,6,98,0.00,0.00,0.00,2,9,22,0.00,0.00,0.00,,,,,,,0.00,98,0.6,31.4,62,0.00,39.2593,0,192,16544.01,"Downtown",1,6723.16,3,"Midtown Reno",0.00,0.00,59.5259,38.4741,37.6593,24.3407,19.0726,12.3274,0.364444,0.235556,1828.30,669.5,288,1795.10,2752.60,0.504599,0.00,96386.35,0.00,-0.362952,-0.294607,0.0407558,0.732418,0.127714,13.1546,0.00,0.00,7.91829,24.5212,1828.30,393.1,0.551373,1828.30,192,13.0029,10.734,3.37616,6.05246,11.6038,1,7.66402,4.16402,3.94119
376,"Internal",286,660,0.00,24787.00,66.2121,27.1212,6.66667,89,100,58,19,4,11,5,0.00,0.00,0.00,,10,,0.00,0.00,0.00,64,17,0.00,0.00,0.00,17,7,0.00,0.00,0.00,5,11,0.00,0.00,0.00,0.00,0.00,1,3,24,0.00,0.00,0.00,,,,,,,49,32,0.3,40.7,27,0.00,56.5657,0,149,22136.97,"Downtown",1,3689.71,3,"Midtown Reno",21.2828,27.7172,13.899,18.101,11.7273,15.2727,17.6778,23.0222,0.130303,0.169697,1520.90,1859.00,223.5,1380.60,3463.10,0.548748,99.0526,85757.23,1213.39,0.253836,0.765312,0.0174339,1.11925,0.144514,41.331,0.00,0.00,3.90188,21.5326,1520.90,343.4,1.58003,1520.90,149,12.9898,10.6423,3.35488,6.10761,11.6118,1,7.7005,4.2005,7.87067
377,"Internal",657,1403.00,0.00,56099.00,65.9301,19.4583,14.6115,279,197,80,50,26,15,10,0.00,0.00,0.00,,33,,0.00,0.00,0.00,101,0.00,0.00,0.00,0.00,0.00,0.00,0.00,0.00,0.00,0.00,6,2,0.00,117,0.00,0.00,0.00,1,0.00,0.00,0.00,0.00,,,,,,,50.5,167.5,0.00,8,1,0.00,20.9559,0,227,16201.11,"Downtown",1,2090.27,3,"Midtown Reno",39.9173,10.5827,132.399,35.1011,0.790441,0.209559,6.32353,1.67647,0.00,0.00,1965.80,4270.50,340.5,2060.80,6671.80,0.492282,27.6247,61435.42,465.015,-0.190936,0.111592,-0.035932,0.6245,0.127305,83.6391,0.00,0.00,0.127305,28.8981,1965.80,451.2,3.14099,1965.80,227,12.8988,10.6811,3.33392,5.28862,11.5437,0.705814,7.96053,4.46053,13.8388
378,"Internal",360,791,0.00,44209.00,63.9697,24.7788,11.2516,138,122,33,39,18,6,4,492,0.00,0.00,,12,,0.00,0.00,0.00,0.00,0.00,0.00,0.00,0.00,0.00,0.00,0.00,0.00,0.00,0.00,10,0.00,0.00,0.00,48,7,6,26,79,0.00,0.00,0.00,,,,,,,0.00,0.00,22.4,127.6,26,492,23.9437,0,176,21344.08,"Downtown",1,3519.55,3,"Midtown Reno",0.00,0.00,0.00,0.00,19.7746,6.22535,97.0479,30.5521,17.0366,5.36338,2748.20,2340.00,1002.00,1746.20,5088.20,0.631947,119.985,101750.86,0.00,0.384177,-0.294607,0.0525264,1.84822,0.160136,57.6491,78.7871,0.00,4.16354,28.184,2748.20,466.6,2.59897,2748.20,176,12.9138,10.2446,3.10357,5.18959,11.6341,1,7.91682,4.41682,8.22521
379,"Internal",343,547,0.00,39375.00,63.2541,12.9799,23.766,204,95,29,12,1,1,1,0.00,0.00,0.00,,17,,0.00,0.00,0.00,0.00,0.00,0.00,0.00,0.00,0.00,0.00,0.00,0.00,0.00,0.00,25,0.00,0.00,0.00,0.00,0.00,0.00,0.00,5,0.00,0.00,0.00,,,,,,,0.00,0.00,0.00,30,0.00,0.00,52.381,0,30,14138.80,"Downtown",1,713.956,3,"Midtown Reno",0.00,0.00,0.00,0.00,0.00,0.00,14.2857,15.7143,0.00,0.00,819.7,2229.50,45,774.7,3049.20,0.400615,95.1941,72566.49,0.00,0.229811,-0.294607,-0.0115086,-0.178671,0.124293,42.6326,0.00,0.00,0.00,3.7288,819.7,207.5,1.60055,819.7,30,12.6956,9.98849,3.04639,4.8225,11.488,0.995258,8.58362,5.08362,4.77393
380,"Internal",341,535,0.00,44964.00,68.0374,11.215,20.7477,220,74,28,15,2,1,1,0.00,0.00,0.00,,14,,0.00,0.00,0.00,1,0.00,0.00,0.00,0.00,0.00,0.00,0.00,0.00,0.00,0.00,8,0.00,0.00,0.00,0.00,0.00,0.00,0.00,0.00,0.00,0.00,0.00,,,,,,,0.5,0.5,0.00,8,0.00,0.00,0.00,0,9,25499.33,"Downtown",1,417.922,3,"Midtown Reno",0.5,0.00,0.5,0.00,0.00,0.00,8,0.00,0.00,0.00,695.7,2216.50,13.5,683.5,2913.50,0.366173,139.307,135290.64,23.2179,0.504498,-0.274326,0.126118,-0.480442,0.128554,43.8368,0.00,0.00,0.00,1.15698,695.7,180.6,1.64577,695.7,9,12.6294,9.74,2.69259,4.04798,11.4682,1,8.79995,5.29995,4.6026
381,"Internal",0.00,0.00,0.00,89930.00,,,,0.00,0.00,0.00,0.00,0.00,0.00,0.00,0.00,1497.00,0.00,,0.00,,0.00,0.00,0.00,0.00,0.00,0.00,0.00,0.00,0.00,0.00,261,0.00,0.00,0.00,0.00,0.00,0.00,0.00,142,6,0.00,0.00,7,0.00,0.00,0.00,,,,,,,261,0.00,58,97,0.00,1497.00,81.2808,0,416,8951.32,"Urban",1,5701.03,3,"Midtown Reno",48.8571,212.143,0.00,0.00,0.00,0.00,18.1576,78.8424,10.8571,47.1429,3896.50,0.00,2869.50,1027.00,3896.50,0.388202,0.00,53399.21,3576.85,-0.362952,2.82983,-0.0535646,-0.287434,0.111869,0.00,167.469,0.00,0.00,46.5377,3896.50,316.5,0.859616,3896.50,416,13.0089,10.3558,2.16115,3.96504,11.714,1,7.64733,4.14733,
382,"Internal",0.00,0.00,0.00,89930.00,,,,0.00,0.00,0.00,0.00,0.00,0.00,0.00,0.00,0.00,0.00,,0.00,,0.00,0.00,0.00,0.00,0.00,0.00,0.00,0.00,0.00,0.00,0.00,0.00,2,0.00,16,0.00,2,1,0.00,24,1011.00,5224.00,53,0.00,0.00,1635.00,,,,,,,0.00,3,308.1,797.9,5224.00,0.00,36.2218,0,6333,209184.63,"Downtown",1,133228.13,3,"Midtown Reno",0.00,0.00,1.91334,1.08666,3331.77,1892.23,508.886,289.014,196.501,111.599,103891.40,0.00,9499.50,94399.70,103899.20,0.166141,0.00,2185740.76,0.00,-0.362952,-0.294607,4.62512,-2.23309,0.227279,0.00,0.00,0.00,1187.31,1439.36,103891.40,22747.10,8.62341,103891.40,6333.00,13.054,11.0999,3.40513,6.24996,11.5949,1,7.52369,4.02369,
383,"Internal",0.00,0.00,0.00,89930.00,,,,0.00,0.00,0.00,0.00,0.00,0.00,0.00,0.00,0.00,0.00,,0.00,,0.00,0.00,0.00,0.00,0.00,0.00,0.00,3,645,119,0.00,0.00,0.00,3,0.00,0.00,2,13,0.00,0.00,0.00,0.00,78,0.00,0.00,0.00,,,,,,,3,15,0.00,81,764,0.00,62.0035,0,863,19268.73,"Urban",1,12272.11,3,"Midtown Reno",1.1399,1.8601,5.69948,9.30052,290.294,473.706,30.7772,50.2228,0.00,0.00,14794.40,0.00,1294.50,13538.90,14833.40,0.159307,142.203,210935.28,42.6609,0.522528,-0.257342,0.292094,-2.29297,0.109061,0.00,0.00,0.00,83.3228,94.1198,14794.40,3238.60,0.605173,14794.40,863,12.985,10.4387,2.71366,4.43611,11.6752,1,7.71372,4.21372,
384,"Internal",265,603,9,24787.00,59.204,32.0066,8.78939,104,76,37,19,19,5,5,0.00,0.00,0.00,,9,,0.00,0.00,0.00,44,0.00,0.00,0.00,0.00,2,0.00,0.00,0.00,0.00,0.00,11,2,6,0.00,0.00,0.00,2,9,24,0.00,0.00,0.00,,,,,,,22,28,0.6,38.4,11,0.00,37.037,0,100,13916.72,"Downtown",1,1831.12,3,"Midtown Reno",13.8519,8.14815,17.6296,10.3704,6.92593,4.07407,24.1778,14.2222,0.377778,0.222222,1077.60,1722.50,150,1000.40,2872.90,0.516535,0.00,52606.18,402.846,-0.362952,0.0572856,-0.0553047,0.836998,0.126685,33.5715,0.00,0.00,1.39353,12.6685,1077.60,249.4,1.2705,1077.60,100,12.8524,10.2343,3.2361,5.73582,11.5838,0.979678,8.09749,4.59749,5.7624
385,"Internal",184,374,0.00,24787.00,59.893,21.123,18.984,100,38,16,11,11,5,3,0.00,0.00,0.00,,8,,0.00,0.00,0.00,0.00,0.00,0.00,0.00,1,18,0.00,0.00,0.00,0.00,6,10,0.00,0.00,3,0.00,0.00,15,76,48,0.00,0.00,0.00,,,,,,,1,3,4.5,74.5,94,0.00,15.0538,0,177,13526.09,"Downtown",1,3672.46,3,"Midtown Reno",0.849462,0.150538,2.54839,0.451613,79.8495,14.1505,63.2849,11.2151,3.82258,0.677419,2561.80,1196.00,265.5,2304.10,3765.60,0.519753,62.245,78129.95,20.7483,0.0246404,-0.276483,0.000698436,0.865193,0.135724,24.9732,0.00,0.00,12.7581,24.0232,2561.80,574.2,1.03023,2561.80,177,12.9826,10.5957,3.33168,6.05828,11.6115,1,7.72067,4.22067,4.42471
386,"Internal",0.00,0.00,0.00,89930.00,,,,0.00,0.00,0.00,0.00,0.00,0.00,0.00,0.00,0.00,0.00,,0.00,,0.00,0.00,0.00,20,0.00,0.00,0.00,18,45,541,0.00,0.00,0.00,10,5,40,0.00,11,0.00,39,36,181,17,0.00,0.00,59,,,,,,,28,21,18.6,128.4,767,0.00,58.4646,0,963,20757.32,"Urban",1,13220.18,3,"Midtown Reno",11.6299,16.3701,8.72244,12.2776,318.577,448.423,53.3315,75.0685,7.72559,10.8744,15313.10,0.00,1444.50,13923.20,15367.70,0.170321,82.3687,210969.67,384.387,0.149948,0.0411619,0.292169,-2.19646,0.104475,0.00,0.00,0.00,80.1326,100.61,15313.10,3345.60,0.582003,15313.10,963,12.983,10.3291,2.34459,4.10366,11.6972,1,7.71957,4.21957,
387,"Internal",171,457,0.00,44924.00,59.081,32.8228,8.09628,40,54,37,15,14,9,2,0.00,0.00,0.00,,8,,0.00,0.00,0.00,0.00,0.00,0.00,0.00,0.00,0.00,0.00,0.00,0.00,0.00,0.00,6,0.00,0.00,0.00,0.00,0.00,0.00,0.00,0.00,0.00,0.00,0.00,,,,,,,0.00,0.00,0.00,6,0.00,0.00,0.00,0,6,45311.56,"Downtown",1,582.884,3,"Midtown Reno",0.00,0.00,0.00,0.00,0.00,0.00,6,0.00,0.00,0.00,358.5,1111.50,9,349.5,1470.00,0.371714,0.00,142806.68,0.00,-0.362952,-0.294607,0.142609,-0.431896,0.114645,19.6043,0.00,0.00,0.00,0.687871,358.5,92.7,0.736005,358.5,6,12.8923,10.6422,3.31219,5.1315,11.5453,1,7.97941,4.47941,3.40957
388,"Internal",196,388,0.00,44924.00,64.433,19.5876,15.9794,89,63,19,14,8,1,2,388,0.00,0.00,,12,,0.00,0.00,0.00,0.00,0.00,0.00,0.00,0.00,0.00,0.00,0.00,0.00,0.00,0.00,2,57,0.00,0.00,44,2,0.00,0.00,0.00,0.00,0.00,0.00,,,,,,,0.00,0.00,18,87,0.00,388,7.69231,0,105,18481.17,"Downtown",1,3509.95,3,"Midtown Reno",0.00,0.00,0.00,0.00,0.00,0.00,80.3077,6.69231,16.6154,1.38462,1542.40,1274.00,739.5,802.9,2816.40,0.645166,0.00,94146.94,0.00,-0.362952,-0.294607,0.0358422,1.96404,0.14587,28.5904,56.5974,0.00,0.00,15.3163,1542.40,224,1.36389,1542.40,105,12.6955,9.96535,2.93794,4.44916,11.4892,1,8.58395,5.08395,3.94232
389,"Internal",455,1181.00,0.00,33906.00,61.1346,32.5148,6.35055,128,127,88,62,23,17,10,0.00,0.00,0.00,,23,,0.00,0.00,0.00,0.00,0.00,0.00,0.00,0.00,0.00,0.00,0.00,0.00,0.00,0.00,33,0.00,0.00,0.00,0.00,0.00,0.00,0.00,0.00,0.00,0.00,0.00,,,,,,,0.00,0.00,0.00,33,0.00,0.00,39.1304,0,33,47768.80,"Downtown",1,1278.68,3,"Midtown Reno",0.00,0.00,0.00,0.00,0.00,0.00,20.087,12.913,0.00,0.00,1049.30,2957.50,49.5,999.8,4006.80,0.392763,0.00,155254.57,0.00,-0.362952,-0.294607,0.169922,-0.247469,0.117685,53.5465,0.00,0.00,0.00,3.88359,1049.30,267.1,2.0103,1049.30,33,12.9059,10.6971,3.34869,5.36233,11.5484,0.986828,7.93994,4.43994,9.4462
390,"Internal",754,2151.00,0.00,32179.00,57.0432,40.0279,2.92887,212,162,127,105,98,26,24,0.00,0.00,0.00,,35,,0.00,0.00,0.00,0.00,0.00,0.00,0.00,1,131,16,44,0.00,0.00,0.00,9,14,0.00,15,0.00,0.00,0.00,3,24,0.00,0.00,0.00,,,,,,,45,15,0.00,47,150,0.00,28.0193,0,257,25672.89,"Downtown",1,2582.84,3,"Midtown Reno",32.3913,12.6087,10.7971,4.2029,107.971,42.029,33.8309,13.1691,0.00,0.00,4680.80,4901.00,385.5,4334.30,9620.80,0.535926,30.1499,96688.84,452.249,-0.175212,0.10044,0.0414195,1.0069,0.135143,101.898,0.00,0.00,20.2714,34.7317,4680.80,1078.40,3.97277,4680.80,257,12.8878,10.2369,2.99907,4.91871,11.6163,1,7.99267,4.49267,18.288
391,"Internal",207,657,0.00,53469.00,62.7093,27.8539,9.43683,26,61,35,51,12,14,8,0.00,0.00,0.00,,11,,0.00,0.00,0.00,23,0.00,0.00,0.00,0.00,0.00,0.00,0.00,0.00,0.00,0.00,9,0.00,0.00,0.00,0.00,0.00,0.00,0.00,1,0.00,0.00,0.00,,,,,,,11.5,11.5,0.00,10,0.00,0.00,27.7778,0,33,27547.97,"Downtown",1,1282.54,3,"Midtown Reno",8.30556,3.19444,8.30556,3.19444,0.00,0.00,7.22222,2.77778,0.00,0.00,518.3,1345.50,49.5,498.7,1893.70,0.425135,0.00,73598.42,446.946,-0.362952,0.0958079,-0.00924444,0.0361724,0.117049,24.2291,0.00,0.00,0.00,3.86261,518.3,127,0.909632,518.3,33,12.8779,10.1807,2.67967,4.56604,11.6261,1,8.02176,4.52176,5.52571
392,"Internal",590,1119.00,0.00,44293.00,69.2583,19.0349,11.7069,301,170,51,32,22,11,3,0.00,0.00,0.00,,33,,0.00,0.00,0.00,5,0.00,0.00,0.00,0.00,0.00,14,9,0.00,13,11,29,0.00,1,0.00,0.00,59,0.00,1,9,0.00,0.00,0.00,,,,,,,11.5,3.5,11.8,109.2,15,0.00,41.3174,0,151,32675.25,"Downtown",1,3638.38,3,"Midtown Reno",6.7485,4.7515,2.05389,1.44611,8.8024,6.1976,64.0814,45.1186,6.92455,4.87545,2124.10,3835.00,226.5,1906.70,5968.20,0.483595,96.3809,143805.08,277.095,0.2372,-0.0525598,0.1448,0.548388,0.13906,82.0456,0.00,0.00,2.0859,20.9981,2124.10,509.2,3.09539,2124.10,151,12.6668,9.9509,3.02394,4.42249,11.482,1,8.67679,5.17679,11.7005
393,"Internal",198,403,0.00,22083.00,54.5906,15.8809,29.5285,106,31,35,11,5,9,1,0.00,0.00,0.00,,8,,0.00,5,0.00,40,0.00,0.00,0.00,0.00,14,30,0.00,0.00,8,23,52,29,6,606,0.00,213,18,95,108,21,0.00,0.00,,,,,,,25,653,48,403,139,0.00,29.9751,0,1268,45426.96,"Downtown",1,24061.57,3,"Midtown Reno",17.5062,7.49378,457.262,195.738,97.3346,41.6654,282.2,120.8,33.6119,14.3881,7535.10,1287.00,1902.00,7330.90,10519.90,0.46673,0.00,199625.63,474.4,-0.362952,0.119789,0.267279,0.400619,0.12896,25.5342,0.00,0.00,17.9255,163.522,7535.10,1549.10,1.08882,7535.10,1268.00,12.7723,10.1961,3.24416,5.2762,11.5269,1,8.34152,4.84152,17.5861
394,"Internal",395,996,0.00,38937.00,55.0201,37.3494,7.63052,144,101,49,38,39,12,12,0.00,0.00,0.00,,16,,0.00,0.00,0.00,6,0.00,0.00,0.00,0.00,0.00,18,0.00,0.00,0.00,77,86,38,14,16,2,104,1,8,45,0.00,0.00,131,,,,,,,3,33,21.9,331.1,26,0.00,50.5455,0,415,22641.26,"Downtown",1,5702.91,3,"Midtown Reno",1.48364,1.51636,16.32,16.68,12.8582,13.1418,163.744,167.356,10.8305,11.0695,3321.50,2567.50,622.5,2784.80,5974.80,0.587244,82.4517,82105.43,41.2259,0.150465,-0.258595,0.00942127,1.45654,0.147492,58.2593,0.00,0.00,3.83479,61.2091,3321.50,745.7,2.21508,3321.50,415,12.9916,10.6409,3.21857,5.87936,11.6152,1,7.69539,4.19539,13.2465
395,"Internal",198,446,0.00,53469.00,63.9013,22.87,13.2287,79,52,33,20,6,2,6,0.00,0.00,0.00,,6,,0.00,0.00,0.00,0.00,0.00,0.00,0.00,0.00,20,0.00,0.00,0.00,0.00,0.00,8,0.00,0.00,0.00,0.00,0.00,0.00,2,0.00,0.00,0.00,0.00,,,,,,,0.00,0.00,0.00,8,22,0.00,68.1159,0,30,9657.41,"Downtown",1,587.548,3,"Midtown Reno",0.00,0.00,0.00,0.00,7.01449,14.9855,2.55072,5.44928,0.00,0.00,832.4,1287.00,45,787.4,2119.40,0.492773,0.00,41508.33,0.00,-0.362952,-0.294607,-0.0796551,0.628798,0.123197,24.3929,0.00,0.00,2.71033,3.6959,832.4,198.8,0.935469,832.4,30,12.8969,10.176,2.90872,4.74237,11.6276,1,7.96605,4.46605,4.12259
396,"Internal",6,18,0.00,61487.00,61.1111,38.8889,0.00,1,2,1,1,0.00,1,0.00,196,0.00,0.00,,0.00,,0.00,0.00,0.00,143,0.00,26,0.00,8,45,16,0.00,0.00,0.00,20,3,0.00,24,28,30,0.00,15,75,71,0.00,0.00,0.00,,,,,,,105.5,123.5,16.5,122.5,136,196,72.7763,0,504,17746.09,"Downtown",1,11050.99,3,"Midtown Reno",28.721,76.779,33.6213,89.8787,37.0243,98.9757,33.3491,89.1509,4.49191,12.0081,4314.00,39,1050.00,3585.10,4674.10,0.361156,241.192,102486.94,2313.25,1.13892,1.72606,0.0541415,-0.524404,0.137817,0.8269,27.0121,0.00,18.7431,69.4596,4314.00,841.9,0.305828,4314.00,504,13.0391,10.7068,3.17892,5.80631,11.6429,1,7.56409,4.06409,10.0429
397,"Internal",110,336,0.00,61487.00,55.6548,34.2262,10.119,21,25,23,21,12,4,4,0.00,0.00,0.00,,7,,0.00,0.00,0.00,0.00,0.00,0.00,0.00,0.00,11,62,0.00,0.00,0.00,0.00,5,0.00,0.00,0.00,0.00,1,6,32,23,0.00,0.00,0.00,,,,,,,0.00,0.00,2,33,105,0.00,38.9381,0,140,15634.61,"Downtown",1,3938.07,3,"Midtown Reno",0.00,0.00,0.00,0.00,64.115,40.885,20.1504,12.8496,1.22124,0.778761,2368.50,715,210,2158.50,3083.50,0.451571,196.903,86735.89,0.00,0.863141,-0.294607,0.0195812,0.267798,0.143507,15.7858,0.00,0.00,15.0682,20.091,2368.50,527.5,0.702085,2368.50,140,13.0191,10.5151,3.01797,5.28162,11.6648,1,7.61909,4.11909,4.25434
398,"Internal",68,226,0.00,61487.00,62.3894,36.7257,0.884956,11,15,11,10,15,5,1,0.00,0.00,0.00,,8,,0.00,0.00,0.00,0.00,0.00,0.00,0.00,0.00,42,8,0.00,0.00,0.00,1,10,10,1,0.00,0.00,0.00,6,28,16,0.00,0.00,0.00,,,,,,,0.00,1,1.8,41.2,78,0.00,39.3939,0,122,11639.39,"Urban",1,3400.76,3,"Midtown Reno",0.00,0.00,0.606061,0.393939,47.2727,30.7273,24.9697,16.2303,1.09091,0.709091,1831.60,442,183,1651.20,2276.20,0.429596,0.00,63449.32,0.00,-0.362952,-0.294607,-0.0315132,0.075253,0.11702,7.95733,0.00,0.00,9.12753,14.2764,1831.60,405.9,0.365035,1831.60,122,12.9769,10.3326,2.70414,4.7475,11.6712,1,7.73655,4.23655,3.45151
399,"Internal",194,429,0.00,53469.00,53.6131,37.5291,8.85781,86,23,64,0.00,21,0.00,0.00,0.00,0.00,0.00,,0.00,,0.00,0.00,0.00,0.00,0.00,0.00,0.00,0.00,0.00,0.00,0.00,0.00,0.00,0.00,2,0.00,0.00,0.00,0.00,0.00,0.00,0.00,0.00,0.00,0.00,0.00,,,,,,,0.00,0.00,0.00,2,0.00,0.00,0.00,0,2,11037.51,"Urban",1,51.083,3,"Midtown Reno",0.00,0.00,0.00,0.00,0.00,0.00,2,0.00,0.00,0.00,379.8,1261.00,3,376.8,1640.80,0.356626,0.00,41908.50,0.00,-0.362952,-0.294607,-0.0787771,-0.564096,0.107886,20.9299,0.00,0.00,0.00,0.215772,379.8,99.4,0.785772,379.8,2,12.7829,9.92073,2.66948,4.40668,11.586,1,8.30846,4.80846,2.884
401,"Internal",274,575,45,30625.00,85.913,10.9565,3.13043,97,106,42,16,6,3,4,0.00,0.00,0.00,,24,,0.00,0.00,0.00,0.00,0.00,0.00,0.00,0.00,0.00,0.00,0.00,0.00,0.00,0.00,5,0.00,0.00,0.00,0.00,10,3,18,0.00,0.00,0.00,0.00,,,,,,,0.00,0.00,2.9,15.1,18,0.00,28.125,0,36,8535.55,"Urban",1,486.568,4,"West_NorthWest_R",0.00,0.00,0.00,0.00,12.9375,5.0625,10.8531,4.24688,2.08438,0.815625,958,1781.00,54,904,2739.00,0.467871,108.126,37019.74,0.00,0.310337,-0.294607,-0.0895037,0.410618,0.132002,36.1684,0.00,0.00,2.37603,4.75206,958,232.4,1.37513,958,36,13.0266,10.3266,4.03734,6.03307,11.63,0.87813,7.59831,4.09831,6.53129
402,"Internal",356,760,12,68598.00,81.4474,10.2632,8.28947,132,126,42,37,13,5,1,0.00,0.00,0.00,,21,,0.00,0.00,0.00,0.00,0.00,0.00,0.00,0.00,0.00,0.00,0.00,0.00,0.00,0.00,7,0.00,0.00,0.00,0.00,0.00,5,24,0.00,0.00,0.00,0.00,,,,,,,0.00,0.00,1.5,10.5,24,0.00,40,0,36,10577.44,"Urban",1,466.352,4,"West_NorthWest_R",0.00,0.00,0.00,0.00,14.4,9.6,6.3,4.2,0.9,0.6,1192.40,2314.00,54,1138.40,3506.40,0.458841,77.7253,45422.69,0.00,0.121034,-0.294607,-0.0710664,0.331494,0.1279,45.5326,0.00,0.00,3.06961,4.60442,1192.40,290.8,1.73172,1192.40,36,12.8046,9.8906,3.48972,5.24869,11.5298,0.459154,8.24208,4.74208,8.1352
403,"Internal",337,652,0.00,68598.00,73.3129,16.411,10.2761,139,128,43,13,11,0.00,3,0.00,0.00,0.00,,23,,0.00,0.00,0.00,0.00,0.00,0.00,0.00,0.00,0.00,2,0.00,0.00,6,8,15,2,0.00,2,0.00,150,3,20,31,0.00,0.00,0.00,,,,,,,0.00,2,30.9,184.1,22,0.00,31.6964,0,239,7241.26,"Urban",1,1684.74,4,"West_NorthWest_R",0.00,0.00,1.36607,0.633929,15.0268,6.97321,125.747,58.3531,21.1058,9.7942,2261.70,2190.50,358.5,1908.40,4457.40,0.568722,133.933,31420.69,0.00,0.471033,-0.294607,-0.101789,1.29426,0.148176,49.9354,0.00,0.00,3.25988,35.4141,2261.70,517.7,1.8984,2261.70,239,12.7921,9.94444,3.16471,4.63225,11.534,0.752376,8.28033,4.78033,8.36946
404,"Internal",400,937,0.00,43573.00,85.1654,10.5656,4.26894,149,112,61,37,17,20,4,0.00,0.00,0.00,,31,,0.00,0.00,0.00,2,0.00,0.00,0.00,0.00,0.00,0.00,0.00,0.00,0.00,0.00,6,2,0.00,0.00,0.00,5,0.00,2,20,0.00,0.00,0.00,,,,,,,1,1,1,32,2,0.00,26.3158,0,37,10701.43,"Urban",1,397.905,4,"West_NorthWest_R",0.736842,0.263158,0.736842,0.263158,1.47368,0.526316,23.5789,8.42105,0.736842,0.263158,988.2,2600.00,55.5,935.3,3590.80,0.407635,118.296,38616.12,10.7542,0.373663,-0.285213,-0.0860011,-0.117165,0.125782,50.3128,0.00,0.00,0.251564,4.65394,988.2,248.8,1.89072,988.2,37,12.738,9.6135,3.4593,5.38093,11.5059,0.330643,8.4487,4.9487,10.32
405,"Internal",0.00,0.00,0.00,89930.00,,,,0.00,0.00,0.00,0.00,0.00,0.00,0.00,0.00,0.00,0.00,,0.00,,0.00,0.00,0.00,1,0.00,0.00,0.00,0.00,92,18,0.00,0.00,0.00,0.00,0.00,5,11,0.00,0.00,40,22,110,25,0.00,0.00,225,,,,,,,0.5,11.5,14.6,77.4,220,0.00,15.3558,0,324,19072.21,"Urban",1,12146.95,4,"West_NorthWest_R",0.423221,0.076779,9.73408,1.76592,186.217,33.7828,65.5146,11.8854,12.3581,2.24195,4665.20,0.00,486,4209.10,4695.10,0.185595,0.00,176022.03,18.7453,-0.362952,-0.278233,0.215489,-2.06264,0.0968715,0.00,0.00,0.00,21.3117,31.3864,4665.20,1018.40,0.154787,4665.20,324,12.9178,10.2042,2.98181,4.37624,11.6006,1,7.90527,4.40527,
406,"Internal",211,525,0.00,115691.00,60.5714,21.3333,18.0952,44,93,30,28,7,5,4,0.00,0.00,0.00,,18,,0.00,0.00,0.00,6,0.00,0.00,0.00,0.00,0.00,0.00,0.00,0.00,0.00,0.00,5,2,0.00,11,0.00,0.00,0.00,3,1,0.00,0.00,0.00,,,,,,,3,14,0.00,8,3,0.00,51.8519,0,28,6261.11,"Urban",1,308.124,4,"West_NorthWest_R",1.44444,1.55556,6.74074,7.25926,1.44444,1.55556,3.85185,4.14815,0.00,0.00,552.8,1371.50,42,547.2,1960.70,0.43236,165.066,21576.36,33.0133,0.664896,-0.265769,-0.123389,0.0994731,0.13318,28.1011,0.00,0.00,0.399541,3.72905,552.8,135.9,1.0579,552.8,28,12.6568,9.63405,3.09057,4.61065,11.4748,0.00,8.70959,5.20959,4.30829
407,"Internal",472,1136.00,19,71520.00,62.6761,27.6408,9.6831,139,95,181,36,10,7,4,0.00,0.00,0.00,,32,,0.00,0.00,0.00,11,0.00,0.00,0.00,0.00,1,11,0.00,52,0.00,0.00,3,2,0.00,42,0.00,23,3,21,15,0.00,0.00,0.00,,,,,,,57.5,47.5,5.5,40.5,33,0.00,34.8315,0,184,24214.98,"Urban",1,3126.92,4,"West_NorthWest_R",37.4719,20.0281,30.9551,16.5449,21.5056,11.4944,26.3933,14.1067,3.58427,1.91573,2086.50,3068.00,276,1934.00,5278.00,0.52511,0.00,89695.00,977.162,-0.362952,0.55896,0.026074,0.912129,0.129869,61.2981,0.00,0.00,4.28567,23.8959,2086.50,479,2.33244,2086.50,184,12.7314,9.81844,2.75614,4.14389,11.5254,1,8.46932,4.96932,10.8086
408,"Internal",223,521,0.00,71520.00,69.2898,17.6583,13.0518,64,78,44,25,7,1,4,0.00,0.00,0.00,,14,,0.00,0.00,0.00,10,0.00,0.00,0.00,0.00,0.00,0.00,0.00,0.00,0.00,0.00,15,3,0.00,0.00,0.00,7,0.00,0.00,13,0.00,0.00,0.00,,,,,,,5,5,1.4,36.6,0.00,0.00,68.5714,0,48,5550.27,"Urban",1,446.727,4,"West_NorthWest_R",1.57143,3.42857,1.57143,3.42857,0.00,0.00,11.5029,25.0971,0.44,0.96,666.5,1449.50,72,607.5,2129.00,0.453897,0.00,19814.22,46.5341,-0.362952,-0.253959,-0.127255,0.288174,0.11748,26.198,0.00,0.00,0.00,5.63903,666.5,162.1,0.983551,666.5,48,12.6542,9.61712,2.66498,3.75427,11.4909,0.435096,8.71821,5.21821,5.18067
409,"Internal",169,360,0.00,71520.00,59.4444,19.4444,21.1111,64,67,10,16,6,4,2,0.00,0.00,0.00,,10,,0.00,0.00,0.00,0.00,0.00,0.00,0.00,0.00,0.00,0.00,0.00,0.00,0.00,0.00,0.00,0.00,0.00,0.00,0.00,0.00,0.00,0.00,0.00,0.00,0.00,0.00,,,,,,,0.00,0.00,0.00,0.00,0.00,0.00,45.0082,0,0,6820.32,"Urban",1,0.00,4,"West_NorthWest_R",0.00,0.00,0.00,0.00,0.00,0.00,0.00,0.00,0.00,0.00,321.1,1098.50,0.00,321.1,1419.60,0.350057,75.7814,26894.81,0.00,0.10893,-0.294607,-0.111719,-0.621652,0.113938,19.2555,0.00,0.00,0.00,0.00,321.1,84.5,0.722908,321.1,0.00,12.6983,9.67083,2.76233,3.98079,11.5137,1,8.57486,5.07486,2.67114
410,"Internal",100,240,0.00,80464.00,76.6667,15.8333,7.5,25,42,18,3,9,1,2,0.00,0.00,0.00,,7,,0.00,0.00,0.00,20,0.00,0.00,0.00,3,9,23,0.00,0.00,7,0.00,13,1,0.00,9,1,0.00,34,177,15,0.00,0.00,0.00,,,,,,,13,19,10.6,60.4,209,0.00,66.6667,0,312,16559.84,"Urban",1,7078.81,4,"West_NorthWest_R",4.33333,8.66667,6.33333,12.6667,69.6667,139.333,20.1333,40.2667,3.53333,7.06667,4591.90,650,468,4173.30,5291.30,0.355024,136.131,120051.61,294.95,0.484719,-0.0369629,0.0926811,-0.578133,0.125965,12.5965,0.00,0.00,26.3266,39.3009,4591.90,1008.10,0.664119,4591.90,312,12.6116,9.62041,2.62079,3.85415,11.4657,0.00,8.8593,5.3593,6.57968
411,"Internal",116,242,0.00,115691.00,63.6364,19.0083,17.3554,39,46,17,12,1,0.00,1,0.00,0.00,0.00,,6,,0.00,0.00,0.00,0.00,0.00,0.00,0.00,0.00,0.00,0.00,0.00,0.00,0.00,0.00,0.00,6,0.00,0.00,0.00,0.00,0.00,0.00,0.00,0.00,0.00,0.00,,,,,,,0.00,0.00,0.00,6,0.00,0.00,60,0,6,2822.27,"Urban",1,67.3517,4,"West_NorthWest_R",0.00,0.00,0.00,0.00,0.00,0.00,2.4,3.6,0.00,0.00,254,754,9,245,1008.00,0.381317,33.6758,11315.08,0.00,-0.153256,-0.294607,-0.145904,-0.347759,0.112342,13.0317,0.00,0.00,0.00,0.674052,254,65.2,0.489248,254,6,12.4188,8.97941,2.99301,4.50651,11.3679,0.00,9.53363,6.03363,1.99716
412,"Internal",168,428,0.00,115691.00,51.8692,20.5607,27.5701,33,64,33,28,5,4,1,369,0.00,0.00,,12,,0.00,0.00,0.00,0.00,0.00,0.00,0.00,0.00,0.00,0.00,0.00,0.00,0.00,0.00,0.00,0.00,0.00,0.00,42,0.00,0.00,0.00,1,0.00,0.00,0.00,,,,,,,0.00,0.00,16.8,26.2,0.00,369,45.0082,0,43,5035.26,"Urban",1,436.951,4,"West_NorthWest_R",0.00,0.00,0.00,0.00,0.00,0.00,14.4079,11.7921,9.23862,7.56138,1113.50,1092.00,618,495.5,2205.50,0.625859,0.00,22411.53,0.00,-0.362952,-0.294607,-0.121556,1.79488,0.138782,23.3153,51.2105,0.00,0.00,5.96761,1113.50,135.6,1.13819,1113.50,43,12.4685,9.17956,2.49391,3.85156,11.3988,0.00,9.35399,5.85399,3.25113
413,"Internal",266,599,0.00,115691.00,71.9533,13.3556,14.6912,49,151,37,15,7,7,0.00,0.00,0.00,0.00,,21,,0.00,0.00,0.00,0.00,0.00,0.00,0.00,0.00,0.00,0.00,0.00,0.00,0.00,0.00,3,2,0.00,0.00,0.00,0.00,0.00,0.00,0.00,0.00,0.00,0.00,,,,,,,0.00,0.00,0.00,5,0.00,0.00,77.2727,0,5,1757.02,"Suburban",1,14.4766,4,"West_NorthWest_R",0.00,0.00,0.00,0.00,0.00,0.00,1.13636,3.86364,0.00,0.00,533.4,1729.00,7.5,525.9,2262.40,0.361903,31.8485,6550.36,0.00,-0.164635,-0.294607,-0.156358,-0.517854,0.109804,29.2079,0.00,0.00,0.00,0.549022,533.4,139,1.09655,533.4,5,12.6414,9.36949,3.35473,4.93103,11.4649,0.377525,8.76019,5.26019,5.45723
414,"Internal",227,623,13,77446.00,62.2793,19.7432,17.9775,37,92,33,35,18,11,1,0.00,0.00,0.00,,15,,6,0.00,0.00,3,0.00,0.00,0.00,0.00,0.00,0.00,3,0.00,0.00,0.00,0.00,0.00,0.00,0.00,0.00,1,0.00,0.00,0.00,0.00,0.00,0.00,,,,,,,10.5,1.5,0.2,0.8,0.00,0.00,33.3333,0,13,5003.89,"Urban",1,101.103,4,"West_NorthWest_R",7,3.5,1,0.5,0.00,0.00,0.533333,0.266667,0.133333,0.0666667,472.9,1475.50,19.5,457.3,1952.30,0.373837,0.00,15183.28,81.6598,-0.362952,-0.223276,-0.137416,-0.413291,0.108397,24.606,0.00,0.00,0.00,1.40915,472.9,120.7,0.923784,472.9,13,12.6301,9.57741,2.578,3.75088,11.4808,0.921711,8.79755,5.29755,4.97484
415,"Internal",171,407,0.00,77446.00,66.3391,16.7076,16.9533,42,71,24,22,10,1,1,316,0.00,0.00,,12,,0.00,0.00,0.00,7,0.00,0.00,0.00,0.00,0.00,0.00,0.00,0.00,0.00,0.00,5,0.00,0.00,0.00,46,9,0.00,0.00,6,0.00,0.00,0.00,,,,,,,3.5,3.5,20.2,45.8,0.00,316,13.3333,0,73,6780.72,"Suburban",1,948.954,4,"West_NorthWest_R",3.03333,0.466667,3.03333,0.466667,0.00,0.00,39.6933,6.10667,17.5067,2.69333,1189.50,1111.50,583.5,615.1,2310.10,0.633799,0.00,30029.86,45.4978,-0.362952,-0.254864,-0.104841,1.86445,0.140303,23.9917,44.3356,0.00,0.00,10.2421,1189.50,168.2,1.1283,1189.50,73,12.5643,9.40845,2.51028,3.30865,11.4516,0.997406,9.01912,5.51912,3.95217
416,"Internal",182,460,0.00,80464.00,66.087,16.3043,17.6087,36,72,45,12,8,6,3,0.00,0.00,0.00,,14,,0.00,0.00,0.00,9,0.00,0.00,0.00,0.00,0.00,0.00,0.00,0.00,0.00,0.00,0.00,2,0.00,0.00,0.00,0.00,0.00,0.00,0.00,0.00,0.00,0.00,,,,,,,4.5,4.5,0.00,2,0.00,0.00,50,0,11,5251.78,"Urban",1,121.041,4,"West_NorthWest_R",2.25,2.25,2.25,2.25,0.00,0.00,1,1,0.00,0.00,384,1183.00,16.5,379.2,1578.70,0.380669,154.053,17371.64,49.5169,0.596315,-0.251353,-0.132615,-0.35343,0.125274,22.7998,0.00,0.00,0.00,1.37801,384,97.9,0.855974,384,11,12.4748,9.42491,2.42253,3.26793,11.399,0.00,9.33153,5.83153,3.92231
417,"Internal",379,973,13,77446.00,62.3844,20.0411,17.5745,88,122,91,38,28,8,4,290,0.00,0.00,,32,,0.00,0.00,0.00,11,0.00,0.00,0.00,0.00,0.00,0.00,0.00,0.00,0.00,0.00,0.00,0.00,0.00,0.00,0.00,15,0.00,0.00,2,0.00,0.00,0.00,,,,,,,5.5,5.5,3,14,0.00,290,20,0,28,6161.34,"Suburban",1,169.64,4,"West_NorthWest_R",4.4,1.1,4.4,1.1,0.00,0.00,11.2,2.8,2.4,0.6,1283.30,2463.50,477,820.6,3761.10,0.507295,24.2343,22786.89,33.3221,-0.212048,-0.265499,-0.120733,0.756039,0.126566,47.9686,36.7042,0.00,0.00,3.54386,1283.30,215.4,1.98929,1283.30,28,12.459,9.30156,2.46064,2.94734,11.3933,0.0369777,9.38796,5.88796,7.81677
418,"Internal",311,450,0.00,24313.00,39.1111,43.7778,17.1111,207,69,35,0.00,0.00,0.00,0.00,0.00,0.00,0.00,,18,,0.00,0.00,0.00,0.00,0.00,0.00,0.00,0.00,11,0.00,0.00,0.00,0.00,0.00,0.00,0.00,0.00,0.00,0.00,0.00,0.00,0.00,26,0.00,0.00,0.00,,,,,,,0.00,0.00,0.00,26,11,0.00,47.9167,0,37,2344.40,"Urban",1,170.722,4,"West_NorthWest_R",0.00,0.00,0.00,0.00,5.72917,5.27083,13.5417,12.4583,0.00,0.00,942.2,2021.50,55.5,886.7,2963.70,0.444894,0.00,13674.81,0.00,-0.362952,-0.294607,-0.140726,0.209299,0.11613,36.1166,0.00,0.00,1.27743,4.29682,942.2,231.8,1.3652,942.2,37,12.4993,9.3044,2.20828,3.86403,11.4095,0.604106,9.24471,5.74471,2.61263
419,"Internal",477,825,0.00,63750.00,75.6364,6.78788,17.5758,271,115,56,23,9,2,1,0.00,0.00,0.00,,29,,0.00,6,0.00,26,0.00,16,10,3,6,8,0.00,0.00,0.00,0.00,33,0.00,0.00,0.00,0.00,0.00,1,8,17,0.00,0.00,0.00,,,,,,,48,13,0.3,50.7,22,0.00,45.7364,0,134,4584.19,"Urban",1,593.282,4,"West_NorthWest_R",26.0465,21.9535,7.05426,5.94574,11.938,10.062,27.5116,23.1884,0.162791,0.137209,1786.30,3100.50,201,1619.10,4920.60,0.493027,0.00,21785.84,212.519,-0.362952,-0.108968,-0.122929,0.631026,0.122139,58.2602,0.00,0.00,2.68705,16.3666,1786.30,420.4,2.20678,1786.30,134,12.2966,8.92086,2.37677,3.51936,11.3151,0.95059,9.99365,6.49365,9.20747
420,"Internal",427,1042.00,59,80464.00,66.6987,14.1075,19.1939,139,127,72,41,23,21,4,0.00,0.00,0.00,,33,,0.00,0.00,0.00,0.00,0.00,0.00,0.00,0.00,0.00,0.00,0.00,0.00,0.00,0.00,0.00,0.00,0.00,34,0.00,48,0.00,2,1,0.00,0.00,0.00,,,,,,,0.00,34,9.6,39.4,2,0.00,37.3333,0,85,5682.09,"Suburban",1,410.884,4,"West_NorthWest_R",0.00,0.00,21.3067,12.6933,1.25333,0.746667,24.6907,14.7093,6.016,3.584,1225.10,2775.50,127.5,1186.00,4089.00,0.454169,82.1767,19765.92,0.00,0.148753,-0.294607,-0.127361,0.29056,0.126366,53.9585,0.00,0.00,0.252733,10.7412,1225.10,297.5,2.0276,1225.10,85,12.3601,8.98616,2.17012,3.1801,11.342,0.00,9.75153,6.25153,9.53787
421,"Internal",195,428,0.00,85556.00,64.9533,21.2617,13.785,52,82,38,17,6,0.00,0.00,0.00,0.00,0.00,,14,,0.00,0.00,0.00,5,0.00,0.00,0.00,0.00,0.00,0.00,0.00,0.00,0.00,0.00,0.00,6,0.00,0.00,0.00,0.00,0.00,0.00,0.00,0.00,0.00,0.00,,,,,,,2.5,2.5,0.00,6,0.00,0.00,60,0,11,5345.54,"Suburban",1,132.057,4,"West_NorthWest_R",1,1.5,1,1.5,0.00,0.00,2.4,3.6,0.00,0.00,419.1,1267.50,16.5,409.1,1693.10,0.381079,0.00,20325.90,30.0128,-0.362952,-0.26839,-0.126133,-0.349841,0.109428,21.3384,0.00,0.00,0.00,1.20371,419.1,107.2,0.801109,419.1,11,12.3511,8.94266,2.00799,2.64448,11.3349,0.00,9.78529,6.28529,3.60519
422,"Internal",392,851,0.00,46713.00,70.7403,22.6792,6.58049,155,109,72,30,17,6,3,0.00,0.00,0.00,,31,,0.00,0.00,0.00,0.00,0.00,0.00,0.00,0.00,0.00,0.00,0.00,0.00,0.00,0.00,17,0.00,0.00,0.00,0.00,0.00,0.00,0.00,6,0.00,0.00,0.00,,,,,,,0.00,0.00,0.00,23,0.00,0.00,23.0769,0,23,10264.82,"Urban",1,266.134,4,"West_NorthWest_R",0.00,0.00,0.00,0.00,0.00,0.00,17.6923,5.30769,0.00,0.00,873.6,2548.00,34.5,839.1,3421.60,0.385208,0.00,39591.46,0.00,-0.362952,-0.294607,-0.083861,-0.313663,0.110842,43.4501,0.00,0.00,0.00,2.54937,873.6,223.6,1.63125,873.6,23,12.1861,8.93179,2.45776,3.2621,11.2548,0.991926,10.4321,6.93213,7.70414
423,"Internal",85,231,7,43292.00,56.71,23.3766,19.9134,12,28,27,12,3,2,1,1029.00,0.00,0.00,,6,,0.00,0.00,0.00,8,0.00,0.00,0.00,0.00,0.00,0.00,0.00,0.00,0.00,0.00,0.00,0.00,0.00,0.00,122,0.00,7,32,0.00,0.00,0.00,0.00,,,,,,,4,4,50.9,78.1,32,1029.00,45.0082,0,169,6901.99,"Suburban",1,2350.02,4,"West_NorthWest_R",2.19967,1.80033,2.19967,1.80033,17.5974,14.4026,42.9486,35.1514,27.9908,22.9092,3049.80,552.5,1797.00,1263.20,3612.70,0.606934,0.00,50236.29,55.6219,-0.362952,-0.24602,-0.0605046,1.62906,0.137993,11.7294,141.994,0.00,4.41576,23.3208,3049.80,332.5,1.20128,3049.80,169,12.3417,9.20079,2.44773,1.84465,11.3217,0.00,9.82087,6.32087,3.43579
424,"Internal",629,1577.00,0.00,95607.00,60.8751,19.9112,19.2137,166,204,133,62,41,10,13,0.00,0.00,0.00,,50,,0.00,0.00,0.00,13,0.00,0.00,0.00,0.00,0.00,0.00,0.00,0.00,0.00,0.00,3,0.00,0.00,2,9,0.00,0.00,0.00,1,0.00,0.00,0.00,,,,,,,6.5,8.5,3.6,9.4,0.00,0.00,43.75,0,28,6857.17,"Suburban",1,118.449,4,"West_NorthWest_R",3.65625,2.84375,4.78125,3.71875,0.00,0.00,5.2875,4.1125,2.025,1.575,1312.90,4088.50,42,1293.00,5423.50,0.374814,0.00,22943.06,27.497,-0.362952,-0.270588,-0.12039,-0.404734,0.108886,68.4893,0.00,0.00,0.00,3.04881,1312.90,337.6,2.5713,1312.90,28,12.329,9.03632,2.28846,2.0603,11.3274,0.801603,9.86907,6.36907,12.2814
425,"Internal",345,920,1,85556.00,62.8261,19.2391,17.9348,46,142,72,60,18,5,2,0.00,0.00,0.00,,25,,0.00,0.00,0.00,1,0.00,0.00,0.00,0.00,0.00,0.00,0.00,0.00,0.00,0.00,0.00,1,0.00,0.00,0.00,0.00,0.00,0.00,13,0.00,0.00,0.00,,,,,,,0.5,0.5,0.00,14,0.00,0.00,42.8571,0,15,7184.94,"Suburban",1,114.222,4,"West_NorthWest_R",0.285714,0.214286,0.285714,0.214286,0.00,0.00,8,6,0.00,0.00,736.9,2242.50,22.5,715.7,2980.70,0.376274,30.4591,22697.38,3.80739,-0.173286,-0.291281,-0.120929,-0.391941,0.112046,38.656,0.00,0.00,0.00,1.68069,736.9,189.8,1.45126,736.9,15,12.336,9.22344,2.24332,1.78386,11.3167,0.00,9.84239,6.34239,7.37117
426,"Internal",234,529,19,85556.00,58.4121,21.7391,19.8488,63,104,33,19,9,4,2,0.00,0.00,0.00,,23,,0.00,0.00,0.00,11,0.00,0.00,0.00,0.00,0.00,0.00,0.00,0.00,0.00,0.00,6,0.00,0.00,0.00,0.00,7,0.00,0.00,1,0.00,0.00,0.00,,,,,,,5.5,5.5,1.4,12.6,0.00,0.00,18.1818,0,25,2798.36,"Suburban",1,123.112,4,"West_NorthWest_R",4.5,1,4.5,1,0.00,0.00,10.3091,2.29091,1.14545,0.254545,556,1521.00,37.5,532.8,2091.30,0.405807,0.00,10298.60,27.0847,-0.362952,-0.270948,-0.148134,-0.133176,0.111605,26.1155,0.00,0.00,0.00,2.79012,556,139.3,0.980454,556,25,12.2036,8.84879,2.25613,1.71137,11.2375,0.00,10.3612,6.86125,4.04746
427,"Internal",267,461,0.00,49545.00,51.41,26.898,21.692,167,45,30,18,2,3,2,0.00,0.00,0.00,,20,,0.00,0.00,0.00,0.00,0.00,0.00,0.00,0.00,0.00,0.00,0.00,0.00,0.00,0.00,11,0.00,0.00,0.00,0.00,25,0.00,0.00,2,0.00,0.00,0.00,,,,,,,0.00,0.00,5,33,0.00,0.00,20,0,38,15518.92,"Urban",1,1132.63,4,"West_NorthWest_R",0.00,0.00,0.00,0.00,0.00,0.00,26.4,6.6,4,1,720.1,1735.50,57,663.1,2455.60,0.427044,0.00,73191.57,0.00,-0.362952,-0.294607,-0.0101371,0.0528924,0.117245,31.3044,0.00,0.00,0.00,4.45531,720.1,179.1,1.17526,720.1,38,12.2436,9.03933,2.4937,3.8099,11.2794,1,10.2011,6.70115,3.26455
428,"Internal",143,344,0.00,71250.00,66.5698,17.4419,15.9884,40,37,39,22,5,0.00,0.00,0.00,0.00,0.00,,10,,0.00,0.00,0.00,0.00,0.00,0.00,0.00,0.00,0.00,0.00,0.00,0.00,0.00,0.00,0.00,2,0.00,0.00,0.00,0.00,2,11,8,0.00,0.00,0.00,,,,,,,0.00,0.00,0.6,11.4,11,0.00,43.0894,0,23,3626.57,"Urban",1,219.438,4,"West_NorthWest_R",0.00,0.00,0.00,0.00,6.26016,4.73984,6.4878,4.9122,0.341463,0.258537,544.6,929.5,34.5,510.1,1474.10,0.482109,28.6223,14064.04,0.00,-0.184724,-0.294607,-0.139872,0.535363,0.12352,17.6634,0.00,0.00,1.35872,2.84097,544.6,131,0.673006,544.6,23,12.3254,9.14348,2.43846,3.68982,11.3181,1,9.88269,6.38269,3.08575
429,"Internal",613,1503.00,0.00,64841.00,63.0739,21.4238,15.5023,132,248,117,73,29,11,3,471,0.00,0.00,,54,,0.00,0.00,0.00,0.00,0.00,0.00,0.00,0.00,0.00,0.00,0.00,0.00,0.00,2,5,3,0.00,0.00,62,0.00,1,3,9,0.00,0.00,0.00,,,,,,,0.00,0.00,25.1,56.9,3,471,27.3453,0,85,5794.77,"Urban",1,300.989,4,"West_NorthWest_R",0.00,0.00,0.00,0.00,2.17964,0.820359,41.3405,15.5595,18.2363,6.86367,2386.50,3984.50,834,1552.50,6371.00,0.532342,10.6231,22559.97,0.00,-0.296803,-0.294607,-0.121231,0.975501,0.128101,78.5259,60.3356,0.00,0.384303,10.8886,2386.50,417.2,3.26059,2386.50,85,12.2593,8.85303,2.52121,2.84602,11.3014,0.977691,10.1392,6.63921,12.6102
430,"Internal",472,993,0.00,49545.00,75.2266,15.1057,9.66767,191,152,59,41,19,8,2,0.00,0.00,0.00,,35,,0.00,0.00,0.00,1,0.00,0.00,0.00,8,0.00,0.00,0.00,0.00,0.00,0.00,10,0.00,0.00,55,0.00,0.00,0.00,0.00,0.00,0.00,0.00,0.00,,,,,,,8.5,55.5,0.00,10,0.00,0.00,52.5424,0,74,18051.91,"Urban",1,1204.34,4,"West_NorthWest_R",4.0339,4.4661,26.339,29.161,0.00,0.00,4.74576,5.25424,0.00,0.00,1144.80,3068.00,111,1178.10,4357.10,0.430432,0.00,70911.25,138.336,-0.362952,-0.173768,-0.0151405,0.0825798,0.117511,55.4652,0.00,0.00,0.00,8.69582,1144.80,280,2.08233,1144.80,74,12.3528,9.27452,2.41343,3.50574,11.3373,1,9.77886,6.27886,10.1194
431,"Internal",605,1435.00,0.00,46713.00,76.5157,17.4216,6.06272,119,305,80,63,25,2,11,0.00,0.00,0.00,,44,,0.00,0.00,0.00,5,0.00,0.00,5,0.00,0.00,0.00,0.00,0.00,0.00,0.00,18,31,0.00,0.00,0.00,77,7,39,0.00,0.00,0.00,0.00,,,,,,,7.5,2.5,17.5,115.5,39,0.00,71.7949,0,182,16065.57,"Urban",1,1699.21,4,"West_NorthWest_R",2.11538,5.38462,0.705128,1.79487,11,28,32.5769,82.9231,4.9359,12.5641,2653.60,3932.50,273,2387.10,6592.60,0.511363,130.708,61550.57,70.0223,0.450953,-0.233441,-0.0356793,0.791682,0.141843,85.8148,0.00,0.00,5.53186,25.8154,2653.60,627,3.26192,2653.60,182,12.2618,9.04549,2.41201,3.50181,11.2991,1,10.1291,6.62914,15.9122
432,"Internal",233,522,0.00,71250.00,63.9847,18.7739,17.2414,77,63,62,23,7,1,0.00,0.00,0.00,0.00,,19,,0.00,0.00,0.00,0.00,0.00,0.00,0.00,0.00,0.00,0.00,0.00,0.00,0.00,0.00,7,0.00,0.00,0.00,0.00,0.00,6,32,0.00,0.00,0.00,0.00,,,,,,,0.00,0.00,1.8,11.2,32,0.00,45.0082,0,45,14414.63,"Urban",1,1094.49,4,"West_NorthWest_R",0.00,0.00,0.00,0.00,17.5974,14.4026,6.15908,5.04092,0.989852,0.810148,1113.90,1514.50,67.5,1046.40,2628.40,0.508833,0.00,63928.20,0.00,-0.362952,-0.294607,-0.0304624,0.769518,0.126387,29.4482,0.00,0.00,4.04439,5.68742,1113.90,263.3,1.13495,1113.90,45,12.4432,9.2987,2.08365,3.5283,11.3788,1,9.44491,5.94491,4.6368
433,"Internal",262,653,0.00,43292.00,56.8147,26.6462,16.5391,69,86,58,26,10,7,6,0.00,0.00,0.00,,20,,0.00,0.00,0.00,0.00,0.00,0.00,0.00,0.00,0.00,0.00,0.00,0.00,1,0.00,0.00,0.00,0.00,3,0.00,0.00,0.00,0.00,0.00,0.00,0.00,0.00,,,,,,,0.00,3,0.00,1,0.00,0.00,28.5714,0,4,6675.89,"Urban",1,40.5041,4,"West_NorthWest_R",0.00,0.00,2.14286,0.857143,0.00,0.00,0.714286,0.285714,0.00,0.00,512.4,1703.00,6,514.2,2223.20,0.359723,40.5041,22512.18,0.00,-0.110738,-0.294607,-0.121336,-0.536961,0.111229,29.142,0.00,0.00,0.00,0.444916,512.4,133.7,1.09408,512.4,4,12.3088,9.11173,2.39904,1.84957,11.2825,0.230638,9.94658,6.44658,4.66676
434,"Internal",58,161,58,71250.00,60.8696,24.8447,14.2857,10,18,15,10,2,1,2,0.00,0.00,0.00,,4,,0.00,0.00,0.00,0.00,0.00,0.00,0.00,0.00,0.00,2,0.00,0.00,0.00,0.00,0.00,0.00,0.00,0.00,0.00,47,0.00,1,0.00,0.00,0.00,0.00,,,,,,,0.00,0.00,9.4,37.6,3,0.00,21.875,0,50,5541.32,"Urban",1,1156.82,4,"West_NorthWest_R",0.00,0.00,0.00,0.00,2.34375,0.65625,29.375,8.225,7.34375,2.05625,429.5,377,75,354.5,806.5,0.579633,161.955,18659.53,0.00,0.645522,-0.294607,-0.129789,1.38986,0.152483,8.84402,0.00,0.00,0.457449,7.62415,429.5,97.7,0.335353,429.5,50,12.3674,9.27166,2.24765,3.40667,11.3438,1,9.7239,6.2239,1.63918
435,"Internal",28,63,0.00,71250.00,63.4921,19.0476,17.4603,9,8,7,3,1,0.00,0.00,0.00,0.00,0.00,,2,,0.00,0.00,0.00,33,0.00,0.00,0.00,0.00,0.00,11,0.00,0.00,0.00,21,22,7,0.00,0.00,16,84,9,45,51,0.00,0.00,0.00,,,,,,,16.5,16.5,25.9,184.1,56,0.00,45.0082,0,299,6385.31,"Urban",1,3585.59,4,"West_NorthWest_R",9.07365,7.42635,9.07365,7.42635,30.7954,25.2046,101.24,82.8601,14.2429,11.6571,2375.40,182,448.5,1969.80,2600.30,0.391503,0.00,31182.62,197.867,-0.362952,-0.121767,-0.102311,-0.258506,0.111102,3.11086,0.00,0.00,6.22172,33.2196,2375.40,512.1,0.161979,2375.40,299,12.449,9.30511,2.04789,2.92611,11.3878,1,9.42427,5.92427,3.5042
436,"Internal",0.00,0.00,0.00,89930.00,,,,0.00,0.00,0.00,0.00,0.00,0.00,0.00,0.00,0.00,0.00,,0.00,,0.00,0.00,0.00,0.00,0.00,0.00,0.00,0.00,10,2,0.00,0.00,0.00,0.00,0.00,0.00,0.00,0.00,0.00,0.00,17,86,13,0.00,0.00,0.00,,,,,,,0.00,0.00,5.1,24.9,98,0.00,45.0082,0,128,3440.44,"Urban",1,2191.19,4,"West_NorthWest_R",0.00,0.00,0.00,0.00,53.892,44.108,13.693,11.207,2.80458,2.29542,2000.60,0.00,192,1808.60,2000.60,0.173521,68.4748,34247.66,0.00,0.0634324,-0.294607,-0.0955861,-2.16842,0.0953917,0.00,0.00,0.00,9.34838,12.2101,2000.60,437.8,0.0678973,2000.60,128,12.5469,9.60568,2.44314,3.42807,11.4172,0.982861,9.07893,5.57893,
437,"Internal",926,2342.00,0.00,97333.00,65.5423,18.7447,15.7131,237,313,183,94,55,29,15,0.00,0.00,0.00,,70,,0.00,0.00,0.00,23,0.00,0.00,0.00,0.00,0.00,17,0.00,0.00,0.00,0.00,10,23,0.00,8,10,29,8,40,18,0.00,0.00,0.00,,,,,,,11.5,19.5,12.2,85.8,57,0.00,31.2865,0,186,6050.02,"Suburban",1,427.216,4,"West_NorthWest_R",7.90205,3.59795,13.3991,6.10088,39.1667,17.8333,58.9561,26.8439,8.38304,3.81696,3467.10,6019.00,279,3238.80,9536.80,0.485478,6.89057,21904.68,26.4139,-0.320045,-0.271534,-0.122669,0.564887,0.121997,112.969,0.00,0.00,6.9538,22.6914,3467.10,829.8,4.29169,3467.10,186,12.2106,8.88676,1.84252,0.868357,11.2403,0.000464325,10.333,6.83302,20.7165
438,"Internal",469,936,0.00,43292.00,50.2137,30.1282,19.6581,230,109,60,45,22,3,0.00,0.00,0.00,0.00,,31,,0.00,0.00,0.00,0.00,0.00,0.00,0.00,0.00,0.00,0.00,0.00,0.00,0.00,0.00,9,0.00,0.00,0.00,0.00,0.00,0.00,0.00,1,0.00,0.00,0.00,,,,,,,0.00,0.00,0.00,10,0.00,0.00,35.2273,0,10,15861.14,"Urban",1,166.661,4,"West_NorthWest_R",0.00,0.00,0.00,0.00,0.00,0.00,6.47727,3.52273,0.00,0.00,947.1,3048.50,15,932.1,3995.60,0.363451,0.00,66591.05,0.00,-0.362952,-0.294607,-0.0246197,-0.504293,0.109844,51.517,0.00,0.00,0.00,1.09844,947.1,246.5,1.9341,947.1,10,12.4106,9.52811,2.19407,2.47443,11.3285,0.990164,9.56386,6.06386,5.95669
439,"Internal",0.00,0.00,0.00,89930.00,,,,0.00,0.00,0.00,0.00,0.00,0.00,0.00,0.00,0.00,0.00,,0.00,,0.00,5,0.00,6,0.00,8,0.00,0.00,129,91,0.00,0.00,0.00,28,1,18,0.00,10,0.00,7,47,241,37,0.00,0.00,0.00,,,,,,,16,13,15.5,122.5,461,0.00,45.0082,0,628,15624.88,"Downtown",1,9951.37,4,"West_NorthWest_R",8.79869,7.20131,7.14893,5.85107,253.512,207.488,67.365,55.135,8.52373,6.97627,9480.50,0.00,942,8572.30,9514.30,0.178412,63.3845,150764.83,253.538,0.0317359,-0.0731372,0.160071,-2.12557,0.100696,0.00,0.00,0.00,46.4209,63.2372,9480.50,2070.20,0.337155,9480.50,628,12.51,9.93403,2.13534,2.69244,11.3693,1,9.20719,5.70719,
441,"Internal",249,683,0.00,129643.00,60.4685,29.429,10.1025,27,117,33,44,23,3,2,0.00,0.00,0.00,,20,,0.00,0.00,0.00,0.00,0.00,0.00,0.00,0.00,0.00,0.00,0.00,0.00,0.00,1,0.00,1,0.00,0.00,0.00,0.00,0.00,0.00,0.00,0.00,0.00,0.00,,,,,,,0.00,0.00,0.00,2,0.00,0.00,75,0,2,4611.34,"Suburban",1,13.4414,4,"West_NorthWest_R",0.00,0.00,0.00,0.00,0.00,0.00,0.5,1.5,0.00,0.00,484.3,1618.50,3,481.3,2102.80,0.35519,0.00,14132.28,0.00,-0.362952,-0.294607,-0.139722,-0.576677,0.106373,26.4868,0.00,0.00,0.00,0.212746,484.3,126.9,0.994394,484.3,2,12.0217,8.44248,1.89049,1.64882,11.1584,0.00,11.1262,7.62618,5.17613
458,"Internal",0.00,0.00,0.00,89930.00,,,,0.00,0.00,0.00,0.00,0.00,0.00,0.00,0.00,0.00,0.00,,0.00,,0.00,0.00,0.00,0.00,0.00,0.00,0.00,0.00,24,1,0.00,0.00,0.00,0.00,0.00,0.00,0.00,0.00,0.00,0.00,14,75,17,0.00,0.00,0.00,,,,,,,0.00,0.00,4.2,26.8,100,0.00,25,0,131,19898.93,"Downtown",1,12673.48,4,"West_NorthWest_R",0.00,0.00,0.00,0.00,75,25,20.1,6.7,3.15,1.05,2043.60,0.00,196.5,1847.10,2043.60,0.173817,870.697,197706.25,0.00,5.05877,-0.294607,0.263067,-2.16584,0.204659,0.00,0.00,0.00,20.4659,26.8104,2043.60,447.2,0.148644,2043.60,131,12.9804,10.6852,3.1725,6.73539,11.6134,1,7.72688,4.22688,
501,"Internal",83,282,0.00,73646.00,54.9645,36.5248,8.51064,11,18,20,9,14,8,3,489,0.00,0.00,,5,,0.00,0.00,0.00,0.00,0.00,0.00,0.00,0.00,0.00,0.00,0.00,0.00,0.00,0.00,0.00,3,0.00,0.00,68,518,0.00,1,3,0.00,0.00,0.00,,,,,,,0.00,0.00,130.8,461.2,1,489,20.0658,0,593,25307.06,"Downtown",1,12371.03,5,"Sparks-D'Andrea",0.00,0.00,0.00,0.00,0.799342,0.200658,368.657,92.5434,104.554,26.2461,4225.10,539.5,1623.00,2602.10,4764.60,0.572885,62.5853,99397.98,0.00,0.0267593,-0.294607,0.0473638,1.33073,0.144131,11.9628,70.4799,0.00,0.144131,85.4695,4225.10,756,0.811941,4225.10,593,12.5894,9.47685,2.58922,5.6378,11.5234,1,8.93381,5.43381,7.3831
502,"Internal",397,1231.00,0.00,73646.00,56.7831,36.1495,7.06743,95,76,64,70,57,18,17,0.00,0.00,0.00,,34,,0.00,0.00,0.00,0.00,0.00,0.00,0.00,0.00,0.00,91,0.00,0.00,0.00,0.00,10,0.00,0.00,0.00,0.00,0.00,8,45,0.00,0.00,0.00,0.00,,,,,,,0.00,0.00,2.4,15.6,136,0.00,12.5,0,154,15378.52,"Urban",1,1608.02,5,"Sparks-D'Andrea",0.00,0.00,0.00,0.00,119,17,13.65,1.95,2.1,0.3,3398.30,2580.50,231,3167.30,5978.80,0.531581,62.6502,62428.83,0.00,0.0271634,-0.294607,-0.0337523,0.968829,0.13636,54.1349,0.00,0.00,18.545,20.9994,3398.30,777.7,2.16708,3398.30,154,12.6411,9.46661,2.62547,4.41923,11.5471,1,8.7613,5.2613,9.993
503,"Internal",14,46,0.00,73646.00,60.8696,32.6087,6.52174,2,4,3,1,2,1,1,0.00,0.00,0.00,,0.00,,0.00,0.00,0.00,0.00,0.00,0.00,0.00,0.00,0.00,0.00,0.00,0.00,0.00,0.00,0.00,0.00,0.00,0.00,0.00,0.00,2,9,10,0.00,0.00,0.00,,,,,,,0.00,0.00,0.6,11.4,9,0.00,50,0,21,8089.29,"Downtown",1,2151.06,5,"Sparks-D'Andrea",0.00,0.00,0.00,0.00,4.5,4.5,5.7,5.7,0.3,0.3,262.1,91,31.5,230.6,353.1,0.499119,307.295,36168.59,0.00,1.55053,-0.294607,-0.0913713,0.684407,0.16128,2.25791,0.00,0.00,1.45152,3.38687,262.1,58.3,0.0953112,262.1,21,12.9627,10.0525,2.39839,5.75191,11.6978,1,7.77661,4.27661,0.631288
504,"Internal",338,681,45,23239.00,45.0808,15.4185,39.5007,188,65,28,27,14,11,5,480,0.00,0.00,,22,,0.00,0.00,0.00,0.00,0.00,0.00,0.00,0.00,5,0.00,0.00,0.00,0.00,0.00,17,0.00,0.00,0.00,54,11,0.00,0.00,15,0.00,0.00,0.00,,,,,,,0.00,0.00,23.8,73.2,5,480,20,0,102,5447.72,"Urban",1,660.602,5,"Sparks-D'Andrea",0.00,0.00,0.00,0.00,4,1,58.56,14.64,19.04,4.76,1998.90,2197.00,873,1125.90,4195.90,0.610544,25.906,27174.71,0.00,-0.201638,-0.294607,-0.111105,1.66069,0.140178,47.3803,67.2856,0.00,0.700891,14.2982,1998.90,305.9,2.12926,1998.90,102,12.644,9.62291,2.66811,4.91596,11.5429,0.79462,8.75164,5.25164,4.76679
505,"Internal",92,339,0.00,23239.00,53.6873,43.3628,2.94985,6,11,29,19,17,7,3,0.00,0.00,0.00,,7,,0.00,0.00,0.00,0.00,0.00,0.00,0.00,0.00,0.00,0.00,0.00,0.00,17,0.00,0.00,0.00,0.00,0.00,0.00,0.00,0.00,1,0.00,0.00,0.00,0.00,,,,,,,0.00,0.00,0.00,17,1,0.00,6.25,0,18,10753.07,"Downtown",1,527.022,5,"Sparks-D'Andrea",0.00,0.00,0.00,0.00,0.9375,0.0625,15.9375,1.0625,0.00,0.00,288.7,598,27,261.7,886.7,0.457136,0.00,25961.69,0.00,-0.362952,-0.294607,-0.113767,0.316555,0.118179,10.8724,0.00,0.00,0.118179,2.12722,288.7,70.5,0.409043,288.7,18,12.63,9.49614,2.65213,5.28002,11.5451,0.234278,8.79771,5.29771,2.4049
506,"Internal",267,694,0.00,49073.00,57.0605,36.3112,6.62824,90,64,45,22,30,9,7,0.00,0.00,0.00,,17,,0.00,0.00,0.00,0.00,0.00,0.00,0.00,0.00,0.00,0.00,0.00,0.00,0.00,0.00,7,0.00,0.00,0.00,0.00,0.00,3,21,0.00,0.00,0.00,92,,,,,,,0.00,0.00,0.9,9.1,21,0.00,45.0082,0,31,18330.60,"Downtown",1,765.139,5,"Sparks-D'Andrea",0.00,0.00,0.00,0.00,11.5483,9.45172,5.00425,4.09575,0.494926,0.405074,956,1735.50,46.5,909.5,2691.50,0.469738,148.091,66431.33,0.00,0.559195,-0.294607,-0.0249701,0.426969,0.138717,37.0374,0.00,0.00,2.91305,4.30022,956,231.6,1.41165,956,31,12.8826,9.93641,2.66514,5.62402,11.6598,0.915396,8.00801,4.50801,5.33664
507,"Internal",463,1103.00,73,48687.00,49.592,27.9238,22.4841,129,159,88,57,21,4,5,786,0.00,0.00,,18,,0.00,0.00,0.00,0.00,0.00,0.00,0.00,0.00,41,10,0.00,0.00,0.00,5,10,0.00,0.00,0.00,48,148,9,48,5,0.00,0.00,0.00,,,,,,,0.00,0.00,51.5,173.5,99,786,23.0769,0,324,16032.95,"Urban",1,3223.06,5,"Sparks-D'Andrea",0.00,0.00,0.00,0.00,76.1538,22.8462,133.462,40.0385,39.6154,11.8846,5170.00,3009.50,1665.00,3505.00,8179.50,0.639569,59.6863,81367.41,0.00,0.00870785,-0.294607,0.00780193,1.915,0.151873,70.3174,119.373,0.00,15.0355,49.207,5170.00,907.4,3.36187,5170.00,324,12.7396,9.62805,2.74959,3.52899,11.5925,0.945361,8.44345,4.94345,9.96887
508,"Internal",72,157,0.00,58025.00,66.242,21.0191,12.7389,32,19,8,4,8,0.00,1,0.00,0.00,0.00,,6,,0.00,0.00,0.00,0.00,0.00,0.00,0.00,0.00,33,0.00,0.00,0.00,0.00,0.00,5,0.00,0.00,0.00,0.00,2,13,63,0.00,0.00,0.00,0.00,,,,,,,0.00,0.00,4.3,15.7,96,0.00,30,0,116,11485.11,"Urban",1,3928.45,5,"Sparks-D'Andrea",0.00,0.00,0.00,0.00,67.2,28.8,10.99,4.71,3.01,1.29,2044.00,468,174,1870.00,2512.00,0.406321,0.00,85071.29,0.00,-0.362952,-0.294607,0.0159288,-0.128675,0.11552,8.31743,0.00,0.00,11.0899,13.4003,2044.00,453.6,0.392807,2044.00,116,12.7252,9.58807,2.65769,3.75479,11.5874,1,8.489,4.989,2.53201
509,"Internal",0.00,0.00,0.00,89930.00,,,,0.00,0.00,0.00,0.00,0.00,0.00,0.00,0.00,0.00,0.00,,0.00,,0.00,0.00,0.00,0.00,10,0.00,0.00,0.00,2,10,0.00,0.00,0.00,0.00,3,0.00,0.00,0.00,0.00,0.00,92,474,24,0.00,0.00,96,,,,,,,10,0.00,27.6,91.4,486,0.00,16.6667,0,615,17327.57,"Urban",1,11035.80,5,"Sparks-D'Andrea",8.33333,1.66667,0.00,0.00,405,81,76.1667,15.2333,23,4.6,9784.60,0.00,922.5,8862.10,9784.60,0.170784,197.388,175578.65,179.444,0.866161,-0.13786,0.214516,-2.19241,0.114028,0.00,0.00,0.00,55.4174,70.1269,9784.60,2140.40,0.402496,9784.60,615,12.9602,10.4813,2.71606,5.85237,11.6818,1,7.78365,4.28365,
510,"Internal",323,688,0.00,49073.00,64.8256,22.093,13.0814,133,95,42,33,14,5,1,0.00,0.00,0.00,,11,,0.00,0.00,0.00,0.00,0.00,0.00,0.00,0.00,6,0.00,0.00,0.00,0.00,0.00,16,0.00,0.00,0.00,0.00,0.00,1,7,1,0.00,0.00,0.00,,,,,,,0.00,0.00,0.3,17.7,13,0.00,22.2222,0,31,17058.08,"Urban",1,717.822,5,"Sparks-D'Andrea",0.00,0.00,0.00,0.00,10.1111,2.88889,13.7667,3.93333,0.233333,0.0666667,957.6,2099.50,46.5,911.1,3057.10,0.439306,0.00,70788.79,0.00,-0.362952,-0.294607,-0.0154092,0.160336,0.118524,38.2832,0.00,0.00,1.54081,3.67424,957.6,236.4,1.44846,957.6,31,12.9225,10.4574,2.76638,5.835,11.6625,1,7.89162,4.39162,5.86499
511,"Internal",50,139,0.00,58025.00,43.8849,18.705,37.4101,14,14,4,12,2,1,3,0.00,0.00,0.00,,1,,0.00,0.00,0.00,0.00,0.00,0.00,0.00,0.00,10,131,0.00,0.00,0.00,5,6,0.00,0.00,0.00,0.00,5,1,8,9,0.00,0.00,0.00,,,,,,,0.00,0.00,1.3,24.7,149,0.00,18.1818,0,175,8273.17,"Downtown",1,3499.04,5,"Sparks-D'Andrea",0.00,0.00,0.00,0.00,121.909,27.0909,20.2091,4.49091,1.06364,0.236364,3026.90,325,262.5,2764.40,3351.90,0.304292,59.9836,67019.65,0.00,0.0105587,-0.294607,-0.0236793,-1.02263,0.109391,5.46956,0.00,0.00,16.2993,19.1435,3026.90,667.1,0.323726,3026.90,175,12.6923,9.59729,2.73903,3.88853,11.5661,1,8.59412,5.09412,2.33708
512,"Internal",380,1064.00,0.00,51541.00,56.5789,30.8271,12.594,107,98,61,45,29,27,13,0.00,0.00,0.00,,19,,0.00,0.00,0.00,0.00,0.00,0.00,0.00,0.00,0.00,10,0.00,0.00,0.00,0.00,17,0.00,0.00,0.00,0.00,0.00,0.00,3,7,0.00,0.00,0.00,,,,,,,0.00,0.00,0.00,24,13,0.00,66.6667,0,37,24450.95,"Urban",1,806.247,5,"Sparks-D'Andrea",0.00,0.00,0.00,0.00,4.33333,8.66667,8,16,0.00,0.00,1099.50,2470.00,55.5,1044.00,3569.50,0.435387,87.1618,77781.04,0.00,0.179794,-0.294607,-6.71167e-05,0.125999,0.127924,48.6112,0.00,0.00,1.66302,4.7332,1099.50,272.1,1.83709,1099.50,37,12.777,9.8158,2.77766,4.85477,11.607,0.278548,8.32689,4.82689,8.0875
513,"Internal",104,301,0.00,58025.00,61.794,26.5781,11.6279,22,26,21,20,9,3,3,0.00,0.00,0.00,,9,,0.00,0.00,0.00,0.00,0.00,0.00,0.00,0.00,0.00,0.00,0.00,0.00,0.00,0.00,0.00,0.00,0.00,0.00,0.00,0.00,0.00,0.00,0.00,0.00,0.00,0.00,,,,,,,0.00,0.00,0.00,0.00,0.00,0.00,11.1111,0,0,8707.47,"Downtown",1,0.00,5,"Sparks-D'Andrea",0.00,0.00,0.00,0.00,0.00,0.00,0.00,0.00,0.00,0.00,197.6,676,0.00,197.6,873.6,0.350057,86.7854,25271.91,0.00,0.17745,-0.294607,-0.11528,-0.621652,0.114977,11.9576,0.00,0.00,0.00,0.00,197.6,52,0.448923,197.6,0.00,12.5781,9.45461,2.80977,3.74868,11.5039,1,8.97213,5.47213,2.32164
514,"Internal",71,154,0.00,51541.00,62.3377,28.5714,9.09091,28,22,9,8,2,1,1,0.00,0.00,0.00,,5,,0.00,0.00,0.00,0.00,0.00,0.00,0.00,0.00,0.00,0.00,0.00,0.00,0.00,0.00,5,0.00,0.00,0.00,0.00,0.00,0.00,0.00,9,0.00,0.00,0.00,,,,,,,0.00,0.00,0.00,14,0.00,0.00,26.8939,0,14,7784.79,"Urban",1,619.309,5,"Sparks-D'Andrea",0.00,0.00,0.00,0.00,0.00,0.00,10.2348,3.76515,0.00,0.00,213.3,461.5,21,192.3,674.8,0.450094,0.00,29850.70,0.00,-0.362952,-0.294607,-0.105234,0.254855,0.117578,8.34805,0.00,0.00,0.00,1.64609,213.3,52.3,0.313411,213.3,14,12.584,9.39793,2.80991,4.53649,11.5178,0.00,8.95197,5.45197,1.33844
515,"Internal",217,482,11,48687.00,73.444,18.8797,7.67635,64,99,17,23,9,3,2,0.00,0.00,0.00,,11,,0.00,0.00,0.00,0.00,0.00,0.00,0.00,0.00,180,145,0.00,0.00,0.00,9,10,2,0.00,223,0.00,0.00,29,152,18,0.00,0.00,0.00,,,,,,,0.00,223,8.7,59.3,477,0.00,17.459,0,768,13902.83,"Urban",1,6326.00,5,"Sparks-D'Andrea",0.00,0.00,184.066,38.9336,393.72,83.2795,48.9468,10.3532,7.18107,1.51893,10382.00,1410.50,1152.00,9809.80,12372.30,0.349668,0.00,101910.44,0.00,-0.362952,-0.294607,0.0528765,-0.625058,0.110128,23.8977,0.00,0.00,52.531,84.5782,10382.00,2257.30,1.27873,10382.00,768,12.5702,9.45521,2.59723,3.36927,11.495,0.981015,8.99886,5.49886,11.0907
516,"Internal",182,472,0.00,51541.00,59.7458,27.9661,12.2881,53,54,28,26,9,6,6,0.00,0.00,0.00,,7,,0.00,0.00,0.00,0.00,0.00,0.00,0.00,0.00,52,30,0.00,0.00,0.00,26,14,3,0.00,0.00,0.00,33,13,63,14,0.00,0.00,0.00,,,,,,,0.00,0.00,10.5,92.5,145,0.00,45.0082,0,248,19972.80,"Downtown",1,5750.30,5,"Sparks-D'Andrea",0.00,0.00,0.00,0.00,79.7381,65.2619,50.8674,41.6326,5.77414,4.72586,3634.10,1183.00,372,3262.10,4817.10,0.475137,0.00,111692.60,0.00,-0.362952,-0.294607,0.0743401,0.474274,0.124992,22.7486,0.00,0.00,18.1239,30.998,3634.10,809.1,0.985683,3634.10,248,12.6218,9.69374,2.83087,4.19028,11.5215,0.729021,8.82512,5.32512,6.57923
517,"Internal",607,1550.00,0.00,58025.00,63.6129,28.9677,7.41936,181,171,99,87,45,11,13,0.00,0.00,0.00,,26,,0.00,0.00,0.00,2,0.00,0.00,0.00,0.00,0.00,0.00,0.00,0.00,0.00,0.00,21,0.00,0.00,0.00,0.00,7,0.00,0.00,0.00,0.00,0.00,0.00,,,,,,,1,1,1.4,26.6,0.00,0.00,21.875,0,30,27401.93,"Downtown",1,514.718,5,"Sparks-D'Andrea",0.78125,0.21875,0.78125,0.21875,0.00,0.00,20.7812,5.81875,1.09375,0.30625,1316.10,3945.50,45,1273.70,5264.20,0.37964,120.101,90319.25,17.1573,0.384901,-0.27962,0.0274437,-0.362453,0.1255,76.1785,0.00,0.00,0.00,3.765,1316.10,338.1,2.85997,1316.10,30,12.5397,9.40614,2.71872,3.5929,11.4882,1,9.10368,5.60368,12.5888
518,"Internal",288,701,0.00,53625.00,43.6519,39.6576,16.6904,110,88,21,21,27,14,7,0.00,0.00,0.00,,12,,0.00,0.00,0.00,0.00,0.00,0.00,0.00,0.00,0.00,0.00,0.00,0.00,0.00,1,6,0.00,0.00,0.00,0.00,28,13,64,7,0.00,0.00,0.00,,,,,,,0.00,0.00,9.5,45.5,64,0.00,12.6316,0,119,29142.04,"Downtown",1,3905.98,5,"Sparks-D'Andrea",0.00,0.00,0.00,0.00,55.9158,8.08421,39.7526,5.74737,8.3,1.2,2052.00,1872.00,178.5,1873.50,3924.00,0.542385,131.293,128798.81,0.00,0.454596,-0.294607,0.111874,1.0635,0.150488,43.3405,0.00,0.00,9.63123,17.9081,2052.00,472.4,1.69709,2052.00,119,12.6287,9.92675,2.93586,4.03783,11.5109,1,8.80222,5.30222,4.79126
519,"Internal",123,231,0.00,44038.00,60.6061,27.2727,12.1212,62,34,17,5,2,1,2,0.00,0.00,0.00,,4,,0.00,0.00,0.00,0.00,0.00,0.00,0.00,0.00,18,16,0.00,0.00,0.00,0.00,1,0.00,0.00,0.00,0.00,0.00,65,336,15,0.00,0.00,0.00,,,,,,,0.00,0.00,19.5,61.5,370,0.00,32.3009,0,451,17532.57,"Urban",1,8419.73,5,"Sparks-D'Andrea",0.00,0.00,0.00,0.00,250.487,119.513,41.635,19.865,13.2013,6.29867,7606.30,799.5,676.5,6929.80,8405.80,0.30483,224.028,156928.14,0.00,1.03205,-0.294607,0.173594,-1.01792,0.131807,16.2123,0.00,0.00,48.7687,59.4451,7606.30,1675.70,0.962865,7606.30,451,12.9301,10.4184,2.73941,5.19895,11.6649,0.999505,7.86968,4.36968,6.67623
520,"Internal",98,208,0.00,44038.00,75.4808,15.3846,9.13462,44,25,14,8,2,5,0.00,218,0.00,0.00,,4,,0.00,0.00,0.00,0.00,0.00,0.00,0.00,0.00,0.00,0.00,0.00,0.00,0.00,0.00,1,0.00,0.00,0.00,38,17,0.00,0.00,10,0.00,0.00,0.00,,,,,,,0.00,0.00,18.6,47.4,0.00,218,14.2857,0,66,9993.28,"Urban",1,2116.49,5,"Sparks-D'Andrea",0.00,0.00,0.00,0.00,0.00,0.00,40.6286,6.77143,15.9429,2.65714,882.8,637,426,456.8,1519.80,0.655419,0.00,48736.88,0.00,-0.362952,-0.294607,-0.0637945,2.05387,0.144385,14.1497,31.476,0.00,0.00,9.52942,882.8,128.2,0.69279,882.8,66,12.8855,10.2246,2.93069,5.37048,11.6485,1,7.99935,4.49935,2.51923
521,"Internal",46,92,0.00,44038.00,72.8261,14.1304,13.0435,25,11,2,4,2,1,1,0.00,0.00,0.00,,2,,0.00,0.00,0.00,22,6,0.00,0.00,0.00,110,0.00,0.00,0.00,0.00,0.00,0.00,17,0.00,9,0.00,0.00,2,14,16,0.00,0.00,0.00,,,,,,,17,20,0.6,34.4,124,0.00,24.026,0,196,15593.92,"Urban",1,7645.91,5,"Sparks-D'Andrea",12.9156,4.08442,15.1948,4.80519,94.2078,29.7922,26.1351,8.26494,0.455844,0.144156,2713.20,299,294,2471.20,3064.20,0.330871,0.00,119533.69,663.166,-0.362952,0.284679,0.0915447,-0.789753,0.108986,5.01335,0.00,0.00,13.5142,21.3612,2713.20,591.9,0.28637,2713.20,196,12.9698,10.6052,2.89987,5.4548,11.6765,1,7.75674,4.25674,2.72887
522,"Internal",255,617,9,44038.00,58.1848,29.8217,11.9935,81,87,28,34,14,5,6,0.00,0.00,0.00,,9,,0.00,0.00,0.00,0.00,0.00,0.00,0.00,0.00,0.00,3,0.00,0.00,0.00,0.00,0.00,1,0.00,0.00,0.00,10,0.00,0.00,0.00,0.00,0.00,0.00,,,,,,,0.00,0.00,2,9,3,0.00,58.8235,0,14,10361.18,"Urban",1,227.012,5,"Sparks-D'Andrea",0.00,0.00,0.00,0.00,1.23529,1.76471,3.70588,5.29412,0.823529,1.17647,602.2,1657.50,21,581.2,2259.70,0.395732,0.00,36641.36,0.00,-0.362952,-0.294607,-0.090334,-0.221455,0.111841,28.5196,0.00,0.00,0.335524,1.56578,602.2,153,1.07315,602.2,14,12.7834,9.92302,2.90459,4.9662,11.6036,0.750978,8.30703,4.80703,4.67407
523,"Internal",165,448,0.00,45568.00,61.1607,27.2321,11.6071,43,56,24,14,12,7,9,0.00,0.00,0.00,,11,,0.00,0.00,0.00,6,0.00,0.00,0.00,0.00,0.00,0.00,0.00,0.00,0.00,0.00,0.00,0.00,0.00,0.00,0.00,0.00,0.00,1,0.00,0.00,0.00,0.00,,,,,,,3,3,0.00,0.00,1,0.00,21.6216,0,7,12145.28,"Downtown",1,185.226,5,"Sparks-D'Andrea",2.35135,0.648649,2.35135,0.648649,0.783784,0.216216,0.00,0.00,0.00,0.00,350.2,1072.50,10.5,347.5,1430.50,0.378828,0.00,37852.24,79.3825,-0.362952,-0.225265,-0.0876771,-0.369562,0.110063,18.1604,0.00,0.00,0.110063,0.770441,350.2,89.6,0.682595,350.2,7,12.5722,9.37984,2.68595,4.48853,11.5116,0.16049,8.99207,5.49207,3.48536
524,"Internal",341,964,13,53625.00,63.0705,29.2531,7.67635,58,116,69,52,26,11,9,0.00,0.00,0.00,,18,,0.00,0.00,0.00,6,2,0.00,0.00,0.00,17,5,0.00,0.00,0.00,0.00,18,0.00,0.00,10,0.00,72,2,14,29,0.00,0.00,0.00,,,,,,,5,13,15,106,36,0.00,31.4286,0,175,13903.33,"Urban",1,1964.11,5,"Sparks-D'Andrea",3.42857,1.57143,8.91429,4.08571,24.6857,11.3143,72.6857,33.3143,10.2857,4.71429,2052.70,2216.50,262.5,1824.00,4303.00,0.551262,78.5644,48294.64,56.1174,0.126259,-0.245587,-0.0647649,1.14127,0.139992,47.7372,0.00,0.00,5.0397,24.4985,2052.70,472.3,1.8288,2052.70,175,12.5733,9.70323,2.93819,3.70947,11.4808,0.853939,8.98832,5.48832,9.4174
525,"Internal",21,54,0.00,48687.00,64.8148,18.5185,16.6667,5,7,5,1,2,1,0.00,0.00,0.00,0.00,,3,,0.00,0.00,0.00,0.00,0.00,0.00,0.00,0.00,0.00,0.00,0.00,0.00,0.00,0.00,0.00,0.00,0.00,0.00,0.00,0.00,0.00,0.00,0.00,0.00,0.00,0.00,,,,,,,0.00,0.00,0.00,0.00,0.00,0.00,50,0,0,2456.24,"Urban",1,0.00,5,"Sparks-D'Andrea",0.00,0.00,0.00,0.00,0.00,0.00,0.00,0.00,0.00,0.00,39.9,136.5,0.00,39.9,176.4,0.350057,0.00,8023.72,0.00,-0.362952,-0.294607,-0.153126,-0.621652,0.10554,2.21633,0.00,0.00,0.00,0.00,39.9,10.5,0.0832077,39.9,0.00,12.5948,9.45185,2.62056,3.35913,11.5019,1,8.9155,5.4155,0.436868
526,"Internal",40,120,0.00,60139.00,70.8333,25,4.16667,11,6,10,4,4,4,1,0.00,0.00,0.00,,1,,0.00,0.00,0.00,0.00,0.00,0.00,0.00,0.00,28,0.00,0.00,0.00,0.00,0.00,0.00,0.00,0.00,0.00,0.00,0.00,2,14,0.00,0.00,0.00,0.00,,,,,,,0.00,0.00,0.6,1.4,42,0.00,45.0082,0,44,22891.75,"Downtown",1,5326.89,5,"Sparks-D'Andrea",0.00,0.00,0.00,0.00,23.0966,18.9034,0.769885,0.630115,0.329951,0.270049,872.6,260,66,806.6,1132.60,0.436725,0.00,137118.95,0.00,-0.362952,-0.294607,0.130129,0.137719,0.121817,4.8727,0.00,0.00,5.11633,5.35997,872.6,194.6,0.220096,872.6,44,12.6059,9.75551,2.93999,4.18413,11.5013,1,8.87827,5.37827,1.59471
527,"Internal",193,377,0.00,43273.00,67.6393,9.28382,23.0769,112,42,10,8,10,8,3,0.00,0.00,0.00,,8,,0.00,0.00,0.00,0.00,0.00,0.00,0.00,0.00,0.00,13,0.00,0.00,0.00,0.00,8,0.00,0.00,17,0.00,0.00,5,23,7,3,0.00,129,,,,,,,0.00,20,1.5,18.5,36,0.00,19.1489,0,76,12191.73,"Urban",1,1866.85,5,"Sparks-D'Andrea",0.00,0.00,16.1702,3.82979,29.1064,6.89362,14.9574,3.54255,1.21277,0.287234,1211.90,1254.50,114,1149.90,2518.40,0.541331,270.202,61861.44,0.00,1.31956,-0.294607,-0.0349972,1.05425,0.164331,31.7158,0.00,0.00,5.91591,12.4891,1211.90,278.1,1.23367,1211.90,76,12.9706,10.6097,2.89839,5.44835,11.6773,1,7.75422,4.25422,3.8708
528,"Internal",427,964,0.00,45568.00,60.3734,24.2739,15.3527,159,134,57,45,15,8,9,0.00,0.00,0.00,,21,,0.00,0.00,0.00,0.00,0.00,0.00,0.00,0.00,3,3,0.00,0.00,0.00,7,28,0.00,0.00,0.00,0.00,0.00,7,37,8,0.00,0.00,0.00,,,,,,,0.00,0.00,2.1,47.9,43,0.00,59.4982,0,93,26733.76,"Downtown",1,2239.81,5,"Sparks-D'Andrea",0.00,0.00,0.00,0.00,17.4158,25.5842,19.4004,28.4996,0.850538,1.24946,1895.40,2775.50,139.5,1755.90,4670.90,0.504703,0.00,112493.96,0.00,-0.362952,-0.294607,0.0760984,0.73333,0.12865,54.9335,0.00,0.00,5.53195,11.9644,1895.40,449.8,2.10255,1895.40,93,12.5448,9.40126,2.9615,4.32987,11.4866,0.997047,9.08617,5.58617,8.5614
529,"Internal",117,351,0.00,53625.00,54.9858,25.0712,19.943,19,35,25,16,13,5,4,0.00,0.00,0.00,,6,,0.00,0.00,0.00,1,0.00,0.00,0.00,0.00,0.00,0.00,0.00,0.00,0.00,0.00,1,0.00,0.00,0.00,0.00,8,0.00,0.00,5,0.00,0.00,0.00,,,,,,,0.5,0.5,1.6,12.4,0.00,0.00,18.1818,0,15,2545.80,"Urban",1,101.954,5,"Sparks-D'Andrea",0.409091,0.0909091,0.409091,0.0909091,0.00,0.00,10.1455,2.25455,1.30909,0.290909,303.7,760.5,22.5,282.5,1065.50,0.41982,27.1877,7242.12,3.39846,-0.193657,-0.291638,-0.15484,-0.0103995,0.115763,13.5443,0.00,0.00,0.00,1.73645,303.7,75.8,0.508494,303.7,15,12.5411,9.31633,2.49996,2.94451,11.4722,0.401245,9.09878,5.59878,2.53868
530,"Internal",119,279,0.00,45568.00,63.7993,23.2975,12.9032,42,39,18,8,4,3,5,0.00,0.00,0.00,,4,,0.00,0.00,0.00,0.00,0.00,0.00,0.00,0.00,0.00,17,0.00,0.00,0.00,2,0.00,0.00,0.00,0.00,0.00,0.00,0.00,0.00,24,0.00,0.00,0.00,,,,,,,0.00,0.00,0.00,26,17,0.00,40,0,43,12100.13,"Downtown",1,1501.54,5,"Sparks-D'Andrea",0.00,0.00,0.00,0.00,10.2,6.8,15.6,10.4,0.00,0.00,689.6,773.5,64.5,625.1,1463.10,0.536025,0.00,51090.65,0.00,-0.362952,-0.294607,-0.05863,1.00777,0.128996,15.3505,0.00,0.00,2.19293,5.54683,689.6,160.4,0.592232,689.6,43,12.7528,9.86014,2.91931,4.91959,11.5906,0.221104,8.40228,4.90228,2.71484
531,"Internal",193,418,0.00,43273.00,66.5072,25.1196,8.37321,80,59,26,12,6,6,4,0.00,0.00,0.00,,12,,0.00,0.00,0.00,6,0.00,0.00,0.00,0.00,7,5,0.00,0.00,0.00,0.00,0.00,15,0.00,0.00,0.00,0.00,6,32,14,0.00,0.00,0.00,,,,,,,3,3,1.8,33.2,44,0.00,20,0,85,13490.26,"Urban",1,2079.34,5,"Sparks-D'Andrea",2.4,0.6,2.4,0.6,35.2,8.8,26.56,6.64,1.44,0.36,1403.50,1254.50,127.5,1283.80,2665.80,0.544336,293.553,65212.88,73.3883,1.46497,-0.230501,-0.0276436,1.08059,0.16829,32.4799,0.00,0.00,7.40474,14.3046,1403.50,321.9,1.27317,1403.50,85,12.9693,10.7804,3.01639,5.78908,11.6684,1,7.75812,4.25812,4.24602
532,"Internal",364,917,0.00,51449.00,60.0872,27.2628,12.6499,82,141,63,41,27,5,5,0.00,0.00,0.00,,20,,0.00,0.00,0.00,30,0.00,0.00,0.00,0.00,24,0.00,0.00,0.00,0.00,6,5,0.00,0.00,1,0.00,0.00,7,38,10,0.00,0.00,0.00,,,,,,,15,16,2.1,25.9,62,0.00,36.1446,0,121,15909.72,"Urban",1,1739.03,5,"Sparks-D'Andrea",9.57831,5.42169,10.2169,5.78313,39.5904,22.4096,16.5386,9.36145,1.34096,0.759036,2100.80,2366.00,181.5,1960.90,4508.40,0.53379,86.2327,64795.28,215.582,0.174009,-0.106293,-0.0285599,0.988186,0.139619,50.8215,0.00,0.00,8.6564,16.8939,2100.80,485.3,1.97086,2100.80,121,12.8265,10.1086,2.99645,5.54293,11.6162,0.694094,8.17552,4.67552,8.21559
533,"Internal",627,1881.00,0.00,60139.00,57.2568,34.2371,8.50611,139,132,130,119,56,25,26,0.00,0.00,0.00,,37,,0.00,0.00,0.00,7,0.00,0.00,0.00,0.00,1,0.00,0.00,0.00,0.00,0.00,14,0.00,2,0.00,0.00,226,1,8,0.00,0.00,0.00,0.00,,,,,,,3.5,5.5,45.5,195.5,9,0.00,28.5714,0,259,15924.03,"Urban",1,1802.86,5,"Sparks-D'Andrea",2.5,1,3.92857,1.57143,6.42857,2.57143,139.643,55.8571,32.5,13,2736.20,4075.50,388.5,2362.00,6826.00,0.520549,83.53,47514.63,24.3629,0.157179,-0.273325,-0.0664763,0.872169,0.136503,85.5873,0.00,0.00,1.22853,35.3542,2736.20,644.1,3.22213,2736.20,259,12.5562,9.54863,2.95704,3.99751,11.4775,1,9.04698,5.54698,15.9684
534,"Internal",33,106,0.00,81639.00,71.6981,25.4717,2.83019,8,7,4,5,4,3,2,1068.00,0.00,0.00,,1,,0.00,0.00,0.00,0.00,0.00,0.00,0.00,0.00,0.00,0.00,0.00,0.00,0.00,0.00,0.00,0.00,0.00,0.00,155,10,9,48,0.00,0.00,0.00,0.00,,,,,,,0.00,0.00,66.7,107.3,48,1068.00,28.5714,0,222,8195.01,"Urban",1,4002.25,5,"Sparks-D'Andrea",0.00,0.00,0.00,0.00,34.2857,13.7143,76.6429,30.6571,47.6429,19.0571,3536.70,214.5,1935.00,1601.70,3751.20,0.54833,0.00,67627.18,0.00,-0.362952,-0.294607,-0.0223463,1.11558,0.131494,4.33931,140.436,0.00,6.31172,29.1917,3536.70,422.1,0.92961,3536.70,222,12.5198,9.48519,2.70225,3.35358,11.4541,0.131445,9.17295,5.67295,3.09528
535,"Internal",359,616,0.00,70991.00,79.7078,12.987,7.3052,207,103,16,19,8,3,3,0.00,0.00,0.00,,19,,0.00,0.00,0.00,0.00,0.00,0.00,0.00,0.00,0.00,0.00,0.00,0.00,47,0.00,10,0.00,0.00,0.00,0.00,7,3,15,0.00,0.00,0.00,157,,,,,,,0.00,0.00,2.3,64.7,15,0.00,23.2143,0,82,19195.59,"Downtown",1,2113.51,5,"Sparks-D'Andrea",0.00,0.00,0.00,0.00,11.5179,3.48214,49.6804,15.0196,1.76607,0.533929,1337.80,2333.50,123,1214.80,3671.30,0.485394,103.098,94626.05,0.00,0.279028,-0.294607,0.0368934,0.564147,0.137101,49.2194,0.00,0.00,2.05652,11.2423,1337.80,321.4,1.86278,1337.80,82,12.9298,10.8252,2.94829,5.05297,11.6106,1,7.87062,4.37062,6.90258
536,"Internal",64,137,0.00,51449.00,51.8248,29.927,18.2482,29,21,1,5,5,3,0.00,322,1301.00,0.00,,6,,0.00,0.00,0.00,0.00,0.00,0.00,0.00,0.00,11,0.00,0.00,0.00,0.00,0.00,18,0.00,0.00,0.00,170,0.00,5,22,7,0.00,0.00,0.00,,,,,,,0.00,0.00,69.5,130.5,33,1623.00,14.0351,0,233,8314.16,"Urban",1,3852.52,5,"Sparks-D'Andrea",0.00,0.00,0.00,0.00,28.3684,4.63158,112.184,18.3158,59.7456,9.75439,4293.20,416,2784.00,1509.20,4709.20,0.539992,66.1377,77863.96,0.00,0.0488799,-0.294607,0.000114832,1.04253,0.138817,8.88428,225.3,0.00,4.58096,32.3443,4293.20,407.3,1.52328,4293.20,233,12.7646,9.89574,3.03524,5.27935,11.5857,0.744597,8.36518,4.86518,2.81623
537,"Internal",95,259,0.00,81639.00,54.4402,35.1351,10.4247,28,21,19,12,10,1,4,0.00,0.00,0.00,,7,,0.00,0.00,0.00,0.00,0.00,0.00,0.00,0.00,0.00,0.00,0.00,0.00,0.00,0.00,0.00,0.00,0.00,0.00,0.00,3,0.00,0.00,1,0.00,0.00,0.00,,,,,,,0.00,0.00,0.6,3.4,0.00,0.00,40,0,4,8237.86,"Urban",1,124.214,5,"Sparks-D'Andrea",0.00,0.00,0.00,0.00,0.00,0.00,2.04,1.36,0.36,0.24,202.9,617.5,6,196.9,820.4,0.375815,0.00,25476.21,0.00,-0.362952,-0.294607,-0.114832,-0.395967,0.109119,10.3663,0.00,0.00,0.00,0.436478,202.9,52.3,0.389184,202.9,4,12.5368,9.45137,2.79389,3.67857,11.4701,0.984017,9.11362,5.61362,1.80319
538,"Internal",217,535,0.00,53625.00,63.3645,28.4112,8.2243,78,47,45,21,19,0.00,7,0.00,0.00,0.00,,10,,0.00,0.00,0.00,0.00,0.00,0.00,0.00,0.00,0.00,0.00,0.00,0.00,0.00,0.00,9,0.00,0.00,0.00,0.00,0.00,0.00,0.00,5,0.00,0.00,0.00,,,,,,,0.00,0.00,0.00,14,0.00,0.00,45.0082,0,14,13243.92,"Urban",1,332.892,5,"Sparks-D'Andrea",0.00,0.00,0.00,0.00,0.00,0.00,7.69885,6.30115,0.00,0.00,490.7,1410.50,21,469.7,1901.20,0.388427,190.224,45206.76,0.00,0.82155,-0.294607,-0.0715402,-0.285462,0.131913,28.6251,0.00,0.00,0.00,1.84678,490.7,125.3,1.07467,490.7,14,12.5456,9.41477,2.49621,2.82293,11.4713,0.00,9.0835,5.5835,4.39349
539,"Internal",304,813,0.00,81639.00,58.1796,23.8622,17.9582,97,69,50,42,25,12,9,0.00,0.00,0.00,,20,,0.00,0.00,0.00,0.00,0.00,0.00,0.00,0.00,2,0.00,0.00,0.00,0.00,0.00,0.00,0.00,0.00,0.00,0.00,0.00,0.00,0.00,0.00,0.00,0.00,0.00,,,,,,,0.00,0.00,0.00,0.00,2,0.00,0.00,0,2,19962.51,"Urban",1,48.9193,5,"Sparks-D'Andrea",0.00,0.00,0.00,0.00,2,0.00,0.00,0.00,0.00,0.00,615,1976.00,3,612,2591.00,0.362588,97.8386,63374.96,0.00,0.246277,-0.294607,-0.0316763,-0.511859,0.119582,36.3529,0.00,0.00,0.239164,0.239164,615,160.2,1.36653,615,2,12.4816,9.40516,2.63991,3.32098,11.4406,0.812136,9.30728,5.80728,5.91711
540,"Internal",353,772,0.00,54745.00,67.3575,18.7824,13.8601,151,96,41,41,9,8,7,0.00,0.00,0.00,,16,,0.00,0.00,0.00,3,0.00,0.00,0.00,0.00,0.00,0.00,0.00,0.00,0.00,0.00,3,6,0.00,0.00,0.00,23,0.00,0.00,7,0.00,0.00,0.00,,,,,,,1.5,1.5,4.6,34.4,0.00,0.00,48,0,42,10590.49,"Urban",1,530.823,5,"Sparks-D'Andrea",0.78,0.72,0.78,0.72,0.00,0.00,17.888,16.512,2.392,2.208,898.1,2294.50,63,839,3196.50,0.415458,50.5546,40399.41,18.958,-0.0481547,-0.278047,-0.0820882,-0.0486154,0.11947,42.1729,0.00,0.00,0.00,5.01774,898.1,224.8,1.5833,898.1,42,12.8177,10.258,3.03249,5.03385,11.5884,1,8.20197,4.70197,7.00791
541,"Internal",321,711,0.00,70991.00,79.0436,3.65682,17.2996,127,105,39,17,13,16,4,0.00,0.00,0.00,,13,,0.00,0.00,0.00,0.00,0.00,0.00,17,0.00,2,2,0.00,0.00,0.00,0.00,9,41,0.00,13,0.00,0.00,94,489,7,0.00,0.00,0.00,,,,,,,17,13,28.2,122.8,493,0.00,34.7826,0,674,40380.63,"Downtown",1,15382.98,5,"Sparks-D'Andrea",11.087,5.91304,8.47826,4.52174,321.522,171.478,80.087,42.713,18.3913,9.8087,10764.60,2086.50,1011.00,9787.40,12884.90,0.390625,502.115,294077.45,387.998,2.76366,0.0443158,0.474521,-0.266199,0.191542,61.4849,0.00,0.00,94.43,129.099,10764.60,2378.00,2.99417,10764.60,674,12.954,10.8294,2.94538,4.77084,11.6322,1,7.80137,4.30137,14.2192
542,"Internal",297,841,0.00,58750.00,54.5779,29.2509,16.1712,89,61,41,57,27,10,12,0.00,0.00,0.00,,21,,0.00,0.00,0.00,0.00,0.00,0.00,0.00,0.00,0.00,0.00,0.00,0.00,0.00,0.00,5,0.00,0.00,0.00,0.00,0.00,0.00,0.00,3,0.00,0.00,0.00,,,,,,,0.00,0.00,0.00,8,0.00,0.00,50,0,8,11372.69,"Urban",1,106.591,5,"Sparks-D'Andrea",0.00,0.00,0.00,0.00,0.00,0.00,4,4,0.00,0.00,609.1,1930.50,12,597.1,2539.60,0.366856,146.562,33837.17,0.00,0.549672,-0.294607,-0.0964868,-0.474456,0.12371,36.742,0.00,0.00,0.00,0.989683,609.1,158.1,1.3794,609.1,8,12.5568,9.56867,2.59286,3.21277,11.4723,0.577705,9.04478,5.54478,5.82532
543,"Internal",106,310,0.00,53182.00,66.7742,21.9355,11.2903,18,45,7,6,25,3,2,0.00,0.00,0.00,,13,,0.00,0.00,0.00,0.00,0.00,0.00,0.00,0.00,0.00,0.00,0.00,0.00,0.00,0.00,0.00,0.00,0.00,0.00,0.00,0.00,0.00,0.00,2,0.00,0.00,0.00,,,,,,,0.00,0.00,0.00,2,0.00,0.00,0.00,0,2,8812.52,"Urban",1,56.2848,5,"Sparks-D'Andrea",0.00,0.00,0.00,0.00,0.00,0.00,2,0.00,0.00,0.00,212.6,689,3,209.6,901.6,0.361947,0.00,25373.19,0.00,-0.362952,-0.294607,-0.115058,-0.517472,0.107636,11.4094,0.00,0.00,0.00,0.215272,212.6,55.4,0.428343,212.6,2,12.5929,9.64383,2.90159,4.03621,11.4999,1,8.92192,5.42192,2.59691
544,"Internal",265,646,0.00,65745.00,65.9443,24.613,9.44272,68,97,48,30,16,2,4,0.00,0.00,0.00,,15,,0.00,0.00,0.00,75,0.00,0.00,0.00,14,0.00,15,11,9,0.00,3,9,6,0.00,18,0.00,30,3,20,15,0.00,0.00,0.00,,,,,,,71.5,55.5,6.9,59.1,35,0.00,48.1481,0,228,15653.31,"Urban",1,3554.78,5,"Sparks-D'Andrea",37.0741,34.4259,28.7778,26.7222,18.1481,16.8519,30.6444,28.4556,3.57778,3.32222,1908.60,1722.50,342,1710.90,3775.40,0.578273,46.7734,58862.73,1114.77,-0.0716996,0.679159,-0.0415768,1.37794,0.140378,37.2001,0.00,0.00,4.91322,32.0061,1908.60,418.7,1.43229,1908.60,228,12.6767,9.71272,2.86723,4.65104,11.5454,1,8.64479,5.14479,8.09743
545,"Internal",126,267,0.00,65745.00,76.4045,15.7303,7.86517,60,20,29,9,6,0.00,2,0.00,0.00,0.00,,6,,0.00,0.00,0.00,0.00,0.00,0.00,0.00,0.00,0.00,5,0.00,0.00,0.00,0.00,1,0.00,0.00,0.00,0.00,24,0.00,0.00,34,0.00,0.00,0.00,,,,,,,0.00,0.00,4.8,54.2,5,0.00,36.1111,0,64,10812.60,"Urban",1,1883.07,5,"Sparks-D'Andrea",0.00,0.00,0.00,0.00,3.19444,1.80556,34.6278,19.5722,3.06667,1.73333,663.3,819,96,567.3,1482.30,0.544056,0.00,43613.72,0.00,-0.362952,-0.294607,-0.0750355,1.07813,0.129562,16.3248,0.00,0.00,0.64781,8.29197,663.3,154.3,0.617588,663.3,64,12.5945,9.54862,2.80973,4.07754,11.5095,0.751791,8.91651,5.41651,3.22679
546,"Internal",300,779,0.00,53182.00,60.4621,23.4917,16.0462,101,74,40,40,29,7,9,0.00,0.00,0.00,,19,,0.00,0.00,0.00,6,0.00,0.00,0.00,0.00,0.00,0.00,0.00,0.00,0.00,5,7,0.00,0.00,0.00,0.00,5,0.00,0.00,1,0.00,0.00,0.00,,,,,,,3,3,1,17,0.00,0.00,42.8571,0,24,9304.62,"Urban",1,273.437,5,"Sparks-D'Andrea",1.71429,1.28571,1.71429,1.28571,0.00,0.00,9.71429,7.28571,0.571429,0.428571,688.8,1950.00,36,660.6,2646.60,0.394647,45.5728,30153.21,34.1796,-0.0791757,-0.26475,-0.10457,-0.230958,0.116018,34.8054,0.00,0.00,0.00,2.78443,688.8,174.6,1.3067,688.8,24,12.6181,9.75321,2.79387,4.05641,11.5134,0.955095,8.83755,5.33755,6.15353
547,"Internal",155,506,0.00,78625.00,61.0672,27.4704,11.4625,28,39,20,30,20,6,12,405,0.00,0.00,,17,,0.00,0.00,0.00,0.00,0.00,0.00,0.00,0.00,0.00,0.00,0.00,0.00,0.00,0.00,0.00,0.00,0.00,10,48,0.00,0.00,0.00,0.00,0.00,0.00,0.00,,,,,,,0.00,10,19.2,28.8,0.00,405,33.3333,0,58,10183.76,"Urban",1,989.265,5,"Sparks-D'Andrea",0.00,0.00,6.66667,3.33333,0.00,0.00,19.2,9.6,12.8,6.4,1200.80,1007.50,694.5,532.3,2234.30,0.64329,0.00,38108.89,0.00,-0.362952,-0.294607,-0.087114,1.9476,0.142074,22.0215,57.5402,0.00,0.00,8.24032,1200.80,140.1,1.12211,1200.80,58,12.5515,9.72227,2.73325,3.81205,11.4672,1,9.06297,5.56297,4.44981
548,"Internal",193,415,0.00,36696.00,55.1807,25.5422,19.2771,72,75,17,12,10,5,2,0.00,0.00,0.00,,7,,0.00,0.00,0.00,0.00,0.00,0.00,0.00,1,2,7,0.00,0.00,0.00,0.00,5,0.00,0.00,0.00,6,9,21,106,52,0.00,0.00,0.00,,,,,,,1,0.00,10.5,82.5,115,0.00,16.129,0,209,11935.81,"Downtown",1,3356.75,5,"Sparks-D'Andrea",0.83871,0.16129,0.00,0.00,96.4516,18.5484,69.1935,13.3065,8.80645,1.69355,3041.00,1254.50,313.5,2727.50,4295.50,0.506197,64.2439,68989.95,16.061,0.0370874,-0.280577,-0.0193561,0.746424,0.133669,25.7982,0.00,0.00,15.372,27.9369,3041.00,680.1,1.08019,3041.00,209,12.7823,9.89211,2.8322,4.25332,11.605,1,8.31028,4.81028,4.62514
549,"Internal",175,522,0.00,58750.00,56.8966,32.3755,10.728,21,61,39,28,12,8,6,0.00,0.00,0.00,,15,,0.00,0.00,0.00,0.00,0.00,0.00,0.00,0.00,0.00,0.00,0.00,0.00,0.00,0.00,0.00,0.00,0.00,0.00,0.00,0.00,0.00,0.00,0.00,0.00,0.00,0.00,,,,,,,0.00,0.00,0.00,0.00,0.00,0.00,45.0082,0,0,8279.94,"Urban",1,0.00,5,"Sparks-D'Andrea",0.00,0.00,0.00,0.00,0.00,0.00,0.00,0.00,0.00,0.00,332.5,1137.50,0.00,332.5,1470.00,0.350057,0.00,23317.09,0.00,-0.362952,-0.294607,-0.11957,-0.621652,0.106282,18.5993,0.00,0.00,0.00,0.00,332.5,87.5,0.698275,332.5,0.00,12.5482,9.77115,2.55665,3.59336,11.4626,0.957575,9.0745,5.5745,3.70714
550,"Internal",11,35,0.00,92841.00,45.7143,20,34.2857,0.00,3,5,1,2,0.00,0.00,0.00,0.00,0.00,,0.00,,0.00,0.00,0.00,6,0.00,0.00,0.00,1,0.00,0.00,0.00,0.00,0.00,0.00,0.00,8,0.00,23,0.00,9,0.00,0.00,2,0.00,0.00,0.00,,,,,,,4,26,1.8,17.2,0.00,0.00,47.619,0,49,2402.57,"Urban",1,1051.72,5,"Sparks-D'Andrea",2.09524,1.90476,13.619,12.381,0.00,0.00,9.00952,8.19048,0.942857,0.857143,217.3,71.5,73.5,211.4,356.4,0.565391,0.00,7649.69,85.8551,-0.362952,-0.219611,-0.153946,1.26507,0.130139,1.43153,0.00,0.00,0.00,6.3768,217.3,43.3,0.0537438,217.3,49,12.5651,9.45864,2.2077,2.9685,11.4806,0.00171186,9.01631,5.51631,0.773567
551,"Internal",257,468,0.00,36696.00,55.9829,13.4615,30.5556,166,39,16,14,15,4,3,0.00,0.00,0.00,,8,,0.00,0.00,0.00,55,0.00,0.00,0.00,0.00,0.00,0.00,0.00,0.00,0.00,0.00,3,0.00,0.00,0.00,0.00,26,0.00,0.00,2,783,0.00,0.00,,,,,,,27.5,810.5,5.2,25.8,0.00,0.00,76.0309,0,869,35341.57,"Downtown",1,16760.09,5,"Sparks-D'Andrea",6.59149,20.9085,194.269,616.231,0.00,0.00,6.18402,19.616,1.24639,3.95361,3175.90,1670.50,1303.50,3979.70,6953.70,0.579606,77.1466,134113.54,530.383,0.117431,0.168691,0.123535,1.38962,0.14912,38.3238,0.00,0.00,0.00,129.585,3175.90,584.7,1.43879,3175.90,869,12.7367,9.80903,2.85502,4.43452,11.5805,1,8.45282,4.95282,16.5357
552,"Internal",243,637,0.00,78625.00,53.5322,26.6876,19.7802,70,75,40,21,17,12,8,0.00,0.00,0.00,,11,,0.00,0.00,0.00,1,0.00,0.00,2,0.00,0.00,2,0.00,0.00,0.00,1,0.00,0.00,0.00,10,0.00,114,5,26,0.00,23,0.00,0.00,,,,,,,2.5,33.5,24.3,95.7,28,0.00,47.541,0,184,12499.83,"Urban",1,2484.03,5,"Sparks-D'Andrea",1.31148,1.18852,17.5738,15.9262,14.6885,13.3115,50.2033,45.4967,12.7475,11.5525,1765.30,1579.50,276,1576.40,3431.90,0.57072,54.0006,46331.18,33.7504,-0.0266965,-0.265125,-0.069073,1.31176,0.139478,33.8931,0.00,0.00,3.90537,25.6639,1765.30,398.3,1.30081,1765.30,184,12.5677,9.93564,2.63681,3.62658,11.471,0.829437,9.00758,5.50758,6.41661
553,"Internal",130,350,0.00,88056.00,53.4286,25.7143,20.8571,37,37,19,15,11,10,1,0.00,0.00,0.00,,4,,0.00,0.00,0.00,7,0.00,0.00,0.00,0.00,0.00,0.00,0.00,0.00,0.00,6,0.00,0.00,1,33,0.00,2,0.00,0.00,0.00,0.00,0.00,0.00,,,,,,,3.5,37.5,0.4,7.6,0.00,0.00,32.2034,0,49,8278.64,"Downtown",1,950.15,5,"Sparks-D'Andrea",2.37288,1.12712,25.4237,12.0763,0.00,0.00,5.15254,2.44746,0.271186,0.128814,414.8,845,73.5,438.8,1357.30,0.504972,0.00,26319.16,67.8679,-0.362952,-0.235323,-0.112982,0.735683,0.123811,16.0954,0.00,0.00,0.00,6.06673,414.8,95.1,0.60427,414.8,49,12.6461,9.64717,2.87207,4.3103,11.5331,1,8.74452,5.24452,2.83086
554,"Internal",158,403,0.00,88056.00,60.0496,26.3027,13.6476,49,59,9,15,13,7,6,0.00,0.00,0.00,,7,,0.00,0.00,0.00,0.00,0.00,0.00,0.00,0.00,0.00,0.00,0.00,0.00,0.00,0.00,0.00,0.00,0.00,0.00,0.00,5,7,34,11,0.00,0.00,0.00,,,,,,,0.00,0.00,3.1,19.9,34,0.00,11.4754,0,57,9201.67,"Urban",1,1064.97,5,"Sparks-D'Andrea",0.00,0.00,0.00,0.00,30.0984,3.90164,17.6164,2.28361,2.74426,0.355738,1064.80,1027.00,85.5,979.3,2091.80,0.538108,74.7348,39082.57,0.00,0.102413,-0.294607,-0.0849776,1.02602,0.137234,21.683,0.00,0.00,4.66597,7.82237,1064.80,246,0.847936,1064.80,57,12.6063,9.75282,2.76162,3.94644,11.505,1,8.87684,5.37684,3.46489
555,"Internal",37,129,0.00,58750.00,65.1163,20.9302,13.9535,7,5,7,5,9,2,2,0.00,0.00,0.00,,3,,0.00,0.00,0.00,17,0.00,0.00,0.00,5,112,8,0.00,0.00,0.00,7,42,73,0.00,0.00,0.00,80,30,153,31,0.00,0.00,0.00,,,,,,,13.5,8.5,25,238,273,0.00,25.1131,0,558,15786.12,"Urban",1,8763.71,5,"Sparks-D'Andrea",10.1097,3.39027,6.36538,2.13462,204.441,68.5588,178.231,59.7692,18.7217,6.27828,6714.20,240.5,837,5899.30,6976.80,0.269448,47.1167,109574.62,212.025,-0.0695617,-0.109399,0.0696929,-1.32793,0.106542,3.94204,0.00,0.00,29.0858,59.4502,6714.20,1464.40,0.359246,6714.20,558,12.5437,9.96206,2.44525,3.19899,11.4504,0.972365,9.08983,5.58983,6.13528
556,"Internal",278,589,0.00,45078.00,60.781,25.6367,13.5823,116,79,38,32,7,4,2,0.00,0.00,0.00,,12,,0.00,0.00,0.00,0.00,0.00,0.00,0.00,0.00,1,0.00,0.00,0.00,0.00,0.00,7,0.00,0.00,0.00,0.00,1,0.00,2,7,0.00,0.00,21,,,,,,,0.00,0.00,0.2,14.8,3,0.00,14.2857,0,18,13569.48,"Urban",1,395.7,5,"Sparks-D'Andrea",0.00,0.00,0.00,0.00,2.57143,0.428571,12.6857,2.11429,0.171429,0.0285714,668.3,1807.00,27,641.3,2475.30,0.39984,197.85,54415.32,0.00,0.869035,-0.294607,-0.0513351,-0.185456,0.134802,37.4748,0.00,0.00,0.404405,2.42643,668.3,169.3,1.40985,668.3,18,12.6855,9.76357,2.64104,4.00039,11.5679,1,8.61603,5.11603,4.61563
557,"Internal",222,623,0.00,88750.00,50.7223,32.9053,16.3724,66,56,32,26,19,11,12,0.00,0.00,0.00,,12,,0.00,0.00,0.00,0.00,0.00,0.00,0.00,0.00,0.00,0.00,0.00,0.00,0.00,0.00,3,0.00,0.00,0.00,0.00,0.00,3,15,26,0.00,0.00,0.00,,,,,,,0.00,0.00,0.9,31.1,15,0.00,45.0082,0,47,13558.43,"Urban",1,914.538,5,"Sparks-D'Andrea",0.00,0.00,0.00,0.00,8.24877,6.75123,17.1025,13.9975,0.494926,0.405074,881.5,1443.00,70.5,811,2324.50,0.491988,0.00,45230.73,0.00,-0.362952,-0.294607,-0.0714876,0.621925,0.123309,27.3747,0.00,0.00,1.84964,5.79554,881.5,210.9,1.04116,881.5,47,12.5073,9.54997,2.58101,3.3243,11.4494,1,9.21655,5.71655,4.46553
558,"Internal",60,139,0.00,45078.00,73.3813,20.8633,5.7554,19,22,8,6,3,1,1,415,0.00,0.00,,2,,0.00,0.00,0.00,0.00,0.00,0.00,0.00,0.00,0.00,0.00,0.00,0.00,0.00,0.00,0.00,0.00,0.00,0.00,51,0.00,0.00,0.00,0.00,0.00,0.00,0.00,,,,,,,0.00,0.00,20.4,30.6,0.00,415,70,0,51,5951.74,"Urban",1,1385.54,5,"Sparks-D'Andrea",0.00,0.00,0.00,0.00,0.00,0.00,9.18,21.42,6.12,14.28,1022.10,390,699,323.1,1412.10,0.626337,0.00,38363.12,0.00,-0.362952,-0.294607,-0.0865562,1.79906,0.139825,8.38952,58.0275,0.00,0.00,7.13109,1022.10,91.2,0.612823,1022.10,51,12.5963,9.68975,2.69323,3.76716,11.5215,0.995223,8.91056,5.41056,1.99469
559,"Internal",79,198,0.00,66341.00,58.0808,18.1818,23.7374,23,22,15,11,7,0.00,1,629,0.00,0.00,,2,,0.00,0.00,0.00,29,0.00,0.00,0.00,0.00,0.00,0.00,0.00,68,0.00,0.00,5,2,0.00,5,73,0.00,0.00,0.00,18,0.00,0.00,0.00,,,,,,,82.5,19.5,29.2,68.8,0.00,629,100,0,200,12009.59,"Urban",1,4691.02,5,"Sparks-D'Andrea",0.00,82.5,0.00,19.5,0.00,0.00,0.00,68.8,0.00,29.2,1948.40,513.5,1243.50,755.6,2512.60,0.622866,93.8204,58933.29,1935.05,0.221256,1.39569,-0.041422,1.76865,0.152447,12.0433,95.8894,0.00,0.00,30.4895,1948.40,208.1,0.944343,1948.40,200,12.6011,9.70868,2.78461,3.89224,11.5102,1,8.89448,5.39448,4.87186
560,"Internal",104,301,0.00,63269.00,67.1096,23.2558,9.63455,27,36,6,13,7,8,7,0.00,0.00,0.00,,7,,0.00,0.00,0.00,0.00,0.00,0.00,0.00,0.00,0.00,0.00,1,0.00,0.00,0.00,0.00,0.00,0.00,0.00,0.00,0.00,0.00,0.00,0.00,0.00,0.00,0.00,,,,,,,1,0.00,0.00,0.00,0.00,0.00,0.00,0,1,7367.25,"Urban",1,24.3489,5,"Sparks-D'Andrea",1,0.00,0.00,0.00,0.00,0.00,0.00,0.00,0.00,0.00,200.6,676,1.5,199.1,876.6,0.35372,97.3955,21344.23,24.3489,0.243518,-0.273338,-0.123898,-0.589552,0.116277,12.0928,0.00,0.00,0.00,0.116277,200.6,52.5,0.454,200.6,1,12.6032,9.7361,2.76802,3.95744,11.5029,1,8.88726,5.38726,2.52793
561,"Internal",77,174,0.00,92841.00,50.5747,10.3448,39.0805,15,44,9,4,2,3,0.00,0.00,0.00,0.00,,5,,0.00,0.00,0.00,6,0.00,0.00,0.00,0.00,0.00,0.00,0.00,0.00,0.00,0.00,0.00,1,0.00,0.00,0.00,0.00,0.00,0.00,0.00,0.00,0.00,0.00,,,,,,,3,3,0.00,1,0.00,0.00,66.6667,0,7,1621.65,"Suburban",1,61.3629,5,"Sparks-D'Andrea",1,2,1,2,0.00,0.00,0.333333,0.666667,0.00,0.00,169.9,500.5,10.5,167.2,678.2,0.394362,0.00,5945.19,26.2984,-0.362952,-0.271635,-0.157686,-0.233457,0.11014,8.48076,0.00,0.00,0.00,0.770978,169.9,42.7,0.318393,169.9,7,12.192,8.67299,1.08139,1.78288,11.305,0.00,10.4081,6.90808,1.18937
562,"Internal",192,550,9,92841.00,56.3636,22.7273,20.9091,30,68,38,27,17,7,5,0.00,0.00,0.00,,16,,0.00,0.00,0.00,0.00,0.00,0.00,0.00,0.00,0.00,0.00,0.00,0.00,0.00,0.00,0.00,0.00,0.00,8,0.00,1,0.00,0.00,6,0.00,0.00,0.00,,,,,,,0.00,8,0.2,6.8,0.00,0.00,24.3243,0,15,4144.55,"Urban",1,108.392,5,"Sparks-D'Andrea",0.00,0.00,6.05405,1.94595,0.00,0.00,5.14595,1.65405,0.151351,0.0486486,428,1248.00,22.5,426.3,1696.80,0.39574,79.4873,12261.27,0.00,0.132006,-0.294607,-0.143828,-0.22138,0.118731,22.7964,0.00,0.00,0.00,1.78097,428,108.4,0.855846,428,15,12.2988,8.92851,1.88481,2.36304,11.3494,0.007401,9.98498,6.48498,4.00152
563,"Internal",200,586,0.00,63269.00,59.5563,25.7679,14.6758,48,46,37,36,16,8,9,0.00,0.00,0.00,,15,,0.00,0.00,0.00,13,0.00,0.00,0.00,0.00,0.00,0.00,0.00,0.00,0.00,0.00,0.00,0.00,0.00,0.00,0.00,0.00,0.00,0.00,3,0.00,0.00,0.00,,,,,,,6.5,6.5,0.00,3,0.00,0.00,46.1538,0,16,9093.13,"Urban",1,238.07,5,"Sparks-D'Andrea",3.5,3,3.5,3,0.00,0.00,1.61538,1.38462,0.00,0.00,435.8,1300.00,24,428.7,1752.70,0.389848,0.00,26079.13,96.7161,-0.362952,-0.210124,-0.113509,-0.273005,0.110664,22.1329,0.00,0.00,0.00,1.77063,435.8,110.1,0.830934,435.8,16,12.4627,9.47039,2.64141,3.3207,11.4358,0.913952,9.37469,5.87469,4.53634
564,"Internal",103,314,0.00,88750.00,56.6879,30.8917,12.4204,17,32,18,18,8,3,7,218,0.00,0.00,,6,,0.00,0.00,0.00,2,0.00,0.00,0.00,0.00,0.00,0.00,0.00,0.00,0.00,0.00,0.00,1,0.00,0.00,39,0.00,0.00,0.00,0.00,0.00,0.00,0.00,,,,,,,1,1,15.6,24.4,0.00,218,14.0625,0,42,7584.58,"Urban",1,838.417,5,"Sparks-D'Andrea",0.859375,0.140625,0.859375,0.140625,0.00,0.00,20.9688,3.43125,13.4062,2.19375,752.7,669.5,390,365.3,1424.80,0.638545,0.00,28442.29,19.9623,-0.362952,-0.277169,-0.108324,1.90602,0.140837,14.5062,30.7024,0.00,0.00,5.91515,752.7,100.5,0.702201,752.7,42,12.4772,9.43708,2.38702,3.10565,11.4307,0.989881,9.32316,5.82316,2.55373
565,"Internal",175,458,0.00,66341.00,57.8603,27.9476,14.1921,54,50,20,23,19,6,3,0.00,0.00,0.00,,8,,0.00,0.00,0.00,0.00,0.00,0.00,0.00,0.00,0.00,0.00,0.00,0.00,0.00,0.00,3,0.00,0.00,0.00,0.00,0.00,0.00,0.00,0.00,0.00,0.00,0.00,,,,,,,0.00,0.00,0.00,3,0.00,0.00,45.0082,0,3,13903.02,"Urban",1,90.1407,5,"Sparks-D'Andrea",0.00,0.00,0.00,0.00,0.00,0.00,1.64975,1.35025,0.00,0.00,349.3,1137.50,4.5,344.8,1486.80,0.360884,90.1407,44673.75,0.00,0.198344,-0.294607,-0.0727097,-0.526786,0.117573,20.5753,0.00,0.00,0.00,0.35272,349.3,91.1,0.772459,349.3,3,12.5699,9.68075,2.75936,3.7232,11.4965,1,9.00006,5.50006,3.34039
566,"Internal",615,1149.00,0.00,37337.00,70.322,12.2715,17.4064,308,180,61,46,10,6,4,0.00,0.00,0.00,,20,,0.00,0.00,0.00,0.00,0.00,0.00,0.00,0.00,0.00,7,0.00,0.00,0.00,0.00,41,0.00,0.00,0.00,0.00,5,10,52,0.00,0.00,0.00,309,,,,,,,0.00,0.00,4,52,59,0.00,38.9831,0,115,17114.25,"Urban",1,1480.29,5,"Sparks-D'Andrea",0.00,0.00,0.00,0.00,36,23,31.7288,20.2712,2.44068,1.55932,2585.40,3997.50,172.5,2412.90,6582.90,0.496203,77.2324,84735.58,0.00,0.117965,-0.294607,0.0151922,0.65885,0.134846,82.9305,0.00,0.00,7.95593,15.5073,2585.40,616.6,3.17124,2585.40,115,12.6662,10.0967,2.73353,3.96565,11.5397,1,8.67891,5.17891,11.2836
567,"Internal",399,1041.00,0.00,103328.00,60.6148,22.7666,16.6186,122,120,47,50,33,16,11,336,0.00,0.00,,33,,0.00,0.00,0.00,3,0.00,0.00,0.00,0.00,0.00,0.00,0.00,0.00,0.00,0.00,0.00,0.00,0.00,3,44,0.00,0.00,0.00,6,0.00,0.00,0.00,,,,,,,1.5,4.5,17.6,32.4,0.00,336,50,0,56,6983.55,"Urban",1,346.417,5,"Sparks-D'Andrea",0.75,0.75,2.25,2.25,0.00,0.00,16.2,16.2,8.8,8.8,1560.10,2593.50,588,983.8,4165.30,0.536601,24.744,25766.59,9.27902,-0.208874,-0.286501,-0.114195,1.01281,0.130416,52.0358,43.8196,0.00,0.00,7.30327,1560.10,262.5,2.17851,1560.10,56,12.3985,9.33904,2.54669,3.09539,11.4035,0.560572,9.60841,6.10841,8.51371
568,"Internal",197,523,0.00,146330.00,56.2141,28.6807,15.1052,45,73,29,21,18,6,5,0.00,0.00,0.00,,16,,0.00,0.00,0.00,1,0.00,0.00,0.00,0.00,0.00,0.00,0.00,0.00,0.00,0.00,3,0.00,0.00,0.00,0.00,0.00,0.00,0.00,2,0.00,0.00,0.00,,,,,,,0.5,0.5,0.00,5,0.00,0.00,100,0,6,7741.28,"Urban",1,87.2386,5,"Sparks-D'Andrea",0.00,0.5,0.00,0.5,0.00,0.00,0.00,5,0.00,0.00,405.3,1280.50,9,397.6,1687.10,0.368358,159.938,24530.05,7.26989,0.632959,-0.288256,-0.116908,-0.461301,0.124838,24.593,0.00,0.00,0.00,0.749025,405.3,105,0.923295,405.3,6,12.5083,9.53915,2.67993,3.42128,11.457,0.672284,9.21295,5.71295,3.77017
569,"Internal",213,599,0.00,98816.00,58.2638,23.7062,18.03,37,64,56,32,11,8,5,0.00,0.00,0.00,,10,,0.00,0.00,0.00,11,0.00,0.00,0.00,0.00,0.00,0.00,0.00,0.00,0.00,1,40,0.00,0.00,0.00,0.00,5,0.00,0.00,5,1,0.00,0.00,,,,,,,5.5,6.5,1,50,0.00,0.00,38.8889,0,63,7476.49,"Urban",1,674.892,5,"Sparks-D'Andrea",3.36111,2.13889,3.97222,2.52778,0.00,0.00,30.5556,19.4444,0.611111,0.388889,726.3,1384.50,94.5,648.7,2127.70,0.48166,0.00,22793.13,58.9191,-0.362952,-0.24314,-0.120719,0.531429,0.120855,25.7422,0.00,0.00,0.00,7.61388,726.3,173.7,0.966438,726.3,63,12.4237,9.27109,2.16855,2.40568,11.4109,0.0185866,9.51606,6.01606,5.0026
570,"Internal",0.00,0.00,0.00,89930.00,,,,0.00,0.00,0.00,0.00,0.00,0.00,0.00,0.00,0.00,0.00,,2,,0.00,0.00,0.00,0.00,0.00,0.00,0.00,0.00,3,69,0.00,0.00,0.00,0.00,1,0.00,0.00,0.00,0.00,0.00,18,95,0.00,0.00,0.00,132,,,,,,,0.00,0.00,5.4,13.6,167,0.00,45.0082,0,186,13986.14,"Urban",1,8907.67,5,"Sparks-D'Andrea",0.00,0.00,0.00,0.00,91.8363,75.1637,7.47889,6.12111,2.96956,2.43044,3229.30,0.00,279,2950.30,3229.30,0.157864,335.235,154653.43,0.00,1.72451,-0.294607,0.168603,-2.30561,0.126045,0.00,0.00,0.00,21.0494,23.4443,3229.30,707.5,0.152882,3229.30,186,12.8436,10.3734,2.4111,3.85537,11.6275,1,8.12378,4.62378,
571,"Internal",207,627,0.00,73333.00,57.5758,22.6475,19.7767,31,59,48,33,21,8,7,0.00,0.00,0.00,,16,,0.00,0.00,0.00,0.00,0.00,0.00,0.00,0.00,0.00,0.00,0.00,0.00,0.00,0.00,0.00,0.00,0.00,0.00,0.00,6,0.00,0.00,0.00,0.00,0.00,0.00,,,,,,,0.00,0.00,1.2,4.8,0.00,0.00,50,0,6,9130.14,"Urban",1,86.0764,5,"Sparks-D'Andrea",0.00,0.00,0.00,0.00,0.00,0.00,2.4,2.4,0.6,0.6,426.9,1345.50,9,417.9,1772.40,0.368087,0.00,25426.98,0.00,-0.362952,-0.294607,-0.11494,-0.463671,0.108291,22.4162,0.00,0.00,0.00,0.649745,426.9,110.7,0.841572,426.9,6,12.3888,9.17161,2.36877,2.81757,11.3983,0.656911,9.64437,6.14437,4.57344
572,"Internal",188,533,0.00,66341.00,64.728,23.8274,11.4447,41,66,20,28,16,11,6,0.00,0.00,0.00,,11,,0.00,0.00,0.00,0.00,0.00,0.00,0.00,0.00,0.00,0.00,0.00,0.00,0.00,0.00,0.00,0.00,0.00,0.00,0.00,0.00,5,25,7,0.00,0.00,0.00,,,,,,,0.00,0.00,1.5,10.5,25,0.00,45.0082,0,37,17698.03,"Urban",1,1107.82,5,"Sparks-D'Andrea",0.00,0.00,0.00,0.00,13.748,11.252,5.77414,4.72586,0.824877,0.675123,891.9,1222.00,55.5,836.4,2113.90,0.508584,119.764,63292.50,0.00,0.382807,-0.294607,-0.0318572,0.767333,0.140244,26.3659,0.00,0.00,3.5061,5.18903,891.9,210.9,1.01532,891.9,37,12.7335,10.1715,2.53828,3.47822,11.573,1,8.46275,4.96275,4.71785
573,"Internal",0.00,0.00,0.00,89930.00,,,,0.00,0.00,0.00,0.00,0.00,0.00,0.00,0.00,0.00,0.00,,0.00,,0.00,0.00,0.00,0.00,0.00,0.00,0.00,0.00,132,60,0.00,0.00,0.00,5,7,0.00,0.00,149,0.00,10,51,261,40,0.00,0.00,0.00,,,,,,,0.00,149,17.3,95.7,453,0.00,16.4021,0,715,21057.30,"Urban",1,13411.24,5,"Sparks-D'Andrea",0.00,0.00,124.561,24.4392,378.698,74.3016,80.0032,15.6968,14.4624,2.83757,9550.90,0.00,1072.50,8865.80,9938.30,0.19254,0.00,186412.46,0.00,-0.362952,-0.294607,0.238287,-2.00178,0.0980139,0.00,0.00,0.00,44.4003,70.0799,9550.90,2067.40,0.322479,9550.90,715,12.72,10.3012,2.56165,3.51876,11.5506,1,8.50577,5.00577,
574,"Internal",230,476,0.00,58880.00,69.958,21.8487,8.19328,94,84,20,16,9,4,3,0.00,0.00,0.00,,7,,0.00,0.00,0.00,0.00,0.00,0.00,0.00,0.00,0.00,10,0.00,0.00,0.00,17,11,0.00,0.00,0.00,0.00,0.00,118,613,21,0.00,0.00,147,,,,,,,0.00,0.00,35.4,131.6,623,0.00,22.5,0,790,22028.03,"Urban",1,10138.76,5,"Sparks-D'Andrea",0.00,0.00,0.00,0.00,482.825,140.175,101.99,29.61,27.435,7.965,13022.30,1495.00,1185.00,11837.30,14517.30,0.317867,0.00,186313.21,0.00,-0.362952,-0.294607,0.238069,-0.903693,0.110932,25.5143,0.00,0.00,69.1105,87.6361,13022.30,2869.70,1.45983,13022.30,790,12.7734,10.2894,2.46432,3.68059,11.5896,1,8.33796,4.83796,11.1657
575,"Internal",121,354,0.00,73333.00,61.0169,29.3785,9.60452,26,36,21,16,7,11,4,0.00,0.00,0.00,,5,,0.00,0.00,0.00,0.00,0.00,0.00,0.00,0.00,0.00,0.00,0.00,0.00,0.00,0.00,0.00,0.00,0.00,0.00,0.00,0.00,0.00,0.00,0.00,0.00,0.00,0.00,,,,,,,0.00,0.00,0.00,0.00,0.00,0.00,45.0082,0,0,8665.55,"Urban",1,0.00,5,"Sparks-D'Andrea",0.00,0.00,0.00,0.00,0.00,0.00,0.00,0.00,0.00,0.00,229.9,786.5,0.00,229.9,1016.40,0.350057,0.00,24880.42,0.00,-0.362952,-0.294607,-0.116139,-0.621652,0.106358,12.8693,0.00,0.00,0.00,0.00,229.9,60.5,0.483153,229.9,0.00,12.3504,9.12547,2.40217,2.52783,11.3834,0.00,9.78796,6.28796,2.6961
576,"Internal",203,612,0.00,146330.00,58.1699,26.4706,15.3595,35,78,28,20,15,7,20,0.00,0.00,0.00,,13,,0.00,0.00,0.00,5,0.00,0.00,0.00,0.00,0.00,0.00,0.00,0.00,0.00,15,0.00,30,0.00,3,0.00,59,0.00,0.00,0.00,0.00,0.00,0.00,,,,,,,2.5,5.5,11.8,92.2,0.00,0.00,50,0,112,11127.27,"Urban",1,1581.83,5,"Sparks-D'Andrea",1.25,1.25,2.75,2.75,0.00,0.00,46.1,46.1,5.9,5.9,992.1,1319.50,168,838.4,2325.90,0.543012,0.00,32849.88,35.3088,-0.362952,-0.263764,-0.0986531,1.06899,0.128812,26.1488,0.00,0.00,0.00,14.4269,992.1,230.3,0.981704,992.1,112,12.4731,9.57576,2.49149,3.26824,11.4404,0.465576,9.33757,5.83757,5.66952
577,"Internal",3,8,0.00,146330.00,50,25,25,0.00,2,0.00,1,0.00,0.00,0.00,0.00,0.00,0.00,,0.00,,0.00,0.00,0.00,0.00,0.00,0.00,0.00,0.00,78,33,0.00,0.00,0.00,23,5,0.00,0.00,0.00,0.00,56,41,216,21,0.00,0.00,0.00,,,,,,,0.00,0.00,23.5,122.5,327,0.00,19.2825,0,473,16538.44,"Urban",1,10420.96,5,"Sparks-D'Andrea",0.00,0.00,0.00,0.00,263.946,63.0538,98.8789,23.6211,18.9686,4.53139,6938.20,19.5,709.5,6228.70,6957.70,0.188168,154.221,153289.39,0.00,0.597365,-0.294607,0.16561,-2.04009,0.110468,0.331405,0.00,0.00,36.1231,52.2515,6938.20,1517.40,0.274804,6938.20,473,12.6373,10.0985,2.49802,3.34828,11.5113,0.900623,8.77375,5.27375,4.02507
578,"Internal",340,925,0.00,74844.00,61.2973,25.6216,13.0811,54,148,54,45,12,16,11,412,0.00,0.00,,22,,0.00,0.00,0.00,2,0.00,0.00,0.00,0.00,0.00,0.00,0.00,0.00,0.00,0.00,0.00,0.00,0.00,0.00,45,0.00,0.00,0.00,0.00,0.00,0.00,0.00,,,,,,,1,1,18,27,0.00,412,27.9141,0,47,7842.73,"Suburban",1,369.053,5,"Sparks-D'Andrea",0.720859,0.279141,0.720859,0.279141,0.00,0.00,19.4632,7.53681,12.9755,5.02454,1522.00,2210.00,688.5,836.1,3734.60,0.565706,31.4087,29324.76,7.85218,-0.167373,-0.287748,-0.106388,1.26783,0.135095,45.9324,55.6593,0.00,0.00,6.34948,1522.00,225,2.01014,1522.00,47,12.4146,9.26971,2.24908,2.21443,11.4066,4.9592e-05,9.5491,6.0491,7.50866
579,"Internal",201,610,1,101875.00,62.7869,26.3934,10.8197,36,51,43,35,19,11,6,0.00,0.00,0.00,,15,,0.00,0.00,0.00,21,0.00,0.00,0.00,0.00,0.00,0.00,0.00,0.00,0.00,6,11,0.00,9,3,0.00,24,0.00,0.00,0.00,0.00,0.00,0.00,,,,,,,10.5,22.5,4.8,36.2,0.00,0.00,40.2597,0,74,5718.93,"Urban",1,582.77,5,"Sparks-D'Andrea",6.27273,4.22727,13.4416,9.05844,0.00,0.00,21.626,14.574,2.86753,1.93247,710.5,1306.50,111,658,2075.50,0.500377,31.5011,16345.12,82.6903,-0.166798,-0.222375,-0.134867,0.695424,0.126167,25.3596,0.00,0.00,0.00,9.33636,710.5,166.2,0.952075,710.5,74,12.4621,9.39839,2.47222,2.62668,11.4439,0.00,9.3771,5.8771,5.52236
580,"Internal",0.00,0.00,0.00,89930.00,,,,0.00,0.00,0.00,0.00,0.00,0.00,0.00,0.00,0.00,0.00,,0.00,,0.00,0.00,0.00,0.00,0.00,0.00,0.00,0.00,41,78,0.00,0.00,0.00,10,3,31,0.00,0.00,0.00,20,22,116,7,0.00,0.00,0.00,,,,,,,0.00,0.00,10.6,82.4,235,0.00,34.0909,0,328,11628.30,"Downtown",1,7405.98,5,"Sparks-D'Andrea",0.00,0.00,0.00,0.00,154.886,80.1136,54.3091,28.0909,6.98636,3.61364,4915.30,0.00,492,4423.30,4915.30,0.180153,90.3168,110983.58,0.00,0.19944,-0.294607,0.0727844,-2.11032,0.101483,0.00,0.00,0.00,23.8484,33.2863,4915.30,1075.10,0.173211,4915.30,328,12.7051,10.2942,2.58827,3.3828,11.5435,1,8.55329,5.05329,
581,"Internal",138,416,0.00,98816.00,59.6154,22.3558,18.0288,31,33,24,19,18,10,3,0.00,0.00,0.00,,9,,0.00,0.00,0.00,7,0.00,0.00,0.00,0.00,0.00,0.00,0.00,0.00,0.00,0.00,0.00,0.00,0.00,0.00,0.00,0.00,0.00,0.00,7,0.00,0.00,0.00,,,,,,,3.5,3.5,0.00,7,0.00,0.00,45.0082,0,14,4504.62,"Suburban",1,143.989,5,"Sparks-D'Andrea",1.92471,1.57529,1.92471,1.57529,0.00,0.00,3.84943,3.15057,0.00,0.00,322.4,897,21,310.5,1228.50,0.402695,0.00,12635.07,35.9974,-0.362952,-0.263163,-0.143007,-0.160446,0.111383,15.3709,0.00,0.00,0.00,1.55936,322.4,80.9,0.577068,322.4,14,12.2236,8.89461,1.73403,1.25354,11.3147,0.00,10.2805,6.78052,3.24311
582,"Internal",122,373,0.00,74844.00,54.1555,27.6139,18.2306,25,32,22,16,13,9,5,0.00,0.00,0.00,,12,,0.00,0.00,0.00,0.00,0.00,0.00,0.00,0.00,0.00,0.00,0.00,0.00,0.00,0.00,0.00,0.00,0.00,0.00,0.00,0.00,1,8,0.00,0.00,0.00,0.00,,,,,,,0.00,0.00,0.3,0.7,8,0.00,0.00,0,9,7544.56,"Suburban",1,175.395,5,"Sparks-D'Andrea",0.00,0.00,0.00,0.00,8,0.00,0.7,0.00,0.3,0.00,387,793,13.5,373.5,1180.00,0.448051,0.00,22996.29,0.00,-0.362952,-0.294607,-0.120273,0.236957,0.116981,14.2717,0.00,0.00,0.935849,1.05283,387,95,0.542599,387,9,12.1859,8.77847,1.90528,1.07677,11.3024,0.00,10.4327,6.93269,2.58052
583,"Internal",191,528,0.00,101875.00,53.9773,24.8106,21.2121,41,69,32,16,15,12,6,0.00,0.00,0.00,,11,,0.00,0.00,0.00,1,0.00,0.00,0.00,0.00,0.00,0.00,0.00,0.00,0.00,0.00,0.00,0.00,0.00,0.00,0.00,7,0.00,0.00,1,0.00,0.00,0.00,,,,,,,0.5,0.5,1.4,6.6,0.00,0.00,30.4348,0,9,7123.87,"Suburban",1,118.264,5,"Sparks-D'Andrea",0.347826,0.152174,0.347826,0.152174,0.00,0.00,4.5913,2.0087,0.973913,0.426087,410.7,1241.50,13.5,398.5,1653.50,0.378102,78.843,21727.80,6.57025,0.127994,-0.288868,-0.123057,-0.375921,0.117144,22.3745,0.00,0.00,0.00,1.0543,410.7,105.6,0.840007,410.7,9,12.3957,9.21257,2.39716,2.18762,11.4083,0.00,9.61892,6.11892,3.64044
584,"Internal",442,1215.00,0.00,84280.00,57.5309,27.2428,15.2263,89,142,98,58,28,13,14,0.00,0.00,0.00,,24,,0.00,0.00,0.00,0.00,0.00,0.00,0.00,0.00,0.00,0.00,0.00,0.00,0.00,0.00,1,0.00,0.00,10,0.00,0.00,5,22,2,0.00,0.00,0.00,,,,,,,0.00,10,1.5,6.5,22,0.00,29.1667,0,40,6473.68,"Suburban",1,202.65,5,"Sparks-D'Andrea",0.00,0.00,7.08333,2.91667,15.5833,6.41667,4.60417,1.89583,1.0625,0.4375,1326.00,2873.00,60,1292.00,4225.00,0.443885,86.1263,21404.92,0.00,0.173346,-0.294607,-0.123765,0.200457,0.125647,55.5362,0.00,0.00,2.76424,5.0259,1326.00,325.8,2.10507,1326.00,40,12.2757,8.9558,2.07869,1.49495,11.35,0.00,10.0748,6.57485,9.08702
585,"Internal",208,354,0.00,51449.00,75.1412,20.6215,4.23729,129,51,10,8,3,3,4,0.00,0.00,0.00,,0.00,,0.00,0.00,0.00,0.00,0.00,0.00,0.00,0.00,0.00,0.00,0.00,0.00,0.00,0.00,8,0.00,0.00,0.00,0.00,5,0.00,0.00,0.00,0.00,0.00,0.00,,,,,,,0.00,0.00,1,12,0.00,0.00,45.0082,0,13,19057.71,"Downtown",1,661.705,5,"Sparks-D'Andrea",0.00,0.00,0.00,0.00,0.00,0.00,6.59902,5.40098,0.549918,0.450082,468,1352.00,19.5,448.5,1820.00,0.387321,0.00,92638.77,0.00,-0.362952,-0.294607,0.032533,-0.295146,0.113786,23.6674,0.00,0.00,0.00,1.47921,468,119.6,0.888546,468,13,12.6534,9.66195,2.9511,4.61115,11.5365,0.571551,8.72062,5.22062,3.47455
586,"Internal",9,22,0.00,88133.00,59.0909,31.8182,9.09091,3,4,0.00,0.00,1,1,0.00,0.00,0.00,0.00,,0.00,,0.00,0.00,0.00,20,0.00,0.00,6,0.00,54,22,0.00,0.00,0.00,2,1,1,0.00,0.00,3,0.00,11,62,9,34,0.00,0.00,,,,,,,16,44,4.5,22.5,138,0.00,30.0493,0,225,5990.58,"Urban",1,3591.69,5,"Sparks-D'Andrea",11.1921,4.80788,30.7783,13.2217,96.532,41.468,15.7389,6.76108,3.14778,1.35222,2928.90,58.5,337.5,2705.80,3101.80,0.226842,0.00,49514.18,255.409,-0.362952,-0.0715031,-0.062089,-1.70124,0.0951927,0.856735,0.00,0.00,13.1366,21.4184,2928.90,632.7,0.127576,2928.90,225,12.5576,9.75839,2.62566,3.56907,11.4748,1,9.04208,5.54208,2.33722
587,"Internal",78,170,0.00,37337.00,62.9412,24.7059,12.3529,40,15,6,9,5,0.00,3,0.00,0.00,0.00,,0.00,,0.00,0.00,0.00,0.00,0.00,0.00,0.00,0.00,0.00,0.00,0.00,0.00,0.00,0.00,0.00,0.00,0.00,0.00,0.00,0.00,0.00,0.00,0.00,0.00,0.00,0.00,,,,,,,0.00,0.00,0.00,0.00,0.00,0.00,23.7624,0,0,8590.99,"Urban",1,0.00,5,"Sparks-D'Andrea",0.00,0.00,0.00,0.00,0.00,0.00,0.00,0.00,0.00,0.00,148.2,507,0.00,148.2,655.2,0.350057,0.00,33110.67,0.00,-0.362952,-0.294607,-0.0980809,-0.621652,0.10676,8.32726,0.00,0.00,0.00,0.00,148.2,39,0.31263,148.2,0.00,12.6186,9.93748,2.45881,4.03492,11.5346,1,8.83573,5.33573,1.33557
601,"Internal",651,1340.00,0.00,55200.00,70.8209,16.4179,12.7612,266,225,71,48,32,4,5,0.00,1950.00,0.00,,33,,0.00,0.00,0.00,0.00,0.00,0.00,0.00,0.00,2,0.00,0.00,0.00,0.00,0.00,20,0.00,0.00,18,179,0.00,5,24,13,86,0.00,0.00,,,,,,,0.00,104,73.1,143.9,26,1950.00,53.3333,0,347,8630.48,"Urban",1,1588.88,6,"NWReno-Skyline",0.00,0.00,48.5333,55.4667,12.1333,13.8667,67.1533,76.7467,34.1133,38.9867,6175.30,4231.50,3445.50,3000.20,10677.20,0.659848,27.4735,48889.92,0.00,-0.191878,-0.294607,-0.0634587,2.09268,0.148464,96.65,289.505,0.00,3.86006,51.517,6175.30,744.5,5.14259,6175.30,347,12.3275,8.97252,2.89644,3.7655,11.3303,1,9.87502,6.37502,15.9621
602,"Internal",234,418,0.00,102759.00,65.311,23.445,11.244,113,81,18,21,1,0.00,0.00,0.00,78,0.00,,11,,0.00,0.00,0.00,0.00,24,0.00,0.00,0.00,0.00,62,0.00,0.00,1,6,0.00,3,0.00,6,21,31,9,48,23,0.00,0.00,0.00,,,,,,,24,6,17.3,76.7,110,78,24.3902,0,234,7124.84,"Suburban",1,2122.73,6,"NWReno-Skyline",18.1463,5.85366,4.53659,1.46341,83.1707,26.8293,57.9927,18.7073,13.0805,4.21951,3235.00,1521.00,468,2782.60,4771.60,0.548698,90.715,43285.56,217.716,0.201919,-0.104428,-0.0757556,1.1188,0.140817,32.9512,10.9837,0.00,15.4899,32.9512,3235.00,695.8,1.40597,3235.00,234,12.4747,9.30737,2.64128,3.54648,11.3998,1,9.33195,5.83195,5.6978
603,"Internal",257,509,0.00,78047.00,51.277,14.3418,34.3811,98,105,30,18,1,1,4,0.00,0.00,0.00,,12,,0.00,0.00,0.00,17,0.00,0.00,0.00,0.00,0.00,0.00,0.00,0.00,0.00,0.00,0.00,0.00,0.00,6,0.00,0.00,0.00,0.00,0.00,0.00,0.00,0.00,,,,,,,8.5,14.5,0.00,0.00,0.00,0.00,0.00,0,23,6990.83,"Urban",1,294.965,6,"NWReno-Skyline",8.5,0.00,14.5,0.00,0.00,0.00,0.00,0.00,0.00,0.00,557.3,1670.50,34.5,560.5,2265.50,0.394851,38.4737,29054.05,109.009,-0.123381,-0.199386,-0.106982,-0.229172,0.115252,29.6198,0.00,0.00,0.00,2.6508,557.3,140,1.11202,557.3,23,12.1017,8.61358,2.61166,3.56117,11.224,0.752158,10.7822,7.28216,3.409
604,"Internal",334,741,0.00,102759.00,53.0364,21.1876,25.776,102,141,40,33,6,9,3,0.00,0.00,0.00,,14,,0.00,0.00,0.00,6,0.00,0.00,0.00,0.00,0.00,0.00,0.00,0.00,0.00,0.00,14,9,0.00,0.00,0.00,0.00,7,39,0.00,0.00,0.00,0.00,,,,,,,3,3,2.1,27.9,39,0.00,26.9231,0,75,5291.41,"Suburban",1,462.127,6,"NWReno-Skyline",2.19231,0.807692,2.19231,0.807692,28.5,10.5,20.3885,7.51154,1.53462,0.565385,1549.90,2171.00,112.5,1445.20,3728.70,0.509861,67.7786,22975.08,18.4851,0.0590971,-0.27846,-0.12032,0.778525,0.131829,44.0309,0.00,0.00,5.14134,9.88719,1549.90,365.9,1.6904,1549.90,75,12.4246,9.31209,2.27186,2.7422,11.3797,0.822826,9.51274,6.01274,5.68282
605,"Internal",200,483,0.00,78047.00,61.6977,20.7039,17.5983,43,91,28,23,10,3,2,0.00,0.00,0.00,,8,,0.00,0.00,0.00,2,0.00,0.00,0.00,1,0.00,0.00,0.00,0.00,0.00,0.00,0.00,1,0.00,0.00,0.00,0.00,0.00,0.00,0.00,0.00,0.00,0.00,,,,,,,2,1,0.00,1,0.00,0.00,46.875,0,4,5443.01,"Suburban",1,44.4981,6,"NWReno-Skyline",1.0625,0.9375,0.53125,0.46875,0.00,0.00,0.53125,0.46875,0.00,0.00,394.6,1300.00,6,391.2,1697.20,0.360152,44.4981,18880.53,22.249,-0.0858676,-0.275172,-0.129304,-0.533196,0.11149,22.298,0.00,0.00,0.00,0.445959,394.6,102.7,0.837132,394.6,4,12.1327,8.73835,2.46041,2.58686,11.2395,0.650351,10.6519,7.15193,3.77037
606,"Internal",278,701,0.00,100938.00,51.9258,25.8203,22.2539,43,132,43,42,11,7,0.00,369,0.00,0.00,,15,,0.00,0.00,0.00,17,0.00,0.00,0.00,0.00,95,2,0.00,0.00,0.00,0.00,0.00,9,0.00,0.00,39,0.00,0.00,0.00,5,0.00,0.00,0.00,,,,,,,8.5,8.5,15.6,37.4,97,369,27.9793,0,167,5800.67,"Suburban",1,1005.71,6,"NWReno-Skyline",6.12176,2.37824,6.12176,2.37824,69.8601,27.1399,26.9358,10.4642,11.2352,4.36477,3243.40,1807.00,804,2461.50,5072.50,0.612493,0.00,30547.70,51.1889,-0.362952,-0.249893,-0.103704,1.67777,0.137522,38.2312,50.7458,0.00,13.3397,22.9662,3243.40,608.8,1.79268,3243.40,167,12.2432,8.96532,2.1698,2.4517,11.2874,0.335241,10.2027,6.70268,6.25442
607,"Internal",396,766,0.00,71322.00,48.8251,11.3577,39.8172,178,134,39,28,12,4,1,0.00,0.00,0.00,,18,,0.00,0.00,0.00,17,0.00,0.00,0.00,0.00,0.00,0.00,0.00,0.00,0.00,0.00,0.00,0.00,0.00,0.00,0.00,5,0.00,0.00,2,0.00,0.00,0.00,,,,,,,8.5,8.5,1,6,0.00,0.00,68.75,0,24,6022.95,"Suburban",1,179.86,6,"NWReno-Skyline",2.65625,5.84375,2.65625,5.84375,0.00,0.00,1.875,4.125,0.3125,0.6875,842.6,2574.00,36,828.7,3438.70,0.381503,0.00,25770.24,63.7005,-0.362952,-0.238963,-0.114187,-0.346126,0.109746,43.4593,0.00,0.00,0.00,2.6339,842.6,214.9,1.63159,842.6,24,11.8074,8.19753,2.36575,3.09041,11.0724,0.377409,12.1124,8.61239,5.03038
608,"Internal",101,256,0.00,100938.00,57.8125,16.0156,26.1719,30,33,15,13,2,3,5,0.00,0.00,0.00,,8,,0.00,0.00,0.00,0.00,0.00,0.00,0.00,0.00,0.00,0.00,0.00,0.00,0.00,0.00,0.00,7,0.00,6,0.00,0.00,0.00,0.00,0.00,0.00,0.00,0.00,,,,,,,0.00,6,0.00,7,0.00,0.00,62.5,0,13,4135.69,"Suburban",1,194.507,6,"NWReno-Skyline",0.00,0.00,2.25,3.75,0.00,0.00,2.625,4.375,0.00,0.00,249.1,656.5,19.5,245.2,921.2,0.420822,0.00,13783.06,0.00,-0.362952,-0.294607,-0.140489,-0.00161588,0.113437,11.4572,0.00,0.00,0.00,1.47469,249.1,61.9,0.430137,249.1,13,12.3101,9.05448,2.18918,2.15894,11.3266,0.275582,9.94161,6.44161,2.04536
609,"Internal",0.00,0.00,0.00,89930.00,,,,0.00,0.00,0.00,0.00,0.00,0.00,0.00,0.00,0.00,0.00,,0.00,,0.00,0.00,0.00,0.00,0.00,0.00,0.00,0.00,0.00,0.00,0.00,0.00,0.00,0.00,0.00,0.00,0.00,0.00,0.00,0.00,1,5,0.00,0.00,0.00,0.00,,,,,,,0.00,0.00,0.3,0.7,5,0.00,62.5,0,6,1137.00,"Downtown",1,724.147,6,"NWReno-Skyline",0.00,0.00,0.00,0.00,1.875,3.125,0.2625,0.4375,0.1125,0.1875,99.1,0.00,9,90.1,99.1,0.165139,0.00,11960.50,0.00,-0.362952,-0.294607,-0.144488,-2.24187,0.0879321,0.00,0.00,0.00,0.43966,0.527592,99.1,21.7,0.00319325,99.1,6,12.6459,9.77718,2.59345,3.85395,11.4748,1,8.7455,5.2455,
610,"Internal",65,133,0.00,133417.00,49.6241,29.3233,21.0526,21,28,10,4,2,0.00,0.00,0.00,0.00,0.00,,3,,0.00,0.00,0.00,0.00,0.00,0.00,0.00,0.00,0.00,0.00,0.00,0.00,0.00,0.00,5,1,0.00,0.00,0.00,0.00,0.00,0.00,0.00,0.00,0.00,0.00,,,,,,,0.00,0.00,0.00,6,0.00,0.00,100,0,6,1963.10,"Suburban",1,82.7028,6,"NWReno-Skyline",0.00,0.00,0.00,0.00,0.00,0.00,0.00,6,0.00,0.00,157.1,422.5,9,148.1,579.6,0.403098,0.00,7989.09,0.00,-0.362952,-0.294607,-0.153202,-0.156911,0.111192,7.22745,0.00,0.00,0.00,0.667149,157.1,39.7,0.27134,157.1,6,12.2281,8.85708,1.77126,2.35676,11.2938,0.00,10.2627,6.76266,0.948801
611,"Internal",74,181,0.00,160938.00,45.8564,20.442,33.7017,21,32,3,9,5,2,2,0.00,0.00,0.00,,4,,0.00,0.00,0.00,0.00,0.00,0.00,0.00,0.00,0.00,0.00,0.00,0.00,0.00,0.00,0.00,0.00,0.00,0.00,0.00,1,0.00,0.00,1,0.00,0.00,0.00,,,,,,,0.00,0.00,0.2,1.8,0.00,0.00,40,0,2,2253.75,"Suburban",1,24.4786,6,"NWReno-Skyline",0.00,0.00,0.00,0.00,0.00,0.00,1.08,0.72,0.12,0.08,151.8,481,3,148.8,632.8,0.366911,0.00,7745.04,0.00,-0.362952,-0.294607,-0.153737,-0.473976,0.107294,7.93979,0.00,0.00,0.00,0.214589,151.8,39.4,0.298083,151.8,2,12.2841,8.93824,1.58865,2.18281,11.3208,0.00,10.0418,6.54185,1.06049
612,"Internal",40,98,0.00,103839.00,42.8571,22.449,34.6939,10,9,15,5,1,0.00,0.00,0.00,0.00,0.00,,5,,0.00,0.00,0.00,0.00,0.00,0.00,0.00,0.00,0.00,0.00,0.00,0.00,0.00,0.00,0.00,0.00,0.00,0.00,0.00,0.00,0.00,0.00,0.00,0.00,0.00,0.00,,,,,,,0.00,0.00,0.00,0.00,0.00,0.00,100,0,0,3071.22,"Suburban",1,0.00,6,"NWReno-Skyline",0.00,0.00,0.00,0.00,0.00,0.00,0.00,0.00,0.00,0.00,76,260,0.00,76,336,0.350057,0.00,10529.90,0.00,-0.362952,-0.294607,-0.147627,-0.621652,0.105661,4.22644,0.00,0.00,0.00,0.00,76,20,0.158673,76,0.00,12.3341,9.19272,1.91841,1.61147,11.3309,0.00,9.84983,6.34983,0.524242
613,"Internal",90,239,0.00,172105.00,49.3724,25.1046,25.523,22,21,23,19,0.00,5,0.00,0.00,0.00,0.00,,5,,0.00,0.00,0.00,0.00,0.00,0.00,0.00,0.00,0.00,0.00,0.00,0.00,0.00,0.00,5,0.00,0.00,0.00,0.00,0.00,0.00,0.00,1,0.00,0.00,0.00,,,,,,,0.00,0.00,0.00,6,0.00,0.00,100,0,6,4018.31,"Suburban",1,97.0525,6,"NWReno-Skyline",0.00,0.00,0.00,0.00,0.00,0.00,0.00,6,0.00,0.00,204.6,585,9,195.6,789.6,0.389599,64.7017,12772.11,0.00,0.0399377,-0.294607,-0.142707,-0.275187,0.11651,10.4859,0.00,0.00,0.00,0.699059,204.6,52.2,0.393672,204.6,6,12.2604,8.93658,1.7153,1.90627,11.3051,0.00,10.1349,6.63485,1.59598
614,"Internal",138,347,0.00,90071.00,42.6513,23.9193,33.4294,18,74,9,33,3,0.00,1,0.00,0.00,0.00,,8,,0.00,0.00,0.00,0.00,0.00,0.00,0.00,0.00,0.00,0.00,0.00,0.00,0.00,0.00,0.00,0.00,0.00,0.00,3,160,5,25,26,0.00,0.00,0.00,,,,,,,0.00,0.00,34.7,159.3,25,0.00,52.6316,0,219,1744.66,"Suburban",1,553.054,6,"NWReno-Skyline",0.00,0.00,0.00,0.00,11.8421,13.1579,75.4579,83.8421,16.4368,18.2632,1816.10,897,328.5,1487.60,2713.10,0.575396,0.00,6851.56,0.00,-0.362952,-0.294607,-0.155697,1.35273,0.131347,18.1259,0.00,0.00,3.28367,28.765,1816.10,404.3,0.704349,1816.10,219,12.4214,9.20712,1.65544,2.6932,11.3895,0.277586,9.52425,6.02425,5.00592
615,"Internal",132,287,0.00,100938.00,50.8711,20.9059,28.223,41,51,22,14,3,0.00,1,635,0.00,0.00,,9,,0.00,0.00,0.00,0.00,0.00,0.00,0.00,0.00,0.00,0.00,0.00,0.00,0.00,0.00,0.00,0.00,0.00,0.00,86,0.00,0.00,0.00,0.00,0.00,0.00,0.00,,,,,,,0.00,0.00,34.4,51.6,0.00,635,45.0082,0,86,4540.89,"Suburban",1,925.327,6,"NWReno-Skyline",0.00,0.00,0.00,0.00,0.00,0.00,28.3758,23.2242,18.9172,15.4828,1684.90,858,1081.50,603.4,2542.90,0.648967,0.00,27360.62,0.00,-0.362952,-0.294607,-0.110697,1.99735,0.142166,18.766,90.2757,0.00,0.00,12.2263,1684.90,169.2,1.16792,1684.90,86,12.2014,8.82454,1.83417,2.48668,11.2721,0.00895323,10.3701,6.87014,2.86747
616,"Internal",92,175,130,90071.00,28.5714,5.14286,66.2857,54,17,7,6,7,0.00,1,0.00,0.00,0.00,,5,,0.00,0.00,0.00,0.00,0.00,0.00,0.00,0.00,0.00,0.00,0.00,0.00,0.00,0.00,0.00,0.00,0.00,0.00,0.00,138,0.00,0.00,2,0.00,0.00,0.00,,,,,,,0.00,0.00,27.6,112.4,0.00,0.00,37.9845,0,140,6750.16,"Suburban",1,2393.57,6,"NWReno-Skyline",0.00,0.00,0.00,0.00,0.00,0.00,69.7054,42.6946,17.1163,10.4837,958.8,598,210,748.8,1556.80,0.602907,0.00,26616.49,0.00,-0.362952,-0.294607,-0.11233,1.59377,0.136036,12.5153,0.00,0.00,0.00,19.045,958.8,214,0.469861,958.8,140,12.6035,9.75505,2.58414,3.84832,11.4588,0.507271,8.8863,5.3863,2.40331
617,"Internal",48,97,0.00,103839.00,47.4227,15.4639,37.1134,14,28,1,3,0.00,2,0.00,0.00,0.00,0.00,,4,,0.00,0.00,0.00,0.00,0.00,0.00,8,0.00,0.00,0.00,0.00,0.00,0.00,0.00,0.00,0.00,0.00,0.00,0.00,0.00,0.00,0.00,0.00,0.00,0.00,0.00,,,,,,,8,0.00,0.00,0.00,0.00,0.00,71.4286,0,8,2284.13,"Suburban",1,166.784,6,"NWReno-Skyline",2.28571,5.71429,0.00,0.00,0.00,0.00,0.00,0.00,0.00,0.00,115.2,312,12,103.2,427.2,0.407461,0.00,8906.26,166.784,-0.362952,-0.148918,-0.151189,-0.118685,0.111715,5.36231,0.00,0.00,0.00,0.893719,115.2,28,0.201317,115.2,8,12.2327,8.8467,1.3662,0.603467,11.2945,0.00,10.2444,6.74441,0.70369
618,"Internal",318,747,0.00,103839.00,51.8072,17.2691,30.9237,115,87,53,28,24,10,1,0.00,0.00,0.00,,16,,0.00,0.00,0.00,0.00,0.00,0.00,0.00,1,0.00,0.00,0.00,0.00,0.00,2,0.00,2,3,0.00,0.00,0.00,0.00,0.00,0.00,0.00,0.00,0.00,,,,,,,1,3,0.00,4,0.00,0.00,33.3333,0,8,5991.24,"Suburban",1,63.1021,6,"NWReno-Skyline",0.666667,0.333333,2,1,0.00,0.00,2.66667,1.33333,0.00,0.00,638.6,2067.00,12,634.4,2713.40,0.365016,0.00,21402.66,7.88776,-0.362952,-0.287717,-0.12377,-0.490583,0.107766,34.2695,0.00,0.00,0.00,0.862125,638.6,165.8,1.28658,638.6,8,12.2858,8.98588,1.99759,2.99813,11.3159,0.354076,10.0353,6.53528,4.90027
619,"Internal",286,734,0.00,160938.00,56.267,20.5722,23.1608,44,129,54,36,15,5,3,0.00,0.00,0.00,,19,,0.00,0.00,0.00,7,0.00,0.00,0.00,0.00,0.00,0.00,0.00,1,0.00,0.00,0.00,1,0.00,57,0.00,0.00,0.00,0.00,0.00,0.00,0.00,0.00,,,,,,,4.5,60.5,0.00,1,0.00,0.00,32.4324,0,66,2687.78,"Suburban",1,211.78,6,"NWReno-Skyline",3.04054,1.45946,40.8784,19.6216,0.00,0.00,0.675676,0.324324,0.00,0.00,744,1859.00,99,802.3,2760.30,0.46066,22.4616,8857.23,14.4396,-0.223086,-0.281994,-0.151297,0.347436,0.12004,34.3316,0.00,0.00,0.00,7.92267,744,176.7,1.28891,744,66,11.9411,8.31924,1.3519,0.00,11.1572,0.00,11.4859,7.98591,5.86348
620,"Internal",191,434,0.00,103839.00,47.9263,28.1106,23.9631,67,59,27,24,12,2,0.00,0.00,0.00,0.00,,9,,11,0.00,0.00,30,0.00,0.00,0.00,0.00,0.00,0.00,3,0.00,0.00,2,1,10,6,0.00,0.00,0.00,0.00,0.00,0.00,0.00,0.00,0.00,,,,,,,29,21,0.00,13,0.00,0.00,72.7273,0,63,3478.56,"Suburban",1,411.225,6,"NWReno-Skyline",7.90909,21.0909,5.72727,15.2727,0.00,0.00,3.54545,9.45455,0.00,0.00,585.7,1241.50,94.5,545.8,1881.80,0.478096,0.00,12283.23,189.294,-0.362952,-0.129255,-0.14378,0.500207,0.119869,22.8949,0.00,0.00,0.00,7.55172,585.7,136.1,0.859543,585.7,63,12.3285,9.05188,1.71923,1.69756,11.3395,0.00,9.87088,6.37088,3.56164
621,"Internal",177,446,0.00,172105.00,51.7937,21.3004,26.9058,42,66,34,17,7,10,1,0.00,0.00,0.00,,11,,0.00,0.00,0.00,0.00,0.00,0.00,0.00,0.00,0.00,0.00,0.00,0.00,0.00,0.00,0.00,0.00,0.00,5,0.00,0.00,0.00,0.00,0.00,0.00,0.00,0.00,,,,,,,0.00,5,0.00,0.00,0.00,0.00,0.00,0,5,2256.52,"Suburban",1,24.8597,6,"NWReno-Skyline",0.00,0.00,5,0.00,0.00,0.00,0.00,0.00,0.00,0.00,351.3,1150.50,7.5,356.8,1514.80,0.367645,14.9158,7531.49,0.00,-0.270073,-0.294607,-0.154206,-0.467543,0.10881,19.2593,0.00,0.00,0.00,0.544049,351.3,91,0.723053,351.3,5,11.9944,8.38743,1.69366,0.324602,11.1808,0.00,11.2469,7.74688,2.9162
622,"Internal",322,803,14,172105.00,50.0623,20.1743,29.7634,64,144,40,48,17,9,0.00,0.00,0.00,0.00,,25,,0.00,0.00,0.00,10,0.00,0.00,0.00,0.00,0.00,0.00,0.00,0.00,1,8,2,1,0.00,0.00,0.00,17,3,18,16,0.00,0.00,0.00,,,,,,,5,5,4.3,43.7,18,0.00,18.6441,0,76,2268.85,"Suburban",1,186.953,6,"NWReno-Skyline",4.0678,0.932203,4.0678,0.932203,14.6441,3.35593,35.5525,8.14746,3.49831,0.801695,1247.20,2093.00,114,1146.20,3353.20,0.492401,0.00,8248.58,12.2996,-0.362952,-0.283863,-0.152632,0.625541,0.121323,39.066,0.00,0.00,2.18382,9.22055,1247.20,297.4,1.48252,1247.20,76,12.1581,8.67278,1.38854,0.311923,11.2629,0.00,10.5467,7.04671,5.69773
623,"Internal",370,894,0.00,113417.00,49.5526,19.9105,30.5369,86,153,49,60,18,3,1,0.00,0.00,0.00,,19,,0.00,0.00,0.00,18,0.00,0.00,0.00,0.00,0.00,0.00,0.00,0.00,0.00,5,0.00,20,0.00,0.00,6,0.00,2,10,1,0.00,0.00,0.00,,,,,,,9,9,3,31,10,0.00,32.5,0,62,2965.68,"Suburban",1,185.477,6,"NWReno-Skyline",6.075,2.925,6.075,2.925,6.75,3.25,20.925,10.075,2.025,0.975,1134.40,2405.00,93,1064.80,3562.80,0.454331,17.9494,10658.35,26.9241,-0.251183,-0.271088,-0.147345,0.29198,0.118925,44.0022,0.00,0.00,1.18925,7.37333,1134.40,275.8,1.66061,1134.40,62,12.325,9.05771,1.62504,1.84398,11.3472,0.00,9.88424,6.38424,6.2355
624,"Internal",207,480,0.00,90071.00,49.375,20.8333,29.7917,51,106,14,19,8,4,5,0.00,0.00,0.00,,20,,3,0.00,0.00,17,0.00,0.00,0.00,2,0.00,0.00,0.00,0.00,0.00,0.00,7,1,0.00,0.00,0.00,0.00,0.00,0.00,0.00,0.00,0.00,0.00,,,,,,,13.5,8.5,0.00,8,0.00,0.00,63.6364,0,30,2606.21,"Suburban",1,148.332,6,"NWReno-Skyline",4.90909,8.59091,3.09091,5.40909,0.00,0.00,2.90909,5.09091,0.00,0.00,504.1,1345.50,45,481.2,1871.70,0.416558,34.6108,9254.44,66.7494,-0.147434,-0.2363,-0.150425,-0.038978,0.116267,24.0672,0.00,0.00,0.00,3.488,504.1,124.1,0.903555,504.1,30,12.2688,8.95764,1.4437,1.92101,11.3223,0.00,10.1017,6.60168,3.43815
625,"Internal",243,632,0.00,98962.00,51.4241,26.5823,21.9937,61,85,33,39,8,13,4,0.00,0.00,0.00,,13,,0.00,0.00,0.00,0.00,0.00,0.00,0.00,0.00,8,6,0.00,0.00,0.00,6,0.00,0.00,0.00,6,17,0.00,3,15,15,0.00,0.00,0.00,,,,,,,0.00,6,7.7,33.3,29,0.00,16.6667,0,76,5784.01,"Suburban",1,585.076,6,"NWReno-Skyline",0.00,0.00,5,1,24.1667,4.83333,27.75,5.55,6.41667,1.28333,1251.60,1579.50,114,1153.20,2846.70,0.526428,61.5869,21914.94,0.00,0.0205425,-0.294607,-0.122646,0.92368,0.133151,32.3557,0.00,0.00,3.86138,10.1195,1251.60,292.6,1.24277,1251.60,76,12.2765,8.95626,1.60177,2.55487,11.3142,0.253656,10.0715,6.57152,4.63815
626,"Internal",53,138,0.00,160938.00,49.2754,21.7391,28.9855,9,21,12,5,5,1,0.00,0.00,0.00,0.00,,2,,0.00,0.00,0.00,0.00,0.00,0.00,0.00,0.00,0.00,0.00,0.00,0.00,0.00,0.00,0.00,1,0.00,0.00,0.00,0.00,0.00,0.00,0.00,0.00,0.00,0.00,,,,,,,0.00,0.00,0.00,1,0.00,0.00,20,0,1,4906.65,"Suburban",1,35.1554,6,"NWReno-Skyline",0.00,0.00,0.00,0.00,0.00,0.00,0.8,0.2,0.00,0.00,106.3,344.5,1.5,104.8,450.8,0.361947,0.00,15848.07,0.00,-0.362952,-0.294607,-0.135958,-0.517472,0.107168,5.67989,0.00,0.00,0.00,0.107168,106.3,27.7,0.21324,106.3,1,11.8791,8.30101,1.50418,0.00,11.129,0.00,11.7717,8.27168,0.857876
627,"Internal",81,188,0.00,146917.00,47.8723,23.4043,28.7234,31,19,10,16,5,0.00,0.00,0.00,0.00,0.00,,3,,0.00,0.00,0.00,0.00,0.00,0.00,0.00,0.00,0.00,0.00,0.00,0.00,0.00,0.00,7,0.00,0.00,0.00,0.00,0.00,0.00,0.00,0.00,0.00,0.00,0.00,,,,,,,0.00,0.00,0.00,7,0.00,0.00,45.0082,0,7,1835.46,"Suburban",1,64.5669,6,"NWReno-Skyline",0.00,0.00,0.00,0.00,0.00,0.00,3.84943,3.15057,0.00,0.00,193.1,526.5,10.5,182.6,719.6,0.400076,27.6715,6637.48,0.00,-0.190644,-0.294607,-0.156167,-0.183394,0.11357,9.19915,0.00,0.00,0.00,0.794988,193.1,48.9,0.345364,193.1,7,11.9246,8.27146,1.36469,0.0498739,11.1603,0.00,11.5612,8.06117,1.1978
628,"Internal",95,256,0.00,219276.00,55.0781,13.2812,31.6406,17,34,17,17,9,0.00,1,439,0.00,0.00,,6,,0.00,5,0.00,0.00,0.00,0.00,0.00,0.00,0.00,9,0.00,0.00,0.00,0.00,1,25,0.00,20,48,71,14,72,11,0.00,0.00,0.00,,,,,,,5,20,37.6,132.4,81,439,14.4068,0,276,4605.99,"Suburban",1,1844.12,6,"NWReno-Skyline",4.27966,0.720339,17.1186,2.88136,69.3305,11.6695,113.325,19.0746,32.1831,5.41695,3380.70,617.5,1072.50,2360.20,4050.20,0.567053,0.00,27061.80,33.408,-0.362952,-0.265424,-0.111353,1.27963,0.131479,12.4905,57.7192,0.00,10.6498,36.2881,3380.70,596.1,0.842552,3380.70,276,12.331,9.06036,1.4184,1.76311,11.3421,0.00,9.86144,6.36144,3.83431
629,"Internal",151,376,0.00,146917.00,49.734,18.883,31.383,20,76,29,17,6,2,1,0.00,0.00,0.00,,12,,0.00,0.00,0.00,0.00,0.00,0.00,0.00,0.00,0.00,0.00,0.00,0.00,0.00,0.00,0.00,0.00,0.00,0.00,0.00,0.00,0.00,0.00,0.00,0.00,0.00,0.00,,,,,,,0.00,0.00,0.00,0.00,0.00,0.00,45.0082,0,0,3734.46,"Suburban",1,0.00,6,"NWReno-Skyline",0.00,0.00,0.00,0.00,0.00,0.00,0.00,0.00,0.00,0.00,286.9,981.5,0.00,286.9,1268.40,0.350057,0.00,12597.84,0.00,-0.362952,-0.294607,-0.143089,-0.621652,0.105761,15.9699,0.00,0.00,0.00,0.00,286.9,75.5,0.599559,286.9,0.00,11.8779,8.17013,1.44379,0.00,11.141,0.00,11.7776,8.2776,2.33413
630,"Internal",0.00,0.00,0.00,89930.00,,,,0.00,0.00,0.00,0.00,0.00,0.00,0.00,0.00,0.00,0.00,,0.00,,0.00,0.00,0.00,0.00,0.00,0.00,0.00,0.00,0.00,0.00,0.00,0.00,0.00,0.00,0.00,0.00,0.00,0.00,0.00,0.00,0.00,0.00,0.00,0.00,0.00,0.00,,,,,,,0.00,0.00,0.00,0.00,0.00,0.00,45.0082,0,0,0.00,"Suburban",1,0.00,6,"NWReno-Skyline",0.00,0.00,0.00,0.00,0.00,0.00,0.00,0.00,0.00,0.00,0.00,0.00,0.00,0.00,0.00,,0.00,0.00,0.00,-0.362952,-0.294607,-0.170731,,0.00,0.00,0.00,0.00,0.00,0.00,0.00,0.00,0.00,0.00,0.00,12.1495,8.78351,1.43627,0.101635,11.2658,0.00,10.5822,7.08217,
631,"Internal",139,345,0.00,110764.00,50.1449,19.1304,30.7246,27,58,25,23,3,1,2,0.00,0.00,0.00,,12,,0.00,0.00,0.00,1,0.00,0.00,0.00,0.00,0.00,0.00,0.00,0.00,0.00,0.00,15,0.00,0.00,5,0.00,0.00,0.00,0.00,0.00,0.00,0.00,0.00,,,,,,,0.5,5.5,0.00,15,0.00,0.00,25,0,21,3619.80,"Suburban",1,201.115,6,"NWReno-Skyline",0.375,0.125,4.125,1.375,0.00,0.00,11.25,3.75,0.00,0.00,366.1,903.5,31.5,348.9,1283.90,0.430335,28.7307,12295.76,4.78844,-0.184049,-0.290424,-0.143752,0.0817293,0.117385,16.3165,0.00,0.00,0.00,2.46508,366.1,90.5,0.61257,366.1,21,11.8258,8.16237,1.37274,0.00,11.1035,0.00,12.0238,8.52382,2.36273
632,"Internal",260,588,0.00,214074.00,38.9456,10.5442,50.5102,61,130,31,25,7,3,3,0.00,0.00,0.00,,15,,0.00,0.00,0.00,5,0.00,0.00,0.00,0.00,0.00,0.00,0.00,0.00,0.00,3,263,1,0.00,0.00,0.00,13,0.00,0.00,20,0.00,0.00,0.00,,,,,,,2.5,2.5,2.6,297.4,0.00,0.00,53.2189,0,305,5843.18,"Suburban",1,1670.44,6,"NWReno-Skyline",1.16953,1.33047,1.16953,1.33047,0.00,0.00,139.127,158.273,1.21631,1.38369,2189.00,1690.00,457.5,1738.00,3885.50,0.596873,0.00,21280.30,13.6921,-0.362952,-0.282647,-0.124039,1.54091,0.134935,35.0832,0.00,0.00,0.00,41.1553,2189.00,492.5,1.31713,2189.00,305,12.0608,8.51575,1.26003,0.651758,11.2176,0.00,10.9566,7.45656,6.70363
633,"Internal",265,635,0.00,146917.00,51.811,18.7402,29.4488,37,150,35,27,13,1,2,0.00,0.00,0.00,,16,,0.00,0.00,0.00,0.00,0.00,0.00,0.00,0.00,0.00,0.00,0.00,0.00,0.00,0.00,0.00,0.00,0.00,1,0.00,0.00,0.00,0.00,0.00,0.00,0.00,0.00,,,,,,,0.00,1,0.00,0.00,0.00,0.00,62.5,0,1,1813.32,"Suburban",1,2.84858,6,"NWReno-Skyline",0.00,0.00,0.375,0.625,0.00,0.00,0.00,0.00,0.00,0.00,506.5,1722.50,1.5,507.6,2231.60,0.352482,17.0915,6356.90,0.00,-0.256525,-0.294607,-0.156783,-0.600405,0.10735,28.4478,0.00,0.00,0.00,0.10735,506.5,133,1.06801,506.5,1,11.9929,8.33151,1.35814,0.00,11.2003,0.00,11.2535,7.75353,4.11913
634,"Internal",187,443,0.00,110764.00,55.5305,18.9616,25.5079,41,84,29,22,7,4,0.00,0.00,0.00,0.00,,9,,0.00,0.00,0.00,1,0.00,0.00,0.00,0.00,0.00,0.00,0.00,0.00,0.00,0.00,2,0.00,0.00,0.00,0.00,2,0.00,0.00,0.00,0.00,0.00,0.00,,,,,,,0.5,0.5,0.4,3.6,0.00,0.00,36.3636,0,5,3010.73,"Suburban",1,33.3894,6,"NWReno-Skyline",0.318182,0.181818,0.318182,0.181818,0.00,0.00,2.29091,1.30909,0.254545,0.145455,380.7,1215.50,7.5,374.5,1597.50,0.366088,0.00,10667.93,3.33894,-0.362952,-0.29169,-0.147324,-0.481187,0.107351,20.0746,0.00,0.00,0.00,0.536755,380.7,98.8,0.753662,380.7,5,12.1089,8.59354,1.47488,0.00,11.2595,0.00,10.7514,7.25141,3.12389
635,"Internal",134,359,0.00,98962.00,49.0251,19.4986,31.4763,21,62,11,29,6,0.00,5,0.00,0.00,0.00,,14,,0.00,0.00,0.00,0.00,0.00,0.00,0.00,1,0.00,0.00,0.00,0.00,0.00,0.00,0.00,0.00,0.00,0.00,0.00,0.00,8,42,0.00,0.00,0.00,0.00,,,,,,,1,0.00,2.4,5.6,42,0.00,11.7647,0,51,2218.58,"Suburban",1,257.695,6,"NWReno-Skyline",0.882353,0.117647,0.00,0.00,37.0588,4.94118,4.94118,0.658824,2.11765,0.282353,1087.80,871,76.5,1011.30,1958.80,0.534202,0.00,9897.51,5.05284,-0.362952,-0.290193,-0.149014,0.99179,0.12642,16.9402,0.00,0.00,5.30963,6.4474,1087.80,249.3,0.674551,1087.80,51,12.1163,8.61496,0.838681,1.54712,11.241,0.00,10.7204,7.22038,2.56666
636,"Internal",291,647,0.00,110764.00,47.2952,16.5379,36.1669,103,95,41,34,15,1,2,0.00,0.00,0.00,,13,,0.00,3,0.00,6,0.00,0.00,0.00,0.00,0.00,0.00,0.00,0.00,0.00,17,5,0.00,0.00,0.00,0.00,1,8,41,5,0.00,0.00,0.00,,,,,,,6,3,2.6,33.4,41,0.00,92.8571,0,86,6714.81,"Suburban",1,738.428,6,"NWReno-Skyline",0.428571,5.57143,0.214286,2.78571,2.92857,38.0714,2.38571,31.0143,0.185714,2.41429,1548.20,1891.50,129,1427.00,3447.50,0.526241,0.00,29601.52,51.5182,-0.362952,-0.249605,-0.10578,0.922045,0.126565,36.8305,0.00,0.00,5.18917,10.8846,1548.20,361.3,1.42042,1548.20,86,12.0813,8.66033,1.62273,0.00,11.2343,0.00,10.8687,7.36867,5.45323
637,"Internal",260,542,0.00,90071.00,59.4096,16.2362,24.3542,106,74,50,18,8,2,2,0.00,0.00,0.00,,18,,0.00,0.00,0.00,0.00,0.00,0.00,0.00,0.00,0.00,0.00,0.00,0.00,0.00,0.00,15,0.00,0.00,2,0.00,0.00,0.00,0.00,0.00,0.00,0.00,0.00,,,,,,,0.00,2,0.00,15,0.00,0.00,50,0,17,8983.84,"Suburban",1,268.555,6,"NWReno-Skyline",0.00,0.00,1,1,0.00,0.00,7.5,7.5,0.00,0.00,584,1690.00,25.5,563.7,2279.20,0.388901,0.00,36005.37,0.00,-0.362952,-0.294607,-0.0917294,-0.281305,0.111063,28.8763,0.00,0.00,0.00,1.88807,584,149,1.0841,584,17,12.1538,8.76163,1.58699,0.00,11.2769,0.00,10.5642,7.06418,4.22738
638,"Internal",301,813,0.00,219276.00,49.0775,24.8462,26.0763,32,138,56,50,17,4,4,0.00,0.00,0.00,,22,,0.00,5,0.00,7,0.00,0.00,0.00,0.00,0.00,0.00,0.00,0.00,0.00,1,2,10,0.00,2,0.00,0.00,0.00,0.00,3,0.00,0.00,0.00,,,,,,,8.5,5.5,0.00,16,0.00,0.00,64.7059,0,30,1198.18,"Suburban",1,41.792,6,"NWReno-Skyline",3,5.5,1.94118,3.55882,0.00,0.00,5.64706,10.3529,0.00,0.00,703.5,1956.50,45,672.8,2674.30,0.401196,0.00,3725.47,11.8411,-0.362952,-0.284263,-0.162557,-0.173582,0.110769,33.3414,0.00,0.00,0.00,3.32306,703.5,176.7,1.25174,703.5,30,11.9715,8.33711,0.663453,0.229233,11.1705,0.00,11.3488,7.84883,5.27695
639,"Internal",765,2056.00,0.00,213577.00,52.4805,24.2218,23.2977,168,280,91,133,51,26,16,534,0.00,0.00,,55,,6,0.00,0.00,41,3,0.00,0.00,8,72,0.00,1,0.00,6,70,47,141,7,18,68,104,15,77,16,0.00,0.00,0.00,,,,,,,38.5,45.5,52.5,414.5,149,534,51.7774,0,700,3807.80,"Suburban",1,844.813,6,"NWReno-Skyline",18.5657,19.9343,21.9413,23.5587,71.8516,77.1484,199.883,214.617,25.3168,27.1832,7908.00,4972.50,1851.00,6175.30,12998.80,0.607701,14.4825,15687.94,46.4647,-0.272771,-0.254019,-0.136309,1.63578,0.137722,105.357,73.5435,0.00,20.5206,96.4054,7908.00,1595.80,4.48197,7908.00,700,11.7835,8.05467,1.20184,0.00,11.0887,0.00,12.2285,8.72848,21.4897
640,"Internal",69,154,0.00,219276.00,50.6494,27.9221,21.4286,12,39,11,5,1,1,0.00,0.00,0.00,0.00,,4,,0.00,0.00,0.00,46,0.00,0.00,0.00,0.00,0.00,0.00,0.00,0.00,0.00,0.00,0.00,0.00,0.00,0.00,0.00,0.00,0.00,0.00,0.00,0.00,0.00,0.00,,,,,,,23,23,0.00,0.00,0.00,0.00,61.1111,0,46,2032.26,"Suburban",1,413.233,6,"NWReno-Skyline",8.94444,14.0556,8.94444,14.0556,0.00,0.00,0.00,0.00,0.00,0.00,269.1,448.5,69,259.9,777.4,0.547512,26.95,6983.63,206.616,-0.195138,-0.114124,-0.155408,1.10842,0.130942,9.03499,0.00,0.00,0.00,6.02332,269.1,57.5,0.339201,269.1,46,11.7401,8.06456,0.684827,0.00,11.0495,0.00,12.4421,8.94207,1.38771
641,"Internal",81,220,0.00,214074.00,53.1818,26.3636,20.4545,10,38,13,10,5,5,0.00,0.00,0.00,0.00,,4,,0.00,0.00,0.00,18,0.00,0.00,0.00,0.00,0.00,0.00,0.00,0.00,0.00,0.00,3,0.00,0.00,0.00,0.00,0.00,0.00,0.00,0.00,0.00,0.00,0.00,,,,,,,9,9,0.00,3,0.00,0.00,45.0082,0,21,1872.90,"Suburban",1,155.475,6,"NWReno-Skyline",4.94926,4.05074,4.94926,4.05074,0.00,0.00,1.64975,1.35025,0.00,0.00,224.7,526.5,31.5,216.6,774.6,0.458155,0.00,5734.82,66.6323,-0.362952,-0.236402,-0.158148,0.325481,0.117219,9.49472,0.00,0.00,0.00,2.46159,224.7,53.1,0.35646,224.7,21,11.7609,8.1051,0.240972,0.00,11.0601,0.00,12.3389,8.83885,1.63697
642,"Internal",3,5,0.00,99028.00,60,40,0.00,1,2,0.00,0.00,0.00,0.00,0.00,0.00,0.00,0.00,,0.00,,0.00,0.00,0.00,0.00,0.00,0.00,0.00,0.00,0.00,0.00,0.00,0.00,0.00,0.00,0.00,0.00,0.00,0.00,0.00,0.00,0.00,0.00,0.00,0.00,0.00,0.00,,,,,,,0.00,0.00,0.00,0.00,0.00,0.00,45.0082,0,0,91.9149,"Suburban",1,0.00,6,"NWReno-Skyline",0.00,0.00,0.00,0.00,0.00,0.00,0.00,0.00,0.00,0.00,5.7,19.5,0.00,5.7,25.2,0.350057,0.00,463.251,0.00,-0.362952,-0.294607,-0.169714,-0.621652,0.105174,0.315523,0.00,0.00,0.00,0.00,5.7,1.5,0.0118457,5.7,0.00,11.7346,8.073,0.302449,0.00,11.0463,0.00,12.4696,8.96963,0.0374459
643,"Internal",234,565,0.00,214074.00,46.9027,19.292,33.8053,62,93,38,20,7,10,4,0.00,0.00,0.00,,16,,0.00,0.00,0.00,1,0.00,0.00,0.00,0.00,0.00,0.00,0.00,0.00,0.00,0.00,0.00,9,0.00,0.00,1,0.00,14,69,8,0.00,0.00,0.00,,,,,,,0.5,0.5,4.6,27.4,69,0.00,70.5882,0,102,359.391,"Rural",,50.5519,6,"NWReno-Skyline",0.147059,0.352941,0.147059,0.352941,20.2941,48.7059,8.05882,19.3412,1.35294,3.24706,1917.10,1521.00,153,1765.40,3439.40,0.538992,0.00,1704.59,0.247803,-0.362952,-0.29439,-0.166991,1.03376,0.12654,29.6103,0.00,0.00,8.73123,12.907,1917.10,438.8,1.17507,1917.10,102,11.5956,7.71842,0.00,0.00,10.9871,0.00,13.1842,9.68422,4.52504
644,"Internal",0.00,0.00,0.00,89930.00,,,,0.00,0.00,0.00,0.00,0.00,0.00,0.00,0.00,0.00,0.00,,0.00,,0.00,0.00,0.00,0.00,0.00,0.00,0.00,0.00,0.00,0.00,0.00,0.00,0.00,0.00,0.00,0.00,0.00,0.00,0.00,0.00,0.00,0.00,0.00,0.00,0.00,0.00,,,,,,,0.00,0.00,0.00,0.00,0.00,0.00,45.0082,0,0,0.00,"Rural",,0.00,6,"NWReno-Skyline",0.00,0.00,0.00,0.00,0.00,0.00,0.00,0.00,0.00,0.00,0.00,0.00,0.00,0.00,0.00,,0.00,0.00,0.00,-0.362952,-0.294607,-0.170731,,0.00,0.00,0.00,0.00,0.00,0.00,0.00,0.00,0.00,0.00,0.00,11.513,7.65291,0.00,0.00,10.942,0.00,13.6303,10.1303,
645,"Internal",73,176,0.00,110764.00,49.4318,18.1818,32.3864,12,39,8,11,0.00,3,0.00,0.00,0.00,0.00,,0.00,,0.00,0.00,0.00,0.00,0.00,0.00,1,0.00,0.00,0.00,0.00,0.00,0.00,0.00,0.00,0.00,0.00,11,0.00,0.00,0.00,0.00,0.00,0.00,0.00,0.00,,,,,,,1,11,0.00,0.00,0.00,0.00,0.00,0,12,2246.50,"Suburban",1,138.359,6,"NWReno-Skyline",1,0.00,11,0.00,0.00,0.00,0.00,0.00,0.00,0.00,174.7,474.5,18,185.3,677.8,0.434473,46.1195,7814.96,11.5299,-0.075771,-0.284535,-0.153584,0.117988,0.11945,8.71985,0.00,0.00,0.00,1.4334,174.7,42.5,0.327369,174.7,12,12.0278,8.43241,1.692,0.00,11.2174,0.00,11.0999,7.59987,1.16482
646,"Internal",83,224,0.00,219276.00,41.9643,16.0714,41.9643,24,24,7,15,8,4,1,0.00,0.00,0.00,,0.00,,0.00,0.00,0.00,0.00,0.00,0.00,0.00,0.00,0.00,0.00,0.00,0.00,2,0.00,0.00,0.00,0.00,0.00,0.00,2,0.00,0.00,0.00,0.00,0.00,0.00,,,,,,,0.00,0.00,0.4,3.6,0.00,0.00,58.8235,0,4,1615.59,"Suburban",1,28.063,6,"NWReno-Skyline",0.00,0.00,0.00,0.00,0.00,0.00,1.48235,2.11765,0.164706,0.235294,180.1,539.5,6,174.1,719.6,0.379312,21.0473,5048.53,0.00,-0.231893,-0.294607,-0.159654,-0.36532,0.110545,9.17527,0.00,0.00,0.00,0.442182,180.1,46.3,0.344467,180.1,4,11.8796,8.19827,1.11896,0.0504093,11.1269,0.00,11.7696,8.26956,1.22484
701,"Internal",0.00,0.00,36,89930.00,,,,0.00,0.00,0.00,0.00,0.00,0.00,0.00,0.00,0.00,0.00,,0.00,,0.00,0.00,0.00,0.00,0.00,59,0.00,30,54,2,0.00,0.00,0.00,0.00,0.00,0.00,0.00,0.00,0.00,0.00,0.00,0.00,2,187,0.00,0.00,,,,,,,89,187,0.00,2,56,0.00,85.1064,0,334,4941.07,"Urban",1,3146.93,7,"Airport",13.2553,75.7447,27.8511,159.149,8.34043,47.6596,0.297872,1.70213,0.00,0.00,1886.40,0.00,501,1871.60,2372.60,0.333144,37.6878,22354.51,838.553,-0.128274,0.437883,-0.121682,-0.76984,0.108081,0.00,0.00,0.00,6.05255,36.0991,1886.40,370,0.0439597,1886.40,334,12.9341,9.9542,1.92571,5.50085,11.7025,0.966353,7.85812,4.35812,
702,"Internal",24,46,0.00,25437.00,50,23.913,26.087,15,2,4,0.00,3,0.00,0.00,0.00,0.00,0.00,,2,,34,0.00,0.00,79,0.00,6,8,0.00,0.00,2,112,0.00,0.00,0.00,5,0.00,0.00,55,5,0.00,3,18,188,0.00,0.00,0.00,,,,,,,199.5,94.5,2.9,198.1,20,0.00,55.6338,0,515,10845.10,"Downtown",1,6535.38,7,"Airport",88.5106,110.989,41.9261,52.5739,8.87324,11.1268,87.8894,110.211,1.28662,1.61338,2427.20,156,772.5,1900.40,2828.90,0.4711,50.7603,35898.93,2531.67,-0.0468737,1.91685,-0.091963,0.438909,0.12585,3.02039,0.00,0.00,2.51699,64.8126,2427.20,482.2,0.131675,2427.20,515,12.7802,9.61427,2.23907,5.51376,11.6256,1,8.31694,4.81694,7.86583
703,"Internal",0.00,0.00,0.00,89930.00,,,,0.00,0.00,0.00,0.00,0.00,0.00,0.00,0.00,0.00,0.00,,0.00,,0.00,0.00,0.00,0.00,0.00,0.00,0.00,0.00,0.00,0.00,0.00,0.00,0.00,0.00,2,0.00,0.00,0.00,0.00,0.00,0.00,0.00,18,13,0.00,0.00,,,,,,,0.00,13,0.00,20,0.00,0.00,32.8612,0,33,993.252,"Urban",1,632.595,7,"Airport",0.00,0.00,8.72805,4.27195,0.00,0.00,13.4278,6.57224,0.00,0.00,151,0.00,49.5,135.3,184.8,0.392219,57.5086,3542.53,0.00,-0.00485258,-0.294607,-0.162958,-0.252231,0.115578,0.00,0.00,0.00,0.00,3.81407,151,30.5,0.00,151,33,12.9656,9.89777,1.87593,5.19541,11.7305,0.977591,7.76857,4.26857,
704,"Internal",1,2,0.00,90071.00,100,0.00,0.00,0.00,1,0.00,0.00,0.00,0.00,0.00,0.00,0.00,0.00,,0.00,,0.00,0.00,0.00,0.00,0.00,0.00,0.00,0.00,0.00,0.00,0.00,0.00,0.00,0.00,0.00,0.00,0.00,0.00,0.00,186,0.00,0.00,0.00,196,0.00,0.00,,,,,,,0.00,196,37.2,148.8,0.00,0.00,94.5813,0,382,20910.08,"Urban",1,13273.21,7,"Airport",0.00,0.00,10.6207,185.379,0.00,0.00,8.06305,140.737,2.01576,35.1842,1631.50,6.5,573,1568.10,2147.60,0.395664,0.00,74621.86,0.00,-0.362952,-0.294607,-0.00699884,-0.222048,0.113783,0.113783,0.00,0.00,0.00,43.4649,1631.50,321.7,0.00427174,1631.50,382,12.905,9.90889,2.24075,5.88894,11.6876,1,7.94246,4.44246,8.03687
705,"Internal",0.00,0.00,0.00,89930.00,,,,0.00,0.00,0.00,0.00,0.00,0.00,0.00,0.00,0.00,0.00,,1,,0.00,0.00,0.00,57,0.00,0.00,0.00,0.00,8,376,0.00,0.00,8,7,2,0.00,13,5,0.00,37,611,3152.00,37,0.00,0.00,2000.00,,,,,,,28.5,46.5,190.7,511.3,3536.00,0.00,43.6137,0,4313,25894.37,"Downtown",1,16491.93,7,"Airport",16.0701,12.4299,26.2196,20.2804,1993.82,1542.18,288.303,222.997,107.529,83.1713,70279.40,0.00,6469.50,63930.80,70400.30,0.166902,168.246,269194.69,108.977,0.684695,-0.199413,0.419924,-2.22642,0.115486,0.00,0.00,0.00,408.358,498.09,70279.40,15377.50,2.9659,70279.40,4313.00,12.7377,9.87875,1.69267,4.41625,11.5982,0.891848,8.44968,4.94968,
706,"Internal",1,2,0.00,90071.00,100,0.00,0.00,0.00,1,0.00,0.00,0.00,0.00,0.00,0.00,0.00,0.00,,1,,0.00,6,0.00,51,0.00,45,10,62,0.00,7,0.00,0.00,39,0.00,14,7,0.00,143,3,26,1,8,20,0.00,0.00,0.00,,,,,,,148.5,168.5,6.7,103.3,15,0.00,39.5161,0,442,10199.83,"Downtown",1,6477.53,7,"Airport",89.8185,58.6815,101.915,66.5847,9.07258,5.92742,62.4798,40.8202,4.05242,2.64758,1849.40,6.5,663,1624.50,2294.00,0.414984,43.9651,33618.65,2176.27,-0.0891863,1.6064,-0.0969663,-0.052775,0.118356,0.118356,0.00,0.00,1.77533,52.3132,1849.40,352.5,0.0173377,1849.40,442,12.8973,9.90787,1.70146,4.4658,11.6919,1,7.96478,4.46478,6.07293
707,"Internal",0.00,0.00,107,89930.00,,,,0.00,0.00,0.00,0.00,0.00,0.00,0.00,0.00,0.00,0.00,,0.00,,0.00,0.00,0.00,0.00,0.00,0.00,0.00,0.00,0.00,0.00,0.00,0.00,0.00,0.00,5,0.00,0.00,0.00,0.00,303,2,13,0.00,212,0.00,0.00,,,,,,,0.00,212,61.2,248.8,13,0.00,68.3616,0,535,4854.34,"Urban",1,3091.69,7,"Airport",0.00,0.00,67.0734,144.927,4.11299,8.88701,78.7164,170.084,19.3627,41.8373,2615.10,0.00,802.5,2363.80,3166.30,0.378427,0.00,18297.61,0.00,-0.362952,-0.294607,-0.130583,-0.37308,0.109042,0.00,0.00,0.00,1.41754,58.3374,2615.10,531.3,0.0102956,2615.10,535,12.8947,9.9175,1.74913,5.12299,11.6838,0.725315,7.97259,4.47259,
708,"Internal",0.00,0.00,0.00,89930.00,,,,0.00,0.00,0.00,0.00,0.00,0.00,0.00,0.00,0.00,0.00,,0.00,,30,5,0.00,56,1,5,22,129,17,0.00,26,0.00,0.00,14,25,181,0.00,21,16,274,41,212,49,122,0.00,0.00,,,,,,,246,171,73.5,526.5,229,0.00,44.3609,0,1246,32731.44,"Downtown",1,20846.41,7,"Airport",136.872,109.128,95.1429,75.8571,127.414,101.586,292.94,233.56,40.8947,32.6053,8893.30,0.00,1869.00,7468.90,9337.90,0.320182,200.768,156229.28,4115.74,0.887206,3.30056,0.172061,-0.883405,0.131026,0.00,0.00,0.00,30.0049,163.258,8893.30,1867.40,0.217926,8893.30,1246.00,12.9544,10.1061,1.45434,4.62119,11.7154,1,7.80028,4.30028,
709,"Internal",0.00,0.00,0.00,89930.00,,,,0.00,0.00,0.00,0.00,0.00,0.00,0.00,0.00,0.00,0.00,,0.00,,0.00,5,0.00,34,0.00,0.00,0.00,13,51,9,16,1,0.00,77,63,60,29,135,9,280,2,15,7,5,0.00,0.00,,,,,,,52,186,60.2,437.8,75,0.00,32.5153,0,811,29851.66,"Downtown",1,19012.30,7,"Airport",35.092,16.908,125.521,60.4785,50.6135,24.3865,295.448,142.352,40.6258,19.5742,4905.30,0.00,1216.50,4172.40,5388.90,0.349565,234.43,126332.17,1219.04,1.09682,0.770243,0.106462,-0.625961,0.136942,0.00,0.00,0.00,10.2707,111.06,4905.30,1024.10,0.074596,4905.30,811,12.8909,9.94856,1.94591,4.02835,11.684,1,7.9835,4.4835,
710,"Internal",1,2,0.00,90071.00,100,0.00,0.00,0.00,1,0.00,0.00,0.00,0.00,0.00,0.00,0.00,0.00,,0.00,,7,0.00,2,725,0.00,38,0.00,116,10,28,16,0.00,0.00,0.00,5,18,16,8,0.00,21,36,185,147,0.00,0.00,0.00,,,,,,,541.5,386.5,15,212,223,0.00,79.6703,0,1378,12235.57,"Urban",1,7785.55,7,"Airport",110.085,431.415,78.5742,307.926,45.3352,177.665,43.0989,168.901,3.04945,11.9505,8227.20,6.5,2067.00,7165.10,9238.60,0.348447,56.4989,52197.07,3059.41,-0.01114,2.37784,-0.0562023,-0.635757,0.11311,0.11311,0.00,0.00,25.2235,155.865,8227.20,1651.20,0.187444,8227.20,1378.00,12.8443,9.91582,1.1823,4.49777,11.6668,0.841567,8.12165,4.62165,27.538
711,"Internal",0.00,0.00,0.00,89930.00,,,,0.00,0.00,0.00,0.00,0.00,0.00,0.00,0.00,0.00,0.00,,0.00,,0.00,0.00,0.00,21,0.00,17,18,163,0.00,0.00,20,30,0.00,37,11,21,0.00,278,3,26,0.00,0.00,64,0.00,0.00,0.00,,,,,,,258.5,288.5,6.4,155.6,0.00,0.00,44.9905,0,709,35003.32,"Downtown",1,22293.35,7,"Airport",142.199,116.301,158.702,129.798,0.00,0.00,85.5947,70.0053,3.5206,2.8794,2548.20,0.00,1063.50,2234.80,3298.30,0.436944,0.00,103709.68,8128.11,-0.362952,6.80543,0.0568244,0.139639,0.120023,0.00,0.00,0.00,0.00,85.0961,2548.20,467.9,0.00,2548.20,709,12.9064,10.243,1.23345,4.37149,11.6922,1,7.93839,4.43839,
712,"Internal",0.00,0.00,0.00,89930.00,,,,0.00,0.00,0.00,0.00,0.00,0.00,0.00,0.00,0.00,0.00,,0.00,,0.00,0.00,0.00,25,0.00,22,11,10,137,0.00,15,0.00,3,0.00,39,0.00,0.00,20,0.00,44,5,24,108,0.00,0.00,0.00,,,,,,,70.5,32.5,10.3,188.7,161,0.00,56.25,0,463,8025.27,"Downtown",1,5111.24,7,"Airport",30.8438,39.6562,14.2188,18.2812,70.4375,90.5625,82.5562,106.144,4.50625,5.79375,4434.10,0.00,694.5,3824.10,4518.60,0.26015,121.433,49882.58,778.277,0.393198,0.385231,-0.0612807,-1.4094,0.109821,0.00,0.00,0.00,17.6811,50.847,4434.10,950.4,0.128418,4434.10,463,12.877,10.0849,1.24896,4.24376,11.6726,0.796665,8.02458,4.52458,
713,"Internal",0.00,0.00,0.00,89930.00,,,,0.00,0.00,0.00,0.00,0.00,0.00,0.00,0.00,0.00,0.00,,0.00,,0.00,0.00,0.00,32,0.00,0.00,0.00,0.00,0.00,0.00,0.00,0.00,0.00,11,13,16,0.00,69,0.00,6,8,40,22,63,0.00,270,,,,,,,16,148,3.6,72.4,40,0.00,61.032,0,280,19321.07,"Downtown",1,12305.44,7,"Airport",6.23488,9.76512,57.6726,90.3274,15.5872,24.4128,28.2128,44.1872,1.40285,2.19715,1665.60,0.00,420,1630.40,2050.40,0.325759,131.844,90111.01,703.168,0.458025,0.319622,0.0269868,-0.834545,0.120355,0.00,0.00,0.00,4.81419,33.6993,1665.60,337.2,0.0349654,1665.60,280,12.9913,10.1919,1.80893,4.03677,11.7235,1,7.69617,4.19617,
714,"Internal",0.00,0.00,0.00,89930.00,,,,0.00,0.00,0.00,0.00,0.00,0.00,0.00,0.00,0.00,0.00,,0.00,,0.00,0.00,0.00,32,0.00,0.00,0.00,0.00,0.00,3,25,0.00,0.00,0.00,2,0.00,0.00,0.00,0.00,0.00,22,110,1,0.00,0.00,0.00,,,,,,,41,16,6.6,18.4,113,0.00,45.0082,0,195,18309.70,"Downtown",1,11661.31,7,"Airport",22.5466,18.4534,8.79869,7.20131,62.1407,50.8593,10.1185,8.28151,3.62946,2.97054,2424.10,0.00,292.5,2173.20,2465.70,0.20911,0.00,147452.83,2451.87,-0.362952,1.84714,0.152804,-1.8566,0.0978647,0.00,0.00,0.00,11.0587,19.0836,2424.10,521.8,0.0803194,2424.10,195,12.8634,10.1498,1.12022,4.40724,11.6746,1,8.06489,4.56489,
715,"Internal",0.00,0.00,0.00,89930.00,,,,0.00,0.00,0.00,0.00,0.00,0.00,0.00,0.00,216,0.00,,0.00,,0.00,0.00,0.00,98,5,15,0.00,8,0.00,0.00,0.00,61,0.00,0.00,5,2,0.00,22,24,26,0.00,3,30,0.00,0.00,0.00,,,,,,,138,71,14.8,72.2,3,216,45.0082,0,299,10813.65,"Downtown",1,6887.13,7,"Airport",75.8887,62.1113,39.0442,31.9558,1.64975,1.35025,39.7041,32.4959,8.13879,6.66121,1494.30,0.00,772.5,906.4,1678.90,0.49682,0.00,38671.60,3178.68,-0.362952,2.48202,-0.0858793,0.664257,0.123522,0.00,26.6808,0.00,0.370567,36.9332,1494.30,221.2,0.139644,1494.30,299,12.8774,9.97763,1.35643,4.20192,11.6783,0.806262,8.02326,4.52326,
716,"Internal",32,49,0.00,90071.00,51.0204,32.6531,16.3265,23,4,2,2,0.00,0.00,1,0.00,0.00,0.00,,2,,0.00,0.00,0.00,688,31,87,0.00,0.00,3,55,0.00,48,0.00,6,21,1,38,86,0.00,137,7,33,41,0.00,0.00,0.00,,,,,,,510,468,29.5,183.5,91,0.00,70.3336,0,1282,17594.92,"Urban",1,10939.77,7,"Airport",151.299,358.701,138.839,329.161,26.9965,64.0035,54.4379,129.062,8.7516,20.7484,5889.30,208,1923.00,5183.10,7314.10,0.427888,392.535,62413.84,4352.01,2.08131,3.50695,-0.0337851,0.0602942,0.164101,5.25122,0.00,0.00,14.9332,210.377,5889.30,1133.70,0.305606,5889.30,1282.00,12.8621,9.89515,1.87012,4.65857,11.6669,0.91231,8.06862,4.56862,23.0068
717,"Internal",0.00,0.00,0.00,89930.00,,,,0.00,0.00,0.00,0.00,0.00,0.00,0.00,0.00,0.00,0.00,,0.00,,0.00,0.00,0.00,0.00,0.00,0.00,0.00,0.00,0.00,0.00,0.00,0.00,0.00,0.00,0.00,0.00,0.00,0.00,0.00,0.00,23,117,0.00,2,0.00,126,,,,,,,0.00,2,6.9,16.1,117,0.00,45.0082,0,142,6085.96,"Urban",1,3876.11,7,"Airport",0.00,0.00,1.09984,0.900164,64.3404,52.6596,8.85368,7.24632,3.79443,3.10557,2322.70,0.00,213,2114.90,2327.90,0.166253,0.00,63543.56,0.00,-0.362952,-0.294607,-0.0313064,-2.2321,0.0901768,0.00,0.00,0.00,10.5507,12.8051,2322.70,508.3,0.0766296,2322.70,142,12.9361,10.1,1.91858,4.23074,11.6957,1,7.85241,4.35241,
718,"Internal",1,2,16,90071.00,100,0.00,0.00,0.00,1,0.00,0.00,0.00,0.00,0.00,0.00,0.00,0.00,,0.00,,0.00,0.00,0.00,0.00,0.00,0.00,5,0.00,0.00,0.00,0.00,0.00,0.00,0.00,7,0.00,3,0.00,0.00,0.00,0.00,0.00,80,0.00,0.00,0.00,,,,,,,5,3,0.00,87,0.00,0.00,73.1343,0,95,2265.89,"Urban",1,1424.03,7,"Airport",1.34328,3.65672,0.80597,2.19403,0.00,0.00,23.3731,63.6269,0.00,0.00,513.1,6.5,142.5,378.4,527.4,0.412063,119.919,7905.63,74.9491,0.383766,-0.229138,-0.153385,-0.0783625,0.124772,0.124772,0.00,0.00,0.00,11.8533,513.1,108.9,0.0046843,513.1,95,12.8568,10.0002,1.021,4.03722,11.6725,0.915102,8.08443,4.58443,1.83463
719,"Internal",0.00,0.00,0.00,89930.00,,,,0.00,0.00,0.00,0.00,0.00,0.00,0.00,0.00,0.00,0.00,,0.00,,0.00,0.00,0.00,60,0.00,0.00,7,0.00,5,2,0.00,0.00,0.00,0.00,5,0.00,0.00,0.00,0.00,0.00,0.00,0.00,8,0.00,0.00,0.00,,,,,,,37,30,0.00,13,7,0.00,75,0,87,1426.45,"Urban",1,908.496,7,"Airport",9.25,27.75,7.5,22.5,1.75,5.25,3.25,9.75,0.00,0.00,404.7,0.00,130.5,352.2,482.7,0.394526,0.00,5040.59,386.372,-0.362952,0.0428954,-0.159671,-0.232023,0.110112,0.00,0.00,0.00,0.770784,9.57974,404.7,77.8,0.0055982,404.7,87,12.7988,9.74865,0.483199,3.72486,11.6642,0.760226,8.2598,4.7598,
720,"Internal",0.00,0.00,0.00,89930.00,,,,0.00,0.00,0.00,0.00,0.00,0.00,0.00,0.00,0.00,0.00,,0.00,,2,1,0.00,154,0.00,0.00,0.00,3,38,244,941,78,0.00,11,956,20,6,15,0.00,8,20,101,63,458,0.00,0.00,,,,,,,1102.00,556,7.6,1070.40,383,0.00,38.5827,5843,3119,9001.98,"Urban",1,5733.29,7,"Airport",676.819,425.181,341.48,214.52,235.228,147.772,657.411,412.989,4.66772,2.93228,18172.90,0.00,4678.50,14940.00,19618.50,0.363208,22.0582,36062.40,2025.68,-0.225598,1.47486,-0.0916043,-0.506421,0.110462,0.00,0.00,0.00,42.3068,344.53,18172.90,3692.90,0.307274,18172.90,3119.00,12.5713,9.3442,0.540505,2.8511,11.5354,0.573567,8.9951,5.4951,
721,"Internal",5,12,0.00,90071.00,58.3333,25,16.6667,1,2,1,1,0.00,0.00,0.00,0.00,0.00,0.00,,0.00,,0.00,42,0.00,464,61,13,253,106,422,30,22,21,17,0.00,71,13,34,84,0.00,6,5,26,143,0.00,0.00,0.00,,,,,,,750,350,2.7,252.3,478,0.00,63.3578,0,1833,22049.29,"Urban",1,13984.72,7,"Airport",274.816,475.184,128.248,221.752,175.15,302.85,92.4482,159.852,0.989338,1.71066,13676.10,32.5,2749.50,11836.60,14618.60,0.309015,53.4059,111531.38,5722.06,-0.0303996,4.70371,0.0739864,-0.981252,0.111494,0.55747,0.00,0.00,53.2941,204.368,13676.10,2818.30,0.408004,13676.10,1833.00,12.831,9.96347,1.06738,4.06656,11.6628,1,8.16177,4.66177,31.2579
722,"Internal",0.00,0.00,0.00,89930.00,,,,0.00,0.00,0.00,0.00,0.00,0.00,0.00,0.00,0.00,0.00,,0.00,,0.00,0.00,0.00,0.00,0.00,0.00,0.00,0.00,0.00,0.00,0.00,0.00,0.00,0.00,0.00,0.00,0.00,0.00,0.00,0.00,0.00,0.00,0.00,0.00,0.00,0.00,,,,,,,0.00,0.00,0.00,0.00,0.00,0.00,45.0082,0,0,0.00,"Urban",1,0.00,7,"Airport",0.00,0.00,0.00,0.00,0.00,0.00,0.00,0.00,0.00,0.00,0.00,0.00,0.00,0.00,0.00,,0.00,0.00,0.00,-0.362952,-0.294607,-0.170731,,0.00,0.00,0.00,0.00,0.00,0.00,0.00,0.00,0.00,0.00,0.00,12.7567,9.99654,2.79415,5.42054,11.5727,1,8.39007,4.89007,
723,"Internal",9,21,0.00,90071.00,61.9048,23.8095,14.2857,3,3,1,1,1,0.00,0.00,0.00,0.00,0.00,,0.00,,109,0.00,0.00,561,26,18,77,61,61,23,129,38,0.00,0.00,14,81,10,223,5,0.00,2,10,41,0.00,0.00,0.00,,,,,,,738.5,513.5,2.6,140.4,94,0.00,50.7803,0,1489,10073.65,"Urban",1,6358.72,7,"Airport",363.488,375.012,252.743,260.757,46.2665,47.7335,69.1045,71.2955,1.27971,1.32029,6331.70,58.5,2233.50,5433.30,7725.30,0.421707,153.737,32990.59,3153.74,0.594347,2.46023,-0.0983443,0.00613196,0.131194,1.18075,0.00,0.00,12.3323,195.348,6331.70,1187.50,0.133898,6331.70,1489.00,12.7448,9.66661,2.27996,4.67083,11.6239,0.988297,8.42713,4.92713,21.7143
724,"Internal",0.00,0.00,0.00,89930.00,,,,0.00,0.00,0.00,0.00,0.00,0.00,0.00,0.00,0.00,0.00,,0.00,,0.00,30,0.00,460,0.00,22,93,239,15,5,213,84,0.00,0.00,11,65,8,0.00,0.00,6,1,3,141,0.00,0.00,0.00,,,,,,,911,238,1.5,222.5,23,0.00,66.0297,0,1396,11521.41,"Urban",1,7337.90,7,"Airport",309.469,601.531,80.8493,157.151,7.81316,15.1868,75.5839,146.916,0.509554,0.990446,5131.50,0.00,2094.00,3656.30,5750.30,0.463092,31.5383,30225.74,4788.56,-0.166567,3.88828,-0.104411,0.368744,0.122467,0.00,0.00,0.00,2.81675,170.965,5131.50,937.6,0.0204581,5131.50,1396.00,12.5844,9.43866,0.00345978,3.09736,11.5572,0.886377,8.95069,5.45069,
725,"Internal",0.00,0.00,0.00,89930.00,,,,0.00,0.00,0.00,0.00,0.00,0.00,0.00,0.00,0.00,0.00,,0.00,,0.00,0.00,0.00,98,0.00,16,0.00,85,15,46,51,0.00,0.00,0.00,135,80,0.00,0.00,34,0.00,0.00,0.00,23,0.00,0.00,0.00,,,,,,,201,49,13.6,258.4,61,0.00,70.8723,0,583,10549.18,"Urban",1,6718.69,7,"Airport",58.5467,142.453,14.2726,34.7274,17.7679,43.2321,75.266,183.134,3.96137,9.63863,3413.90,0.00,874.5,2666.80,3541.30,0.371925,172.865,40811.16,2316.39,0.713458,1.7288,-0.0811848,-0.43005,0.127628,0.00,0.00,0.00,7.78532,74.4072,3413.90,701.5,0.0565448,3413.90,583,12.6665,9.68489,1.22359,3.94107,11.5969,1,8.6777,5.1777,
726,"Internal",0.00,0.00,0.00,89930.00,,,,0.00,0.00,0.00,0.00,0.00,0.00,0.00,0.00,0.00,0.00,,0.00,,0.00,0.00,0.00,0.00,0.00,0.00,0.00,0.00,0.00,0.00,13,0.00,0.00,0.00,0.00,0.00,0.00,0.00,0.00,0.00,574,2964.00,7,0.00,0.00,1382.00,,,,,,,13,0.00,172.2,408.8,2964.00,0.00,35.4779,0,3558,93304.53,"Downtown",1,59424.96,7,"Airport",8.38787,4.61213,0.00,0.00,1912.43,1051.57,263.766,145.034,111.107,61.093,58719.40,0.00,5337.00,53382.40,58719.40,0.165258,100.211,980718.95,217.123,0.261048,-0.104946,1.98112,-2.24083,0.149123,0.00,0.00,0.00,442.002,530.581,58719.40,12856.10,3.21026,58719.40,3558.00,12.8487,10.7353,2.71683,4.62774,11.5722,1,8.1086,4.6086,
727,"Internal",3,18,0.00,90071.00,0.00,0.00,100,0.00,-1,2,0.00,0.00,0.00,2,0.00,0.00,0.00,,0.00,,0.00,23,414,239,37,20,8,227,5,0.00,60,1,78,0.00,21,93,10,679,56,0.00,10,52,31,0.00,0.00,0.00,,,,,,,909.5,808.5,25.4,263.6,57,0.00,67.0213,0,2064,13624.67,"Urban",1,8629.52,7,"Airport",299.941,609.559,266.633,541.867,18.7979,38.2021,86.9319,176.668,8.3766,17.0234,7844.00,19.5,3096.00,6850.10,9965.60,0.430997,29.2668,41665.85,3802.59,-0.180711,3.02702,-0.0793095,0.0875346,0.119087,0.357261,0.00,0.00,6.78796,245.796,7844.00,1441.00,0.0627136,7844.00,2064.00,12.5486,9.28805,1.38461,3.58525,11.5627,0.901353,9.07292,5.57292,34.9467
728,"Internal",3,12,11,90071.00,50,0.00,50,0.00,0.00,0.00,3,0.00,0.00,0.00,0.00,0.00,0.00,,0.00,,171,0.00,0.00,0.00,0.00,0.00,0.00,76,0.00,0.00,131,0.00,0.00,0.00,0.00,26,0.00,37,0.00,5,0.00,1,6,0.00,0.00,0.00,,,,,,,378,37,1,36,1,0.00,44.9375,0,453,542.071,"Rural",,339.513,7,"Airport",208.136,169.864,20.3731,16.6269,0.550625,0.449375,19.8225,16.1775,0.550625,0.449375,1476.60,19.5,679.5,893.3,1592.30,0.503007,2.24843,1193.39,283.302,-0.348951,-0.0471377,-0.168112,0.718471,0.122431,0.367293,0.00,0.00,0.122431,55.4612,1476.60,257.5,0.0146785,1476.60,453,12.524,9.28168,0.883402,2.94466,11.549,0.256001,9.15838,5.65838,6.06692
729,"Internal",1,2,0.00,90071.00,100,0.00,0.00,0.00,1,0.00,0.00,0.00,0.00,0.00,57,0.00,1068.00,,0.00,,0.00,7,0.00,84,51,0.00,946,135,8,52,2,28,230,0.00,13,213,1,24,28,150,2,15,21,0.00,0.00,0.00,,,,,,,1211.00,67,41.8,615.2,75,57,68.7163,0,2010,17179.21,"Urban",1,10934.38,7,"Airport",378.846,832.154,20.9601,46.0399,23.4628,51.5372,192.457,422.743,13.0766,28.7234,15090.70,2249.30,6945.30,6076.80,15271.40,0.61313,81.5999,83076.30,6587.83,0.145161,5.45997,0.0115515,1.68335,0.151073,0.151073,8.61118,161.346,11.3305,303.657,15090.70,1735.40,3.54851,15090.70,2010.00,12.5244,9.26445,1.05212,3.42551,11.547,0.987328,9.15689,5.65689,34.317
730,"Internal",0.00,0.00,0.00,89930.00,,,,0.00,0.00,0.00,0.00,0.00,0.00,0.00,0.00,0.00,0.00,,0.00,,0.00,0.00,0.00,81,0.00,0.00,131,202,7,0.00,8,150,0.00,0.00,3,3,0.00,8,0.00,5,0.00,0.00,36,0.00,0.00,0.00,,,,,,,531.5,48.5,1,46,7,0.00,61.6794,0,634,7746.45,"Urban",1,4933.65,7,"Airport",203.674,327.826,18.5855,29.9145,2.68244,4.31756,17.6275,28.3725,0.383206,0.616794,2134.10,0.00,951,1309.20,2260.20,0.487442,46.6907,17588.40,4136.02,-0.0722142,3.31827,-0.132139,0.58209,0.126351,0.00,0.00,0.00,0.884454,80.1063,2134.10,375.1,0.00642379,2134.10,634,12.5379,9.40703,0.287819,3.49739,11.5455,1,9.10988,5.60988,
731,"Internal",1,2,44,90071.00,100,0.00,0.00,1,-1,1,0.00,0.00,0.00,0.00,0.00,0.00,0.00,,0.00,,7,0.00,0.00,15,0.00,0.00,0.00,0.00,0.00,0.00,0.00,0.00,0.00,0.00,0.00,0.00,0.00,2,0.00,0.00,0.00,0.00,15,0.00,0.00,0.00,,,,,,,14.5,9.5,0.00,15,0.00,0.00,31.25,0,39,258.546,"Urban",1,159.458,7,"Airport",9.96875,4.53125,6.53125,2.96875,0.00,0.00,10.3125,4.6875,0.00,0.00,157.9,6.5,58.5,124.1,189.1,0.472429,12.266,773.166,59.2856,-0.286573,-0.24282,-0.169034,0.450551,0.11989,0.11989,0.00,0.00,0.00,4.6757,157.9,30.5,0.00450102,157.9,39,12.5284,9.22136,0.00,3.06881,11.5558,0.671489,9.1429,5.6429,0.469208
732,"Internal",1,1,0.00,90071.00,100,0.00,0.00,1,0.00,0.00,0.00,0.00,0.00,0.00,0.00,0.00,0.00,,0.00,,57,0.00,0.00,94,0.00,0.00,0.00,455,59,8,6,18,0.00,0.00,42,1,0.00,0.00,0.00,0.00,0.00,0.00,37,0.00,0.00,0.00,,,,,,,583,47,0.00,80,67,0.00,71.1409,0,777,9735.27,"Urban",1,6195.24,7,"Airport",168.248,414.752,13.5638,33.4362,19.3356,47.6644,23.0872,56.9128,0.00,0.00,3592.80,6.5,1165.50,2549.50,3721.50,0.43259,119.599,29672.59,4648.43,0.381778,3.76587,-0.105625,0.101488,0.128474,0.128474,0.00,0.00,8.60778,99.8246,3592.80,686.2,0.0673417,3592.80,777,12.553,9.39061,0.304628,3.31095,11.5481,0.943463,9.05769,5.55769,13.1671
733,"Internal",0.00,0.00,0.00,89930.00,,,,0.00,0.00,0.00,0.00,0.00,0.00,0.00,0.00,0.00,0.00,,0.00,,6,0.00,0.00,720,44,362,147,254,20,83,177,23,7,0.00,41,15,0.00,81,10,3,13,64,153,0.00,0.00,0.00,,,,,,,1373.00,441,8.5,233.5,167,0.00,61.3887,0,2223,15049.98,"Urban",1,9585.22,7,"Airport",530.133,842.867,170.276,270.724,64.4809,102.519,90.1574,143.343,3.28196,5.21804,9920.10,0.00,3334.50,7732.20,11066.70,0.421044,56.0539,47717.84,5920.16,-0.0139108,4.87675,-0.0660305,0.000325666,0.121105,0.00,0.00,0.00,20.2246,269.217,9920.10,1882.10,0.146891,9920.10,2223.00,12.5281,9.39077,0.00,3.58381,11.5436,0.834152,9.14386,5.64386,
734,"Internal",1,2,54,90071.00,100,0.00,0.00,0.00,1,0.00,0.00,0.00,0.00,0.00,0.00,842,0.00,,0.00,,9,0.00,0.00,224,25,8,101,79,33,6,8,0.00,163,7,24,280,86,702,124,865,2,10,104,345,0.00,0.00,,,,,,,342,1245.00,223.2,1345.80,49,842,64.7736,0,3205,19612.66,"Urban",1,12486.19,7,"Airport",120.474,221.526,438.568,806.432,17.2609,31.7391,474.076,871.724,78.6253,144.575,15728.60,6.5,6070.50,12895.10,18972.10,0.435644,97.3962,73912.42,1332.38,0.243522,0.869249,-0.00855548,0.128248,0.128888,0.128888,108.523,0.00,6.31549,413.085,15728.60,2877.70,0.607759,15728.60,3205.00,12.53,9.25076,0.00,2.57241,11.5608,1,9.13748,5.63748,52.3134
735,"Internal",0.00,0.00,1,89930.00,,,,0.00,0.00,0.00,0.00,0.00,0.00,0.00,0.00,0.00,0.00,,0.00,,2,0.00,0.00,0.00,56,0.00,0.00,20,0.00,0.00,64,57,0.00,0.00,34,0.00,0.00,0.00,0.00,0.00,16,85,0.00,0.00,0.00,0.00,,,,,,,199,0.00,4.8,45.2,85,0.00,39.0756,0,334,3215.83,"Urban",1,2048.14,7,"Airport",121.239,77.7605,0.00,0.00,51.7857,33.2143,27.5378,17.6622,2.92437,1.87563,2466.50,0.00,501,1965.50,2466.50,0.323727,42.925,15124.94,1220.30,-0.0956628,0.771343,-0.137544,-0.852351,0.107234,0.00,0.00,0.00,9.11487,35.8161,2466.50,508,0.0662013,2466.50,334,12.5887,9.39346,2.0666,3.5648,11.5367,0.902194,8.93619,5.43619,
736,"Internal",0.00,0.00,19,89930.00,,,,0.00,0.00,0.00,0.00,0.00,0.00,0.00,30,0.00,0.00,,0.00,,2,0.00,0.00,102,115,39,40,100,24,0.00,8,356,0.00,2,17,1172.00,36,32,0.00,249,0.00,0.00,73,0.00,0.00,0.00,,,,,,,711,119,49.8,1463.20,24,30,69.0967,0,2367,25157.39,"Downtown",1,16022.55,7,"Airport",219.723,491.277,36.775,82.225,7.4168,16.5832,452.177,1011.02,15.3899,34.4101,11456.60,0.00,3595.50,8170.50,11766.00,0.424405,40.6148,79645.70,4812.86,-0.110048,3.9095,0.00402423,0.0297716,0.121588,0.00,3.64763,0.00,2.9181,287.798,11456.60,2329.00,0.0399175,11456.60,2367.00,12.3549,8.99064,0.940586,3.1953,11.4751,0.999918,9.77086,6.27086,
737,"Internal",0.00,0.00,0.00,89930.00,,,,0.00,0.00,0.00,0.00,0.00,0.00,0.00,0.00,0.00,0.00,,0.00,,3,5,0.00,1336.00,25,184,96,328,56,38,47,7,2,11,9,36,6,102,7,73,8,40,157,0.00,0.00,0.00,,,,,,,1363.00,776,19.8,283.2,134,0.00,55.3143,0,2576,23628.95,"Urban",1,15049.10,7,"Airport",609.066,753.934,346.761,429.239,59.8789,74.1211,126.55,156.65,8.84777,10.9522,10619.60,0.00,3864.00,8773.20,12637.20,0.424545,163.577,73827.05,7962.70,0.655623,6.66094,-0.00874278,0.0309978,0.135116,0.00,0.00,0.00,18.1055,348.058,10619.60,1982.50,0.1315,10619.60,2576.00,12.6182,9.58757,0.608686,2.95445,11.5713,1,8.83713,5.33713,
738,"Internal",0.00,0.00,0.00,89930.00,,,,0.00,0.00,0.00,0.00,0.00,0.00,0.00,0.00,0.00,0.00,,0.00,,0.00,0.00,0.00,278,0.00,3,23,7,3,84,46,86,0.00,0.00,0.00,1,0.00,160,0.00,0.00,0.00,2,25,0.00,0.00,0.00,,,,,,,304,299,0.00,26,89,0.00,62.6087,0,718,27537.28,"Downtown",1,17538.29,7,"Airport",113.67,190.33,111.8,187.2,33.2783,55.7217,9.72174,16.2783,0.00,0.00,3618.90,0.00,1077.00,3319.30,4396.30,0.369928,0.00,107386.59,7425.68,-0.362952,6.19185,0.0648921,-0.447541,0.112618,0.00,0.00,0.00,10.023,80.8597,3618.90,697.6,0.0727971,3618.90,718,12.6623,9.7066,0.813683,3.04689,11.5898,0.974596,8.69169,5.19169,
739,"Internal",1,2,0.00,90071.00,100,0.00,0.00,0.00,1,0.00,0.00,0.00,0.00,0.00,0.00,0.00,0.00,,0.00,,0.00,1,0.00,611,0.00,257,448,415,39,9,0.00,76,15,0.00,60,45,64,110,20,3,11,60,147,0.00,0.00,0.00,,,,,,,1502.50,479.5,11.9,289.1,108,0.00,63.3433,0,2391,10856.67,"Urban",1,6910.85,7,"Airport",550.766,951.734,175.769,303.731,39.5892,68.4108,105.974,183.126,4.36214,7.53786,9653.10,6.5,3586.50,7313.30,10906.30,0.442212,83.8204,31523.13,4342.77,0.158988,3.49887,-0.101564,0.185798,0.125759,0.125759,0.00,0.00,13.582,300.691,9653.10,1795.50,0.103368,9653.10,2391.00,12.3354,8.97195,0.702277,1.71863,11.4439,0.727023,9.84493,6.34493,39.3603
740,"Internal",0.00,0.00,0.00,89930.00,,,,0.00,0.00,0.00,0.00,0.00,0.00,0.00,0.00,0.00,0.00,,0.00,,0.00,0.00,0.00,0.00,0.00,0.00,0.00,0.00,0.00,0.00,0.00,0.00,0.00,0.00,0.00,0.00,0.00,0.00,0.00,0.00,7,32,0.00,0.00,0.00,0.00,,,,,,,0.00,0.00,2.1,4.9,32,0.00,45.0082,0,39,618.635,"Urban",1,394.004,7,"Airport",0.00,0.00,0.00,0.00,17.5974,14.4026,2.6946,2.2054,1.15483,0.945172,637.6,0.00,58.5,579.1,637.6,0.166664,0.00,6441.46,0.00,-0.362952,-0.294607,-0.156597,-2.2285,0.0878402,0.00,0.00,0.00,2.81089,3.42577,637.6,139.6,0.0204155,637.6,39,12.7567,9.85161,1.83431,3.84193,11.6058,0.950106,8.39001,4.89001,
741,"Internal",0.00,0.00,0.00,89930.00,,,,0.00,0.00,0.00,0.00,0.00,0.00,0.00,0.00,0.00,0.00,,0.00,,7,8,0.00,300,62,279,271,356,40,10,25,327,15,13,8,98,26,255,17,0.00,25,133,174,0.00,0.00,0.00,,,,,,,1485.00,431,14.3,335.7,183,0.00,66.9129,0,2449,8821.99,"Urban",1,5618.66,7,"Airport",491.343,993.657,142.605,288.395,60.5493,122.451,111.073,224.627,4.73145,9.56855,11130.10,0.00,3673.50,8577.20,12250.70,0.419888,73.4165,28106.37,3406.99,0.094204,2.68145,-0.109061,-0.00980075,0.121762,0.00,0.00,0.00,22.2825,298.196,11130.10,2128.30,0.161838,11130.10,2449.00,12.4993,9.28613,0.0916178,2.8413,11.5285,0.938963,9.24478,5.74478,
742,"Internal",0.00,0.00,0.00,89930.00,,,,0.00,0.00,0.00,0.00,0.00,0.00,0.00,0.00,0.00,0.00,,0.00,,0.00,0.00,0.00,0.00,0.00,0.00,0.00,0.00,6,10,0.00,0.00,0.00,5,0.00,6,0.00,7,0.00,0.00,5,24,3,0.00,0.00,0.00,,,,,,,0.00,7,1.5,17.5,40,0.00,25,0,66,11601.52,"Urban",1,7388.92,7,"Airport",0.00,0.00,5.25,1.75,30,10,13.125,4.375,1.125,0.375,875.4,0.00,99,794.6,893.6,0.197028,0.00,100041.53,0.00,-0.362952,-0.294607,0.0487759,-1.96246,0.094592,0.00,0.00,0.00,3.78368,6.24307,875.4,190.3,0.0274809,875.4,66,12.7051,9.77496,1.44341,3.17371,11.592,1,8.55317,5.05317,
743,"Internal",54,131,0.00,90071.00,42.7481,38.9313,18.3206,16,21,2,8,7,0.00,0.00,0.00,0.00,0.00,,6,,7,0.00,0.00,84,191,104,30,0.00,0.00,0.00,38,7,0.00,0.00,16,56,0.00,65,0.00,0.00,1,6,33,0.00,0.00,0.00,,,,,,,419,107,0.3,105.7,6,0.00,60.0164,0,638,6749.66,"Urban",1,3801.65,7,"Airport",167.531,251.469,42.7825,64.2175,2.39902,3.60098,42.2627,63.4373,0.119951,0.180049,2386.40,351,957,1707.60,3015.60,0.565096,17.8761,17969.07,2496.70,-0.251639,1.8863,-0.131304,1.26248,0.132761,7.1691,0.00,0.00,0.796567,84.7016,2386.40,441.8,0.274935,2386.40,638,12.4505,9.20366,0.00,3.12159,11.5109,0.999931,9.41876,5.91876,9.80676
744,"Internal",460,907,0.00,58880.00,77.839,10.5843,11.5766,193,180,37,22,16,9,3,0.00,0.00,0.00,,4,,0.00,0.00,0.00,1,0.00,0.00,0.00,0.00,0.00,0.00,16,0.00,0.00,3,13,6,0.00,1,0.00,0.00,14,71,0.00,0.00,0.00,0.00,,,,,,,16.5,1.5,4.2,31.8,71,0.00,24.2031,0,125,4840.14,"Urban",1,548.388,7,"Airport",12.5065,3.99351,1.13695,0.363046,53.8158,17.1842,24.1034,7.69658,3.18347,1.01653,2457.30,2990.00,187.5,2273.70,5451.20,0.523988,0.00,23914.98,72.3872,-0.362952,-0.231375,-0.118258,0.902303,0.125969,57.9459,0.00,0.00,8.94383,15.7462,2457.30,573.3,2.24042,2457.30,125,12.5612,9.62762,2.20727,3.32443,11.4938,0.768672,9.02988,5.52988,9.92483
745,"Internal",0.00,0.00,26,89930.00,,,,0.00,0.00,0.00,0.00,0.00,0.00,0.00,0.00,0.00,0.00,,0.00,,0.00,0.00,0.00,490,0.00,95,59,458,87,2,328,368,0.00,0.00,5,104,10,56,18,1,11,62,95,0.00,2,0.00,,,,,,,1553.00,313,10.7,223.3,151,0.00,66.8647,0,2251,9472.78,"Suburban",1,6033.14,7,"Airport",514.591,1038.41,103.714,209.286,50.0343,100.966,73.9912,149.309,3.54548,7.15452,9732.10,0.00,3376.50,7169.40,10545.90,0.435324,24.1219,28265.19,4162.36,-0.212748,3.34128,-0.108713,0.125441,0.118326,0.00,0.00,0.00,17.8672,266.351,9732.10,1832.90,0.129769,9732.10,2251.00,12.069,8.55077,0.00,1.82831,11.3204,0.229521,10.9213,7.42134,
746,"Internal",1,2,0.00,90071.00,100,0.00,0.00,0.00,1,0.00,0.00,0.00,0.00,0.00,0.00,0.00,0.00,,0.00,,0.00,0.00,0.00,0.00,0.00,0.00,0.00,0.00,0.00,0.00,0.00,0.00,0.00,0.00,2,0.00,0.00,0.00,0.00,0.00,0.00,0.00,0.00,0.00,0.00,0.00,,,,,,,0.00,0.00,0.00,2,0.00,0.00,45.0082,0,2,149.709,"Urban",1,58.2499,7,"Airport",0.00,0.00,0.00,0.00,0.00,0.00,1.09984,0.900164,0.00,0.00,13.1,6.5,3,10.1,19.6,0.601052,0.00,570.849,0.00,-0.362952,-0.294607,-0.169478,1.57752,0.134236,0.134236,0.00,0.00,0.00,0.268472,13.1,2.9,0.00503962,13.1,2,12.411,9.19129,2.36455,3.38762,11.4406,1,9.56231,6.06231,0.0467174
747,"Internal",1,2,0.00,90071.00,100,0.00,0.00,0.00,1,0.00,0.00,0.00,0.00,0.00,0.00,0.00,0.00,,0.00,,33,0.00,0.00,502,0.00,23,193,124,83,3,448,234,0.00,0.00,3,3,0.00,118,0.00,0.00,2,11,28,0.00,5,0.00,,,,,,,1306.00,374,0.6,35.4,97,0.00,62.1783,0,1813,12698.30,"Urban",1,8081.78,7,"Airport",493.951,812.049,141.453,232.547,36.687,60.313,13.3889,22.0111,0.22693,0.37307,7057.40,6.5,2719.50,5310.30,8036.30,0.448841,80.2383,35823.26,5821.73,0.136682,4.79077,-0.092129,0.243878,0.126411,0.126411,0.00,0.00,12.2618,229.183,7057.40,1281.40,0.0938035,7057.40,1813.00,12.4287,9.21918,0.368228,3.34124,11.4908,1,9.49762,5.99762,25.8678
748,"Internal",0.00,0.00,0.00,89930.00,,,,0.00,0.00,0.00,0.00,0.00,0.00,0.00,0.00,0.00,0.00,,0.00,,0.00,0.00,0.00,0.00,0.00,0.00,0.00,0.00,0.00,0.00,0.00,0.00,0.00,0.00,0.00,0.00,0.00,0.00,0.00,0.00,28,145,0.00,0.00,0.00,0.00,,,,,,,0.00,0.00,8.4,19.6,145,0.00,75,0,173,5758.91,"Urban",1,3667.80,7,"Airport",0.00,0.00,0.00,0.00,36.25,108.75,4.9,14.7,2.1,6.3,2868.30,0.00,259.5,2608.80,2868.30,0.164573,63.6035,60811.34,0.00,0.0330997,-0.294607,-0.0373013,-2.24682,0.0952914,0.00,0.00,0.00,13.8173,16.4854,2868.30,628.1,0.100355,2868.30,173,12.5613,10.6421,2.29454,3.45454,11.3983,1,9.02938,5.52938,
749,"Internal",0.00,0.00,0.00,89930.00,,,,0.00,0.00,0.00,0.00,0.00,0.00,0.00,0.00,0.00,0.00,,0.00,,0.00,0.00,0.00,0.00,0.00,0.00,0.00,0.00,154,1137.00,0.00,0.00,84,0.00,9,0.00,0.00,2,0.00,0.00,112,580,23,0.00,0.00,800,,,,,,,0.00,2,33.6,194.4,1871.00,0.00,45.0082,0,2101,22457.83,"Urban",1,14303.22,7,"Airport",0.00,0.00,1.09984,0.900164,1028.90,842.103,106.904,87.4959,18.4772,15.1228,36270.50,0.00,3151.50,33124.20,36275.70,0.158658,0.00,246958.32,0.00,-0.362952,-0.294607,0.371134,-2.29865,0.0974541,0.00,0.00,0.00,182.337,204.751,36270.50,7945.70,1.32431,36270.50,2101.00,12.552,10.1897,1.76236,3.15194,11.444,0.741869,9.06135,5.56135,
750,"Internal",0.00,0.00,0.00,89930.00,,,,0.00,0.00,0.00,0.00,0.00,0.00,0.00,0.00,0.00,0.00,,0.00,,0.00,0.00,0.00,0.00,0.00,0.00,0.00,0.00,6,332,0.00,0.00,0.00,0.00,0.00,0.00,0.00,0.00,0.00,0.00,42,218,23,0.00,0.00,0.00,,,,,,,0.00,0.00,12.6,52.4,556,0.00,18.0791,0,621,18982.77,"Urban",1,12089.98,7,"Airport",0.00,0.00,0.00,0.00,455.48,100.52,42.9266,9.47345,10.322,2.27797,10761.20,0.00,931.5,9829.70,10761.20,0.158136,58.4057,209505.18,0.00,0.000733509,-0.294607,0.288956,-2.30322,0.100943,0.00,0.00,0.00,56.1244,62.6857,10761.20,2357.60,0.407632,10761.20,621,12.6356,10.2956,2.18168,3.2044,11.4833,1,8.77947,5.27947,
751,"Internal",0.00,0.00,0.00,89930.00,,,,0.00,0.00,0.00,0.00,0.00,0.00,0.00,0.00,0.00,0.00,,0.00,,0.00,0.00,0.00,0.00,0.00,2,0.00,0.00,1,14,0.00,0.00,0.00,33,0.00,0.00,0.00,0.00,0.00,0.00,78,406,24,0.00,0.00,0.00,,,,,,,2,0.00,23.4,111.6,421,0.00,13.2258,0,558,28731.29,"Downtown",1,18298.75,7,"Airport",1.73548,0.264516,0.00,0.00,365.319,55.6806,96.84,14.76,20.3052,3.09484,8634.70,0.00,837,7797.70,8634.70,0.175076,131.174,283161.64,65.5869,0.453851,-0.237316,0.45057,-2.1548,0.113342,0.00,0.00,0.00,47.7169,63.2448,8634.70,1889.10,0.346568,8634.70,558,12.644,10.1718,1.84679,3.02741,11.5077,0.960954,8.75161,5.25161,
752,"Internal",0.00,0.00,0.00,89930.00,,,,0.00,0.00,0.00,0.00,0.00,0.00,0.00,0.00,0.00,0.00,,0.00,,0.00,0.00,0.00,110,0.00,6,225,62,29,0.00,2,96,0.00,0.00,3,6,0.00,10,0.00,0.00,5,24,44,0.00,0.00,0.00,,,,,,,446,65,1.5,56.5,53,0.00,80.4734,0,622,4077.73,"Suburban",1,2597.08,7,"Airport",87.0888,358.911,12.6923,52.3077,10.3491,42.6509,11.0325,45.4675,0.292899,1.2071,2848.90,0.00,933,2084.90,3017.90,0.427157,16.7015,12600.83,1862.21,-0.258954,1.33207,-0.143083,0.0538833,0.115792,0.00,0.00,0.00,6.13698,72.0226,2848.90,542.4,0.0445729,2848.90,622,12.3817,9.18735,0.219953,2.73358,11.4542,0.429387,9.67061,6.17061,
753,"Internal",0.00,0.00,0.00,89930.00,,,,0.00,0.00,0.00,0.00,0.00,0.00,0.00,0.00,0.00,0.00,,0.00,,0.00,0.00,0.00,0.00,0.00,3,0.00,46,16,0.00,0.00,5,0.00,1,0.00,9,0.00,11,41,0.00,88,459,1,0.00,0.00,0.00,,,,,,,54,11,42.8,97.2,475,0.00,33.4204,0,680,8243.52,"Urban",1,5250.24,7,"Airport",35.953,18.047,7.32376,3.67624,316.253,158.747,64.7154,32.4846,28.4961,14.3039,9861.50,0.00,1020.00,8870.10,9890.10,0.184994,30.8838,76360.86,416.931,-0.170642,0.0695889,-0.00318322,-2.0679,0.0950802,0.00,0.00,0.00,45.1631,64.6546,9861.50,2148.00,0.32802,9861.50,680,12.5018,9.73702,1.45328,3.16509,11.4541,0.569174,9.23607,5.73607,
754,"Internal",1,3,0.00,58880.00,66.6667,33.3333,0.00,0.00,0.00,1,0.00,0.00,0.00,0.00,0.00,142,0.00,,0.00,,0.00,57,0.00,42,0.00,56,14,147,31,0.00,1,332,0.00,14,3,376,0.00,16,18,42,0.00,1,10,0.00,0.00,0.00,,,,,,,628,37,15.6,447.4,32,142,56.2745,0,1160,9233.87,"Urban",1,5871.31,7,"Airport",274.596,353.404,16.1784,20.8216,13.9922,18.0078,195.628,251.772,6.82118,8.77882,5401.10,6.5,1953.00,3544.30,5503.80,0.459382,15.1844,27857.34,3178.61,-0.2684,2.48196,-0.109607,0.336232,0.120146,0.120146,17.0607,0.00,3.84467,139.369,5401.10,1019.80,0.120007,5401.10,1160.00,12.3993,9.42524,1.98207,3.41821,11.4151,1,9.60532,6.10532,12.6022
755,"Internal",0.00,0.00,0.00,89930.00,,,,0.00,0.00,0.00,0.00,0.00,0.00,0.00,0.00,0.00,0.00,,0.00,,0.00,0.00,0.00,246,28,0.00,17,59,8,101,236,14,0.00,0.00,22,16,0.00,44,0.00,0.00,48,251,30,0.00,0.00,0.00,,,,,,,477,167,14.4,101.6,360,0.00,70.9881,0,1120,5981.20,"Suburban",1,3809.38,7,"Airport",138.387,338.613,48.4498,118.55,104.443,255.557,29.476,72.124,4.17771,10.2223,9313.60,0.00,1680.00,8067.80,9747.80,0.285286,34.0124,33154.56,1622.39,-0.151161,1.12258,-0.0979845,-1.18916,0.103265,0.00,0.00,0.00,37.1754,115.657,9313.60,1937.20,0.270005,9313.60,1120.00,12.3537,9.15403,0.00,2.05016,11.441,0.000532864,9.77558,6.27558,
756,"Internal",0.00,0.00,0.00,89930.00,,,,0.00,0.00,0.00,0.00,0.00,0.00,0.00,0.00,0.00,0.00,,0.00,,0.00,0.00,0.00,71,0.00,311,332,585,0.00,0.00,308,1878.00,0.00,0.00,5,2,5,242,0.00,111,0.00,0.00,11,0.00,0.00,0.00,,,,,,,3449.50,282.5,22.2,106.8,0.00,0.00,63.3304,0,3861,30885.60,"Downtown",1,19670.81,7,"Airport",1264.92,2184.58,103.592,178.908,0.00,0.00,39.1631,67.6369,8.14064,14.0594,11918.40,0.00,5791.50,6861.40,12652.90,0.496425,35.6632,64463.30,17574.32,-0.140881,15.0569,-0.0292883,0.6608,0.128893,0.00,0.00,0.00,0.00,497.655,11918.40,2020.80,0.00,11918.40,3861.00,12.2822,9.21389,0.202861,2.07459,11.3851,0.500307,10.0496,6.54962,
757,"Internal",0.00,0.00,0.00,89930.00,,,,0.00,0.00,0.00,0.00,0.00,0.00,0.00,0.00,0.00,0.00,,0.00,,0.00,0.00,0.00,0.00,24,0.00,2,80,0.00,7,0.00,51,0.00,0.00,10,0.00,0.00,8,0.00,0.00,18,92,0.00,0.00,0.00,88,,,,,,,157,8,5.4,22.6,99,0.00,15.7407,0,292,4043.84,"Urban",1,2575.49,7,"Airport",132.287,24.713,6.74074,1.25926,83.4167,15.5833,19.0426,3.55741,4.55,0.85,2503.10,0.00,438,2085.90,2523.90,0.286849,0.00,22261.25,1384.77,-0.362952,0.915011,-0.121886,-1.17547,0.0997884,0.00,0.00,0.00,9.87905,29.1382,2503.10,522,0.0717516,2503.10,292,12.3849,9.38091,0.00,1.65501,11.4361,0.00,9.65876,6.15876,
758,"Internal",0.00,0.00,55,89930.00,,,,0.00,0.00,0.00,0.00,0.00,0.00,0.00,0.00,0.00,0.00,,0.00,,0.00,0.00,0.00,0.00,0.00,14,370,46,0.00,14,5,521,0.00,6,16,28,137,0.00,0.00,53,5,21,0.00,0.00,0.00,0.00,,,,,,,956,137,12.1,95.9,35,0.00,67.9492,0,1236,10002.89,"Urban",1,6370.77,7,"Airport",306.405,649.595,43.9096,93.0904,11.2178,23.7822,30.7367,65.1633,3.87814,8.22186,4538.30,0.00,1854.00,3040.50,4894.50,0.470617,36.0804,25227.94,4927.55,-0.138283,4.00969,-0.115377,0.434679,0.12358,0.00,0.00,0.00,4.32532,152.745,4538.30,819.6,0.0314148,4538.30,1236.00,12.3631,9.44572,0.00,1.6956,11.4223,0.217382,9.74016,6.24016,
759,"Internal",0.00,0.00,42,89930.00,,,,0.00,0.00,0.00,0.00,0.00,0.00,0.00,0.00,0.00,0.00,,0.00,,0.00,0.00,0.00,522,0.00,10,5,200,0.00,0.00,84,0.00,0.00,0.00,8,6,0.00,3,0.00,0.00,0.00,0.00,2,0.00,0.00,0.00,,,,,,,560,264,0.00,16,0.00,0.00,75.8242,0,840,7246.90,"Suburban",1,4615.50,7,"Airport",135.385,424.615,63.8242,200.176,0.00,0.00,3.86813,12.1319,0.00,0.00,2561.60,0.00,1260.00,1988.00,3248.00,0.474881,38.4625,17846.59,3077.00,-0.123451,2.3932,-0.131573,0.472036,0.12394,0.00,0.00,0.00,0.00,104.11,2561.60,431.2,0.00,2561.60,840,12.2048,8.81497,0.00,1.16458,11.3696,0.00,10.3561,6.85606,
760,"Internal",0.00,0.00,0.00,89930.00,,,,0.00,0.00,0.00,0.00,0.00,0.00,0.00,0.00,0.00,0.00,,0.00,,0.00,0.00,0.00,0.00,0.00,0.00,0.00,0.00,0.00,0.00,0.00,0.00,0.00,0.00,0.00,0.00,0.00,0.00,0.00,0.00,6,26,0.00,0.00,0.00,0.00,,,,,,,0.00,0.00,1.8,4.2,26,0.00,45.0082,0,32,666.518,"Urban",1,424.5,7,"Airport",0.00,0.00,0.00,0.00,14.2979,11.7021,2.30966,1.89034,0.989852,0.810148,519.8,0.00,48,471.8,519.8,0.167632,39.7969,6895.47,0.00,-0.115141,-0.294607,-0.155601,-2.22002,0.091213,0.00,0.00,0.00,2.37154,2.91882,519.8,113.8,0.0172245,519.8,32,12.154,8.74486,0.00,0.956363,11.3358,0.00,10.5637,7.06372,
761,"Internal",0.00,0.00,0.00,89930.00,,,,0.00,0.00,0.00,0.00,0.00,0.00,0.00,0.00,0.00,0.00,,0.00,,0.00,0.00,0.00,0.00,0.00,0.00,31,0.00,0.00,0.00,0.00,0.00,0.00,0.00,0.00,0.00,0.00,0.00,0.00,0.00,0.00,0.00,0.00,0.00,0.00,0.00,,,,,,,31,0.00,0.00,0.00,0.00,0.00,45.0082,0,31,64.9375,"Rural",,41.3582,7,"Airport",17.0475,13.9525,0.00,0.00,0.00,0.00,0.00,0.00,0.00,0.00,93,0.00,46.5,46.5,93,0.5,0.00,124.075,41.3582,-0.362952,-0.25848,-0.170459,0.692123,0.121774,0.00,0.00,0.00,0.00,3.77498,93,15.5,0.00,93,31,12.0599,8.50565,0.00,0.213995,11.2933,0.00,10.9606,7.46059,
762,"Internal",0.00,0.00,0.00,89930.00,,,,0.00,0.00,0.00,0.00,0.00,0.00,0.00,0.00,0.00,0.00,,0.00,,0.00,0.00,0.00,0.00,0.00,0.00,0.00,0.00,0.00,0.00,0.00,0.00,0.00,0.00,0.00,0.00,0.00,0.00,0.00,0.00,0.00,0.00,0.00,0.00,0.00,0.00,,,,,,,0.00,0.00,0.00,0.00,0.00,0.00,45.0082,0,0,0.00,"Rural",,0.00,7,"Airport",0.00,0.00,0.00,0.00,0.00,0.00,0.00,0.00,0.00,0.00,0.00,0.00,0.00,0.00,0.00,,0.00,0.00,0.00,-0.362952,-0.294607,-0.170731,,0.00,0.00,0.00,0.00,0.00,0.00,0.00,0.00,0.00,0.00,0.00,11.9269,8.25161,0.00,0.00,11.2276,0.00,11.5509,8.05092,
763,"Internal",0.00,0.00,0.00,89930.00,,,,0.00,0.00,0.00,0.00,0.00,0.00,0.00,0.00,0.00,0.00,,0.00,,0.00,0.00,0.00,0.00,0.00,0.00,0.00,0.00,0.00,0.00,0.00,0.00,0.00,0.00,0.00,0.00,0.00,0.00,0.00,0.00,0.00,0.00,0.00,0.00,0.00,0.00,,,,,,,0.00,0.00,0.00,0.00,0.00,0.00,45.0082,0,0,0.00,"Urban",1,0.00,7,"Airport",0.00,0.00,0.00,0.00,0.00,0.00,0.00,0.00,0.00,0.00,0.00,0.00,0.00,0.00,0.00,,0.00,0.00,0.00,-0.362952,-0.294607,-0.170731,,0.00,0.00,0.00,0.00,0.00,0.00,0.00,0.00,0.00,0.00,0.00,12.7222,9.63295,1.73667,3.54072,11.5972,0.137082,8.49867,4.99867,
801,"Internal",0.00,0.00,0.00,89930.00,,,,0.00,0.00,0.00,0.00,0.00,0.00,0.00,0.00,0.00,0.00,,1,,0.00,0.00,0.00,6,9,0.00,0.00,0.00,143,193,0.00,0.00,7,22,0.00,22,3,8,25,26,45,232,79,0.00,0.00,0.00,,,,,,,12,14,28.7,197.3,568,0.00,26.3868,0,820,25005.77,"Downtown",1,15925.99,6,"NWReno-Skyline",8.83358,3.16642,10.3058,3.69415,418.123,149.877,145.239,52.0612,21.127,7.57301,11965.20,0.00,1230.00,10771.60,12001.60,0.183966,0.00,233094.36,233.063,-0.362952,-0.0910223,0.340714,-2.07691,0.0993005,0.00,0.00,0.00,56.4027,81.4264,11965.20,2613.00,0.409653,11965.20,820,12.4521,9.9424,2.16559,2.61296,11.3331,0.990058,9.41296,5.91296,
802,"Internal",389,705,0.00,55250.00,60.7092,12.766,26.5248,179,147,40,8,11,3,1,0.00,0.00,0.00,,29,,0.00,0.00,0.00,8,0.00,0.00,0.00,0.00,181,7,0.00,0.00,0.00,1,21,0.00,0.00,0.00,0.00,109,0.00,0.00,0.00,0.00,0.00,0.00,,,,,,,4,4,21.8,109.2,188,0.00,18.8552,0,327,8805.02,"Urban",1,2363.07,6,"NWReno-Skyline",3.24579,0.754209,3.24579,0.754209,152.552,35.4478,88.6101,20.5899,17.6896,4.11044,5012.30,2528.50,490.5,4532.20,7551.20,0.523423,21.6796,54568.94,28.9061,-0.227956,-0.269357,-0.0509981,0.897348,0.130091,50.6055,0.00,0.00,24.4572,42.5398,5012.30,1126.50,2.07751,5012.30,327,12.389,9.13444,2.12831,3.35412,11.3619,0.62306,9.64352,6.14352,7.991
803,"Internal",242,599,0.00,64821.00,67.1119,19.8664,13.0217,54,100,39,25,18,4,2,0.00,0.00,0.00,,15,,0.00,0.00,0.00,0.00,0.00,0.00,0.00,0.00,13,0.00,0.00,0.00,0.00,3,7,0.00,0.00,0.00,0.00,0.00,9,45,2,0.00,0.00,0.00,,,,,,,0.00,0.00,2.7,18.3,58,0.00,24.6154,0,79,10366.86,"Urban",1,1132.69,6,"NWReno-Skyline",0.00,0.00,0.00,0.00,43.7231,14.2769,13.7954,4.50462,2.03538,0.664615,1662.00,1573.00,118.5,1543.50,3235.00,0.534576,57.3515,46383.04,0.00,-0.00583085,-0.294607,-0.0689592,0.995074,0.135157,32.7079,0.00,0.00,7.83908,10.6774,1662.00,384,1.28489,1662.00,79,12.2889,9.32334,1.88962,2.25385,11.2701,0.889031,10.0232,6.52324,5.66318
804,"Internal",32,103,0.00,68696.00,69.9029,20.3883,9.70874,4,10,3,7,6,2,0.00,0.00,0.00,0.00,,2,,0.00,0.00,0.00,0.00,0.00,0.00,0.00,0.00,6,513,0.00,0.00,0.00,13,5,1,0.00,2,0.00,0.00,24,127,30,0.00,0.00,0.00,,,,,,,0.00,2,7.2,65.8,646,0.00,29.2308,0,721,20307.33,"Urban",1,11854.97,6,"NWReno-Skyline",0.00,0.00,1.41538,0.584615,457.169,188.831,46.5662,19.2338,5.09538,2.10462,12555.80,208,1081.50,11479.50,12769.00,0.184336,0.00,209953.00,0.00,-0.362952,-0.294607,0.289939,-2.07366,0.0982808,3.14498,0.00,0.00,63.4894,70.8604,12555.80,2753.20,0.579195,12555.80,721,12.5081,10.1031,2.24781,2.56974,11.3503,1,9.21373,5.71373,7.18199
805,"Internal",462,1214.00,0.00,132308.00,61.285,22.6524,16.0626,106,150,99,59,26,9,13,0.00,0.00,0.00,,42,,0.00,0.00,0.00,11,0.00,0.00,0.00,0.00,5,5,0.00,0.00,0.00,5,1,2,0.00,3,0.00,34,11,62,6,0.00,0.00,0.00,,,,,,,5.5,8.5,10.1,48.9,72,0.00,83.3333,0,145,7095.93,"Urban",1,713.694,6,"NWReno-Skyline",0.916667,4.58333,1.41667,7.08333,12,60,8.15,40.75,1.68333,8.41667,2596.60,3003.00,217.5,2401.20,5621.70,0.530714,54.1423,27670.15,27.0711,-0.0258144,-0.27096,-0.110018,0.961236,0.133172,61.5254,0.00,0.00,9.58838,19.3099,2596.60,604,2.37949,2596.60,145,12.4304,9.6632,2.26976,2.14049,11.336,0.370575,9.49131,5.99131,11.1358
806,"Internal",873,2269.00,0.00,67151.00,65.1829,25.606,9.21111,205,300,157,125,47,15,24,0.00,0.00,0.00,,61,,0.00,0.00,0.00,9,0.00,0.00,0.00,0.00,0.00,0.00,0.00,0.00,0.00,0.00,18,0.00,0.00,1,0.00,0.00,1,8,0.00,0.00,0.00,0.00,,,,,,,4.5,5.5,0.3,18.7,8,0.00,65.5172,0,37,6553.99,"Suburban",1,104.206,6,"NWReno-Skyline",1.55172,2.94828,1.89655,3.60345,2.75862,5.24138,6.44828,12.2517,0.103448,0.196552,1944.70,5674.50,55.5,1903.50,7633.50,0.38517,8.44915,21498.86,12.6737,-0.31034,-0.283536,-0.123559,-0.313996,0.110763,96.6958,0.00,0.00,0.886102,4.09822,1944.70,497.1,3.63669,1944.70,37,12.3048,9.01606,2.03905,2.60264,11.3163,0.102148,9.96178,6.46178,18.8871
807,"Internal",40,72,0.00,64821.00,70.8333,13.8889,15.2778,22,12,1,3,1,1,0.00,0.00,0.00,0.00,,3,,0.00,0.00,0.00,0.00,0.00,0.00,0.00,0.00,0.00,0.00,0.00,0.00,0.00,0.00,3,0.00,0.00,0.00,0.00,0.00,0.00,0.00,0.00,0.00,0.00,0.00,,,,,,,0.00,0.00,0.00,3,0.00,0.00,45.0082,0,3,1650.66,"Urban",1,64.5544,6,"NWReno-Skyline",0.00,0.00,0.00,0.00,0.00,0.00,1.64975,1.35025,0.00,0.00,92.8,260,4.5,88.3,352.8,0.394083,64.5544,7591.59,0.00,0.0390204,-0.294607,-0.154074,-0.235899,0.116731,4.66923,0.00,0.00,0.00,0.350192,92.8,23.6,0.175297,92.8,3,12.2108,9.0387,1.78197,1.61199,11.2418,0.296965,10.3322,6.83218,0.664434
808,"Internal",36,98,0.00,129643.00,60.2041,22.449,17.3469,7,11,10,4,2,1,1,0.00,0.00,0.00,,4,,0.00,0.00,0.00,0.00,0.00,0.00,0.00,0.00,0.00,0.00,0.00,0.00,0.00,0.00,0.00,0.00,0.00,0.00,8,0.00,0.00,0.00,0.00,0.00,0.00,0.00,,,,,,,0.00,0.00,3.2,4.8,0.00,0.00,45.0082,0,8,1189.51,"Suburban",1,86.0705,6,"NWReno-Skyline",0.00,0.00,0.00,0.00,0.00,0.00,2.63961,2.16039,1.75974,1.44026,113.2,234,12,101.2,347.2,0.459622,0.00,3735.46,0.00,-0.362952,-0.294607,-0.162535,0.338336,0.11728,4.22209,0.00,0.00,0.00,0.938242,113.2,27.6,0.15851,113.2,8,12.1699,8.9123,1.58671,1.41392,11.2255,0.00,10.4983,6.99827,0.810136
809,"Internal",365,800,0.00,68696.00,61.375,21.875,16.75,142,103,55,48,10,4,3,0.00,0.00,0.00,,28,,0.00,0.00,0.00,0.00,0.00,0.00,0.00,0.00,0.00,0.00,0.00,0.00,0.00,0.00,13,2,0.00,0.00,0.00,31,11,62,22,0.00,0.00,0.00,,,,,,,0.00,0.00,9.5,69.5,62,0.00,36.7521,0,141,12704.28,"Urban",1,1753.79,6,"NWReno-Skyline",0.00,0.00,0.00,0.00,39.2137,22.7863,43.9573,25.5427,6.00855,3.49145,2295.30,2372.50,211.5,2083.80,4667.80,0.540318,0.00,58059.32,0.00,-0.362952,-0.294607,-0.0433396,1.04538,0.129932,47.4254,0.00,0.00,8.05581,18.3205,2295.30,531.5,1.839,2295.30,141,12.3382,9.45833,2.29789,2.28457,11.2919,0.958407,9.83397,6.33397,7.41101
810,"Internal",135,322,0.00,64821.00,64.9068,19.5652,15.528,40,43,26,18,4,2,2,0.00,0.00,0.00,,10,,0.00,0.00,0.00,0.00,0.00,0.00,0.00,0.00,0.00,0.00,0.00,0.00,0.00,0.00,0.00,0.00,0.00,14,0.00,0.00,0.00,0.00,0.00,0.00,0.00,0.00,,,,,,,0.00,14,0.00,0.00,0.00,0.00,80.9524,0,14,4757.09,"Urban",1,193.613,6,"NWReno-Skyline",0.00,0.00,2.66667,11.3333,0.00,0.00,0.00,0.00,0.00,0.00,298.5,877.5,21,313.9,1212.40,0.408822,55.3179,16766.87,0.00,-0.0184936,-0.294607,-0.133942,-0.10676,0.117939,15.9217,0.00,0.00,0.00,1.65114,298.5,74.5,0.597749,298.5,14,12.306,9.40853,2.16742,2.37124,11.2756,0.999584,9.95708,6.45708,2.77511
811,"Internal",0.00,0.00,0.00,89930.00,,,,0.00,0.00,0.00,0.00,0.00,0.00,0.00,0.00,0.00,0.00,,0.00,,0.00,0.00,0.00,0.00,0.00,0.00,0.00,0.00,0.00,0.00,0.00,0.00,0.00,0.00,0.00,0.00,0.00,0.00,0.00,0.00,0.00,0.00,0.00,0.00,0.00,0.00,,,,,,,0.00,0.00,0.00,0.00,0.00,0.00,45.0082,0,0,0.00,"Suburban",1,0.00,6,"NWReno-Skyline",0.00,0.00,0.00,0.00,0.00,0.00,0.00,0.00,0.00,0.00,0.00,0.00,0.00,0.00,0.00,,0.00,0.00,0.00,-0.362952,-0.294607,-0.170731,,0.00,0.00,0.00,0.00,0.00,0.00,0.00,0.00,0.00,0.00,0.00,12.1174,8.56078,1.77267,1.13705,11.2419,0.00,10.7158,7.21584,
812,"Internal",2,3,0.00,63274.00,66.6667,33.3333,0.00,1,1,0.00,0.00,0.00,0.00,0.00,0.00,0.00,0.00,,0.00,,0.00,0.00,0.00,1,0.00,0.00,0.00,0.00,8,0.00,0.00,0.00,0.00,0.00,5,0.00,0.00,5,0.00,0.00,0.00,0.00,0.00,0.00,0.00,0.00,,,,,,,0.5,5.5,0.00,5,8,0.00,33.3333,0,19,331.013,"Suburban",1,191.557,6,"NWReno-Skyline",0.333333,0.166667,3.66667,1.83333,5.33333,2.66667,3.33333,1.66667,0.00,0.00,199.4,13,28.5,185.2,226.7,0.313518,0.00,2285.57,5.04096,-0.362952,-0.290203,-0.165716,-0.941797,0.101525,0.20305,0.00,0.00,0.812202,1.92898,199.4,42.8,0.0135221,199.4,19,12.3495,9.05529,1.19952,2.32543,11.3467,0.0385649,9.79148,6.29148,0.194258
813,"Internal",0.00,0.00,0.00,89930.00,,,,0.00,0.00,0.00,0.00,0.00,0.00,0.00,45,0.00,0.00,,0.00,,0.00,0.00,0.00,0.00,0.00,0.00,0.00,0.00,0.00,0.00,0.00,0.00,0.00,0.00,0.00,0.00,0.00,0.00,0.00,0.00,0.00,0.00,2,0.00,0.00,0.00,,,,,,,0.00,0.00,0.00,2,0.00,45,80,0,2,8.26477,"Suburban",1,5.26377,6,"NWReno-Skyline",0.00,0.00,0.00,0.00,0.00,0.00,0.4,1.6,0.00,0.00,78.7,0.00,70.5,8.2,78.7,0.186674,0.00,207.129,0.00,-0.362952,-0.294607,-0.170276,-2.05318,0.0893649,0.00,4.02142,0.00,0.00,0.17873,78.7,2.4,0.020642,78.7,2,12.2912,8.9143,1.24511,2.12635,11.3225,0.198,10.0144,6.51443,
814,"Internal",142,401,8,68696.00,59.1022,25.6858,15.212,28,45,26,24,8,8,3,0.00,0.00,0.00,,14,,0.00,0.00,0.00,5,0.00,0.00,0.00,0.00,0.00,0.00,8,0.00,0.00,0.00,0.00,31,0.00,0.00,0.00,0.00,0.00,0.00,15,0.00,0.00,0.00,,,,,,,10.5,2.5,0.00,46,0.00,0.00,58.4906,0,59,6738.11,"Urban",1,805.345,6,"NWReno-Skyline",4.35849,6.14151,1.03774,1.46226,0.00,0.00,19.0943,26.9057,0.00,0.00,566.4,923,88.5,484.4,1495.90,0.510928,0.00,20418.90,143.324,-0.362952,-0.169411,-0.125929,0.787872,0.124196,17.6359,0.00,0.00,0.00,7.32758,566.4,132.7,0.662103,566.4,59,12.3394,9.55798,2.34542,1.96961,11.2822,0.964156,9.82949,6.32949,3.57696
815,"Internal",99,240,0.00,97979.00,54.1667,30,15.8333,37,28,9,14,6,1,4,0.00,0.00,0.00,,10,,0.00,0.00,0.00,8,3,0.00,0.00,0.00,122,14,0.00,55,0.00,18,8,2,0.00,2,0.00,0.00,37,193,26,0.00,0.00,0.00,,,,,,,62,6,11.1,79.9,329,0.00,18.1507,0,488,10776.28,"Urban",1,5226.31,6,"NWReno-Skyline",50.7466,11.2534,4.91096,1.08904,269.284,59.7158,65.3976,14.5024,9.08527,2.01473,7054.00,643.5,732,6337.60,7713.10,0.308896,0.00,82604.66,663.999,-0.362952,0.285407,0.0105167,-0.982293,0.104863,10.3815,0.00,0.00,34.5,51.1733,7054.00,1541.60,0.640325,7054.00,488,12.2956,9.76698,2.26993,1.2737,11.2479,0.613106,9.99741,6.49741,5.38386
816,"Internal",198,502,0.00,68696.00,64.5418,23.7052,11.753,40,85,27,26,15,3,2,0.00,0.00,0.00,,12,,0.00,0.00,0.00,8,0.00,0.00,0.00,0.00,0.00,0.00,0.00,0.00,0.00,0.00,0.00,0.00,0.00,0.00,0.00,0.00,0.00,0.00,0.00,0.00,0.00,0.00,,,,,,,4,4,0.00,0.00,0.00,0.00,49.1228,0,8,6909.62,"Urban",1,107.425,6,"NWReno-Skyline",2.03509,1.96491,2.03509,1.96491,0.00,0.00,0.00,0.00,0.00,0.00,400.2,1287.00,12,398.6,1697.60,0.370058,0.00,22795.68,53.7127,-0.362952,-0.247688,-0.120714,-0.446402,0.108371,21.4574,0.00,0.00,0.00,0.866965,400.2,103,0.805575,400.2,8,12.2711,9.48353,2.35964,1.37649,11.2517,0.910716,10.0926,6.59258,4.12154
817,"Internal",284,768,0.00,102250.00,57.9427,22.2656,19.7917,48,107,61,32,25,7,4,0.00,0.00,0.00,,21,,0.00,0.00,0.00,0.00,0.00,0.00,0.00,0.00,0.00,0.00,0.00,0.00,0.00,0.00,1,1,0.00,0.00,0.00,0.00,0.00,0.00,0.00,0.00,0.00,0.00,,,,,,,0.00,0.00,0.00,2,0.00,0.00,50,0,2,4764.26,"Suburban",1,12.3564,6,"NWReno-Skyline",0.00,0.00,0.00,0.00,0.00,0.00,1,1,0.00,0.00,550.8,1846.00,3,547.8,2396.80,0.354563,0.00,14807.91,0.00,-0.362952,-0.294607,-0.13824,-0.582169,0.10634,30.2005,0.00,0.00,0.00,0.21268,550.8,144.4,1.13382,550.8,2,12.1035,8.74305,1.59067,1.10743,11.1974,0.00,10.7745,7.27449,5.57323
818,"Internal",124,330,1,107000.00,67.2727,22.4242,10.303,17,59,15,21,7,4,1,0.00,0.00,0.00,,11,,0.00,0.00,0.00,0.00,0.00,0.00,0.00,0.00,0.00,0.00,0.00,0.00,0.00,0.00,2,0.00,0.00,0.00,0.00,2,0.00,0.00,1,0.00,0.00,0.00,,,,,,,0.00,0.00,0.4,4.6,0.00,0.00,0.00,0,5,5350.15,"Suburban",1,79.1792,6,"NWReno-Skyline",0.00,0.00,0.00,0.00,0.00,0.00,4.6,0.00,0.4,0.00,263.6,806,7.5,256.1,1069.60,0.37478,0.00,16938.01,0.00,-0.362952,-0.294607,-0.133566,-0.405032,0.108584,13.4644,0.00,0.00,0.00,0.542921,263.6,68,0.505495,263.6,5,12.0675,8.64201,1.49052,0.939171,11.1809,0.00403845,10.9275,7.4275,2.80386
819,"Internal",270,692,0.00,97979.00,55.0578,25.4335,19.5087,39,126,45,41,13,5,1,507,0.00,0.00,,21,,0.00,0.00,0.00,1,0.00,0.00,0.00,0.00,6,16,0.00,0.00,0.00,14,3,7,0.00,0.00,52,100,10,52,51,0.00,0.00,0.00,,,,,,,0.5,0.5,43.8,193.2,74,507,37.6471,0,312,4835.73,"Suburban",1,1276.57,6,"NWReno-Skyline",0.311765,0.188235,0.311765,0.188235,46.1412,27.8588,120.466,72.7341,27.3106,16.4894,3987.50,1755.00,1228.50,2760.30,5743.80,0.629947,32.7325,23501.11,2.04578,-0.15913,-0.29282,-0.119166,1.8307,0.143391,38.7155,72.6991,0.00,10.6109,44.7379,3987.50,723.3,1.90373,3987.50,312,12.1464,9.21233,1.97887,0.755934,11.1964,0.712611,10.5949,7.09494,7.5734
820,"Internal",227,671,0.00,107000.00,63.9344,23.994,12.0715,32,66,62,30,25,8,4,0.00,0.00,0.00,,18,,0.00,0.00,0.00,0.00,0.00,0.00,0.00,0.00,0.00,0.00,0.00,0.00,0.00,0.00,0.00,0.00,0.00,0.00,0.00,0.00,0.00,0.00,0.00,0.00,0.00,0.00,,,,,,,0.00,0.00,0.00,0.00,0.00,0.00,50,0,0,2484.55,"Suburban",1,0.00,6,"NWReno-Skyline",0.00,0.00,0.00,0.00,0.00,0.00,0.00,0.00,0.00,0.00,431.3,1475.50,0.00,431.3,1906.80,0.350057,14.811,7060.42,0.00,-0.270725,-0.294607,-0.155239,-0.621652,0.106909,24.2683,0.00,0.00,0.00,0.00,431.3,113.5,0.911106,431.3,0.00,12.0829,8.88112,2.02996,1.50343,11.1689,0.431481,10.8616,7.36163,5.35476
821,"Internal",108,274,0.00,89231.00,75.5474,18.9781,5.47445,34,29,10,28,3,3,1,0.00,0.00,0.00,,7,,0.00,0.00,0.00,0.00,0.00,0.00,0.00,0.00,0.00,0.00,0.00,0.00,0.00,0.00,0.00,0.00,0.00,0.00,0.00,0.00,0.00,0.00,0.00,0.00,0.00,0.00,,,,,,,0.00,0.00,0.00,0.00,0.00,0.00,45.0082,0,0,5586.94,"Urban",1,0.00,6,"NWReno-Skyline",0.00,0.00,0.00,0.00,0.00,0.00,0.00,0.00,0.00,0.00,205.2,702,0.00,205.2,907.2,0.350057,81.5612,18498.08,0.00,0.14492,-0.294607,-0.130143,-0.621652,0.114091,12.3218,0.00,0.00,0.00,0.00,205.2,54,0.462598,205.2,0.00,12.1711,9.36241,2.24378,1.5304,11.198,1,10.4933,6.99329,2.58376
822,"Internal",44,123,0.00,71406.00,69.1057,21.9512,8.94309,7,13,10,11,2,1,0.00,0.00,0.00,0.00,,2,,0.00,0.00,0.00,192,0.00,0.00,0.00,0.00,11,56,0.00,0.00,0.00,14,2,2,0.00,0.00,36,181,26,139,40,7,0.00,0.00,,,,,,,96,103,58.4,242.6,206,0.00,25.0559,0,706,18704.46,"Urban",1,10722.92,6,"NWReno-Skyline",71.9463,24.0537,77.1924,25.8076,154.385,51.6152,181.814,60.7857,43.7673,14.6327,6218.40,286,1059.00,5427.20,6772.20,0.331531,45.5648,102857.97,1458.07,-0.0792253,0.979044,0.0549556,-0.783969,0.112738,4.96049,0.00,0.00,23.2241,79.5933,6218.40,1327.30,0.354908,6218.40,706,12.2355,9.66725,2.3503,1.34596,11.2174,1,10.2333,6.73333,6.73082
823,"Internal",590,1386.00,0.00,71406.00,64.5022,24.0981,11.3997,169,223,96,50,36,9,7,0.00,0.00,0.00,,48,,0.00,0.00,0.00,0.00,0.00,0.00,0.00,0.00,0.00,0.00,0.00,0.00,0.00,0.00,6,2,0.00,70,0.00,29,0.00,0.00,0.00,0.00,0.00,0.00,,,,,,,0.00,70,5.8,31.2,0.00,0.00,26.4706,0,107,9968.38,"Urban",1,686.367,6,"NWReno-Skyline",0.00,0.00,51.4706,18.5294,0.00,0.00,22.9412,8.25882,4.26471,1.53529,1538.20,3835.00,160.5,1559.70,5555.20,0.443762,83.3904,35634.65,0.00,0.15631,-0.294607,-0.0925428,0.199374,0.126132,74.4178,0.00,0.00,0.00,13.4961,1538.20,374.4,2.79387,1538.20,107,12.0463,8.9207,2.21612,1.15706,11.1527,0.992123,11.0194,7.51937,11.9925
824,"Internal",170,511,0.00,129643.00,56.5558,24.8532,18.591,24,41,42,46,10,4,3,0.00,0.00,0.00,,18,,0.00,0.00,0.00,0.00,0.00,0.00,0.00,0.00,0.00,0.00,0.00,0.00,0.00,0.00,0.00,0.00,0.00,1,0.00,1,0.00,0.00,0.00,0.00,0.00,0.00,,,,,,,0.00,1,0.2,0.8,0.00,0.00,31.8182,0,2,2533.13,"Suburban",1,9.85384,6,"NWReno-Skyline",0.00,0.00,0.681818,0.318182,0.00,0.00,0.545455,0.254545,0.136364,0.0636364,331.6,1105.00,3,331.2,1439.20,0.357539,0.00,7090.82,0.00,-0.362952,-0.294607,-0.155172,-0.556094,0.106276,18.0669,0.00,0.00,0.00,0.212552,331.6,86.7,0.678287,331.6,2,11.84,8.17617,1.26033,0.0892501,11.0723,0.00,11.9562,8.45619,3.62324
825,"Internal",150,400,0.00,133611.00,64.5,24.75,10.75,22,58,33,28,5,2,2,0.00,0.00,0.00,,10,,0.00,0.00,0.00,3,0.00,0.00,0.00,0.00,0.00,0.00,0.00,0.00,0.00,0.00,0.00,0.00,0.00,2,0.00,0.00,0.00,0.00,0.00,0.00,0.00,0.00,,,,,,,1.5,3.5,0.00,0.00,0.00,0.00,38.4615,0,5,3934.56,"Suburban",1,48.2353,6,"NWReno-Skyline",0.923077,0.576923,2.15385,1.34615,0.00,0.00,0.00,0.00,0.00,0.00,300,975,7.5,301.6,1284.10,0.368284,67.5294,12387.79,14.4706,0.0575458,-0.281967,-0.14355,-0.461944,0.114379,17.1568,0.00,0.00,0.00,0.571895,300,77.5,0.644119,300,5,12.0265,8.92703,2.14711,1.03268,11.1413,0.41774,11.1053,7.6053,3.26341
826,"Internal",114,197,0.00,63274.00,57.3604,13.198,29.4416,74,16,13,3,8,0.00,0.00,0.00,0.00,0.00,,10,,0.00,0.00,0.00,0.00,0.00,0.00,0.00,0.00,0.00,0.00,0.00,0.00,0.00,0.00,0.00,0.00,0.00,0.00,0.00,0.00,0.00,0.00,0.00,0.00,0.00,0.00,,,,,,,0.00,0.00,0.00,0.00,0.00,0.00,33.3333,0,0,1602.24,"Suburban",1,0.00,6,"NWReno-Skyline",0.00,0.00,0.00,0.00,0.00,0.00,0.00,0.00,0.00,0.00,216.6,741,0.00,216.6,957.6,0.350057,24.3997,7788.37,0.00,-0.211018,-0.294607,-0.153642,-0.621652,0.10787,12.2972,0.00,0.00,0.00,0.00,216.6,57,0.461675,216.6,0.00,11.9918,8.47408,0.600053,0.00,11.1729,0.00,11.2583,7.75827,1.41046
827,"Internal",460,1053.00,0.00,89231.00,68.9459,18.3286,12.7255,160,160,57,42,24,5,12,544,1647.00,0.00,,36,,0.00,0.00,0.00,17,0.00,0.00,0.00,41,0.00,0.00,0.00,0.00,0.00,0.00,8,8,0.00,0.00,188,0.00,0.00,0.00,0.00,0.00,0.00,0.00,,,,,,,49.5,8.5,75.2,128.8,0.00,2191.00,68.3673,0,262,6101.11,"Suburban",1,1091.59,6,"NWReno-Skyline",15.6582,33.8418,2.68878,5.81122,0.00,0.00,40.7429,88.0571,23.7878,51.4122,5476.90,2990.00,3679.50,1819.50,8489.00,0.642128,0.00,35368.26,206.235,-0.362952,-0.114457,-0.0931274,1.93742,0.141747,65.2037,310.568,0.00,0.00,37.1378,5476.90,503.8,4.04209,5476.90,262,11.9694,8.65751,2.07847,0.917791,11.1112,0.291525,11.3582,7.85821,11.6855
828,"Internal",234,639,0.00,133611.00,53.2081,31.4554,15.3365,28,90,55,48,5,7,1,481,0.00,0.00,,24,,0.00,0.00,0.00,59,0.00,0.00,0.00,13,0.00,7,2,0.00,0.00,0.00,8,6,0.00,3,53,0.00,3,18,23,0.00,0.00,0.00,,,,,,,44.5,32.5,22.1,70.9,25,481,60,0,195,6413.38,"Suburban",1,1323.15,6,"NWReno-Skyline",17.8,26.7,13,19.5,10,15,28.36,42.54,8.84,13.26,2385.40,1521.00,1014.00,1455.90,3990.90,0.657112,0.00,27079.82,301.95,-0.362952,-0.0308486,-0.111313,2.0687,0.143248,33.5201,68.9024,0.00,3.58121,27.9334,2385.40,369.6,1.63813,2385.40,195,12.0341,8.94245,2.07045,0.877882,11.1415,0.709293,11.072,7.57203,6.13303
829,"Internal",273,657,0.00,105278.00,59.0563,26.6362,14.3075,92,80,34,45,12,7,3,968,0.00,0.00,,29,,9,0.00,0.00,1,0.00,0.00,0.00,0.00,0.00,0.00,0.00,0.00,0.00,0.00,0.00,3,0.00,0.00,81,0.00,0.00,0.00,0.00,0.00,0.00,0.00,,,,,,,9.5,0.5,32.4,51.6,0.00,968,47.8261,0,94,6842.28,"Urban",1,799.379,6,"NWReno-Skyline",4.95652,4.54348,0.26087,0.23913,0.00,0.00,26.9217,24.6783,16.9043,15.4957,2471.10,1774.50,1593.00,879.4,4246.90,0.641839,0.00,36115.79,80.7883,-0.362952,-0.224037,-0.0914872,1.93489,0.141755,38.6991,137.219,0.00,0.00,13.325,2471.10,242.3,2.15723,2471.10,94,12.0916,8.79335,2.31473,0.807684,11.2018,0.897086,10.8249,7.3249,5.68799
830,"Internal",281,576,0.00,76071.00,67.8819,17.1875,14.9306,134,75,29,24,12,0.00,7,0.00,0.00,0.00,,20,,0.00,0.00,0.00,0.00,0.00,0.00,0.00,0.00,8,24,0.00,0.00,0.00,0.00,20,0.00,0.00,0.00,0.00,0.00,9,47,14,0.00,0.00,0.00,,,,,,,0.00,0.00,2.7,40.3,79,0.00,32.2222,0,122,6662.10,"Urban",1,1058.92,6,"NWReno-Skyline",0.00,0.00,0.00,0.00,53.5444,25.4556,27.3144,12.9856,1.83,0.87,2252.00,1826.50,183,2069.00,4078.50,0.540082,0.00,35399.89,0.00,-0.362952,-0.294607,-0.0930579,1.04331,0.128596,36.1354,0.00,0.00,10.1591,15.6887,2252.00,516,1.43042,2252.00,122,12.118,8.82325,1.98381,0.545306,11.2185,0.782024,10.7135,7.21351,5.88199
831,"Internal",99,260,0.00,107000.00,59.2308,29.2308,11.5385,27,33,11,13,10,3,2,0.00,0.00,0.00,,7,,0.00,0.00,0.00,6,0.00,0.00,0.00,0.00,0.00,0.00,0.00,0.00,0.00,0.00,10,5,0.00,0.00,0.00,0.00,0.00,0.00,0.00,0.00,0.00,0.00,,,,,,,3,3,0.00,15,0.00,0.00,40,0,21,4253.93,"Suburban",1,304.918,6,"NWReno-Skyline",1.8,1.2,1.8,1.2,0.00,0.00,9,6,0.00,0.00,290.1,643.5,31.5,266.4,941.4,0.451552,0.00,13669.03,43.5597,-0.362952,-0.256557,-0.140739,0.267629,0.116886,11.5717,0.00,0.00,0.00,2.45461,290.1,70.5,0.434438,290.1,21,11.818,8.33853,1.39926,0.127155,11.0375,0.00,12.0614,8.56142,2.09587
832,"Internal",229,602,0.00,133611.00,53.1561,25.5814,21.2625,61,73,32,34,13,14,2,0.00,0.00,0.00,,21,,0.00,0.00,0.00,0.00,0.00,0.00,0.00,0.00,0.00,0.00,0.00,0.00,0.00,0.00,0.00,6,0.00,0.00,0.00,8,0.00,0.00,6,0.00,0.00,0.00,,,,,,,0.00,0.00,1.6,18.4,0.00,0.00,52,0,20,4563.46,"Suburban",1,144.093,6,"NWReno-Skyline",0.00,0.00,0.00,0.00,0.00,0.00,8.832,9.568,0.768,0.832,547.1,1488.50,30,517.1,2035.60,0.400549,21.614,14665.83,0.00,-0.228364,-0.294607,-0.138552,-0.179246,0.113423,25.9738,0.00,0.00,0.00,2.26845,547.1,138.5,0.975133,547.1,20,11.7828,8.23165,2.01321,0.163007,11.0359,1.93155e-05,12.2318,8.73175,4.17263
833,"Internal",89,230,0.00,63274.00,52.1739,25.6522,22.1739,33,17,17,10,4,4,4,0.00,0.00,0.00,,9,,0.00,0.00,0.00,2,0.00,0.00,0.00,0.00,0.00,0.00,0.00,0.00,0.00,0.00,5,1,0.00,1,0.00,0.00,0.00,0.00,0.00,0.00,0.00,0.00,,,,,,,1,2,0.00,6,0.00,0.00,50,0,9,679.861,"Suburban",1,25.0634,6,"NWReno-Skyline",0.5,0.5,1,1,0.00,0.00,3,3,0.00,0.00,211.7,578.5,13.5,203.4,795.4,0.405344,0.00,2215.05,2.78482,-0.362952,-0.292174,-0.165871,-0.137239,0.111144,9.8918,0.00,0.00,0.00,1.00029,211.7,53.2,0.371368,211.7,9,11.9798,8.4634,1.15826,0.00,11.1645,0.0347721,11.3115,7.81153,1.57825
834,"Internal",6,18,0.00,63274.00,61.1111,33.3333,5.55556,0.00,2,2,2,0.00,0.00,0.00,0.00,0.00,0.00,,1,,0.00,0.00,0.00,14,0.00,0.00,0.00,0.00,0.00,0.00,0.00,0.00,0.00,0.00,0.00,0.00,0.00,5,0.00,0.00,1,5,0.00,0.00,0.00,0.00,,,,,,,7,12,0.3,0.7,5,0.00,65.2568,0,25,929.459,"Suburban",1,405.855,6,"NWReno-Skyline",2.43202,4.56798,4.16918,7.83082,1.73716,3.26284,0.243202,0.456798,0.10423,0.19577,167.5,39,37.5,161.2,237.7,0.488283,97.4053,3858.87,113.64,0.243579,-0.195341,-0.162264,0.589458,0.131398,0.78839,0.00,0.00,0.656992,3.28496,167.5,34.2,0.0343703,167.5,25,12.0111,9.33387,0.46761,0.00,11.1584,0.00,11.1731,7.67311,0.37387
835,"Internal",426,870,12,105278.00,60.6897,29.6552,9.65517,222,104,35,32,11,2,20,0.00,0.00,0.00,,30,,0.00,0.00,0.00,1,0.00,0.00,0.00,0.00,0.00,0.00,0.00,0.00,0.00,0.00,10,5,0.00,0.00,0.00,0.00,0.00,0.00,0.00,0.00,0.00,0.00,,,,,,,0.5,0.5,0.00,15,0.00,0.00,9.52381,0,16,8384.42,"Urban",1,149.869,6,"NWReno-Skyline",0.452381,0.047619,0.452381,0.047619,0.00,0.00,13.5714,1.42857,0.00,0.00,896.4,2769.00,24,873.7,3666.70,0.372891,0.00,34345.21,4.6834,-0.362952,-0.290516,-0.0953721,-0.421584,0.109248,46.5396,0.00,0.00,0.00,1.74797,896.4,231.5,1.74724,896.4,16,12.003,8.74705,2.14613,0.973613,11.148,1,11.2088,7.70878,6.70207
836,"Internal",233,624,0.00,101721.00,57.2115,27.4038,15.3846,32,102,35,48,8,5,3,0.00,0.00,0.00,,20,,0.00,0.00,0.00,22,0.00,0.00,0.00,0.00,0.00,0.00,0.00,0.00,0.00,0.00,0.00,0.00,0.00,0.00,0.00,0.00,0.00,0.00,0.00,0.00,0.00,0.00,,,,,,,11,11,0.00,0.00,0.00,0.00,66.6667,0,22,4037.15,"Suburban",1,134.87,6,"NWReno-Skyline",3.66667,7.33333,3.66667,7.33333,0.00,0.00,0.00,0.00,0.00,0.00,508.7,1514.50,33,504.3,2051.80,0.394492,0.00,12578.42,67.4348,-0.362952,-0.235701,-0.143132,-0.232318,0.110488,25.7436,0.00,0.00,0.00,2.43073,508.7,127.5,0.966492,508.7,22,11.8891,8.46988,1.7556,0.626561,11.0888,0.304738,11.7253,8.22529,4.65289
837,"Internal",32,70,0.00,89231.00,70,15.7143,14.2857,12,11,4,3,1,0.00,1,0.00,0.00,0.00,,3,,0.00,0.00,0.00,0.00,0.00,0.00,0.00,0.00,0.00,0.00,0.00,0.00,0.00,0.00,0.00,0.00,0.00,0.00,0.00,0.00,0.00,0.00,0.00,0.00,0.00,0.00,,,,,,,0.00,0.00,0.00,0.00,0.00,0.00,45.0082,0,0,954.157,"Suburban",1,0.00,6,"NWReno-Skyline",0.00,0.00,0.00,0.00,0.00,0.00,0.00,0.00,0.00,0.00,60.8,208,0.00,60.8,268.8,0.350057,0.00,3663.96,0.00,-0.362952,-0.294607,-0.162692,-0.621652,0.105329,3.37052,0.00,0.00,0.00,0.00,60.8,16,0.12654,60.8,0.00,11.627,7.94046,0.975817,0.00,10.9469,0.00,13.0191,9.51906,0.611616
838,"Internal",652,1300.00,0.00,60745.00,74.6923,18,7.30769,278,235,55,53,16,10,5,0.00,0.00,0.00,,40,,3,0.00,0.00,0.00,0.00,0.00,0.00,1,0.00,0.00,0.00,0.00,0.00,0.00,13,1,0.00,0.00,0.00,0.00,0.00,0.00,6,0.00,0.00,0.00,,,,,,,4,0.00,0.00,20,0.00,0.00,70,0,24,11675.95,"Urban",1,209.484,6,"NWReno-Skyline",1.2,2.8,0.00,0.00,0.00,0.00,6,14,0.00,0.00,1362.80,4238.00,36,1326.80,5600.80,0.371279,34.9139,48886.50,34.9139,-0.145547,-0.264109,-0.0634662,-0.43571,0.113286,73.8624,0.00,0.00,0.00,2.71886,1362.80,352,2.77302,1362.80,24,12.0459,8.79384,1.9358,0.656715,11.1777,0.622928,11.0208,7.52085,12.3539
839,"Internal",193,633,0.00,142843.00,57.9779,24.9605,17.0616,12,51,42,57,22,8,1,0.00,0.00,0.00,,20,,0.00,0.00,0.00,2,0.00,0.00,0.00,0.00,0.00,0.00,0.00,0.00,0.00,0.00,0.00,2,0.00,0.00,0.00,0.00,0.00,1,0.00,0.00,0.00,0.00,,,,,,,1,1,0.00,2,1,0.00,52,0,5,1927.86,"Suburban",1,15.0415,6,"NWReno-Skyline",0.48,0.52,0.48,0.52,0.48,0.52,0.96,1.04,0.00,0.00,402.6,1254.50,7.5,397.7,1659.70,0.371237,0.00,4992.86,3.00829,-0.362952,-0.291979,-0.159776,-0.43607,0.107617,20.7701,0.00,0.00,0.107617,0.538085,402.6,104,0.780552,402.6,5,11.6191,7.888,1.41156,0.00,10.9485,0.00,13.0604,9.5604,4.62174
840,"Internal",141,406,0.00,129643.00,55.4187,25.3695,19.2118,16,53,27,27,14,3,1,0.00,0.00,0.00,,13,,0.00,0.00,0.00,11,0.00,0.00,0.00,0.00,7,0.00,0.00,0.00,0.00,0.00,0.00,0.00,0.00,0.00,0.00,2,1,3,2,0.00,0.00,0.00,,,,,,,5.5,5.5,0.7,4.3,10,0.00,25,0,26,736.029,"Rural",,42.8284,6,"NWReno-Skyline",4.125,1.375,4.125,1.375,7.5,2.5,3.225,1.075,0.525,0.175,515.9,916.5,39,491.2,1446.70,0.482656,4.94174,2383.07,9.05986,-0.33218,-0.286693,-0.165502,0.540157,0.12039,16.975,0.00,0.00,1.2039,3.13014,515.9,123,0.646036,515.9,26,11.747,8.1271,0.941766,0.00,11.0125,0.00,12.4078,8.90781,3.00308
841,"Internal",359,877,0.00,101721.00,62.5998,21.7788,15.6214,105,117,61,44,19,7,6,0.00,0.00,0.00,,29,,0.00,0.00,0.00,7,0.00,0.00,0.00,0.00,0.00,0.00,0.00,0.00,0.00,0.00,5,5,0.00,7,0.00,57,0.00,1,0.00,0.00,0.00,0.00,,,,,,,3.5,10.5,11.4,55.6,1,0.00,15.3846,0,82,1858.65,"Suburban",1,151.538,6,"NWReno-Skyline",2.96154,0.538462,8.88462,1.61538,0.846154,0.153846,47.0462,8.55385,9.64615,1.75385,1118.00,2333.50,123,1022.30,3478.80,0.462451,12.9361,6428.89,6.46807,-0.2824,-0.288957,-0.156625,0.363123,0.119107,42.7595,0.00,0.00,0.119107,9.7668,1118.00,271,1.60619,1118.00,82,11.706,7.9714,1.24669,0.00,11.0182,0.0224887,12.6129,9.11286,7.43171
842,"Internal",95,346,0.00,101721.00,61.8497,29.4798,8.67052,2,17,30,19,19,7,1,0.00,0.00,0.00,,12,,0.00,0.00,0.00,1,0.00,0.00,0.00,1,0.00,0.00,0.00,0.00,0.00,0.00,1,7,0.00,0.00,0.00,0.00,0.00,0.00,2,0.00,0.00,0.00,,,,,,,1.5,0.5,0.00,10,0.00,0.00,100,0,12,2824.36,"Urban",1,92.896,6,"NWReno-Skyline",0.00,1.5,0.00,0.5,0.00,0.00,0.00,10,0.00,0.00,242.5,617.5,18,225.8,861.3,0.416832,0.00,6667.61,11.612,-0.362952,-0.284464,-0.156101,-0.0365781,0.11263,10.6999,0.00,0.00,0.00,1.35156,242.5,60.5,0.401705,242.5,12,11.8682,8.32098,1.47129,0.00,11.0978,0.0377713,11.8228,8.32283,2.79447
843,"Internal",32,79,0.00,99028.00,53.1646,12.6582,34.1772,2,21,4,3,1,1,0.00,0.00,0.00,0.00,,2,,0.00,0.00,0.00,0.00,0.00,0.00,0.00,0.00,0.00,0.00,0.00,0.00,0.00,0.00,2,0.00,0.00,0.00,0.00,0.00,0.00,0.00,1,0.00,0.00,0.00,,,,,,,0.00,0.00,0.00,3,0.00,0.00,9.91736,0,3,858.803,"Urban",1,30.7776,6,"NWReno-Skyline",0.00,0.00,0.00,0.00,0.00,0.00,2.70248,0.297521,0.00,0.00,77.6,208,4.5,73.1,285.6,0.403832,0.00,2930.03,0.00,-0.362952,-0.294607,-0.164302,-0.150484,0.111015,3.55249,0.00,0.00,0.00,0.333046,77.6,19.6,0.133371,77.6,3,11.8206,8.2259,1.16687,0.00,11.0747,0.00,12.0488,8.54885,0.544966
844,"Internal",8,22,0.00,99028.00,63.6364,27.2727,9.09091,0.00,4,2,2,0.00,0.00,0.00,0.00,0.00,0.00,,0.00,,0.00,7,0.00,427,33,186,25,14,9,5,9,679,0.00,0.00,0.00,34,60,438,32,30,3,15,17,0.00,0.00,0.00,,,,,,,1166.50,711.5,19.7,96.3,29,0.00,68.2283,0,2023,9746.11,"Suburban",1,6164.53,6,"NWReno-Skyline",370.617,795.883,226.056,485.444,9.2138,19.7862,30.5962,65.7038,6.25903,13.441,6841.10,52,3034.50,5656.50,8743.00,0.460925,12.1889,26641.86,3554.58,-0.287053,2.81038,-0.112274,0.349759,0.119941,0.959532,0.00,0.00,3.4783,242.642,6841.10,1201.10,0.0612866,6841.10,2023.00,11.7828,8.3452,0.00,0.00,11.0579,0.00,12.2318,8.73183,18.4759
845,"Internal",594,1616.00,0.00,142843.00,58.5396,26.7946,14.6658,85,245,106,93,42,14,9,0.00,0.00,0.00,,52,,1,0.00,0.00,3,0.00,0.00,0.00,1,0.00,0.00,0.00,0.00,0.00,0.00,0.00,5,0.00,16,0.00,0.00,2,9,1,0.00,0.00,0.00,,,,,,,3.5,17.5,0.6,7.4,9,0.00,40,0,38,3845.10,"Suburban",1,87.1976,6,"NWReno-Skyline",2.1,1.4,10.5,7,5.4,3.6,4.44,2.96,0.36,0.24,1404.70,3861.00,57,1393.20,5311.20,0.402614,6.88402,12187.47,8.03136,-0.320086,-0.287591,-0.14399,-0.161157,0.112039,66.5514,0.00,0.00,1.00835,4.2575,1404.70,354,2.50586,1404.70,38,11.2565,7.32368,1.32326,0.00,10.7629,0.00,15.1248,11.6248,12.0724
847,"Internal",222,567,0.00,99028.00,61.7284,17.6367,20.6349,36,104,28,37,12,4,1,0.00,0.00,0.00,,15,,0.00,0.00,0.00,1,0.00,0.00,0.00,0.00,0.00,0.00,0.00,0.00,0.00,0.00,11,2,0.00,0.00,0.00,3,0.00,0.00,7,0.00,0.00,0.00,,,,,,,0.5,0.5,0.6,22.4,0.00,0.00,76.5957,0,24,1067.89,"Suburban",1,42.3849,6,"NWReno-Skyline",0.117021,0.382979,0.117021,0.382979,0.00,0.00,5.24255,17.1574,0.140426,0.459574,553.6,1443.00,36,518.9,1997.90,0.410562,0.00,3528.36,0.883018,-0.362952,-0.293836,-0.162989,-0.0915136,0.111781,24.8153,0.00,0.00,0.00,2.68274,553.6,139.1,0.931643,553.6,24,11.5625,7.72164,0.125499,0.00,10.9507,0.00,13.3612,9.86115,4.58012
848,"Internal",0.00,0.00,0.00,89930.00,,,,0.00,0.00,0.00,0.00,0.00,0.00,0.00,0.00,0.00,0.00,,0.00,,0.00,0.00,0.00,0.00,0.00,0.00,0.00,0.00,0.00,0.00,0.00,0.00,0.00,0.00,0.00,0.00,0.00,0.00,0.00,0.00,0.00,0.00,5,0.00,0.00,0.00,,,,,,,0.00,0.00,0.00,5,0.00,0.00,45.0082,0,5,136.588,"Suburban",1,86.9916,6,"NWReno-Skyline",0.00,0.00,0.00,0.00,0.00,0.00,2.74959,2.25041,0.00,0.00,28,0.00,7.5,20.5,28,0.392219,52.195,487.153,0.00,-0.03794,-0.294607,-0.169662,-0.252231,0.114873,0.00,0.00,0.00,0.00,0.574363,28,6,0.00,28,5,11.7554,8.06727,0.266251,0.00,11.0459,0.00,12.366,8.866,
901,"Internal",158,289,0.00,85417.00,79.2388,12.1107,8.65052,77,55,13,7,1,5,0.00,0.00,0.00,0.00,,8,,0.00,0.00,1,8,3,0.00,47,0.00,10,26,0.00,0.00,0.00,41,143,78,65,182,8,468,25,131,56,0.00,0.00,0.00,,,,,,,55,251,104.3,714.7,167,0.00,44.8498,0,1292,18868.73,"Urban",1,10518.81,8,"EastReno-Meadowo",30.3326,24.6674,138.427,112.573,92.1009,74.8991,394.159,320.541,57.5217,46.7783,8927.50,1027.00,1938.00,7642.10,10607.10,0.438166,0.00,86357.67,447.782,-0.362952,0.0965383,0.0187513,0.150345,0.119228,18.838,0.00,0.00,19.9111,154.042,8927.50,1899.50,0.85185,8927.50,1292.00,12.7736,10.1076,2.75406,5.04458,11.5465,1,8.33739,4.83739,21.2529
902,"Internal",74,155,0.00,85417.00,45.8065,17.4194,36.7742,33,22,2,14,2,1,0.00,0.00,0.00,0.00,,4,,0.00,52,0.00,9,0.00,0.00,0.00,0.00,55,0.00,0.00,0.00,0.00,10,0.00,9,20,107,1,52,0.00,0.00,64,0.00,0.00,0.00,,,,,,,56.5,131.5,10.8,125.2,55,0.00,47.3896,0,379,5624.87,"Urban",1,2842.14,8,"EastReno-Meadowo",29.7249,26.7751,69.1827,62.3173,28.9357,26.0643,65.8683,59.3317,5.68193,5.11807,2494.70,481,568.5,2268.10,3317.60,0.482229,0.00,24878.88,423.697,-0.362952,0.0754992,-0.116143,0.536417,0.121036,8.95664,0.00,0.00,6.65696,45.8725,2494.70,519.7,0.384609,2494.70,379,12.6094,9.79451,2.50503,4.33389,11.4716,0.775044,8.86661,5.36661,6.308
903,"Internal",119,300,0.00,90071.00,47,25,28,38,38,16,12,5,5,5,0.00,0.00,0.00,,6,,0.00,0.00,0.00,0.00,0.00,0.00,0.00,0.00,0.00,0.00,0.00,0.00,0.00,0.00,5,2,0.00,0.00,0.00,1,0.00,0.00,0.00,0.00,0.00,0.00,,,,,,,0.00,0.00,0.2,7.8,0.00,0.00,72.7273,0,8,1117.87,"Suburban",1,28.6118,8,"EastReno-Meadowo",0.00,0.00,0.00,0.00,0.00,0.00,2.12727,5.67273,0.0545455,0.145455,270.9,773.5,12,258.9,1044.40,0.389904,10.7294,3735.27,0.00,-0.296141,-0.294607,-0.162535,-0.272519,0.110607,13.1622,0.00,0.00,0.00,0.884853,270.9,69.1,0.494148,270.9,8,12.4571,9.37807,1.90929,3.08802,11.4108,0.00,9.3948,5.8948,1.90416
904,"Internal",0.00,0.00,0.00,89930.00,,,,0.00,0.00,0.00,0.00,0.00,0.00,0.00,0.00,0.00,0.00,,0.00,,0.00,0.00,0.00,0.00,0.00,0.00,0.00,0.00,0.00,1,0.00,0.00,0.00,8,83,0.00,30,91,0.00,29,298,1541.00,1,0.00,0.00,800,,,,,,,0.00,121,95.2,323.8,1542.00,0.00,33.1821,0,2082,54552.41,"Downtown",1,34744.02,8,"EastReno-Meadowo",0.00,0.00,80.8497,40.1503,1030.33,511.668,216.356,107.444,63.6107,31.5893,31544.80,0.00,3123.00,28736.40,31859.40,0.176831,0.00,531663.68,0.00,-0.362952,-0.294607,0.995822,-2.13942,0.113062,0.00,0.00,0.00,174.341,235.394,31544.80,6885.50,1.26624,31544.80,2082.00,13.0406,11.0936,2.81764,5.96554,11.6248,1,7.56002,4.06002,
905,"Internal",0.00,0.00,0.00,89930.00,,,,0.00,0.00,0.00,0.00,0.00,0.00,0.00,0.00,0.00,0.00,,0.00,,0.00,0.00,0.00,25,0.00,0.00,0.00,8,250,117,0.00,0.00,0.00,5,6,0.00,0.00,145,0.00,0.00,17,92,28,0.00,0.00,0.00,,,,,,,20.5,157.5,5.1,50.9,459,0.00,48.3871,0,693,22247.09,"Downtown",1,14169.00,8,"EastReno-Meadowo",10.5806,9.91935,81.2903,76.2097,236.903,222.097,26.271,24.629,2.63226,2.46774,9430.90,0.00,1039.50,8800.90,9840.40,0.188954,81.7836,201195.76,419.141,0.146305,0.0715195,0.270724,-2.0332,0.105883,0.00,0.00,0.00,48.6004,73.3771,9430.90,2038.10,0.352985,9430.90,693,13.0647,11.2575,2.73164,5.52806,11.6416,1,7.49466,3.99466,
906,"Internal",251,694,0.00,73514.00,54.3228,38.9049,6.77233,58,72,44,39,26,10,2,0.00,0.00,0.00,,11,,0.00,0.00,0.00,62,0.00,0.00,0.00,0.00,1,0.00,154,0.00,0.00,1,23,3,0.00,13,1,0.00,11,57,7,0.00,0.00,0.00,,,,,,,185,44,3.7,42.3,58,0.00,46.8254,0,333,20313.93,"Urban",1,5559.05,8,"EastReno-Meadowo",98.373,86.627,23.3968,20.6032,30.8413,27.1587,22.4929,19.8071,1.96746,1.73254,2506.10,1631.50,499.5,2121.00,4252.00,0.590147,166.939,70982.25,3088.36,0.676554,2.40313,-0.0149847,1.48198,0.158182,39.7037,0.00,0.00,9.17457,52.6747,2506.10,533,1.55723,2506.10,333,12.9645,10.1811,2.42102,4.24897,11.6924,1,7.77167,4.27167,9.9717
907,"Internal",5,12,0.00,64375.00,66.6667,25,8.33333,1,2,1,1,0.00,0.00,0.00,0.00,0.00,0.00,,0.00,,5,0.00,0.00,13,0.00,0.00,0.00,0.00,20,80,0.00,0.00,0.00,6,0.00,14,0.00,117,0.00,114,26,138,34,147,0.00,0.00,,,,,,,11.5,270.5,30.6,163.4,238,0.00,53.3719,0,714,11348.06,"Urban",1,7150.95,8,"EastReno-Meadowo",5.36224,6.13776,126.129,144.371,110.975,127.025,76.1904,87.2096,14.2682,16.3318,6392.50,32.5,1071.00,6024.80,7128.30,0.263052,70.1074,71392.33,115.176,0.0735983,-0.193998,-0.0140849,-1.38398,0.106211,0.531056,0.00,0.00,25.2783,75.8348,6392.50,1352.10,0.203533,6392.50,714,12.9741,10.5888,2.41765,6.24651,11.6153,1,7.74454,4.24454,11.3472
908,"Internal",288,606,0.00,85417.00,46.8647,14.6865,38.4488,94,120,40,25,3,5,1,0.00,0.00,0.00,,15,,0.00,0.00,0.00,1,0.00,0.00,0.00,0.00,0.00,0.00,0.00,0.00,0.00,0.00,0.00,7,0.00,2,0.00,24,0.00,1,3,0.00,0.00,0.00,,,,,,,0.5,2.5,4.8,29.2,1,0.00,28.8889,0,38,5232.60,"Urban",1,298.707,8,"EastReno-Meadowo",0.355556,0.144444,1.77778,0.722222,0.711111,0.288889,20.7644,8.43556,3.41333,1.38667,765.3,1872.00,57,714.8,2643.80,0.425071,31.4429,20782.17,3.93036,-0.167161,-0.291174,-0.125132,0.0356051,0.117517,33.8449,0.00,0.00,0.117517,4.46564,765.3,190.4,1.27149,765.3,38,12.712,9.98099,2.4243,4.98066,11.5181,0.950879,8.531,5.031,3.97819
909,"Internal",0.00,0.00,0.00,89930.00,,,,0.00,0.00,0.00,0.00,0.00,0.00,0.00,0.00,0.00,0.00,,0.00,,0.00,0.00,0.00,14,0.00,0.00,0.00,0.00,98,117,0.00,0.00,0.00,8,5,0.00,0.00,0.00,0.00,0.00,6,29,3,0.00,0.00,0.00,,,,,,,7,7,1.8,20.2,244,0.00,31.0881,0,280,5047.46,"Urban",1,3214.69,8,"EastReno-Meadowo",4.82383,2.17617,4.82383,2.17617,168.145,75.8549,13.9202,6.27979,1.24041,0.559585,4728.00,0.00,420,4326.20,4746.20,0.161322,0.00,54491.25,80.3672,-0.362952,-0.224405,-0.0511685,-2.27531,0.0893531,0.00,0.00,0.00,21.8021,25.0189,4728.00,1033.80,0.158349,4728.00,280,12.8783,10.2903,2.52897,5.14827,11.6082,1,8.0208,4.5208,
910,"Internal",64,153,0.00,90071.00,56.2092,21.5686,22.2222,13,30,8,9,4,0.00,0.00,0.00,0.00,0.00,,4,,0.00,0.00,0.00,0.00,0.00,0.00,0.00,0.00,0.00,0.00,0.00,0.00,0.00,0.00,0.00,0.00,1,1,0.00,0.00,0.00,0.00,0.00,0.00,0.00,0.00,,,,,,,0.00,2,0.00,0.00,0.00,0.00,100,0,2,2189.52,"Suburban",1,28.0455,8,"EastReno-Meadowo",0.00,0.00,0.00,2,0.00,0.00,0.00,0.00,0.00,0.00,127.6,416,3,129.8,548.8,0.36944,0.00,7695.70,0.00,-0.362952,-0.294607,-0.153845,-0.451821,0.107559,6.88381,0.00,0.00,0.00,0.215119,127.6,33,0.258439,127.6,2,12.1688,8.73896,1.24974,2.12197,11.2902,0.00,10.5025,7.00247,1.11286
911,"Internal",184,433,0.00,64375.00,63.2794,28.8684,7.85219,63,61,20,21,13,3,3,0.00,0.00,0.00,,11,,0.00,0.00,0.00,0.00,0.00,0.00,0.00,0.00,3,0.00,0.00,0.00,0.00,3,14,0.00,0.00,0.00,0.00,0.00,5,24,5,0.00,0.00,0.00,,,,,,,0.00,0.00,1.5,25.5,27,0.00,22.2222,0,54,24164.10,"Urban",1,2520.08,8,"EastReno-Meadowo",0.00,0.00,0.00,0.00,21,6,19.8333,5.66667,1.16667,0.333333,1005.70,1196.00,81,924.7,2201.70,0.527168,0.00,102749.09,0.00,-0.362952,-0.294607,0.0547167,0.93016,0.130885,24.0828,0.00,0.00,3.53389,7.06778,1005.70,235.1,0.929808,1005.70,54,12.8043,10.1901,2.53327,5.3939,11.5534,0.930543,8.24281,4.74281,3.9791
912,"Internal",505,1439.00,0.00,63419.00,60.5976,35.0243,4.37804,110,126,125,63,44,29,8,0.00,0.00,0.00,,21,,0.00,0.00,0.00,0.00,0.00,0.00,0.00,0.00,0.00,0.00,0.00,0.00,0.00,0.00,6,21,0.00,2,0.00,0.00,0.00,0.00,0.00,0.00,0.00,0.00,,,,,,,0.00,2,0.00,27,0.00,0.00,27.2727,0,29,16697.38,"Urban",1,326.179,8,"EastReno-Meadowo",0.00,0.00,1.45455,0.545455,0.00,0.00,19.6364,7.36364,0.00,0.00,1116.70,3282.50,43.5,1078.40,4404.40,0.384514,0.00,49538.76,0.00,-0.362952,-0.294607,-0.0620351,-0.31974,0.11127,56.1914,0.00,0.00,0.00,3.22683,1116.70,285.9,2.10959,1116.70,29,12.8236,9.9256,2.31143,3.99726,11.633,1,8.18411,4.68411,11.2247
913,"Internal",0.00,0.00,0.00,89930.00,,,,0.00,0.00,0.00,0.00,0.00,0.00,0.00,0.00,0.00,0.00,,0.00,,0.00,0.00,0.00,0.00,0.00,0.00,0.00,0.00,0.00,16,0.00,0.00,0.00,0.00,0.00,0.00,0.00,0.00,0.00,0.00,16,81,0.00,0.00,0.00,0.00,,,,,,,0.00,0.00,4.8,11.2,97,0.00,34.5679,0,113,2935.96,"Downtown",1,1869.89,8,"EastReno-Meadowo",0.00,0.00,0.00,0.00,63.4691,33.5309,7.3284,3.8716,3.14074,1.65926,1903.50,0.00,169.5,1734.00,1903.50,0.162234,0.00,31498.56,0.00,-0.362952,-0.294607,-0.101618,-2.26732,0.0884798,0.00,0.00,0.00,8.58254,9.99822,1903.50,416.9,0.062335,1903.50,113,12.9974,10.7326,2.62595,6.14755,11.6232,1,7.67931,4.17931,
914,"Internal",182,492,0.00,73514.00,54.878,40.8537,4.26829,44,61,26,25,12,10,4,0.00,0.00,0.00,,8,,0.00,0.00,0.00,3,0.00,0.00,0.00,0.00,0.00,0.00,0.00,0.00,0.00,0.00,1,0.00,0.00,3,0.00,0.00,0.00,0.00,0.00,0.00,0.00,0.00,,,,,,,1.5,4.5,0.00,1,0.00,0.00,36.3636,0,7,15200.76,"Urban",1,211.545,8,"EastReno-Meadowo",0.954545,0.545455,2.86364,1.63636,0.00,0.00,0.636364,0.363636,0.00,0.00,369.4,1183.00,10.5,370.6,1564.10,0.371755,0.00,47268.29,45.3311,-0.362952,-0.255009,-0.0670168,-0.431534,0.109772,19.9784,0.00,0.00,0.00,0.768402,369.4,95.2,0.750051,369.4,7,12.8592,10.0459,2.38863,4.08521,11.6466,1,8.07738,4.57738,3.46456
915,"Internal",310,779,0.00,58338.00,62.2593,32.6059,5.13479,93,91,56,31,26,9,4,0.00,0.00,0.00,,13,,0.00,0.00,0.00,11,0.00,0.00,0.00,0.00,61,0.00,0.00,0.00,0.00,0.00,18,0.00,0.00,0.00,0.00,28,1,8,2,0.00,0.00,0.00,,,,,,,5.5,5.5,5.9,43.1,69,0.00,38.75,0,129,14995.63,"Urban",1,1970.81,8,"EastReno-Meadowo",3.36875,2.13125,3.36875,2.13125,42.2625,26.7375,26.3988,16.7013,3.61375,2.28625,2186.70,2015.00,193.5,2007.50,4216.00,0.542735,0.00,64410.20,84.0266,-0.362952,-0.221208,-0.0294048,1.06656,0.130604,40.4871,0.00,0.00,9.01164,16.8479,2186.70,502.2,1.58546,2186.70,129,12.7616,9.83268,2.66945,4.60778,11.5992,1,8.37459,4.87459,7.82573
916,"Internal",199,479,0.00,107000.00,41.1273,12.5261,46.3466,63,62,26,34,8,4,2,0.00,0.00,0.00,,11,,0.00,0.00,0.00,3,0.00,0.00,0.00,0.00,0.00,0.00,0.00,0.00,2,0.00,0.00,0.00,0.00,0.00,0.00,0.00,0.00,0.00,9,0.00,0.00,0.00,,,,,,,1.5,1.5,0.00,11,0.00,0.00,83.3333,0,14,4003.73,"Urban",1,111.885,8,"EastReno-Meadowo",0.25,1.25,0.25,1.25,0.00,0.00,1.83333,9.16667,0.00,0.00,448.7,1293.50,21,431.6,1746.10,0.389982,63.9342,13954.43,11.9877,0.0351586,-0.284135,-0.140113,-0.271832,0.116536,23.1907,0.00,0.00,0.00,1.63151,448.7,114.2,0.870648,448.7,14,12.5907,9.6894,2.10551,3.50111,11.4825,0.00,8.92953,5.42953,2.72444
917,"Internal",359,679,0.00,86818.00,60.972,13.1075,25.9205,166,127,37,8,13,5,3,0.00,0.00,0.00,,18,,0.00,0.00,0.00,0.00,0.00,0.00,0.00,0.00,0.00,0.00,0.00,0.00,0.00,0.00,8,10,0.00,0.00,0.00,0.00,0.00,0.00,0.00,0.00,0.00,0.00,,,,,,,0.00,0.00,0.00,18,0.00,0.00,41.9355,0,18,10805.66,"Urban",1,275.007,8,"EastReno-Meadowo",0.00,0.00,0.00,0.00,0.00,0.00,10.4516,7.54839,0.00,0.00,782.9,2333.50,27,755.9,3116.40,0.380419,45.8344,47612.82,0.00,-0.0775462,-0.294607,-0.0662609,-0.355621,0.115355,41.4123,0.00,0.00,0.00,2.07638,782.9,201.1,1.55474,782.9,18,12.8052,10.2253,2.31497,4.54435,11.5573,0.00109035,8.24023,4.74023,5.40772
918,"Internal",126,280,0.00,107000.00,37.8571,20.7143,41.4286,41,43,25,11,3,2,1,0.00,0.00,0.00,,7,,0.00,0.00,0.00,1,0.00,0.00,0.00,0.00,0.00,0.00,0.00,0.00,0.00,0.00,0.00,1,9,0.00,0.00,0.00,0.00,0.00,1,0.00,0.00,0.00,,,,,,,0.5,9.5,0.00,2,0.00,0.00,76.9231,0,12,2004.28,"Suburban",1,80.4818,8,"EastReno-Meadowo",0.115385,0.384615,2.19231,7.30769,0.00,0.00,0.461538,1.53846,0.00,0.00,280.6,819,18,287.3,1124.30,0.4038,20.1205,7540.48,3.35341,-0.237664,-0.291678,-0.154186,-0.150759,0.113265,14.2714,0.00,0.00,0.00,1.35918,280.6,70.4,0.53579,280.6,12,12.3821,9.15119,1.34193,2.09063,11.4017,0.00,9.66934,6.16934,1.52864
919,"Internal",187,375,0.00,107000.00,48.5333,17.6,33.8667,56,100,16,7,5,3,0.00,0.00,0.00,0.00,,12,,0.00,0.00,0.00,0.00,0.00,0.00,0.00,0.00,0.00,0.00,0.00,0.00,0.00,0.00,1,0.00,0.00,0.00,0.00,1,0.00,0.00,2,0.00,0.00,0.00,,,,,,,0.00,0.00,0.2,3.8,0.00,0.00,47.3684,0,4,1778.63,"Suburban",1,18.6595,8,"EastReno-Meadowo",0.00,0.00,0.00,0.00,0.00,0.00,2,1.8,0.105263,0.0947368,377.7,1215.50,6,371.7,1593.20,0.363493,18.6595,7432.08,0.00,-0.246761,-0.294607,-0.154424,-0.503926,0.108726,20.3318,0.00,0.00,0.00,0.434905,377.7,98.3,0.763317,377.7,4,12.4913,9.39079,1.69866,2.93443,11.4469,0.00,9.27297,5.77297,2.32552
920,"Internal",289,686,0.00,86818.00,51.7493,17.4927,30.758,61,132,51,29,8,4,4,0.00,0.00,0.00,,17,,1,0.00,0.00,5,0.00,0.00,0.00,0.00,0.00,0.00,0.00,0.00,0.00,0.00,28,0.00,2,0.00,0.00,7,7,32,2,0.00,0.00,0.00,,,,,,,3.5,4.5,3.5,40.5,32,0.00,64.7059,0,84,5287.53,"Urban",1,543.047,8,"EastReno-Meadowo",1.23529,2.26471,1.58824,2.91176,11.2941,20.7059,14.2941,26.2059,1.23529,2.26471,1417.90,1878.50,126,1303.60,3308.10,0.520812,25.8594,21386.35,22.627,-0.201929,-0.274842,-0.123806,0.87447,0.128327,37.0865,0.00,0.00,4.10646,10.7795,1417.90,332.5,1.42216,1417.90,84,12.535,9.55123,2.24496,4.00781,11.4597,0.000215747,9.11999,5.61999,5.78372
921,"Internal",32,79,0.00,64375.00,63.2911,29.1139,7.59494,11,10,3,4,2,1,1,0.00,0.00,0.00,,2,,0.00,0.00,0.00,0.00,1,0.00,0.00,0.00,68,914,0.00,0.00,0.00,8,0.00,0.00,0.00,0.00,0.00,29,22,114,45,0.00,0.00,0.00,,,,,,,1,0.00,12.4,91.6,1096.00,0.00,23.1788,0,1201,14535.26,"Urban",1,8885.17,8,"EastReno-Meadowo",0.768212,0.231788,0.00,0.00,841.96,254.04,70.3682,21.2318,9.52583,2.87417,21141.40,208,1801.50,19339.90,21349.40,0.172174,0.00,157945.86,7.39814,-0.362952,-0.288144,0.175827,-2.18022,0.0947857,3.03314,0.00,0.00,103.885,113.838,21141.40,4634.90,0.868391,21141.40,1201.00,12.9229,10.5934,2.30557,5.07202,11.5964,0.694964,7.89065,4.39065,13.203
922,"Internal",485,1077.00,0.00,61487.00,71.5877,20.8914,7.52089,178,173,42,57,21,4,10,0.00,0.00,0.00,,20,,0.00,6,0.00,0.00,0.00,0.00,13,0.00,0.00,5,0.00,0.00,3,25,42,86,7,142,53,69,38,195,30,147,0.00,0.00,,,,,,,19,296,46.4,299.6,200,0.00,35.1613,0,861,28538.07,"Downtown",1,10116.31,8,"EastReno-Meadowo",12.3194,6.68065,191.923,104.077,129.677,70.3226,194.257,105.343,30.0852,16.3148,7544.10,3152.50,1291.50,7022.20,11466.20,0.536656,46.998,134722.04,223.24,-0.0703011,-0.0996027,0.12487,1.0133,0.139558,67.6858,0.00,0.00,27.9117,120.16,7544.10,1635.20,2.74385,7544.10,861,12.9223,10.4021,2.62609,5.22105,11.6136,1,7.89218,4.39218,20.6088
924,"Internal",353,827,0.00,51788.00,58.4039,24.3047,17.2914,141,84,50,39,26,9,4,175,0.00,0.00,,15,,0.00,0.00,0.00,78,0.00,0.00,1,0.00,1,5,0.00,0.00,0.00,3,20,0.00,0.00,70,41,1,1,9,29,0.00,0.00,0.00,,,,,,,40,109,16.9,78.1,15,175,46.4052,0,259,8917.15,"Urban",1,1872.10,8,"EastReno-Meadowo",21.4379,18.5621,58.4183,50.5817,8.03922,6.96078,41.8575,36.2425,9.05752,7.84248,2192.70,2294.50,651,1825.10,4770.60,0.603688,21.6846,34482.83,289.128,-0.227924,-0.042049,-0.0950701,1.60062,0.139208,49.1405,24.3615,0.00,2.08812,36.055,2192.70,426.5,1.9851,2192.70,259,12.7382,9.78744,2.47201,4.19834,11.5942,0.822924,8.44802,4.94802,9.91792
925,"Internal",663,1944.00,0.00,55541.00,58.2819,32.9733,8.74486,139,175,126,96,83,30,14,569,0.00,0.00,,39,,0.00,0.00,0.00,0.00,0.00,0.00,0.00,0.00,0.00,0.00,0.00,0.00,0.00,0.00,0.00,3,0.00,65,59,28,0.00,0.00,25,0.00,0.00,0.00,,,,,,,0.00,65,29.2,85.8,0.00,569,30,0,180,17280.25,"Urban",1,1396.93,8,"EastReno-Meadowo",0.00,0.00,45.5,19.5,0.00,0.00,60.06,25.74,20.44,8.76,2952.20,4309.50,1123.50,1997.70,7430.70,0.56851,85.3682,57667.79,0.00,0.168626,-0.294607,-0.0441987,1.2924,0.143727,95.2913,81.7809,0.00,0.00,25.8709,2952.20,502,3.9973,2952.20,180,12.8197,10.0787,2.72785,4.74441,11.5932,0.983669,8.19592,4.69592,16.2905
926,"Internal",0.00,0.00,0.00,89930.00,,,,0.00,0.00,0.00,0.00,0.00,0.00,0.00,0.00,0.00,0.00,,0.00,,0.00,0.00,0.00,0.00,9,0.00,0.00,0.00,0.00,81,7,0.00,0.00,3,9,9,0.00,0.00,0.00,80,92,477,134,0.00,0.00,0.00,,,,,,,16,0.00,43.6,283.4,558,0.00,30.4462,0,901,24874.36,"Downtown",1,15842.30,8,"EastReno-Meadowo",11.1286,4.87139,0.00,0.00,388.11,169.89,197.115,86.2845,30.3255,13.2745,12313.80,0.00,1351.50,10962.30,12313.80,0.195418,0.00,216513.73,281.328,-0.362952,-0.048862,0.304334,-1.97657,0.099671,0.00,0.00,0.00,55.6164,89.8036,12313.80,2688.20,0.403942,12313.80,901,13.0046,10.6697,2.2437,5.40404,11.6443,1,7.65912,4.15912,
927,"Internal",176,408,0.00,64375.00,77.2059,12.7451,10.049,55,57,41,8,9,3,3,0.00,0.00,0.00,,8,,0.00,0.00,0.00,0.00,0.00,0.00,0.00,0.00,0.00,0.00,0.00,0.00,0.00,0.00,8,0.00,0.00,0.00,0.00,0.00,0.00,2,0.00,0.00,0.00,0.00,,,,,,,0.00,0.00,0.00,8,2,0.00,45.0082,0,10,19062.66,"Downtown",1,449.908,8,"EastReno-Meadowo",0.00,0.00,0.00,0.00,1.09984,0.900164,4.39934,3.60066,0.00,0.00,416.6,1144.00,15,401.6,1560.60,0.396321,359.926,70212.64,0.00,1.87827,-0.294607,-0.0166734,-0.216293,0.155552,27.3772,0.00,0.00,0.311104,1.55552,416.6,105.8,1.03008,416.6,10,12.7888,10.2051,2.17714,4.73528,11.5574,0.189686,8.29033,4.79033,4.06891
928,"Internal",0.00,0.00,0.00,89930.00,,,,0.00,0.00,0.00,0.00,0.00,0.00,0.00,0.00,0.00,0.00,,0.00,,0.00,0.00,0.00,0.00,0.00,0.00,0.00,0.00,51,0.00,0.00,0.00,0.00,0.00,0.00,0.00,5,7,0.00,8,28,145,0.00,0.00,0.00,0.00,,,,,,,0.00,12,10,26,196,0.00,26.5455,0,244,16970.96,"Downtown",1,10808.68,8,"EastReno-Meadowo",0.00,0.00,8.81455,3.18545,143.971,52.0291,19.0982,6.90182,7.34545,2.65455,3902.80,0.00,366,3568.00,3934.00,0.168759,177.191,174267.78,0.00,0.740398,-0.294607,0.21164,-2.21015,0.1117,0.00,0.00,0.00,21.8932,27.2548,3902.80,852.8,0.15901,3902.80,244,13.0253,10.8448,2.18535,5.16886,11.6422,1,7.60189,4.10189,
929,"Internal",206,484,0.00,107000.00,49.1736,24.1736,26.6529,36,107,22,38,2,1,0.00,0.00,0.00,0.00,,9,,0.00,0.00,0.00,0.00,0.00,0.00,0.00,0.00,0.00,0.00,0.00,0.00,0.00,0.00,1,2,0.00,0.00,0.00,0.00,1,9,0.00,0.00,0.00,0.00,,,,,,,0.00,0.00,0.3,3.7,9,0.00,33.3333,0,13,2878.60,"Suburban",1,74.1889,8,"EastReno-Meadowo",0.00,0.00,0.00,0.00,6,3,2.46667,1.23333,0.2,0.1,582.1,1339.00,19.5,562.6,1921.10,0.42833,17.1205,10963.41,0.00,-0.256344,-0.294607,-0.146675,0.0641632,0.115882,23.8717,0.00,0.00,1.04294,1.50646,582.1,144.7,0.903789,582.1,13,12.1169,8.58835,1.21412,0.00,11.2748,0.00,10.718,7.21802,3.10908
930,"Internal",103,302,0.00,55541.00,70.1987,28.8079,0.993377,31,11,26,15,10,9,1,0.00,0.00,0.00,,4,,0.00,0.00,0.00,34,0.00,0.00,0.00,16,211,165,36,0.00,9,0.00,8,1,0.00,266,0.00,0.00,32,168,73,0.00,0.00,0.00,,,,,,,69,283,9.6,113.4,544,0.00,25.431,0,1019,21400.96,"Urban",1,11465.87,8,"EastReno-Meadowo",51.4526,17.5474,211.03,71.9698,405.655,138.345,84.5612,28.8388,7.15862,2.44138,12113.30,669.5,1528.50,11320.60,13518.60,0.283509,90.0166,152112.35,776.393,0.197571,0.383585,0.163027,-1.20473,0.114453,11.7887,0.00,0.00,62.2626,116.628,12113.30,2605.50,0.894796,12113.30,1019.00,12.9596,10.5495,2.55297,5.55824,11.6426,0.999311,7.78549,4.28549,13.6477
931,"Internal",247,518,0.00,142067.00,43.4363,13.7066,42.8571,57,135,32,17,4,1,1,0.00,0.00,0.00,,15,,2,0.00,0.00,0.00,0.00,0.00,0.00,0.00,0.00,3,0.00,0.00,0.00,0.00,0.00,1,0.00,0.00,0.00,0.00,0.00,0.00,5,0.00,0.00,0.00,,,,,,,2,0.00,0.00,6,3,0.00,75,0,11,1918.37,"Suburban",1,39.4231,8,"EastReno-Meadowo",0.5,1.5,0.00,0.00,0.75,2.25,1.5,4.5,0.00,0.00,565,1605.50,16.5,548.5,2170.50,0.388938,0.00,7778.89,7.16783,-0.362952,-0.288346,-0.153663,-0.280979,0.109646,27.0826,0.00,0.00,0.328939,1.20611,565,144,1.01915,565,11,12.3358,9.06004,1.58319,1.97279,11.3819,0.00,9.84322,6.34322,2.99386
932,"Internal",425,855,0.00,83929.00,67.7193,16.8421,15.4386,170,143,68,31,7,6,0.00,0.00,0.00,0.00,,29,,3,0.00,0.00,13,0.00,0.00,0.00,18,0.00,21,0.00,0.00,18,177,108,356,319,0.00,0.00,53,23,122,22,0.00,0.00,0.00,,,,,,,27.5,325.5,17.5,739.5,143,0.00,80.6373,0,1253,24787.86,"Urban",1,11004.67,8,"EastReno-Meadowo",5.32475,22.1752,63.0257,262.474,27.6887,115.311,143.187,596.312,3.38848,14.1115,8779.80,2762.50,1879.50,7746.60,12388.60,0.536259,0.00,108804.81,241.523,-0.362952,-0.0836325,0.0680039,1.00982,0.132386,56.2642,0.00,0.00,18.9313,165.88,8779.80,1883.70,2.24983,8779.80,1253.00,12.6402,9.9818,2.16509,3.21073,11.5003,0.00,8.76405,5.26405,30.7501
933,"Internal",81,137,0.00,100645.00,32.8467,11.6788,55.4745,38,36,4,0.00,3,0.00,0.00,145,0.00,0.00,,7,,0.00,0.00,0.00,13,0.00,0.00,0.00,0.00,0.00,0.00,0.00,0.00,0.00,16,249,28,15,22,45,482,17,86,47,17,0.00,0.00,,,,,,,6.5,60.5,119.5,764.5,86,145,56.4565,0,1037,20217.15,"Urban",1,11876.82,8,"EastReno-Meadowo",2.83033,3.66967,26.3438,34.1562,37.4474,48.5526,332.89,431.61,52.0345,67.4655,7131.00,526.5,1773.00,5515.30,7814.80,0.445904,34.3592,89503.37,74.4449,-0.149001,-0.229578,0.0256535,0.218142,0.124009,10.0447,17.9812,0.00,10.6647,128.597,7131.00,1487.40,0.546863,7131.00,1037.00,12.6864,10.0492,2.18411,3.87071,11.5208,0.00,8.61316,5.11316,16.3515
934,"Internal",0.00,0.00,0.00,89930.00,,,,0.00,0.00,0.00,0.00,0.00,0.00,0.00,0.00,0.00,0.00,,0.00,,0.00,1,0.00,63,0.00,0.00,1,7,0.00,0.00,0.00,0.00,0.00,90,178,153,0.00,7,0.00,1137.00,24,125,22,21,0.00,0.00,,,,,,,40.5,59.5,234.6,1369.40,125,0.00,53.1866,0,1829,25499.14,"Downtown",1,16240.21,8,"EastReno-Meadowo",18.9594,21.5406,27.854,31.646,58.5168,66.4832,641.063,728.337,109.824,124.776,11619.90,0.00,2743.50,9031.10,11774.60,0.357424,62.155,104550.02,359.611,0.0240798,0.0195192,0.0586682,-0.557104,0.117437,0.00,0.00,0.00,14.6797,214.793,11619.90,2487.30,0.106618,11619.90,1829.00,12.8612,10.3771,1.92064,4.70964,11.5947,0.643358,8.07122,4.57122,
935,"Internal",508,1287.00,0.00,42990.00,63.9472,24.7863,11.2665,177,128,59,87,27,16,14,907,0.00,0.00,,28,,0.00,0.00,0.00,0.00,0.00,0.00,0.00,0.00,0.00,9,0.00,0.00,0.00,11,8,0.00,0.00,0.00,86,31,1,9,15,0.00,0.00,0.00,,,,,,,0.00,0.00,40.9,111.1,18,907,13.8889,0,170,9240.68,"Urban",1,1010.94,8,"EastReno-Meadowo",0.00,0.00,0.00,0.00,15.5,2.5,95.6694,15.4306,35.2194,5.68056,3513.50,3302.00,1615.50,1898.00,6815.50,0.631538,23.7867,40529.63,0.00,-0.214835,-0.294607,-0.0818025,1.84463,0.143572,72.9345,130.22,0.00,2.58429,24.4072,3513.50,510.2,3.42537,3513.50,170,12.7482,9.92811,2.45296,4.34164,11.5765,0.886983,8.4166,4.9166,11.8096
936,"Internal",0.00,0.00,0.00,89930.00,,,,0.00,0.00,0.00,0.00,0.00,0.00,0.00,0.00,0.00,0.00,,0.00,,0.00,0.00,0.00,0.00,0.00,0.00,0.00,0.00,181,6,0.00,0.00,0.00,2,0.00,0.00,0.00,0.00,0.00,0.00,64,332,0.00,86,0.00,0.00,,,,,,,0.00,86,19.2,46.8,519,0.00,15.2542,0,671,25140.36,"Downtown",1,16011.71,8,"EastReno-Meadowo",0.00,0.00,72.8814,13.1186,439.831,79.1695,39.661,7.13898,16.2712,2.92881,10332.90,0.00,1006.50,9550.00,10556.50,0.172507,71.5874,251904.00,0.00,0.082814,-0.294607,0.381986,-2.17731,0.105654,0.00,0.00,0.00,54.8345,70.8939,10332.90,2250.10,0.398263,10332.90,671,12.9711,10.6322,1.88928,5.23816,11.6358,1,7.75288,4.25288,
937,"Internal",228,552,0.00,100645.00,57.2464,20.8333,21.9203,64,64,66,19,6,7,2,345,0.00,0.00,,11,,0.00,0.00,0.00,0.00,0.00,0.00,0.00,0.00,0.00,0.00,0.00,0.00,0.00,1,0.00,6,0.00,0.00,46,9,0.00,0.00,1,0.00,0.00,0.00,,,,,,,0.00,0.00,20.2,42.8,0.00,345,0.00,0,63,6099.94,"Urban",1,590.391,8,"EastReno-Meadowo",0.00,0.00,0.00,0.00,0.00,0.00,42.8,0.00,20.2,0.00,1303.50,1482.00,612,691.5,2785.50,0.607032,28.1139,26103.73,0.00,-0.18789,-0.294607,-0.113455,1.62992,0.139913,31.9002,48.2701,0.00,0.00,8.81454,1303.50,189.6,1.4454,1303.50,63,12.5284,9.71835,1.96654,2.81052,11.4553,0.00,9.14275,5.64275,4.35847
938,"Internal",0.00,0.00,0.00,89930.00,,,,0.00,0.00,0.00,0.00,0.00,0.00,0.00,0.00,0.00,0.00,,0.00,,0.00,0.00,0.00,0.00,0.00,0.00,0.00,0.00,90,170,0.00,0.00,0.00,0.00,3,0.00,0.00,0.00,24,2,29,148,16,0.00,0.00,155,,,,,,,0.00,0.00,18.7,55.3,408,0.00,29.1971,0,482,16465.04,"Downtown",1,10486.46,8,"EastReno-Meadowo",0.00,0.00,0.00,0.00,288.876,119.124,39.154,16.146,13.2401,5.45985,8044.00,0.00,723,7321.00,8044.00,0.163604,152.293,175006.42,0.00,0.585358,-0.294607,0.21326,-2.25531,0.10872,0.00,0.00,0.00,44.3579,52.4032,8044.00,1761.60,0.322171,8044.00,482,13.0306,10.7175,2.18854,6.50252,11.6639,1,7.58744,4.08744,
939,"Internal",0.00,0.00,0.00,89930.00,,,,0.00,0.00,0.00,0.00,0.00,0.00,0.00,0.00,0.00,0.00,,0.00,,0.00,0.00,0.00,5,40,62,0.00,0.00,52,1030.00,0.00,0.00,62,30,81,8,39,137,122,17,129,666,149,0.00,0.00,0.00,,,,,,,104.5,178.5,90.9,507.1,1748.00,0.00,29.8625,0,2629,24586.48,"Urban",1,15658.95,8,"EastReno-Meadowo",73.2937,31.2063,125.195,53.3045,1226.00,521.996,355.667,151.433,63.755,27.145,36885.40,0.00,3943.50,33406.00,37349.50,0.188872,125.081,222462.48,622.427,0.415912,0.249093,0.317386,-2.03393,0.111147,0.00,0.00,0.00,194.285,292.205,36885.40,8025.90,1.41109,36885.40,2629.00,12.9629,10.7973,2.39039,5.93339,11.6261,1,7.77621,4.27621,
940,"Internal",482,1091.00,0.00,142067.00,46.7461,16.5903,36.6636,127,220,53,59,14,4,5,0.00,0.00,0.00,,34,,0.00,0.00,0.00,8,0.00,0.00,0.00,3,0.00,0.00,0.00,0.00,0.00,0.00,0.00,23,0.00,2,1,0.00,17,91,3,0.00,0.00,0.00,,,,,,,7,6,5.5,38.5,91,0.00,56.1798,0,148,3604.21,"Suburban",1,403.076,8,"EastReno-Meadowo",3.06742,3.93258,2.62921,3.37079,39.8764,51.1236,16.8708,21.6292,2.41011,3.08989,2902.90,3133.00,222,2696.50,6051.50,0.532065,0.00,16481.19,19.0644,-0.362952,-0.277954,-0.134569,0.97307,0.126532,60.9885,0.00,0.00,11.5144,18.7267,2902.90,673.4,2.37332,2902.90,148,11.8869,8.37792,1.60697,1.45791,11.1583,0.00,11.7355,8.23546,8.41338
941,"Internal",340,645,0.00,83929.00,70.3876,16.7442,12.8682,140,141,28,20,8,2,1,0.00,0.00,0.00,,19,,0.00,0.00,0.00,0.00,0.00,0.00,0.00,0.00,0.00,0.00,0.00,0.00,0.00,0.00,13,1,0.00,0.00,0.00,0.00,0.00,0.00,0.00,0.00,0.00,0.00,,,,,,,0.00,0.00,0.00,14,0.00,0.00,88.785,0,14,7521.97,"Suburban",1,157.887,8,"EastReno-Meadowo",0.00,0.00,0.00,0.00,0.00,0.00,1.57009,12.4299,0.00,0.00,724.4,2210.00,21,703.4,2934.40,0.375276,33.8329,33093.06,0.00,-0.152279,-0.294607,-0.0981195,-0.400685,0.112807,38.3545,0.00,0.00,0.00,1.5793,724.4,186.8,1.43994,724.4,14,12.3033,9.1185,2.06551,2.42843,11.3606,0.00,9.96759,6.46759,5.93631
942,"Internal",51,159,0.00,42990.00,52.8302,45.283,1.88679,15,15,0.00,6,0.00,15,0.00,0.00,0.00,297,,2,,0.00,30,0.00,127,5,0.00,13,5,0.00,0.00,0.00,0.00,0.00,94,34,79,112,110,7,78,2,9,17,0.00,0.00,0.00,,,,,,,116.5,285.5,19,292,9,0.00,64.5441,0,722,16744.30,"Urban",1,9352.55,8,"EastReno-Meadowo",41.3061,75.1939,101.226,184.274,3.19103,5.80897,103.531,188.469,6.73661,12.2634,4905.70,955.2,2152.20,2872.10,5979.50,0.61422,103.629,77456.49,1509.10,0.282336,1.02362,-0.000779227,1.6929,0.153722,7.83984,0.00,45.6556,1.3835,110.988,4905.70,636.6,1.27109,4905.70,722,12.7316,9.98989,1.98016,4.90611,11.5688,1,8.46888,4.96888,13.4573
943,"Internal",201,317,154,100645.00,21.1356,2.83912,76.0252,132,44,14,0.00,11,0.00,0.00,0.00,0.00,0.00,,10,,0.00,0.00,0.00,0.00,7,0.00,0.00,0.00,2,10,2,0.00,0.00,150,71,207,46,0.00,0.00,44,20,103,2,0.00,0.00,0.00,,,,,,,9,46,14.8,479.2,115,0.00,53.8066,0,664,6647.61,"Urban",1,3246.65,8,"EastReno-Meadowo",4.15741,4.84259,21.249,24.751,53.1224,61.8776,221.359,257.841,6.83663,7.96337,5463.80,1306.50,996,4587.40,6889.90,0.499835,0.00,33688.34,44.0057,-0.362952,-0.256167,-0.0968134,0.690677,0.123606,24.8448,0.00,0.00,14.2147,82.0744,5463.80,1192.30,1.03599,5463.80,664,12.7794,10.122,1.3553,4.28486,11.5721,0.0199608,8.31943,4.81943,10.8157
944,"Internal",0.00,0.00,0.00,89930.00,,,,0.00,0.00,0.00,0.00,0.00,0.00,0.00,0.00,0.00,0.00,,0.00,,0.00,32,0.00,3,0.00,0.00,0.00,0.00,0.00,0.00,0.00,0.00,0.00,565,24,40,22,231,0.00,0.00,0.00,0.00,0.00,28,0.00,0.00,,,,,,,33.5,282.5,0.00,629,0.00,0.00,65.7169,0,945,37882.88,"Downtown",1,24127.32,8,"EastReno-Meadowo",11.4848,22.0152,96.8497,185.65,0.00,0.00,215.641,413.359,0.00,0.00,4470.40,0.00,1417.50,3787.40,5204.90,0.396341,0.00,132889.22,855.307,-0.362952,0.452518,0.120849,-0.216114,0.116906,0.00,0.00,0.00,0.00,110.477,4470.40,912.8,0.00,4470.40,945,12.8668,10.344,1.68818,5.28479,11.603,0.420151,8.05466,4.55466,
945,"Internal",0.00,0.00,0.00,89930.00,,,,0.00,0.00,0.00,0.00,0.00,0.00,0.00,0.00,0.00,0.00,,0.00,,0.00,0.00,0.00,21,7,0.00,0.00,0.00,213,87,0.00,0.00,0.00,16,36,2,0.00,0.00,0.00,7,22,112,39,0.00,0.00,0.00,,,,,,,17.5,10.5,8,114,412,0.00,21.5022,0,562,14742.46,"Downtown",1,9389.36,8,"EastReno-Meadowo",13.7371,3.76289,8.24227,2.25773,323.411,88.5891,89.4875,24.5125,6.27982,1.72018,8471.60,0.00,843,7655.90,8498.90,0.178702,50.1212,141991.55,292.373,-0.0508534,-0.0392139,0.140821,-2.12303,0.0991192,0.00,0.00,0.00,40.8371,55.705,8471.60,1849.60,0.2966,8471.60,562,12.9067,10.4436,2.11541,5.53469,11.6169,0.878898,7.93752,4.43752,
946,"Internal",50,116,0.00,142067.00,57.7586,15.5172,26.7241,11,27,5,2,2,3,0.00,0.00,0.00,0.00,,2,,0.00,0.00,0.00,0.00,0.00,0.00,0.00,0.00,0.00,0.00,0.00,0.00,0.00,0.00,0.00,1,0.00,0.00,0.00,0.00,0.00,0.00,0.00,0.00,0.00,0.00,,,,,,,0.00,0.00,0.00,1,0.00,0.00,0.00,0,1,2617.19,"Suburban",1,22.2607,8,"EastReno-Meadowo",0.00,0.00,0.00,0.00,0.00,0.00,1,0.00,0.00,0.00,100.6,325,1.5,99.1,425.6,0.362642,0.00,9474.13,0.00,-0.362952,-0.294607,-0.149943,-0.511382,0.106929,5.34643,0.00,0.00,0.00,0.106929,100.6,26.2,0.200721,100.6,1,12.2475,8.85238,0.859177,0.296388,11.3414,0.00,10.1858,6.68577,0.842865
947,"Internal",681,1280.00,0.00,54013.00,73.9844,15.5469,10.4688,325,231,52,44,16,10,3,0.00,0.00,0.00,,33,,0.00,0.00,0.00,0.00,0.00,0.00,0.00,0.00,13,11,0.00,0.00,0.00,5,26,0.00,0.00,61,0.00,0.00,5,26,9,0.00,0.00,0.00,,,,,,,0.00,61,1.5,43.5,50,0.00,71.2601,0,156,26650.43,"Downtown",1,2726.32,8,"EastReno-Meadowo",0.00,0.00,17.5313,43.4687,14.3699,35.6301,12.5018,30.9982,0.431098,1.0689,2663.90,4426.50,234,2588.50,7249.00,0.498573,209.717,126686.32,0.00,0.942928,-0.294607,0.107239,0.679619,0.154306,105.083,0.00,0.00,7.71531,24.0718,2663.90,630,4.00115,2663.90,156,12.8961,10.7556,2.30918,6.00777,11.5934,1,7.96852,4.46852,14.6291
948,"Internal",0.00,0.00,0.00,89930.00,,,,0.00,0.00,0.00,0.00,0.00,0.00,0.00,0.00,0.00,0.00,,0.00,,0.00,0.00,0.00,0.00,0.00,0.00,0.00,0.00,1,0.00,0.00,0.00,1,0.00,0.00,11,0.00,0.00,0.00,0.00,0.00,0.00,2,0.00,0.00,0.00,,,,,,,0.00,0.00,0.00,14,1,0.00,45.0082,0,15,287.842,"Urban",1,183.325,8,"EastReno-Meadowo",0.00,0.00,0.00,0.00,0.549918,0.450082,7.69885,6.30115,0.00,0.00,97.1,0.00,22.5,74.6,97.1,0.356052,0.00,1186.72,0.00,-0.362952,-0.294607,-0.168127,-0.569126,0.105834,0.00,0.00,0.00,0.105834,1.5875,97.1,20.9,0.000768669,97.1,15,12.7297,9.84649,1.79454,4.48454,11.5898,0.698208,8.47476,4.97476,
949,"Internal",261,632,0.00,125083.00,48.1013,19.462,32.4367,42,126,54,25,8,6,0.00,0.00,0.00,0.00,,22,,0.00,0.00,0.00,3,0.00,0.00,0.00,0.00,0.00,0.00,0.00,0.00,0.00,0.00,0.00,2,0.00,3,0.00,0.00,0.00,0.00,10,0.00,0.00,0.00,,,,,,,1.5,4.5,0.00,12,0.00,0.00,31.1111,0,18,3318.21,"Suburban",1,90.4608,8,"EastReno-Meadowo",1.03333,0.466667,3.1,1.4,0.00,0.00,8.26667,3.73333,0.00,0.00,581.1,1696.50,27,565.8,2289.30,0.389614,0.00,11505.11,7.5384,-0.362952,-0.288022,-0.145487,-0.275062,0.109906,28.6854,0.00,0.00,0.00,1.9783,581.1,147.9,1.07694,581.1,18,12.3104,9.08938,1.61626,2.01575,11.365,0.00,9.94038,6.44038,3.992
950,"Internal",9,22,0.00,100645.00,68.1818,27.2727,4.54545,3,2,3,0.00,0.00,1,0.00,0.00,0.00,0.00,,0.00,,0.00,0.00,0.00,0.00,0.00,0.00,0.00,0.00,0.00,0.00,0.00,0.00,0.00,0.00,0.00,0.00,0.00,0.00,0.00,0.00,0.00,0.00,0.00,0.00,0.00,0.00,,,,,,,0.00,0.00,0.00,0.00,0.00,0.00,0.00,0,0,149.081,"Suburban",1,0.00,8,"EastReno-Meadowo",0.00,0.00,0.00,0.00,0.00,0.00,0.00,0.00,0.00,0.00,17.1,58.5,0.00,17.1,75.6,0.350057,0.00,512.295,0.00,-0.362952,-0.294607,-0.169607,-0.621652,0.105177,0.94659,0.00,0.00,0.00,0.00,17.1,4.5,0.0355378,17.1,0.00,12.3698,9.18912,1.27306,2.56649,11.3939,0.00,9.7152,6.2152,0.187229
951,"Internal",16,52,0.00,125083.00,38.4615,23.0769,38.4615,0.00,5,5,3,3,0.00,0.00,0.00,0.00,0.00,,1,,0.00,0.00,0.00,0.00,0.00,0.00,0.00,0.00,0.00,0.00,0.00,0.00,0.00,0.00,0.00,0.00,0.00,0.00,0.00,0.00,0.00,0.00,0.00,0.00,0.00,0.00,,,,,,,0.00,0.00,0.00,0.00,0.00,0.00,45.0082,0,0,664.615,"Suburban",1,0.00,8,"EastReno-Meadowo",0.00,0.00,0.00,0.00,0.00,0.00,0.00,0.00,0.00,0.00,30.4,104,0.00,30.4,134.4,0.350057,0.00,1717.77,0.00,-0.362952,-0.294607,-0.166962,-0.621652,0.105235,1.68376,0.00,0.00,0.00,0.00,30.4,8,0.0632133,30.4,0.00,12.1729,8.73885,1.43626,2.02184,11.3073,0.00,10.4858,6.98584,0.249639
952,"Internal",130,309,0.00,42990.00,67.6375,21.3592,11.0032,43,39,21,16,6,4,1,0.00,0.00,0.00,,6,,15,7,0.00,55,16,0.00,14,7,0.00,20,0.00,0.00,13,240,101,70,9,197,0.00,93,0.00,3,56,0.00,0.00,0.00,,,,,,,86.5,233.5,18.6,554.4,23,0.00,58.1976,0,916,28621.23,"Downtown",1,15004.89,8,"EastReno-Meadowo",36.1591,50.3409,97.6086,135.891,9.61455,13.3855,231.752,322.648,7.77524,10.8248,4845.90,845,1374.00,4079.00,6298.00,0.514932,327.618,103166.84,1416.95,1.67708,0.943119,0.0556333,0.822951,0.171295,22.2683,0.00,0.00,3.93978,156.906,4845.90,1006.90,0.864634,4845.90,916,12.7523,10.0871,2.17753,5.63234,11.5717,0.877568,8.40382,4.90382,17.3602
953,"Internal",0.00,0.00,0.00,89930.00,,,,0.00,0.00,0.00,0.00,0.00,0.00,0.00,287,376,0.00,,0.00,,0.00,0.00,0.00,0.00,0.00,0.00,0.00,0.00,0.00,0.00,0.00,0.00,1,0.00,0.00,0.00,0.00,0.00,91,69,8,45,0.00,0.00,0.00,0.00,,,,,,,0.00,0.00,52.6,116.4,45,663,45.3488,0,214,15691.47,"Downtown",1,9993.78,8,"EastReno-Meadowo",0.00,0.00,0.00,0.00,24.593,20.407,63.614,52.786,28.7465,23.8535,2782.40,0.00,1315.50,1466.90,2782.40,0.49852,326.899,129937.84,0.00,1.67261,-0.294607,0.114373,0.679152,0.170571,0.00,113.088,0.00,7.67568,36.5021,2782.40,387.3,0.636231,2782.40,214,12.8133,10.2449,2.0852,5.02389,11.5877,1,8.21547,4.71547,
954,"Internal",16,49,0.00,100208.00,53.0612,32.6531,14.2857,0.00,9,1,4,1,0.00,1,0.00,0.00,0.00,,2,,1,5,0.00,23,0.00,0.00,1,1,0.00,0.00,14,0.00,10,65,83,194,60,224,68,592,5,21,16,38,0.00,96,,,,,,,33.5,333.5,147.1,885.9,21,0.00,61.9005,0,1421,18511.37,"Urban",1,11536.39,8,"EastReno-Meadowo",12.7633,20.7367,127.062,206.438,8.0009,12.9991,337.524,548.376,56.0444,91.0556,7308.90,104,2131.50,6044.50,8280.00,0.400656,48.711,67221.22,271.97,-0.0596341,-0.0570367,-0.023237,-0.178313,0.119004,1.90406,0.00,0.00,2.49908,169.104,7308.90,1517.20,0.0896349,7308.90,1421.00,12.7774,10.1048,1.52901,4.20192,11.5718,0.00,8.32568,4.82568,23.3756
955,"Internal",1,2,0.00,42990.00,50,0.00,50,0.00,1,0.00,0.00,0.00,0.00,0.00,0.00,0.00,0.00,,0.00,,15,177,0.00,550,0.00,15,152,111,15,15,10,2,6,6,51,156,2,172,22,160,9,48,199,0.00,0.00,0.00,,,,,,,757,449,43.5,565.5,78,0.00,64.369,0,1893,20609.57,"Urban",1,13117.25,8,"EastReno-Meadowo",269.726,487.274,159.983,289.017,27.7922,50.2078,201.493,364.007,15.4995,28.0005,8488.90,6.5,2839.50,6816.80,9662.80,0.415961,90.0815,66956.89,5245.52,0.197975,4.28744,-0.023817,-0.0442125,0.125266,0.125266,0.00,0.00,9.77075,237.129,8488.90,1654.10,0.0756678,8488.90,1893.00,12.58,9.63428,0.889652,3.47443,11.5278,0.399809,8.96551,5.46551,31.7108
956,"Internal",0.00,0.00,0.00,89930.00,,,,0.00,0.00,0.00,0.00,0.00,0.00,0.00,0.00,0.00,0.00,,0.00,,0.00,0.00,0.00,0.00,0.00,0.00,0.00,1,0.00,0.00,0.00,0.00,254,22,13,278,512,1,0.00,0.00,14,72,10,0.00,0.00,0.00,,,,,,,1,513,4.2,586.8,72,0.00,53.5573,0,1177,55887.35,"Downtown",1,35594.24,8,"EastReno-Meadowo",0.464427,0.535573,238.251,274.749,33.4387,38.5613,272.526,314.274,1.95059,2.24941,6198.00,0.00,1765.50,5766.30,7531.80,0.35892,90.7245,227772.87,30.2415,0.201978,-0.26819,0.329038,-0.543995,0.12749,0.00,0.00,0.00,9.17929,150.056,6198.00,1261.40,0.0666692,6198.00,1177.00,12.8204,10.3212,2.03482,4.88353,11.5835,1,8.19375,4.69375,
957,"Internal",0.00,0.00,0.00,89930.00,,,,0.00,0.00,0.00,0.00,0.00,0.00,0.00,0.00,0.00,0.00,,0.00,,0.00,0.00,0.00,0.00,0.00,0.00,0.00,0.00,0.00,0.00,0.00,0.00,0.00,0.00,5,2,0.00,0.00,0.00,0.00,1,8,0.00,0.00,0.00,0.00,,,,,,,0.00,0.00,0.3,7.7,8,0.00,72.3026,0,16,365.379,"Downtown",1,232.707,8,"EastReno-Meadowo",0.00,0.00,0.00,0.00,2.2158,5.7842,2.1327,5.5673,0.0830923,0.216908,194.4,0.00,24,170.4,194.4,0.21643,0.00,2827.39,0.00,-0.362952,-0.294607,-0.164527,-1.79246,0.0921854,0.00,0.00,0.00,0.737483,1.47497,194.4,42.4,0.00535634,194.4,16,12.7235,10.058,1.92659,4.77835,11.556,0.922739,8.49455,4.99455,
958,"Internal",26,77,0.00,100208.00,54.5455,24.6753,20.7792,3,15,2,1,0.00,1,4,0.00,0.00,0.00,,1,,0.00,0.00,0.00,0.00,0.00,0.00,0.00,0.00,0.00,0.00,0.00,0.00,0.00,0.00,0.00,0.00,7,0.00,0.00,0.00,0.00,0.00,0.00,0.00,0.00,0.00,,,,,,,0.00,7,0.00,0.00,0.00,0.00,55.5556,0,7,413.41,"Urban",1,32.8883,8,"EastReno-Meadowo",0.00,0.00,3.11111,3.88889,0.00,0.00,0.00,0.00,0.00,0.00,70.4,169,10.5,78.1,257.6,0.476009,0.00,1210.29,0.00,-0.362952,-0.294607,-0.168075,0.48192,0.119029,3.09476,0.00,0.00,0.00,0.833205,70.4,16.5,0.116187,70.4,7,12.1764,8.73259,0.423942,3.28987,11.3157,0.00,10.4717,6.97167,0.62478
959,"Internal",1,2,0.00,100208.00,100,0.00,0.00,0.00,1,0.00,0.00,0.00,0.00,0.00,0.00,0.00,0.00,,0.00,,0.00,0.00,0.00,0.00,0.00,0.00,0.00,0.00,0.00,0.00,0.00,0.00,0.00,0.00,6,0.00,0.00,17,0.00,0.00,16,81,456,0.00,0.00,109,,,,,,,0.00,17,4.8,473.2,81,0.00,36.6071,0,576,8637.47,"Urban",1,5489.00,8,"EastReno-Meadowo",0.00,0.00,10.7768,6.22321,51.3482,29.6518,299.975,173.225,3.04286,1.75714,4244.40,6.5,864,3424.60,4295.10,0.323802,0.00,40930.21,0.00,-0.362952,-0.294607,-0.0809236,-0.851691,0.104403,0.104403,0.00,0.00,8.45662,60.136,4244.40,914.7,0.06534,4244.40,576,12.6895,9.89195,1.54265,4.38126,11.5368,0.408874,8.60312,5.10312,7.0143
960,"Internal",0.00,0.00,0.00,89930.00,,,,0.00,0.00,0.00,0.00,0.00,0.00,0.00,0.00,0.00,0.00,,0.00,,0.00,0.00,0.00,0.00,0.00,0.00,0.00,189,0.00,247,0.00,0.00,0.00,17,8,337,0.00,9,0.00,0.00,11,61,8,0.00,0.00,0.00,,,,,,,189,9,3.3,377.7,308,0.00,31.0722,0,887,16355.16,"Urban",1,10416.48,8,"EastReno-Meadowo",130.274,58.7265,6.2035,2.7965,212.298,95.7024,260.34,117.36,2.27462,1.02538,8487.20,0.00,1330.50,7180.10,8510.60,0.263788,70.461,99944.21,2219.52,0.0758002,1.64418,0.0485623,-1.37752,0.107721,0.00,0.00,0.00,33.178,95.5484,8487.20,1819.00,0.240972,8487.20,887,12.621,9.82043,1.54163,4.27632,11.5128,0.966115,8.82788,5.32788,
961,"Internal",61,139,0.00,54013.00,48.2014,10.7914,41.0072,21,21,8,5,4,2,0.00,0.00,0.00,0.00,,3,,0.00,0.00,0.00,81,383,0.00,0.00,15,16,10,6,90,0.00,0.00,2,1039.00,0.00,42,0.00,44,1,9,1,0.00,0.00,0.00,,,,,,,534.5,82.5,9.1,1077.90,35,0.00,60.5303,0,1739,17398.52,"Urban",1,10544.21,8,"EastReno-Meadowo",210.966,323.534,32.5625,49.9375,13.8144,21.1856,425.444,652.456,3.59174,5.50826,8708.60,396.5,2608.50,6314.60,9319.60,0.46076,84.8872,56508.22,3240.87,0.165631,2.53635,-0.046743,0.34831,0.129584,7.90465,0.00,0.00,4.53546,225.347,8708.60,1786.90,0.329705,8708.60,1739.00,12.4948,9.41323,1.3358,3.71317,11.4841,0.424161,9.26076,5.76076,28.6148
962,"Internal",0.00,0.00,0.00,89930.00,,,,0.00,0.00,0.00,0.00,0.00,0.00,0.00,0.00,0.00,0.00,,0.00,,0.00,0.00,0.00,224,0.00,0.00,70,33,0.00,0.00,32,3,29,54,129,319,17,376,0.00,515,37,189,52,269,0.00,0.00,,,,,,,250,774,114.1,1020.90,189,0.00,58.1492,0,2348,16746.93,"Urban",1,10666.00,8,"EastReno-Meadowo",104.627,145.373,323.925,450.075,79.0981,109.902,427.255,593.645,47.7518,66.3482,12962.30,0.00,3522.00,11452.70,14974.70,0.359758,63.5962,68023.89,1135.65,0.0330542,0.697399,-0.0214758,-0.536647,0.115923,0.00,0.00,0.00,21.9094,272.186,12962.30,2648.90,0.159128,12962.30,2348.00,12.5364,9.56846,0.59178,2.97572,11.5099,0.112129,9.11501,5.61501,
963,"Internal",38,95,0.00,100208.00,51.5789,12.6316,35.7895,9,16,1,9,3,0.00,0.00,0.00,0.00,0.00,,2,,0.00,0.00,0.00,1,0.00,0.00,0.00,0.00,0.00,0.00,0.00,0.00,0.00,0.00,0.00,0.00,0.00,0.00,0.00,0.00,0.00,0.00,1,0.00,0.00,0.00,,,,,,,0.5,0.5,0.00,1,0.00,0.00,76,0,2,467.321,"Rural",,9.52353,8,"EastReno-Meadowo",0.12,0.38,0.12,0.38,0.00,0.00,0.24,0.76,0.00,0.00,80.8,247,3,79.1,329.1,0.37885,0.00,1567.10,2.38088,-0.362952,-0.292527,-0.167292,-0.369373,0.108257,4.11375,0.00,0.00,0.00,0.216513,80.8,20.7,0.154442,80.8,2,12.1694,8.77118,0.501357,2.14443,11.3092,0.00,10.5003,7.00032,0.645018
964,"Internal",367,835,0.00,100208.00,58.8024,17.485,23.7126,108,149,45,43,14,4,4,0.00,0.00,0.00,,27,,0.00,0.00,0.00,5,0.00,0.00,0.00,8,0.00,0.00,31,0.00,0.00,0.00,14,28,1,10,15,62,1,9,38,0.00,0.00,0.00,,,,,,,41.5,13.5,18.7,139.3,9,0.00,42.0118,0,222,3419.65,"Suburban",1,641.418,8,"EastReno-Meadowo",24.0651,17.4349,7.8284,5.6716,5.21893,3.78107,80.7775,58.5225,10.8438,7.85621,1915.40,2385.50,333,1617.50,4336.00,0.552266,0.00,12527.89,119.905,-0.362952,-0.189868,-0.143243,1.15007,0.128789,47.2654,0.00,0.00,1.1591,28.5911,1915.40,437.5,1.7829,1915.40,222,12.1318,8.68506,0.962248,2.99505,11.2966,0.0566634,10.6556,7.15558,8.76624
965,"Internal",112,273,0.00,125083.00,51.6484,16.1172,32.2344,24,47,17,20,2,0.00,2,0.00,0.00,0.00,,8,,0.00,0.00,0.00,22,0.00,0.00,0.00,0.00,0.00,0.00,0.00,0.00,0.00,0.00,0.00,9,0.00,0.00,0.00,0.00,0.00,0.00,1,0.00,0.00,0.00,,,,,,,11,11,0.00,10,0.00,0.00,71.875,0,32,411.137,"Rural",,40.7011,8,"EastReno-Meadowo",3.09375,7.90625,3.09375,7.90625,0.00,0.00,2.8125,7.1875,0.00,0.00,334.8,728,48,315.4,1091.40,0.469619,0.00,1388.16,13.991,-0.362952,-0.282385,-0.167685,0.425932,0.118302,13.2498,0.00,0.00,0.00,3.78565,334.8,79,0.497436,334.8,32,12.028,8.48144,0.00,0.513122,11.2406,0.00,11.0987,7.59872,2.24995
966,"Internal",0.00,0.00,0.00,89930.00,,,,0.00,0.00,0.00,0.00,0.00,0.00,0.00,0.00,0.00,0.00,,0.00,,0.00,0.00,0.00,0.00,0.00,0.00,0.00,0.00,0.00,0.00,0.00,0.00,0.00,0.00,0.00,0.00,0.00,0.00,0.00,0.00,0.00,0.00,0.00,0.00,0.00,0.00,,,,,,,0.00,0.00,0.00,0.00,0.00,0.00,45.0082,0,0,0.00,"Rural",,0.00,8,"EastReno-Meadowo",0.00,0.00,0.00,0.00,0.00,0.00,0.00,0.00,0.00,0.00,0.00,0.00,0.00,0.00,0.00,,0.00,0.00,0.00,-0.362952,-0.294607,-0.170731,,0.00,0.00,0.00,0.00,0.00,0.00,0.00,0.00,0.00,0.00,0.00,11.556,7.69248,0.00,0.00,10.9948,0.00,13.3962,9.89618,
967,"Internal",0.00,0.00,7,89930.00,,,,0.00,0.00,0.00,0.00,0.00,0.00,0.00,0.00,0.00,0.00,,1,,0.00,0.00,0.00,75,0.00,15,99,63,40,28,0.00,53,0.00,0.00,3,98,28,18,0.00,258,7,32,24,91,0.00,0.00,,,,,,,267.5,174.5,53.7,336.3,100,0.00,58.2173,0,932,11314.85,"Urban",1,7206.34,8,"EastReno-Meadowo",111.769,155.731,72.9109,101.589,41.7827,58.2173,140.515,195.785,22.4373,31.2627,5380.00,0.00,1398.00,4435.70,5833.70,0.364428,77.3213,45106.91,2068.34,0.118518,1.51213,-0.0717593,-0.495738,0.116665,0.00,0.00,0.00,11.6665,108.732,5380.00,1099.00,0.0847341,5380.00,932,12.4182,9.28453,1.58528,3.77746,11.4389,0.997764,9.53588,6.03588,
968,"Internal",1,2,0.00,147778.00,100,0.00,0.00,0.00,1,0.00,0.00,0.00,0.00,0.00,0.00,0.00,0.00,,0.00,,0.00,0.00,0.00,642,0.00,70,5,789,34,62,10,59,3,6,8,60,0.00,23,20,15,2,15,7,0.00,0.00,0.00,,,,,,,1254.00,344,11.6,109.4,111,0.00,73.1107,0,1830,15905.16,"Urban",1,10122.83,8,"EastReno-Meadowo",337.192,916.808,92.4991,251.501,29.8471,81.1529,29.4169,79.9831,3.11916,8.48084,7549.20,6.5,2745.00,5698.60,8450.10,0.439681,33.1896,46742.61,6936.63,-0.156284,5.76465,-0.0681703,0.163621,0.12079,0.12079,0.00,0.00,13.4077,221.046,7549.20,1399.80,0.101915,7549.20,1830.00,12.5438,9.56052,1.68181,3.29946,11.5022,0.0526109,9.08972,5.58972,32.4057
969,"Internal",0.00,0.00,0.00,89930.00,,,,0.00,0.00,0.00,0.00,0.00,0.00,0.00,0.00,0.00,0.00,,0.00,,0.00,0.00,0.00,0.00,0.00,0.00,0.00,0.00,0.00,0.00,0.00,0.00,0.00,0.00,5,0.00,0.00,0.00,0.00,0.00,16,84,24,0.00,0.00,0.00,,,,,,,0.00,0.00,4.8,40.2,84,0.00,27.8788,0,129,6748.71,"Urban",1,4298.20,8,"EastReno-Meadowo",0.00,0.00,0.00,0.00,60.5818,23.4182,28.9927,11.2073,3.46182,1.33818,1822.80,0.00,193.5,1629.30,1822.80,0.189773,0.00,60734.60,0.00,-0.362952,-0.294607,-0.0374697,-2.02603,0.0922081,0.00,0.00,0.00,7.74548,11.8948,1822.80,398.4,0.0562554,1822.80,129,12.676,10.0852,1.66896,4.41326,11.5303,1,8.64684,5.14684,
970,"Internal",0.00,0.00,0.00,89930.00,,,,0.00,0.00,0.00,0.00,0.00,0.00,0.00,0.00,0.00,0.00,,0.00,,0.00,0.00,0.00,0.00,0.00,0.00,0.00,0.00,0.00,0.00,0.00,0.00,0.00,0.00,0.00,0.00,0.00,0.00,0.00,0.00,0.00,0.00,0.00,0.00,0.00,0.00,,,,,,,0.00,0.00,0.00,0.00,0.00,0.00,45.7627,0,0,0.00,"Urban",1,0.00,8,"EastReno-Meadowo",0.00,0.00,0.00,0.00,0.00,0.00,0.00,0.00,0.00,0.00,0.00,0.00,0.00,0.00,0.00,,0.00,0.00,0.00,-0.362952,-0.294607,-0.170731,,0.00,0.00,0.00,0.00,0.00,0.00,0.00,0.00,0.00,0.00,0.00,12.3109,9.0384,0.547031,2.24405,11.4,0.00,9.93827,6.43827,
971,"Internal",381,810,0.00,68424.00,72.2222,18.642,9.1358,136,122,79,29,13,2,0.00,0.00,34,0.00,,25,,0.00,0.00,0.00,6,0.00,0.00,0.00,0.00,15,29,0.00,0.00,0.00,0.00,24,81,0.00,0.00,3,23,5,21,0.00,0.00,0.00,0.00,,,,,,,3,3,7.3,128.7,65,34,37.0166,0,207,19237.20,"Urban",1,3508.41,8,"EastReno-Meadowo",1.8895,1.1105,1.8895,1.1105,40.9392,24.0608,81.0597,47.6403,4.59779,2.70221,2770.00,2476.50,361.5,2416.30,5254.30,0.561635,135.591,89054.32,50.8465,0.481355,-0.250192,0.0246682,1.23216,0.151153,57.5894,5.13921,0.00,9.82496,31.2887,2770.00,623.2,2.25982,2770.00,207,12.5648,9.69928,2.22361,3.91555,11.4935,1,9.01742,5.51742,9.76714
972,"Internal",0.00,0.00,0.00,89930.00,,,,0.00,0.00,0.00,0.00,0.00,0.00,0.00,0.00,0.00,0.00,,0.00,,0.00,0.00,0.00,80,0.00,0.00,0.00,0.00,0.00,0.00,0.00,0.00,0.00,16,37,32,10,3,0.00,6,18,95,2,0.00,0.00,0.00,,,,,,,40,53,6.6,104.4,95,0.00,19.4915,0,299,8700.36,"Urban",1,5541.20,8,"EastReno-Meadowo",32.2034,7.79661,42.6695,10.3305,76.4831,18.5169,84.0508,20.3492,5.31356,1.28644,2677.10,0.00,448.5,2366.40,2814.90,0.267889,0.00,52166.94,741.297,-0.362952,0.352928,-0.0562684,-1.34159,0.0992874,0.00,0.00,0.00,9.4323,29.6869,2677.10,569.2,0.0685068,2677.10,299,12.6547,10.0524,1.82778,4.14024,11.5214,1,8.71637,5.21637,
973,"Internal",208,510,0.00,68424.00,68.0392,21.7647,10.1961,53,78,32,31,6,5,3,0.00,0.00,0.00,,16,,0.00,0.00,0.00,17,0.00,0.00,0.00,0.00,0.00,0.00,0.00,0.00,0.00,0.00,0.00,0.00,0.00,2,0.00,0.00,0.00,0.00,3,0.00,0.00,0.00,,,,,,,8.5,10.5,0.00,3,0.00,0.00,55.5556,0,22,12966.31,"Urban",1,523.85,8,"EastReno-Meadowo",3.77778,4.72222,4.66667,5.83333,0.00,0.00,1.33333,1.66667,0.00,0.00,469,1352.00,33,463.3,1848.30,0.401782,0.00,44010.57,202.397,-0.362952,-0.11781,-0.0741648,-0.168444,0.112884,23.4799,0.00,0.00,0.00,2.48345,469,117.1,0.881505,469,22,12.4446,9.43151,2.30873,3.91263,11.4456,1,9.44006,5.94006,4.65022
974,"Internal",449,1308.00,23,147778.00,65.367,23.0887,11.5443,80,139,91,70,33,20,16,0.00,0.00,0.00,,29,,0.00,0.00,0.00,7,0.00,0.00,0.00,0.00,0.00,0.00,0.00,0.00,0.00,0.00,0.00,0.00,0.00,9,0.00,0.00,1,6,0.00,0.00,0.00,0.00,,,,,,,3.5,12.5,0.3,0.7,6,0.00,48.6111,0,23,7436.66,"Urban",1,127.254,8,"EastReno-Meadowo",1.79861,1.70139,6.42361,6.07639,3.08333,2.91667,0.359722,0.340278,0.154167,0.145833,1018.90,2918.50,34.5,1016.90,3969.90,0.393854,16.5983,21964.53,19.3647,-0.259596,-0.277691,-0.122537,-0.237904,0.112551,50.5354,0.00,0.00,0.675305,2.58867,1018.90,258.3,1.90215,1018.90,23,12.4261,9.40606,2.1481,3.36237,11.4288,0.347277,9.50708,6.00708,10.9809
975,"Internal",312,718,0.00,81515.00,46.6574,14.624,38.7187,86,124,50,30,18,4,0.00,0.00,0.00,0.00,,21,,0.00,0.00,5,5,0.00,0.00,0.00,3,0.00,0.00,0.00,0.00,0.00,14,6,17,0.00,1,0.00,0.00,0.00,0.00,0.00,0.00,0.00,0.00,,,,,,,10.5,3.5,0.00,37,0.00,0.00,62.7737,0,51,1737.22,"Suburban",1,111.015,8,"EastReno-Meadowo",3.90876,6.59124,1.30292,2.19708,0.00,0.00,13.7737,23.2263,0.00,0.00,842,2028.00,76.5,774.6,2879.10,0.430749,6.53029,6267.12,22.856,-0.322288,-0.274642,-0.15698,0.0853625,0.11482,35.8239,0.00,0.00,0.00,5.85583,842,207.4,1.34494,842,51,12.3302,9.0726,0.812458,2.87376,11.3896,0.0775499,9.86451,6.36451,4.93809
976,"Internal",158,275,0.00,90071.00,73.4545,17.8182,8.72727,99,34,10,6,3,3,3,0.00,0.00,0.00,,8,,0.00,0.00,0.00,0.00,0.00,0.00,0.00,0.00,0.00,0.00,0.00,0.00,0.00,0.00,0.00,0.00,0.00,0.00,0.00,0.00,3,16,34,0.00,0.00,0.00,,,,,,,0.00,0.00,0.9,36.1,16,0.00,23.3766,0,53,12932.19,"Urban",1,1913.38,8,"EastReno-Meadowo",0.00,0.00,0.00,0.00,12.2597,3.74026,27.661,8.43896,0.68961,0.21039,806.6,1027.00,79.5,727.1,1833.60,0.527162,108.305,66195.90,0.00,0.311449,-0.294607,-0.0254867,0.930111,0.141508,22.3583,0.00,0.00,2.26413,7.49993,806.6,189,0.855841,806.6,53,12.6441,9.93575,2.15909,4.07882,11.5191,1,8.75125,5.25125,3.035
977,"Internal",159,311,0.00,90071.00,61.7363,24.7588,13.5048,66,64,13,8,4,2,2,0.00,0.00,0.00,,8,,0.00,0.00,0.00,0.00,0.00,0.00,0.00,0.00,0.00,0.00,0.00,0.00,0.00,0.00,17,0.00,0.00,0.00,0.00,0.00,0.00,0.00,0.00,0.00,0.00,0.00,,,,,,,0.00,0.00,0.00,17,0.00,0.00,0.00,0,17,15912.35,"Urban",1,801.055,8,"EastReno-Meadowo",0.00,0.00,0.00,0.00,0.00,0.00,17,0.00,0.00,0.00,397.3,1033.50,25.5,371.8,1430.80,0.410407,282.725,67420.55,0.00,1.39754,-0.294607,-0.0227996,-0.0928726,0.147374,23.4325,0.00,0.00,0.00,2.50536,397.3,99.9,0.879726,397.3,17,12.4973,9.59134,2.38779,3.97602,11.4647,1,9.25182,5.75182,2.5083
978,"Internal",108,263,0.00,81515.00,56.654,15.2091,28.1369,17,51,24,11,2,3,0.00,0.00,0.00,0.00,,5,,3,0.00,0.00,6,0.00,0.00,0.00,0.00,0.00,0.00,0.00,0.00,0.00,0.00,0.00,0.00,0.00,0.00,0.00,0.00,0.00,1,1,0.00,0.00,0.00,,,,,,,6,3,0.00,1,1,0.00,66.6667,0,11,350.213,"Rural",,13.7451,8,"EastReno-Meadowo",2,4,1,2,0.333333,0.666667,0.333333,0.666667,0.00,0.00,256.5,702,16.5,247.8,966.3,0.406169,7.4973,1207.44,7.4973,-0.316267,-0.288058,-0.168082,-0.130006,0.111931,12.0886,0.00,0.00,0.111931,1.23124,256.5,63.8,0.454654,256.5,11,12.0519,8.55031,0.00,1.36418,11.252,0.00,10.9949,7.49489,2.01691
979,"Internal",427,796,112,62132.00,58.9196,13.8191,27.2613,218,112,59,19,15,2,2,0.00,0.00,0.00,,29,,0.00,0.00,0.00,5,0.00,0.00,0.00,0.00,22,0.00,0.00,0.00,0.00,0.00,23,10,0.00,0.00,2,88,6,28,18,0.00,0.00,0.00,,,,,,,2.5,2.5,20.2,126.8,50,0.00,29.078,0,202,13188.14,"Urban",1,2393.18,8,"EastReno-Meadowo",1.77305,0.72695,1.77305,0.72695,35.461,14.539,89.9291,36.8709,14.3262,5.87376,2584.50,2775.50,303,2288.00,5366.50,0.547553,0.00,63579.22,29.6186,-0.362952,-0.268735,-0.0312281,1.10878,0.13116,56.0052,0.00,0.00,6.55799,26.4943,2584.50,597.4,2.15023,2584.50,202,12.483,9.71542,2.20489,3.79698,11.4504,0.999907,9.30242,5.80242,7.94465
980,"Internal",516,1013.00,0.00,65261.00,75.7157,18.6575,5.62685,230,162,83,18,10,3,10,0.00,0.00,0.00,,38,,0.00,0.00,0.00,1,0.00,0.00,0.00,0.00,0.00,0.00,0.00,0.00,1,0.00,25,1,0.00,0.00,0.00,0.00,0.00,0.00,0.00,0.00,0.00,0.00,,,,,,,0.5,0.5,0.00,27,0.00,0.00,25,0,28,6501.62,"Urban",1,172.234,8,"EastReno-Meadowo",0.375,0.125,0.375,0.125,0.00,0.00,20.25,6.75,0.00,0.00,1134.60,3354.00,42,1093.90,4489.90,0.38253,0.00,27618.37,3.07561,-0.362952,-0.29192,-0.110132,-0.337125,0.109949,56.7338,0.00,0.00,0.00,3.07858,1134.60,290.9,2.12996,1134.60,28,12.3713,9.56231,2.07553,3.77367,11.3971,0.784491,9.70943,6.20943,9.84668
981,"Internal",0.00,0.00,61,89930.00,,,,0.00,0.00,0.00,0.00,0.00,0.00,0.00,0.00,0.00,0.00,,0.00,,0.00,0.00,0.00,0.00,0.00,0.00,0.00,0.00,0.00,0.00,0.00,0.00,0.00,0.00,0.00,0.00,0.00,0.00,0.00,203,0.00,0.00,29,0.00,0.00,0.00,,,,,,,0.00,0.00,40.6,191.4,0.00,0.00,55.414,0,232,4351.33,"Urban",1,2771.33,8,"EastReno-Meadowo",0.00,0.00,0.00,0.00,0.00,0.00,85.3376,106.062,18.1019,22.4981,1299.20,0.00,348,951.2,1299.20,0.392219,0.00,15519.43,0.00,-0.362952,-0.294607,-0.136679,-0.252231,0.110389,0.00,0.00,0.00,0.00,25.6103,1299.20,278.4,0.00,1299.20,232,12.5516,9.65111,1.19309,3.44545,11.4689,0.745346,9.06275,5.56275,
982,"Internal",522,1296.00,0.00,99125.00,58.2562,20.5247,21.2191,154,186,66,48,36,24,8,0.00,0.00,0.00,,27,,2,0.00,0.00,38,0.00,0.00,5,8,0.00,3,0.00,0.00,0.00,6,10,15,28,230,47,61,1,3,39,0.00,2,0.00,,,,,,,34,279,31.3,147.7,6,0.00,44.086,0,498,26489.89,"Downtown",1,6348.63,8,"EastReno-Meadowo",19.0108,14.9892,156,123,3.35484,2.64516,82.5849,65.1151,17.5011,13.7989,3045.40,3393.00,747,3023.80,7163.80,0.586637,76.4896,91325.99,433.441,0.113339,0.0840108,0.0296526,1.45122,0.147247,76.8629,0.00,0.00,0.883482,73.329,3045.40,656.9,2.89208,3045.40,498,12.2738,9.21882,1.83617,3.50729,11.3477,0.700036,10.0822,6.58216,15.6702
983,"Internal",12,37,0.00,81515.00,13.5135,18.9189,67.5676,1,3,3,4,1,0.00,0.00,0.00,0.00,0.00,,1,,0.00,0.00,0.00,6,0.00,0.00,0.00,0.00,0.00,0.00,0.00,0.00,0.00,0.00,0.00,0.00,0.00,0.00,0.00,0.00,0.00,0.00,0.00,0.00,0.00,0.00,,,,,,,3,3,0.00,0.00,0.00,0.00,45.0082,0,6,1026.90,"Urban",1,132.729,8,"EastReno-Meadowo",1.64975,1.35025,1.64975,1.35025,0.00,0.00,0.00,0.00,0.00,0.00,40.8,78,9,39.6,126.6,0.517509,0.00,2800.59,66.3647,-0.362952,-0.236636,-0.164586,0.84553,0.124004,1.48805,0.00,0.00,0.00,0.744023,40.8,9,0.0558657,40.8,6,12.3502,9.22786,1.1185,3.07299,11.3755,0.107671,9.78861,6.28861,0.134233
984,"Internal",0.00,0.00,0.00,89930.00,,,,0.00,0.00,0.00,0.00,0.00,0.00,0.00,0.00,0.00,0.00,,0.00,,0.00,0.00,0.00,9,0.00,0.00,1435.00,0.00,0.00,0.00,0.00,0.00,103,0.00,13,16,1,1,0.00,31,317,1634.00,0.00,0.00,0.00,0.00,,,,,,,1439.50,6.5,101.3,378.7,1634.00,0.00,77.5379,0,3560,38382.94,"Downtown",1,24445.81,8,"EastReno-Meadowo",323.342,1116.16,1.46004,5.03996,367.031,1266.97,85.064,293.636,22.7541,78.5459,37581.80,0.00,5340.00,32258.70,37598.70,0.243709,0.00,258182.75,9884.76,-0.362952,8.33989,0.395762,-1.55345,0.106572,0.00,0.00,0.00,174.139,379.398,37581.80,7998.40,1.26477,37581.80,3560.00,12.4171,9.87821,1.60673,3.05034,11.3782,0.889121,9.53999,6.03999,
985,"Internal",450,849,0.00,99125.00,70.7892,14.9588,14.2521,211,152,47,25,4,4,7,17,0.00,0.00,,34,,0.00,0.00,0.00,141,0.00,207,0.00,16,0.00,2,0.00,8,80,49,31,134,52,6,26,140,0.00,0.00,54,0.00,0.00,0.00,,,,,,,301.5,128.5,38.4,475.6,2,17,76.673,0,946,23544.82,"Downtown",1,9541.64,8,"EastReno-Meadowo",70.3308,231.169,29.9751,98.5249,0.466539,1.53346,110.943,364.657,8.95755,29.4424,5086.30,2925.00,1444.50,3975.90,8345.40,0.620221,60.5178,84174.21,3041.02,0.0138852,2.36177,0.0139605,1.74548,0.149433,67.2449,2.54036,0.00,0.298866,141.364,5086.30,1065.00,2.53978,5086.30,946,12.3035,9.38773,1.87886,3.28263,11.3404,0.928926,9.96699,6.46699,23.2086
986,"Internal",0.00,0.00,0.00,89930.00,,,,0.00,0.00,0.00,0.00,0.00,0.00,0.00,0.00,0.00,0.00,,0.00,,0.00,0.00,0.00,0.00,0.00,0.00,0.00,0.00,0.00,0.00,29,0.00,0.00,0.00,3,8,0.00,482,0.00,53,9,51,6,0.00,0.00,0.00,,,,,,,29,482,13.3,65.7,51,0.00,45.0082,0,641,12792.87,"Urban",1,8147.69,8,"EastReno-Meadowo",15.9476,13.0524,265.061,216.939,28.0458,22.9542,36.1296,29.5704,7.31391,5.98609,2929.10,0.00,961.5,3220.80,4182.30,0.354089,0.00,53160.79,368.616,-0.362952,0.0273853,-0.0540878,-0.58632,0.108172,0.00,0.00,0.00,5.51679,69.3385,2929.10,559.4,0.0400684,2929.10,641,12.3843,9.57312,1.20212,3.47367,11.3662,1,9.66088,6.16088,
987,"Internal",0.00,0.00,0.00,89930.00,,,,0.00,0.00,0.00,0.00,0.00,0.00,0.00,0.00,0.00,0.00,,0.00,,0.00,5,0.00,30,0.00,0.00,181,40,0.00,22,0.00,0.00,0.00,13,15,95,21,29,16,8,7,36,16,0.00,0.00,0.00,,,,,,,241,65,10.1,159.9,58,0.00,57.1705,0,534,12868.55,"Downtown",1,8195.88,8,"EastReno-Meadowo",103.219,137.781,27.8391,37.1609,24.8411,33.1589,68.4843,91.4157,4.32578,5.77422,2954.60,0.00,801,2322.60,3123.60,0.381352,61.3924,47941.32,3698.89,0.0193312,2.93644,-0.0655401,-0.347448,0.117087,0.00,0.00,0.00,6.79105,62.5245,2954.60,594.8,0.0493234,2954.60,534,12.6069,10.7698,1.80379,3.45655,11.4175,1,8.87476,5.37476,
988,"Internal",2,4,0.00,65261.00,50,50,0.00,0.00,2,0.00,0.00,0.00,0.00,0.00,0.00,0.00,0.00,,0.00,,0.00,0.00,0.00,46,0.00,0.00,0.00,0.00,0.00,0.00,0.00,0.00,0.00,0.00,3,0.00,0.00,0.00,0.00,0.00,11,56,36,0.00,0.00,0.00,,,,,,,23,23,3.3,46.7,56,0.00,44.7011,0,152,1685.99,"Urban",1,1056.09,8,"EastReno-Meadowo",12.7188,10.2812,12.7188,10.2812,30.9674,25.0326,25.8246,20.8754,1.82486,1.47514,1469.00,13,228,1300.80,1541.80,0.266249,20.8439,10712.39,159.803,-0.233159,-0.155016,-0.147226,-1.35596,0.0991028,0.198206,0.00,0.00,5.54975,15.0636,1469.00,313.6,0.0477491,1469.00,152,12.5401,9.77252,0.949143,4.00084,11.4403,1,9.1025,5.6025,1.86087
989,"Internal",0.00,0.00,0.00,89930.00,,,,0.00,0.00,0.00,0.00,0.00,0.00,0.00,0.00,0.00,0.00,,0.00,,0.00,7,0.00,271,211,29,145,254,25,9,209,706,11,14,15,111,57,38,46,77,25,132,246,0.00,0.00,0.00,,,,,,,1696.50,230.5,41.3,503.7,166,0.00,53.3815,0,2638,6258.41,"Suburban",1,3985.94,8,"EastReno-Meadowo",790.884,905.616,107.456,123.044,77.3868,88.6132,234.818,268.882,19.2535,22.0465,11937.20,0.00,3957.00,8579.50,12536.50,0.432022,9.06582,18942.27,2563.36,-0.3065,1.94453,-0.129169,0.0965086,0.115887,0.00,0.00,0.00,19.2373,305.71,11937.20,2298.10,0.13972,11937.20,2638.00,12.2396,9.26793,1.37584,3.26684,11.3169,0.308487,10.2171,6.71711,
990,"Internal",0.00,0.00,0.00,89930.00,,,,0.00,0.00,0.00,0.00,0.00,0.00,0.00,55,0.00,0.00,,0.00,,0.00,0.00,0.00,506,107,0.00,261,403,9,41,0.00,0.00,0.00,0.00,38,414,18,46,24,1,1,3,76,0.00,0.00,135,,,,,,,1024.00,317,10.1,543.9,53,55,65.3538,0,1948,12945.31,"Urban",1,8244.77,8,"EastReno-Meadowo",354.777,669.223,109.828,207.172,18.3625,34.6375,188.44,355.46,3.49926,6.60074,8199.00,0.00,3004.50,6018.70,9023.20,0.444205,0.00,38190.04,4334.01,-0.362952,3.49122,-0.0869359,0.20326,0.117348,0.00,6.45413,0.00,6.21943,228.593,8199.00,1552.60,0.0783008,8199.00,1948.00,12.2875,9.36098,1.78692,2.88295,11.3327,0.711019,10.0289,6.52887,
991,"Internal",0.00,0.00,0.00,89930.00,,,,0.00,0.00,0.00,0.00,0.00,0.00,0.00,0.00,0.00,0.00,,0.00,,0.00,36,0.00,56,0.00,2,0.00,2,0.00,0.00,61,0.00,0.00,53,16,226,47,265,118,61,36,181,28,32,0.00,224,,,,,,,129,372,70.2,467.8,181,0.00,53.4447,0,1220,20721.65,"Urban",1,13197.47,8,"EastReno-Meadowo",60.0564,68.9436,173.186,198.814,84.2651,96.7349,217.786,250.014,32.6818,37.5182,7900.50,0.00,1830.00,7037.70,8867.70,0.327559,32.4528,95927.19,1395.47,-0.160872,0.924359,0.0397484,-0.818771,0.110641,0.00,0.00,0.00,20.026,134.982,7900.50,1638.20,0.145449,7900.50,1220.00,12.6077,10.322,1.38481,3.51843,11.446,0.976735,8.87216,5.37216,
992,"Internal",0.00,0.00,0.00,89930.00,,,,0.00,0.00,0.00,0.00,0.00,0.00,0.00,0.00,0.00,0.00,,0.00,,0.00,5,0.00,0.00,0.00,0.00,0.00,0.00,85,7,0.00,0.00,5,26,11,22,129,397,0.00,10,10,56,25,139,0.00,0.00,,,,,,,5,665,5,104,148,0.00,69.8337,0,927,32569.11,"Downtown",1,20743.02,8,"EastReno-Meadowo",1.50831,3.49169,200.606,464.394,44.6461,103.354,31.3729,72.6271,1.50831,3.49169,5388.00,0.00,1390.50,5726.50,7117.00,0.31441,0.00,159253.61,111.883,-0.362952,-0.196876,0.178696,-0.933982,0.1092,0.00,0.00,0.00,16.1615,101.228,5388.00,1072.60,0.117381,5388.00,927,12.5721,10.2791,1.62078,3.4913,11.4356,0.996997,8.99253,5.49253,
993,"Internal",768,1821.00,0.00,70804.00,57.9352,37.1225,4.94234,272,205,123,106,38,12,12,0.00,0.00,0.00,,50,,0.00,0.00,0.00,0.00,0.00,0.00,0.00,0.00,0.00,6,0.00,0.00,0.00,0.00,22,0.00,0.00,3,0.00,117,14,72,5,0.00,0.00,0.00,,,,,,,0.00,3,27.6,130.4,78,0.00,42.3077,0,239,17140.85,"Urban",1,1865.29,8,"EastReno-Meadowo",0.00,0.00,1.73077,1.26923,45,33,75.2308,55.1692,15.9231,11.6769,3811.60,4992.00,358.5,3460.90,8811.40,0.523106,0.00,68769.14,0.00,-0.362952,-0.294607,-0.0198406,0.894574,0.128414,98.6218,0.00,0.00,10.0163,30.6909,3811.60,894.9,3.77531,3811.60,239,12.3869,9.65191,2.17914,3.44158,11.3644,0.92836,9.65129,6.15129,15.836
994,"Internal",46,120,0.00,125083.00,37.5,18.3333,44.1667,8,17,7,13,1,0.00,0.00,0.00,0.00,0.00,,0.00,,0.00,0.00,0.00,0.00,0.00,0.00,0.00,0.00,0.00,0.00,0.00,0.00,0.00,0.00,0.00,0.00,0.00,0.00,0.00,0.00,0.00,0.00,0.00,0.00,0.00,0.00,,,,,,,0.00,0.00,0.00,0.00,0.00,0.00,45.0082,0,0,1674.75,"Suburban",1,0.00,8,"EastReno-Meadowo",0.00,0.00,0.00,0.00,0.00,0.00,0.00,0.00,0.00,0.00,87.4,299,0.00,87.4,386.4,0.350057,0.00,5392.71,0.00,-0.362952,-0.294607,-0.158898,-0.621652,0.105412,4.84897,0.00,0.00,0.00,0.00,87.4,23,0.182045,87.4,0.00,11.8998,8.61539,1.16694,0.00,11.1593,0.00,11.6755,8.17551,0.561688
995,"Internal",59,136,0.00,142067.00,41.9118,18.3824,39.7059,12,30,7,7,3,0.00,0.00,0.00,0.00,0.00,,0.00,,0.00,0.00,0.00,0.00,0.00,0.00,0.00,0.00,0.00,0.00,0.00,0.00,0.00,0.00,0.00,0.00,0.00,0.00,0.00,0.00,0.00,0.00,0.00,0.00,0.00,0.00,,,,,,,0.00,0.00,0.00,0.00,0.00,0.00,45.0082,0,0,177.709,"Rural",,0.00,8,"EastReno-Meadowo",0.00,0.00,0.00,0.00,0.00,0.00,0.00,0.00,0.00,0.00,112.1,383.5,0.00,112.1,495.6,0.350057,0.00,647.593,0.00,-0.362952,-0.294607,-0.16931,-0.621652,0.105183,6.20581,0.00,0.00,0.00,0.00,112.1,29.5,0.232985,112.1,0.00,11.594,7.78565,0.00,0.00,11.0098,0.00,13.193,9.693,0.711471
1001,"Internal",20,35,0.00,88409.00,51.4286,0.00,48.5714,13,2,2,3,0.00,0.00,0.00,0.00,0.00,0.00,,2,,0.00,0.00,0.00,5,0.00,0.00,0.00,0.00,0.00,0.00,0.00,0.00,0.00,0.00,2,0.00,0.00,0.00,0.00,0.00,0.00,0.00,0.00,0.00,0.00,0.00,,,,,,,2.5,2.5,0.00,2,0.00,0.00,42.8571,0,7,549.208,"Urban",1,83.5918,10,"NorthReno-NorthS",1.42857,1.07143,1.42857,1.07143,0.00,0.00,1.14286,0.857143,0.00,0.00,64.2,130,10.5,60.2,200.7,0.487735,0.00,2396.70,29.8542,-0.362952,-0.268529,-0.165472,0.584658,0.120457,2.40914,0.00,0.00,0.00,0.8432,64.2,14.9,0.0904465,64.2,7,12.5987,9.28983,2.60034,4.17307,11.4632,0.177609,8.90245,5.40245,0.302922
1002,"Internal",0.00,0.00,0.00,89930.00,,,,0.00,0.00,0.00,0.00,0.00,0.00,0.00,0.00,0.00,0.00,,0.00,,0.00,0.00,0.00,26,0.00,0.00,0.00,0.00,0.00,0.00,0.00,0.00,0.00,0.00,13,0.00,0.00,0.00,10,0.00,0.00,0.00,7,0.00,0.00,0.00,,,,,,,13,13,4,26,0.00,0.00,45.0082,0,56,887.034,"Suburban",1,564.945,10,"NorthReno-NorthS",7.14893,5.85107,7.14893,5.85107,0.00,0.00,14.2979,11.7021,2.19967,1.80033,246,0.00,84,195.8,279.8,0.420171,80.7065,2822.71,131.148,0.139598,-0.180047,-0.164537,-0.00731971,0.121196,0.00,0.00,0.00,0.00,6.78698,246,49,0.00,246,56,12.6187,9.30053,2.33712,4.37743,11.4454,1,8.83554,5.33554,
1003,"Internal",293,708,0.00,88409.00,60.1695,15.678,24.1525,57,127,63,27,14,5,0.00,0.00,0.00,0.00,,19,,0.00,2,0.00,3,0.00,0.00,0.00,0.00,0.00,0.00,0.00,0.00,0.00,0.00,5,1,0.00,0.00,0.00,0.00,0.00,0.00,0.00,0.00,0.00,0.00,,,,,,,3.5,1.5,0.00,6,0.00,0.00,33.3333,0,11,2960.03,"Suburban",1,44.894,10,"NorthReno-NorthS",2.33333,1.16667,1,0.5,0.00,0.00,4,2,0.00,0.00,605.3,1904.50,16.5,592.7,2513.70,0.37033,0.00,10259.10,14.2845,-0.362952,-0.282129,-0.148221,-0.444018,0.10778,31.5796,0.00,0.00,0.00,1.18558,605.3,156.2,1.18559,605.3,11,12.2655,8.63035,1.88454,3.48585,11.2892,0.014248,10.1146,6.61456,5.42207
1004,"Internal",338,858,0.00,88698.00,56.993,16.8998,26.1072,64,159,44,34,23,5,9,0.00,0.00,0.00,,31,,0.00,0.00,0.00,1,0.00,0.00,0.00,1,0.00,5,3,0.00,0.00,3,3,2,0.00,0.00,0.00,88,0.00,0.00,0.00,0.00,0.00,0.00,,,,,,,4.5,0.5,17.6,78.4,5,0.00,24.8,0,106,3610.73,"Suburban",1,373.609,10,"NorthReno-NorthS",3.384,1.116,0.376,0.124,3.76,1.24,58.9568,19.4432,13.2352,4.3648,1288.30,2197.00,159,1130.60,3486.60,0.49571,0.00,12288.92,15.8608,-0.362952,-0.280752,-0.143767,0.654531,0.121934,41.2138,0.00,0.00,0.609672,12.925,1288.30,307.2,1.55172,1288.30,106,12.4501,8.98427,2.25372,3.27715,11.4068,0.00,9.4201,5.9201,7.07307
1005,"Internal",2,6,0.00,55422.00,83.3333,16.6667,0.00,0.00,0.00,2,0.00,0.00,0.00,0.00,0.00,0.00,0.00,,0.00,,0.00,0.00,0.00,0.00,0.00,0.00,0.00,0.00,0.00,0.00,0.00,0.00,0.00,0.00,0.00,0.00,0.00,0.00,0.00,0.00,0.00,0.00,0.00,0.00,0.00,0.00,,,,,,,0.00,0.00,0.00,0.00,0.00,0.00,45.0082,0,0,12.8978,"Suburban",1,0.00,10,"NorthReno-NorthS",0.00,0.00,0.00,0.00,0.00,0.00,0.00,0.00,0.00,0.00,3.8,13,0.00,3.8,16.8,0.350057,0.00,36.1139,0.00,-0.362952,-0.294607,-0.170652,-0.621652,0.105154,0.210307,0.00,0.00,0.00,0.00,3.8,1,0.00789557,3.8,0.00,12.4439,8.9795,1.46475,3.09172,11.3681,0.188807,9.44257,5.94257,0.0624098
1006,"Internal",0.00,0.00,0.00,89930.00,,,,0.00,0.00,0.00,0.00,0.00,0.00,0.00,0.00,0.00,0.00,,0.00,,0.00,0.00,0.00,0.00,0.00,0.00,0.00,0.00,0.00,0.00,0.00,0.00,0.00,0.00,0.00,0.00,0.00,0.00,0.00,0.00,0.00,0.00,0.00,0.00,0.00,0.00,,,,,,,0.00,0.00,0.00,0.00,0.00,0.00,45.0082,0,0,0.00,"Suburban",1,0.00,10,"NorthReno-NorthS",0.00,0.00,0.00,0.00,0.00,0.00,0.00,0.00,0.00,0.00,0.00,0.00,0.00,0.00,0.00,,0.00,0.00,0.00,-0.362952,-0.294607,-0.170731,,0.00,0.00,0.00,0.00,0.00,0.00,0.00,0.00,0.00,0.00,0.00,12.4564,8.99894,1.22757,3.70316,11.3808,0.934363,9.39741,5.89741,
1007,"Internal",539,1153.00,0.00,68984.00,59.497,18.5603,21.9428,147,283,40,49,6,4,10,0.00,0.00,0.00,,28,,0.00,0.00,0.00,11,0.00,0.00,0.00,31,0.00,2,0.00,0.00,11,3,22,2,0.00,0.00,0.00,0.00,0.00,0.00,1,0.00,0.00,0.00,,,,,,,36.5,5.5,0.00,39,2,0.00,65.625,0,83,7903.71,"Urban",1,511.18,10,"NorthReno-NorthS",12.5469,23.9531,1.89062,3.60938,0.6875,1.3125,13.4062,25.5938,0.00,0.00,1405.90,3503.50,124.5,1295.70,4923.70,0.423794,0.00,30324.08,224.796,-0.362952,-0.0982437,-0.104195,0.0244233,0.114625,61.783,0.00,0.00,0.229251,9.5139,1405.90,345.5,2.32119,1405.90,83,12.6032,9.39431,2.36455,3.40422,11.5098,0.520371,8.88727,5.38727,9.77174
1008,"Internal",197,442,10,36648.00,74.6606,20.8145,4.52489,79,56,22,18,19,3,0.00,24,0.00,0.00,,10,,0.00,0.00,0.00,13,0.00,0.00,0.00,8,13,20,0.00,0.00,0.00,17,3,0.00,0.00,0.00,0.00,0.00,17,91,23,0.00,0.00,0.00,,,,,,,14.5,6.5,5.1,54.9,124,24,26.8519,0,205,12834.02,"Urban",1,3444.25,10,"NorthReno-NorthS",10.6065,3.89352,4.75463,1.74537,90.7037,33.2963,40.1583,14.7417,3.73056,1.36944,3128.10,1280.50,343.5,2801.50,4425.50,0.50952,0.00,74353.71,243.617,-0.362952,-0.0818031,-0.0075872,0.775536,0.127062,25.0313,3.0495,0.00,15.7557,26.0478,3128.10,689.4,1.06984,3128.10,205,12.7494,9.69071,2.49685,3.3148,11.5859,1,8.4127,4.9127,6.16195
1009,"Internal",227,604,0.00,68984.00,59.2715,36.4238,4.30464,55,72,44,28,16,3,9,0.00,0.00,0.00,,13,,0.00,0.00,0.00,52,0.00,0.00,0.00,0.00,0.00,0.00,14,0.00,0.00,0.00,10,0.00,0.00,215,0.00,0.00,2,9,6,0.00,0.00,0.00,,,,,,,40,241,0.6,17.4,9,0.00,11.7647,0,308,17636.19,"Urban",1,4994.44,10,"NorthReno-NorthS",35.2941,4.70588,212.647,28.3529,7.94118,1.05882,15.3529,2.04706,0.529412,0.0705882,1543.40,1475.50,462,1708.00,3645.50,0.600606,64.8629,59114.42,648.629,0.0409416,0.271981,-0.0410246,1.57362,0.145646,33.0616,0.00,0.00,1.31081,44.859,1543.40,312.5,1.25075,1543.40,308,12.7316,9.56918,2.41885,3.10737,11.5847,0.963295,8.46885,4.96885,6.95169
1010,"Internal",635,1542.00,0.00,55422.00,74.1894,20.2983,5.51232,180,211,112,81,31,15,5,0.00,0.00,0.00,,53,,0.00,0.00,0.00,2,0.00,0.00,0.00,0.00,0.00,0.00,0.00,0.00,0.00,0.00,2,0.00,0.00,1,0.00,0.00,0.00,0.00,0.00,0.00,0.00,0.00,,,,,,,1,2,0.00,2,0.00,0.00,32.4324,0,5,3046.77,"Suburban",1,9.82925,10,"NorthReno-NorthS",0.675676,0.324324,1.35135,0.648649,0.00,0.00,1.35135,0.648649,0.00,0.00,1226.70,4127.50,7.5,1224.40,5359.40,0.354686,0.00,10535.78,1.96585,-0.362952,-0.29289,-0.147614,-0.581093,0.106145,67.402,0.00,0.00,0.00,0.530724,1226.70,321.4,2.53047,1226.70,5,12.3003,8.70994,1.07067,3.05291,11.3133,0.247634,9.97912,6.47912,14.3262
1011,"Internal",1,2,0.00,77768.00,100,0.00,0.00,0.00,1,0.00,0.00,0.00,0.00,0.00,0.00,0.00,0.00,,0.00,,0.00,0.00,0.00,0.00,0.00,0.00,0.00,0.00,218,48,0.00,0.00,0.00,0.00,1,0.00,0.00,0.00,0.00,0.00,11,61,2,0.00,0.00,0.00,,,,,,,0.00,0.00,3.3,10.7,327,0.00,45.0082,0,341,8397.20,"Urban",1,5328.21,10,"NorthReno-NorthS",0.00,0.00,0.00,0.00,179.823,147.177,5.88412,4.81588,1.81473,1.48527,6195.20,6.5,511.5,5683.70,6201.70,0.153271,46.8757,96903.07,0.00,-0.0710623,-0.294607,0.0418896,-2.34585,0.0943629,0.0943629,0.00,0.00,30.8567,32.1777,6195.20,1358.00,0.227655,6195.20,341,12.7189,9.64652,2.49038,3.09299,11.5681,0.751331,8.50896,5.00896,4.19895
1012,"Internal",481,1361.00,0.00,41370.00,56.8699,38.7215,4.40852,81,157,101,82,35,15,10,0.00,0.00,0.00,,33,,0.00,0.00,0.00,0.00,0.00,0.00,0.00,0.00,0.00,0.00,0.00,0.00,0.00,0.00,13,0.00,0.00,0.00,0.00,0.00,0.00,0.00,0.00,0.00,0.00,0.00,,,,,,,0.00,0.00,0.00,13,0.00,0.00,44.6115,0,13,4747.77,"Suburban",1,44.6797,10,"NorthReno-NorthS",0.00,0.00,0.00,0.00,0.00,0.00,7.2005,5.7995,0.00,0.00,986.7,3126.50,19.5,967.2,4113.20,0.366911,0.00,14136.64,0.00,-0.362952,-0.294607,-0.139713,-0.473976,0.107609,51.7598,0.00,0.00,0.00,1.39891,986.7,256.1,1.94322,986.7,13,12.315,8.81583,1.24193,2.09167,11.3824,0.00753075,9.92283,6.42283,9.80303
1013,"Internal",227,621,0.00,67524.00,63.4461,23.1884,13.3655,56,61,45,37,14,8,6,0.00,0.00,0.00,,10,,0.00,0.00,0.00,6,0.00,0.00,0.00,1,0.00,0.00,0.00,0.00,0.00,0.00,9,1,0.00,0.00,0.00,0.00,0.00,0.00,0.00,0.00,0.00,0.00,,,,,,,4,3,0.00,10,0.00,0.00,80,0,17,4598.52,"Urban",1,120.698,10,"NorthReno-NorthS",0.8,3.2,0.6,2.4,0.00,0.00,2,8,0.00,0.00,508.3,1475.50,25.5,490.6,1991.60,0.390279,0.00,14140.07,28.3994,-0.362952,-0.269799,-0.139705,-0.269228,0.11011,24.995,0.00,0.00,0.00,1.87187,508.3,129,0.938386,508.3,17,12.4198,8.91991,2.25434,2.50122,11.4416,0.356528,9.53019,6.03019,5.18656
1014,"Internal",528,1264.00,0.00,77768.00,66.3766,16.5348,17.0886,146,213,59,64,23,17,6,0.00,0.00,0.00,,26,,0.00,0.00,0.00,11,0.00,0.00,0.00,0.00,0.00,6,0.00,0.00,0.00,0.00,5,0.00,0.00,0.00,0.00,42,5,23,8,0.00,0.00,0.00,,,,,,,5.5,5.5,9.9,50.1,29,0.00,24.3243,0,100,6300.59,"Urban",1,443.387,10,"NorthReno-NorthS",4.16216,1.33784,4.16216,1.33784,21.9459,7.05405,37.9135,12.1865,7.49189,2.40811,1914.50,3432.00,150,1778.80,5360.80,0.479255,44.3387,23769.11,24.3863,-0.0868598,-0.273305,-0.118578,0.510362,0.125445,66.2347,0.00,0.00,3.63789,12.5445,1914.50,460.4,2.51307,1914.50,100,12.3705,8.84405,2.43445,2.87879,11.418,0.716352,9.71261,6.21261,11.4123
1015,"Internal",0.00,0.00,0.00,89930.00,,,,0.00,0.00,0.00,0.00,0.00,0.00,0.00,0.00,0.00,0.00,,0.00,,0.00,0.00,0.00,0.00,0.00,0.00,0.00,0.00,0.00,0.00,0.00,0.00,0.00,0.00,0.00,0.00,0.00,0.00,0.00,0.00,0.00,0.00,0.00,0.00,0.00,0.00,,,,,,,0.00,0.00,0.00,0.00,0.00,0.00,45.0082,0,0,0.00,"Suburban",1,0.00,10,"NorthReno-NorthS",0.00,0.00,0.00,0.00,0.00,0.00,0.00,0.00,0.00,0.00,0.00,0.00,0.00,0.00,0.00,,0.00,0.00,0.00,-0.362952,-0.294607,-0.170731,,0.00,0.00,0.00,0.00,0.00,0.00,0.00,0.00,0.00,0.00,0.00,12.3189,8.72694,2.21328,3.06117,11.3487,0.00,9.9077,6.4077,
1016,"Internal",4,7,0.00,77896.00,71.4286,14.2857,14.2857,1,3,0.00,0.00,0.00,0.00,0.00,0.00,0.00,0.00,,0.00,,0.00,0.00,0.00,345,0.00,107,226,201,116,5,76,100,0.00,0.00,26,30,0.00,62,0.00,3,1,5,103,0.00,0.00,0.00,,,,,,,882.5,234.5,0.9,162.1,126,0.00,60.0823,0,1406,6937.20,"Suburban",1,4404.29,10,"NorthReno-NorthS",352.274,530.226,93.607,140.893,50.2963,75.7037,64.7066,97.3934,0.359259,0.540741,6627.60,26,2109.00,5128.30,7263.30,0.41716,37.5899,22752.24,2764.43,-0.128884,2.12016,-0.120809,-0.0337033,0.117359,0.469434,0.00,0.00,14.7872,165.006,6627.60,1272.70,0.125023,6627.60,1406.00,12.3375,9.03999,0.791999,2.41132,11.3697,0.302505,9.83685,6.33685,17.2931
1017,"Internal",1,2,27,41370.00,0.00,100,0.00,0.00,1,0.00,0.00,0.00,0.00,0.00,0.00,0.00,0.00,,0.00,,0.00,0.00,0.00,163,0.00,0.00,0.00,0.00,10,10,39,0.00,0.00,0.00,0.00,0.00,0.00,40,0.00,117,0.00,3,11,1,0.00,0.00,,,,,,,120.5,122.5,23.4,104.6,23,0.00,50,0,394,5173.83,"Suburban",1,3284.56,10,"NorthReno-NorthS",60.25,60.25,61.25,61.25,11.5,11.5,52.3,52.3,11.7,11.7,1877.80,6.5,591,1605.30,2202.80,0.396926,83.3644,18363.51,1004.54,0.156148,0.582876,-0.130438,-0.21099,0.119607,0.119607,0.00,0.00,2.75096,47.1251,1877.80,369.9,0.0244706,1877.80,394,12.4659,9.11155,1.12637,1.71396,11.4524,0.00,9.36348,5.86348,4.61812
1018,"Internal",400,885,0.00,48188.00,63.0508,24.1808,12.7684,128,164,37,48,16,3,4,0.00,0.00,0.00,,28,,0.00,0.00,0.00,0.00,0.00,0.00,0.00,0.00,0.00,0.00,0.00,0.00,0.00,0.00,5,0.00,0.00,16,0.00,0.00,0.00,0.00,0.00,0.00,0.00,0.00,,,,,,,0.00,16,0.00,5,0.00,0.00,0.00,0,21,8435.87,"Urban",1,192.983,10,"NorthReno-NorthS",0.00,0.00,16,0.00,0.00,0.00,5,0.00,0.00,0.00,836,2600.00,31.5,846.1,3477.60,0.381754,0.00,31958.02,0.00,-0.362952,-0.294607,-0.10061,-0.343922,0.110083,44.0333,0.00,0.00,0.00,2.31175,836,214,1.65314,836,21,12.583,9.2631,2.23832,3.08474,11.5141,0.640846,8.95543,5.45543,7.10299
1019,"Internal",183,620,0.00,90071.00,63.0645,30.1613,6.77419,29,31,33,42,32,10,6,0.00,0.00,0.00,,19,,0.00,0.00,0.00,0.00,0.00,0.00,0.00,0.00,0.00,0.00,0.00,0.00,0.00,3,0.00,0.00,0.00,0.00,0.00,0.00,3,21,8,0.00,0.00,0.00,,,,,,,0.00,0.00,0.9,13.1,21,0.00,28.9474,0,35,5823.24,"Urban",1,301.966,10,"NorthReno-NorthS",0.00,0.00,0.00,0.00,14.9211,6.07895,9.30789,3.79211,0.639474,0.260526,818.8,1189.50,52.5,766.3,2008.30,0.502914,0.00,17326.82,0.00,-0.362952,-0.294607,-0.132713,0.717653,0.123066,22.5212,0.00,0.00,2.5844,4.30733,818.8,194.4,0.864282,818.8,35,12.4387,9.15812,2.25117,2.81912,11.4304,0.978636,9.46122,5.96122,5.22603
1020,"Internal",0.00,0.00,0.00,89930.00,,,,0.00,0.00,0.00,0.00,0.00,0.00,0.00,0.00,0.00,4198.00,,0.00,,0.00,0.00,0.00,0.00,0.00,0.00,0.00,0.00,0.00,2,0.00,0.00,0.00,0.00,0.00,296,0.00,0.00,1113.00,0.00,0.00,0.00,0.00,0.00,0.00,0.00,,,,,,,0.00,0.00,445.2,963.8,2,0.00,46.1312,0,1411,4317.08,"Suburban",1,2749.52,10,"NorthReno-NorthS",0.00,0.00,0.00,0.00,1.07738,0.922625,519.187,444.613,239.824,205.376,31856.40,8815.80,17229.30,5811.30,31856.40,0.597629,17.5377,62076.37,0.00,-0.253747,-0.294607,-0.0345256,1.54753,0.139602,0.00,0.00,586.05,0.279204,196.979,31856.40,1699.00,12.4111,31856.40,1411.00,12.2615,8.66761,1.89834,1.84158,11.3331,0.263362,10.1304,6.63035,
1021,"Internal",270,659,0.00,92841.00,68.5888,21.6995,9.71168,82,80,53,37,6,4,8,0.00,0.00,0.00,,12,,0.00,0.00,0.00,0.00,0.00,0.00,0.00,24,0.00,0.00,5,0.00,3,13,5,7,14,2,0.00,160,1,5,11,0.00,0.00,0.00,,,,,,,29,16,32.3,167.7,5,0.00,37.2549,0,250,11168.65,"Urban",1,2655.33,10,"NorthReno-NorthS",18.1961,10.8039,10.0392,5.96078,3.13725,1.86275,105.224,62.4765,20.2667,12.0333,1861.50,1755.00,375,1528.10,3658.10,0.584825,74.3493,38853.87,308.018,0.100012,-0.0255477,-0.0854794,1.43535,0.143391,38.7154,0.00,0.00,0.716953,35.8476,1861.50,418,1.4587,1861.50,250,12.5751,9.45763,2.1389,2.95874,11.4828,0.942268,8.98242,5.48242,8.35103
1022,"Internal",233,562,0.00,48538.00,70.2847,19.7509,9.96441,85,47,53,30,9,4,5,0.00,0.00,0.00,,14,,0.00,0.00,0.00,0.00,0.00,0.00,0.00,0.00,0.00,0.00,0.00,0.00,0.00,0.00,0.00,0.00,0.00,1,0.00,31,0.00,0.00,0.00,0.00,0.00,0.00,,,,,,,0.00,1,6.2,24.8,0.00,0.00,44.4444,0,32,16348.84,"Urban",1,854.501,10,"NorthReno-NorthS",0.00,0.00,0.555556,0.444444,0.00,0.00,13.7778,11.0222,3.44444,2.75556,619.3,1514.50,48,573.9,2136.40,0.42479,0.00,57048.61,0.00,-0.362952,-0.294607,-0.0455573,0.0331488,0.116136,27.0596,0.00,0.00,0.00,3.71634,619.3,154.2,1.0159,619.3,32,12.5608,9.2728,2.13049,3.11825,11.4963,1,9.03102,5.53102,5.30704
1023,"Internal",147,313,0.00,69965.00,72.524,12.7796,14.6965,57,50,21,8,7,2,2,0.00,0.00,0.00,,7,,0.00,0.00,0.00,2,0.00,0.00,0.00,0.00,20,6,0.00,0.00,0.00,0.00,9,1,0.00,0.00,0.00,0.00,29,152,2,0.00,0.00,0.00,,,,,,,1,1,8.7,32.3,178,0.00,41.1765,0,221,4742.45,"Urban",1,1588.01,10,"NorthReno-NorthS",0.588235,0.411765,0.588235,0.411765,104.706,73.2941,19,13.3,5.11765,3.58235,3843.50,955.5,331.5,3514.60,4801.60,0.419862,0.00,34502.19,7.18556,-0.362952,-0.28833,-0.0950277,-0.0100287,0.114403,16.8172,0.00,0.00,20.3636,25.283,3843.50,853.5,0.779268,3843.50,221,12.3228,9.39259,0.881431,3.48678,11.3349,0.909296,9.89295,6.39295,5.06519
1024,"Internal",48,74,0.00,90071.00,47.2973,37.8378,14.8649,27,16,5,0.00,0.00,0.00,0.00,0.00,0.00,0.00,,2,,0.00,0.00,0.00,0.00,0.00,0.00,0.00,0.00,7,1,0.00,0.00,0.00,0.00,0.00,0.00,3,13,0.00,0.00,30,155,5,0.00,0.00,0.00,,,,,,,0.00,16,9,26,163,0.00,16.9591,0,214,11110.41,"Urban",1,5799.00,10,"NorthReno-NorthS",0.00,0.00,13.2865,2.71345,135.357,27.6433,21.5906,4.40936,7.47368,1.52632,3383.30,312,321,3103.90,3736.90,0.29574,0.00,101263.02,0.00,-0.362952,-0.294607,0.051456,-1.09756,0.104399,5.01117,0.00,0.00,17.0171,22.3415,3383.30,742.3,0.31173,3383.30,214,12.3731,9.51475,0.95094,3.68191,11.3569,1,9.70282,6.20282,2.16035
1025,"Internal",481,1112.00,0.00,69965.00,80.3058,13.4892,6.20504,155,181,70,19,31,21,4,0.00,0.00,0.00,,35,,0.00,0.00,0.00,1,0.00,0.00,0.00,0.00,0.00,0.00,0.00,0.00,0.00,0.00,0.00,0.00,0.00,0.00,0.00,0.00,0.00,0.00,0.00,0.00,0.00,0.00,,,,,,,0.5,0.5,0.00,0.00,0.00,0.00,14.2857,0,1,1362.57,"Suburban",1,1.2236,10,"NorthReno-NorthS",0.428571,0.0714286,0.428571,0.0714286,0.00,0.00,0.00,0.00,0.00,0.00,916.9,3126.50,1.5,916.7,4044.70,0.351124,0.00,4949.11,0.611802,-0.362952,-0.294072,-0.159872,-0.612297,0.105502,50.7465,0.00,0.00,0.00,0.105502,916.9,241,1.90518,916.9,1,12.0814,8.3945,0.541511,2.29735,11.2348,0.100432,10.8682,7.36818,11.1541
1026,"Internal",265,820,0.00,42917.00,49.7561,46.8293,3.41463,50,45,65,58,32,12,3,0.00,0.00,0.00,,17,,0.00,0.00,0.00,0.00,0.00,0.00,0.00,0.00,0.00,0.00,0.00,0.00,0.00,0.00,8,0.00,0.00,0.00,0.00,0.00,0.00,0.00,0.00,0.00,0.00,0.00,,,,,,,0.00,0.00,0.00,8,0.00,0.00,83.3333,0,8,14577.21,"Urban",1,140.071,10,"NorthReno-NorthS",0.00,0.00,0.00,0.00,0.00,0.00,1.33333,6.66667,0.00,0.00,548.3,1722.50,12,536.3,2270.80,0.368807,0.00,39759.16,0.00,-0.362952,-0.294607,-0.083493,-0.457367,0.10908,28.9061,0.00,0.00,0.00,0.872636,548.3,142.1,1.08522,548.3,8,12.4894,9.12454,2.05939,2.93085,11.4573,0.985816,9.27958,5.77958,5.2219
1027,"Internal",8,32,857,90071.00,100,0.00,0.00,0.00,0.00,0.00,8,0.00,0.00,0.00,0.00,0.00,0.00,,0.00,,0.00,0.00,0.00,33,0.00,0.00,0.00,0.00,0.00,0.00,0.00,0.00,0.00,0.00,0.00,0.00,0.00,0.00,0.00,0.00,0.00,0.00,2,0.00,0.00,0.00,,,,,,,16.5,16.5,0.00,2,0.00,0.00,68.9977,0,35,987.026,"Suburban",1,397.288,10,"NorthReno-NorthS",5.11538,11.3846,5.11538,11.3846,0.00,0.00,0.620047,1.37995,0.00,0.00,125.4,52,52.5,115.8,220.3,0.611187,34.0532,2500.64,187.293,-0.150906,-0.131003,-0.165244,1.66633,0.139729,1.11783,0.00,0.00,0.00,4.89051,125.4,22.9,0.0419667,125.4,35,12.4994,9.16902,0.934344,1.6025,11.4711,0.00,9.24451,5.74451,0.881371
1028,"Internal",197,582,0.00,90071.00,63.0584,24.055,12.8866,37,44,52,30,24,9,1,0.00,0.00,0.00,,14,,0.00,0.00,0.00,0.00,0.00,0.00,0.00,0.00,0.00,0.00,6,0.00,0.00,0.00,0.00,0.00,0.00,30,0.00,0.00,0.00,0.00,0.00,0.00,0.00,0.00,,,,,,,6,30,0.00,0.00,0.00,0.00,83.3333,0,36,3962.37,"Suburban",1,223.398,10,"NorthReno-NorthS",1,5,5,25,0.00,0.00,0.00,0.00,0.00,0.00,482.3,1280.50,54,506.3,1840.80,0.439601,0.00,11423.11,37.2331,-0.362952,-0.262083,-0.145667,0.162921,0.115414,22.7366,0.00,0.00,0.00,4.15492,482.3,116.5,0.853601,482.3,36,12.3024,9.32214,1.13399,2.75861,11.3428,0.313784,9.97116,6.47116,5.09099
1029,"Internal",28,86,0.00,42917.00,72.093,9.30233,18.6047,2,9,6,7,4,0.00,0.00,0.00,0.00,0.00,,2,,0.00,0.00,0.00,0.00,0.00,0.00,0.00,0.00,0.00,0.00,0.00,0.00,0.00,0.00,2,0.00,0.00,0.00,0.00,0.00,0.00,0.00,0.00,0.00,0.00,0.00,,,,,,,0.00,0.00,0.00,2,0.00,0.00,45.0082,0,2,3017.63,"Urban",1,67.7052,10,"NorthReno-NorthS",0.00,0.00,0.00,0.00,0.00,0.00,1.09984,0.900164,0.00,0.00,64.4,182,3,61.4,246.4,0.392173,0.00,8341.28,0.00,-0.362952,-0.294607,-0.152429,-0.252635,0.110023,3.08066,0.00,0.00,0.00,0.220047,64.4,16.4,0.115657,64.4,2,12.4517,9.12558,2.1522,3.1009,11.4311,1,9.41431,5.91431,0.796892
1030,"Internal",0.00,0.00,0.00,89930.00,,,,0.00,0.00,0.00,0.00,0.00,0.00,0.00,0.00,2331.00,0.00,,0.00,,0.00,0.00,0.00,11,0.00,0.00,0.00,0.00,0.00,0.00,0.00,0.00,0.00,0.00,7,0.00,0.00,0.00,173,0.00,9,45,0.00,0.00,0.00,0.00,,,,,,,5.5,5.5,71.9,117.1,45,2331.00,37.5,0,245,1327.52,"Urban",1,845.489,10,"NorthReno-NorthS",3.4375,2.0625,3.4375,2.0625,28.125,16.875,73.1875,43.9125,44.9375,26.9625,5429.40,0.00,3864.00,1579.70,5443.70,0.411958,0.00,18786.09,18.9804,-0.362952,-0.278027,-0.129511,-0.079281,0.112714,0.00,262.736,0.00,5.07212,27.6149,5429.40,416.8,1.38546,5429.40,245,12.4803,9.17594,1.58459,2.33644,11.4435,0.259856,9.31188,5.81188,
1031,"Internal",0.00,0.00,0.00,89930.00,,,,0.00,0.00,0.00,0.00,0.00,0.00,0.00,0.00,0.00,0.00,,0.00,,0.00,0.00,0.00,0.00,0.00,0.00,0.00,0.00,0.00,0.00,0.00,0.00,0.00,0.00,0.00,0.00,0.00,0.00,0.00,0.00,0.00,0.00,44,0.00,0.00,0.00,,,,,,,0.00,0.00,0.00,44,0.00,0.00,45.0082,0,44,253.425,"Suburban",1,161.404,10,"NorthReno-NorthS",0.00,0.00,0.00,0.00,0.00,0.00,24.1964,19.8036,0.00,0.00,246.4,0.00,66,180.4,246.4,0.392219,0.00,903.863,0.00,-0.362952,-0.294607,-0.168748,-0.252231,0.109656,0.00,0.00,0.00,0.00,4.82485,246.4,52.8,0.00,246.4,44,12.2639,8.67002,2.14258,2.21244,11.3374,0.21912,10.1211,6.62111,
1032,"Internal",161,479,0.00,46282.00,59.499,29.4363,11.0647,35,49,26,17,13,12,9,0.00,0.00,0.00,,8,,0.00,0.00,0.00,5,0.00,0.00,0.00,0.00,24,20,0.00,0.00,0.00,0.00,0.00,1,0.00,0.00,0.00,16,18,98,5,0.00,0.00,0.00,,,,,,,2.5,2.5,8.6,31.4,142,0.00,18.8679,0,187,2457.90,"Suburban",1,594.899,10,"NorthReno-NorthS",2.0283,0.471698,2.0283,0.471698,115.208,26.7925,25.4755,5.92453,6.97736,1.62264,3200.30,1046.50,280.5,2926.30,4253.30,0.461759,12.7251,13530.93,7.9532,-0.283714,-0.28766,-0.141042,0.357066,0.119387,19.2214,0.00,0.00,16.953,22.3254,3200.30,713.2,0.844757,3200.30,187,12.4502,9.22318,1.84608,2.72117,11.4276,0.658892,9.41974,5.91974,5.16898
1033,"Internal",1,3,0.00,68299.00,33.3333,66.6667,0.00,0.00,0.00,1,0.00,0.00,0.00,0.00,0.00,0.00,0.00,,0.00,,0.00,0.00,0.00,2,0.00,0.00,0.00,0.00,0.00,0.00,0.00,0.00,0.00,0.00,0.00,0.00,0.00,0.00,0.00,0.00,0.00,0.00,15,0.00,0.00,0.00,,,,,,,1,1,0.00,15,0.00,0.00,45.0082,0,17,194.067,"Suburban",1,111.111,10,"NorthReno-NorthS",0.549918,0.450082,0.549918,0.450082,0.00,0.00,8.24877,6.75123,0.00,0.00,91.9,6.5,25.5,69,101,0.465396,19.6079,660.132,6.53597,-0.240856,-0.288898,-0.169282,0.388925,0.119845,0.119845,0.00,0.00,0.00,2.03737,91.9,19.5,0.00449934,91.9,17,12.1729,8.62328,1.02407,3.05279,11.2845,0.391496,10.4858,6.98581,0.175474
1034,"Internal",0.00,0.00,0.00,89930.00,,,,0.00,0.00,0.00,0.00,0.00,0.00,0.00,0.00,0.00,0.00,,0.00,,0.00,0.00,0.00,0.00,0.00,0.00,0.00,0.00,0.00,0.00,0.00,0.00,0.00,0.00,0.00,0.00,0.00,0.00,0.00,0.00,0.00,0.00,6,0.00,0.00,0.00,,,,,,,0.00,0.00,0.00,6,0.00,0.00,36.8421,0,6,30.8561,"Suburban",1,19.652,10,"NorthReno-NorthS",0.00,0.00,0.00,0.00,0.00,0.00,3.78947,2.21053,0.00,0.00,33.6,0.00,9,24.6,33.6,0.392219,9.826,110.051,0.00,-0.301766,-0.294607,-0.170489,-0.252231,0.110586,0.00,0.00,0.00,0.00,0.663514,33.6,7.2,0.00,33.6,6,12.199,8.51069,0.764094,0.672538,11.3316,0.00,10.3798,6.87983,
1035,"Internal",344,1024.00,0.00,68299.00,60.6445,27.7344,11.6211,42,112,75,67,30,11,7,0.00,0.00,0.00,,29,,0.00,0.00,0.00,41,0.00,0.00,0.00,0.00,0.00,0.00,0.00,0.00,0.00,0.00,0.00,0.00,0.00,38,0.00,0.00,0.00,0.00,0.00,0.00,0.00,0.00,,,,,,,20.5,58.5,0.00,0.00,0.00,0.00,58.9286,0,79,4661.23,"Suburban",1,320.753,10,"NorthReno-NorthS",8.41964,12.0804,24.0268,34.4732,0.00,0.00,0.00,0.00,0.00,0.00,890.6,2236.00,118.5,924.2,3278.70,0.454144,0.00,13312.06,83.2334,-0.362952,-0.221901,-0.141522,0.290341,0.117163,40.304,0.00,0.00,0.00,9.25586,890.6,211.5,1.51313,890.6,79,11.9577,8.22561,0.955573,2.13195,11.1973,0.0312797,11.4108,7.9108,8.57137
1036,"Internal",0.00,0.00,0.00,89930.00,,,,0.00,0.00,0.00,0.00,0.00,0.00,0.00,0.00,0.00,0.00,,0.00,,0.00,0.00,0.00,0.00,0.00,0.00,0.00,0.00,0.00,0.00,0.00,0.00,0.00,0.00,0.00,0.00,0.00,0.00,0.00,0.00,0.00,0.00,0.00,0.00,0.00,0.00,,,,,,,0.00,0.00,0.00,0.00,0.00,0.00,45.0082,0,0,0.00,"Suburban",1,0.00,10,"NorthReno-NorthS",0.00,0.00,0.00,0.00,0.00,0.00,0.00,0.00,0.00,0.00,0.00,0.00,0.00,0.00,0.00,,0.00,0.00,0.00,-0.362952,-0.294607,-0.170731,,0.00,0.00,0.00,0.00,0.00,0.00,0.00,0.00,0.00,0.00,0.00,11.9029,8.08612,0.728018,0.921508,11.1699,0.00,11.6614,8.16141,
1037,"Internal",673,1981.00,0.00,75823.00,53.7607,27.6123,18.627,94,280,102,62,58,56,21,0.00,0.00,0.00,,52,,0.00,0.00,18,10,0.00,0.00,0.00,0.00,0.00,11,0.00,0.00,0.00,3,2,0.00,0.00,0.00,0.00,0.00,8,40,2,0.00,0.00,0.00,,,,,,,23,5,2.4,12.6,51,0.00,33.3333,0,94,1509.30,"Suburban",1,66.6519,10,"NorthReno-NorthS",15.3333,7.66667,3.33333,1.66667,34,17,8.4,4.2,1.6,0.8,2400.40,4374.50,141,2272.40,6787.90,0.472173,2.83625,4813.04,16.3084,-0.345291,-0.280361,-0.16017,0.448309,0.119079,80.14,0.00,0.00,6.07302,11.1934,2400.40,577.6,3.0528,2400.40,94,12.3716,9.0734,1.59878,2.34991,11.3939,0.17735,9.70819,6.20819,14.2411
1038,"Internal",2,9,0.00,68299.00,22.2222,77.7778,0.00,0.00,0.00,1,0.00,0.00,1,0.00,0.00,0.00,0.00,,1,,0.00,0.00,0.00,49,0.00,0.00,0.00,0.00,0.00,20,0.00,0.00,0.00,0.00,5,0.00,0.00,17,0.00,0.00,0.00,0.00,20,0.00,0.00,0.00,,,,,,,24.5,41.5,0.00,25,20,0.00,26.6667,0,111,2536.37,"Suburban",1,1536.07,10,"NorthReno-NorthS",17.9667,6.53333,30.4333,11.0667,14.6667,5.33333,18.3333,6.66667,0.00,0.00,715.8,13,166.5,657.2,836.7,0.343201,96.8693,11578.65,339.042,0.240241,0.00155227,-0.145325,-0.681719,0.114527,0.229054,0.00,0.00,2.29054,12.7125,715.8,146,0.0252355,715.8,111,12.129,8.5229,0.831364,2.97215,11.2825,0.669838,10.6673,7.16727,0.967023
1039,"Internal",53,152,0.00,69965.00,59.8684,17.1053,23.0263,8,23,7,5,5,3,2,0.00,0.00,0.00,,2,,0.00,0.00,0.00,0.00,0.00,0.00,0.00,0.00,0.00,0.00,0.00,0.00,0.00,0.00,1,0.00,0.00,0.00,0.00,0.00,0.00,0.00,0.00,0.00,0.00,0.00,,,,,,,0.00,0.00,0.00,1,0.00,0.00,20,0,1,319.983,"Suburban",1,2.08363,10,"NorthReno-NorthS",0.00,0.00,0.00,0.00,0.00,0.00,0.8,0.2,0.00,0.00,106.3,344.5,1.5,104.8,450.8,0.361947,0.00,939.298,0.00,-0.362952,-0.294607,-0.16867,-0.517472,0.106439,5.64125,0.00,0.00,0.00,0.106439,106.3,27.7,0.211789,106.3,1,12.1153,8.45247,0.440538,2.73736,11.2771,0.194323,10.7247,7.22473,1.14382
1040,"Internal",211,573,0.00,130333.00,60.3839,22.3386,17.2775,47,73,34,28,16,5,8,0.00,0.00,0.00,,14,,2,0.00,0.00,10,0.00,0.00,0.00,0.00,0.00,0.00,0.00,0.00,0.00,0.00,6,0.00,0.00,0.00,0.00,0.00,0.00,3,0.00,0.00,0.00,0.00,,,,,,,7,5,0.00,6,3,0.00,29.4118,0,21,2206.49,"Suburban",1,76.466,10,"NorthReno-NorthS",4.94118,2.05882,3.52941,1.47059,2.11765,0.882353,4.23529,1.76471,0.00,0.00,526.6,1371.50,31.5,508.1,1911.10,0.414022,10.9237,6958.77,25.4887,-0.294931,-0.272342,-0.155462,-0.061202,0.113437,23.9353,0.00,0.00,0.340312,2.38218,526.6,131,0.901074,526.6,21,11.7482,7.90924,0.486073,0.935635,11.0878,0.00,12.4019,8.90191,4.49208
1041,"Internal",384,1134.00,0.00,46282.00,56.7019,30.6878,12.6102,82,96,77,54,43,26,6,434,0.00,0.00,,30,,0.00,0.00,0.00,7,0.00,0.00,0.00,0.00,9,30,6,0.00,0.00,5,2,0.00,0.00,5,52,33,26,137,2,0.00,0.00,0.00,,,,,,,9.5,8.5,35.2,84.8,176,434,20.098,0,314,3816.11,"Suburban",1,736.476,10,"NorthReno-NorthS",7.59069,1.90931,6.79167,1.70833,140.627,35.3725,67.7569,17.0431,28.1255,7.07451,5397.80,2496.00,1122.00,4297.90,7915.90,0.585697,9.38185,18566.45,22.2819,-0.304532,-0.275143,-0.129993,1.44298,0.134437,51.6239,58.3458,0.00,23.661,42.2133,5397.80,1066.60,2.40946,5397.80,314,12.1404,8.78186,1.45862,2.01704,11.2707,0.420984,10.6197,7.1197,10.6742
1042,"Internal",86,255,5,52429.00,66.6667,16.8627,16.4706,20,17,19,16,7,4,3,0.00,0.00,0.00,,6,,0.00,0.00,0.00,0.00,0.00,0.00,0.00,0.00,0.00,0.00,14,7,0.00,0.00,0.00,0.00,0.00,0.00,0.00,0.00,0.00,0.00,1,0.00,0.00,0.00,,,,,,,21,0.00,0.00,1,0.00,0.00,66.6667,0,22,2230.68,"Suburban",1,169.491,10,"NorthReno-NorthS",7,14,0.00,0.00,0.00,0.00,0.333333,0.666667,0.00,0.00,232,559,33,199,791,0.435541,0.00,6093.98,161.787,-0.362952,-0.153283,-0.15736,0.127349,0.11468,9.86249,0.00,0.00,0.00,2.52296,232,54.7,0.370268,232,22,12.1552,8.55186,0.629183,2.85038,11.2951,0.554597,10.5585,7.05846,2.36991
1043,"Internal",75,189,0.00,133393.00,58.7302,24.8677,16.4021,25,20,10,11,5,3,1,0.00,0.00,0.00,,6,,0.00,5,0.00,185,25,52,20,23,1,0.00,40,0.00,0.00,0.00,0.00,6,0.00,77,0.00,0.00,1,3,2,0.00,5,0.00,,,,,,,257.5,174.5,0.3,8.7,4,0.00,55.3684,0,445,4649.38,"Suburban",1,2330.70,10,"NorthReno-NorthS",114.926,142.574,77.8821,96.6179,1.78526,2.21474,3.88295,4.81705,0.133895,0.166105,1563.70,487.5,667.5,1349.90,2504.90,0.600696,15.7126,13119.48,1348.66,-0.265111,0.883473,-0.141945,1.5744,0.136797,10.2598,0.00,0.00,0.54719,60.8749,1563.70,280.7,0.389158,1563.70,445,11.795,7.9837,0.963305,1.26592,11.1127,0.00,12.1721,8.67215,5.76764
1044,"Internal",50,122,0.00,133393.00,61.4754,22.1311,16.3934,16,13,11,7,1,0.00,2,0.00,0.00,0.00,,3,,0.00,1,0.00,3,0.00,0.00,0.00,0.00,0.00,0.00,2,0.00,0.00,0.00,0.00,0.00,0.00,0.00,0.00,0.00,0.00,0.00,9,0.00,0.00,0.00,,,,,,,4.5,1.5,0.00,9,0.00,0.00,0.00,0,15,1687.79,"Suburban",1,173.937,10,"NorthReno-NorthS",4.5,0.00,1.5,0.00,0.00,0.00,9,0.00,0.00,0.00,163.4,325,22.5,144.8,492.3,0.475579,34.7874,5708.62,52.1812,-0.146335,-0.249026,-0.158205,0.478151,0.12295,6.1475,0.00,0.00,0.00,1.84425,163.4,38.8,0.230796,163.4,15,11.8772,8.09121,0.548639,2.08682,11.1562,0.00,11.7808,8.28079,1.03476
1045,"Internal",164,490,0.00,70972.00,63.0612,25.9184,11.0204,47,38,22,21,12,11,13,0.00,0.00,0.00,,11,,0.00,0.00,0.00,0.00,0.00,0.00,0.00,0.00,20,20,0.00,0.00,0.00,0.00,0.00,0.00,0.00,0.00,0.00,0.00,0.00,2,0.00,0.00,0.00,0.00,,,,,,,0.00,0.00,0.00,0.00,42,0.00,13.5135,0,42,4486.51,"Suburban",1,338.942,10,"NorthReno-NorthS",0.00,0.00,0.00,0.00,36.3243,5.67568,0.00,0.00,0.00,0.00,1097.00,1066.00,63,1034.00,2163.00,0.527744,56.4904,17455.52,0.00,-0.0111932,-0.294607,-0.132431,0.935213,0.132464,21.7241,0.00,0.00,5.56348,5.56348,1097.00,254.2,0.855994,1097.00,42,12.2188,9.17254,1.85577,2.35767,11.2976,0.976118,10.3,6.79999,4.18689
1046,"Internal",1,2,4,52429.00,100,0.00,0.00,0.00,1,0.00,0.00,0.00,0.00,0.00,0.00,0.00,0.00,,0.00,,8,0.00,0.00,0.00,0.00,7,1,10,0.00,0.00,0.00,0.00,0.00,0.00,0.00,67,0.00,0.00,0.00,0.00,0.00,0.00,5,0.00,0.00,0.00,,,,,,,26,0.00,0.00,72,0.00,0.00,73.5786,0,98,1272.88,"Suburban",1,800.284,10,"NorthReno-NorthS",6.86957,19.1304,0.00,0.00,0.00,0.00,19.0234,52.9766,0.00,0.00,483.1,6.5,147,336.1,489.6,0.438424,0.00,3998.15,212.32,-0.362952,-0.109142,-0.161958,0.152602,0.114894,0.114894,0.00,0.00,0.00,11.2596,483.1,99.9,0.00431347,483.1,98,12.0361,8.44186,0.984285,2.69263,11.2314,0.939601,11.0636,7.56362,1.09161
1047,"Internal",674,1678.00,3,52429.00,54.7676,28.1287,17.1037,173,245,111,81,31,28,5,0.00,0.00,0.00,,42,,21,0.00,0.00,11,0.00,0.00,0.00,0.00,0.00,0.00,1,0.00,0.00,0.00,3,1,0.00,2,0.00,1,1,8,18,0.00,0.00,0.00,,,,,,,27.5,7.5,0.5,23.5,8,0.00,33.3333,0,67,5673.06,"Suburban",1,213.153,10,"NorthReno-NorthS",18.3333,9.16667,5,2.5,5.33333,2.66667,15.6667,7.83333,0.333333,0.166667,1669.60,4381.00,100.5,1588.60,6070.10,0.410334,60.4465,19311.39,87.4884,0.0134413,-0.218184,-0.128359,-0.0935162,0.118788,80.0629,0.00,0.00,0.950302,7.95878,1669.60,416.1,3.0127,1669.60,67,12.0722,8.54216,1.10838,2.74854,11.2474,0.503496,10.9078,7.40775,12.0449
1048,"Internal",111,326,0.00,92083.00,69.9386,25.7669,4.29448,13,45,22,14,6,6,5,0.00,0.00,0.00,,10,,0.00,0.00,0.00,0.00,0.00,0.00,0.00,0.00,0.00,0.00,0.00,0.00,0.00,0.00,0.00,0.00,0.00,0.00,0.00,0.00,0.00,0.00,0.00,0.00,0.00,0.00,,,,,,,0.00,0.00,0.00,0.00,0.00,0.00,0.00,0,0,433.068,"Suburban",1,0.00,10,"NorthReno-NorthS",0.00,0.00,0.00,0.00,0.00,0.00,0.00,0.00,0.00,0.00,210.9,721.5,0.00,210.9,932.4,0.350057,0.00,1238.63,0.00,-0.362952,-0.294607,-0.168013,-0.621652,0.105212,11.6785,0.00,0.00,0.00,0.00,210.9,55.5,0.438446,210.9,0.00,11.5141,7.62913,0.169868,0.00,10.9407,0.00,13.6241,10.1241,2.84589
1049,"Internal",315,1052.00,0.00,70972.00,57.6996,28.9924,13.308,52,73,57,52,37,18,26,0.00,0.00,0.00,,27,,0.00,0.00,0.00,5,0.00,0.00,0.00,0.00,0.00,25,0.00,180,0.00,0.00,0.00,31,0.00,0.00,0.00,0.00,25,127,0.00,0.00,0.00,0.00,,,,,,,182.5,2.5,7.5,48.5,152,0.00,15.625,0,393,2191.75,"Suburban",1,516.074,10,"NorthReno-NorthS",153.984,28.5156,2.10938,0.390625,128.25,23.75,40.9219,7.57812,6.32812,1.17188,4309.50,2047.50,589.5,3726.50,6363.50,0.544957,0.00,8356.33,239.653,-0.362952,-0.0852662,-0.152396,1.08603,0.127648,40.2092,0.00,0.00,19.4025,50.1657,4309.50,940.4,1.65049,4309.50,393,12.0934,8.57207,1.37929,1.53995,11.2543,0.0815606,10.8171,7.31707,10.7272
1050,"Internal",59,178,0.00,58684.00,53.3708,39.8876,6.74157,8,26,3,9,8,2,3,0.00,0.00,0.00,,5,,0.00,0.00,0.00,0.00,0.00,0.00,0.00,0.00,36,0.00,0.00,0.00,0.00,0.00,0.00,0.00,0.00,0.00,0.00,0.00,1,9,10,0.00,0.00,0.00,,,,,,,0.00,0.00,0.3,10.7,45,0.00,24.5902,0,56,4239.86,"Suburban",1,892.848,10,"NorthReno-NorthS",0.00,0.00,0.00,0.00,33.9344,11.0656,8.06885,2.63115,0.22623,0.0737705,1015.20,383.5,84,931.2,1398.70,0.477979,63.7748,22300.47,0.00,0.0341664,-0.294607,-0.1218,0.49918,0.127368,7.51468,0.00,0.00,5.73154,7.13258,1015.20,227.2,0.323752,1015.20,56,12.0793,8.77869,1.70221,2.00852,11.2324,0.999811,10.8773,7.37726,1.67576
1051,"Internal",272,769,16,133393.00,60.8583,22.8869,16.2549,40,109,44,37,25,13,4,0.00,0.00,0.00,,19,,0.00,0.00,0.00,7,0.00,0.00,0.00,1,0.00,0.00,0.00,0.00,0.00,0.00,0.00,0.00,0.00,0.00,0.00,2,0.00,0.00,0.00,0.00,0.00,0.00,,,,,,,4.5,3.5,0.4,1.6,0.00,0.00,23.4375,0,10,1869.19,"Suburban",1,23.8205,10,"NorthReno-NorthS",3.44531,1.05469,2.67969,0.820312,0.00,0.00,1.225,0.375,0.30625,0.09375,552,1768.00,15,546.1,2329.10,0.368763,0.00,5548.02,10.7192,-0.362952,-0.285243,-0.158558,-0.457749,0.107382,29.208,0.00,0.00,0.00,1.07382,552,142.4,1.09656,552,10,11.556,7.72881,0.809795,0.80885,10.9694,0.00,13.396,9.89596,5.91567
1052,"Internal",196,621,0.00,70972.00,50.8857,32.3672,16.7472,43,41,42,21,20,17,12,0.00,0.00,0.00,,14,,0.00,0.00,0.00,0.00,0.00,0.00,0.00,0.00,0.00,0.00,0.00,0.00,0.00,0.00,0.00,0.00,0.00,0.00,0.00,0.00,0.00,0.00,0.00,0.00,0.00,0.00,,,,,,,0.00,0.00,0.00,0.00,0.00,0.00,25,0,0,3310.74,"Suburban",1,0.00,10,"NorthReno-NorthS",0.00,0.00,0.00,0.00,0.00,0.00,0.00,0.00,0.00,0.00,372.4,1274.00,0.00,372.4,1646.40,0.350057,0.00,8777.46,0.00,-0.362952,-0.294607,-0.151472,-0.621652,0.105576,20.6929,0.00,0.00,0.00,0.00,372.4,98,0.776874,372.4,0.00,11.9772,8.50489,1.56504,1.16821,11.1851,0.000309246,11.3233,7.82333,3.9443
1053,"Internal",440,1395.00,0.00,91985.00,56.6308,29.5341,13.8351,85,103,72,73,62,29,16,0.00,0.00,0.00,,36,,0.00,0.00,0.00,13,0.00,0.00,0.00,0.00,15,18,0.00,1,0.00,0.00,5,0.00,0.00,0.00,0.00,7,8,45,1,0.00,0.00,0.00,,,,,,,7.5,6.5,3.8,17.2,78,0.00,25,0,113,4233.69,"Suburban",1,304.248,10,"NorthReno-NorthS",5.625,1.875,4.875,1.625,58.5,19.5,12.9,4.3,2.85,0.95,2454.20,2860.00,169.5,2301.60,5331.10,0.524793,8.07739,14353.79,20.1935,-0.312655,-0.276968,-0.139236,0.909351,0.126424,55.6265,0.00,0.00,9.86106,14.2859,2454.20,572,2.16001,2454.20,113,11.97,8.45241,1.45306,1.3829,11.1853,0.471526,11.3554,7.85544,10.8395
1054,"Internal",69,209,0.00,58684.00,55.5024,33.4928,11.0048,12,24,7,13,5,5,3,512,0.00,0.00,,6,,0.00,0.00,0.00,0.00,0.00,0.00,0.00,0.00,0.00,0.00,0.00,0.00,0.00,0.00,0.00,0.00,0.00,0.00,54,0.00,0.00,0.00,0.00,0.00,0.00,0.00,,,,,,,0.00,0.00,21.6,32.4,0.00,512,37.5,0,54,4754.07,"Suburban",1,873.831,10,"NorthReno-NorthS",0.00,0.00,0.00,0.00,0.00,0.00,20.25,12.15,13.5,8.1,1201.50,448.5,849,352.5,1650.00,0.615717,129.456,26700.40,0.00,0.443158,-0.294607,-0.112146,1.70602,0.153937,10.6216,78.8156,0.00,0.00,8.31258,1201.50,99.3,0.803328,1201.50,54,11.9684,8.52022,1.78439,1.6784,11.1756,0.94288,11.3628,7.8628,1.974
1055,"Internal",205,543,0.00,129611.00,61.8785,25.9669,12.1547,56,55,46,18,17,9,4,0.00,0.00,0.00,,23,,0.00,0.00,0.00,0.00,0.00,0.00,0.00,1,0.00,0.00,0.00,0.00,0.00,0.00,0.00,1,0.00,0.00,0.00,0.00,0.00,3,0.00,0.00,0.00,0.00,,,,,,,1,0.00,0.00,1,3,0.00,100,0,5,3652.16,"Suburban",1,33.1502,10,"NorthReno-NorthS",0.00,1,0.00,0.00,0.00,3,0.00,1,0.00,0.00,454.2,1332.50,7.5,446.7,1786.70,0.381275,0.00,11845.89,6.63004,-0.362952,-0.288815,-0.144739,-0.348122,0.109026,22.3503,0.00,0.00,0.327078,0.54513,454.2,116.5,0.841474,454.2,5,11.6522,7.82491,0.360222,0.0309108,11.0175,0.00,12.8876,9.38759,4.25052
1056,"Internal",0.00,0.00,0.00,89930.00,,,,0.00,0.00,0.00,0.00,0.00,0.00,0.00,0.00,0.00,0.00,,0.00,,0.00,0.00,0.00,0.00,0.00,0.00,0.00,284,0.00,0.00,0.00,135,0.00,0.00,22,0.00,0.00,76,15,0.00,2,11,0.00,0.00,0.00,0.00,,,,,,,419,76,6.6,32.4,11,0.00,45.0082,0,545,4484.21,"Suburban",1,2855.96,10,"NorthReno-NorthS",230.416,188.584,41.7938,34.2062,6.0491,4.9509,17.8173,14.5827,3.62946,2.97054,1909.10,0.00,817.5,1289.20,2106.70,0.474933,0.00,11039.73,2195.68,-0.362952,1.62336,-0.146508,0.472494,0.119434,0.00,0.00,0.00,1.31377,65.0914,1909.10,339.4,0.00954193,1909.10,545,11.8443,8.08944,0.613739,1.73012,11.1386,0.10598,11.9355,8.43552,
1057,"Internal",182,595,0.00,70250.00,57.1429,30.4202,12.437,32,46,35,26,10,19,14,0.00,0.00,0.00,,14,,0.00,0.00,0.00,0.00,0.00,0.00,0.00,0.00,0.00,0.00,0.00,0.00,0.00,0.00,0.00,0.00,0.00,0.00,0.00,0.00,0.00,0.00,1,0.00,0.00,0.00,,,,,,,0.00,0.00,0.00,1,0.00,0.00,45.0082,0,1,4652.58,"Suburban",1,7.79888,10,"NorthReno-NorthS",0.00,0.00,0.00,0.00,0.00,0.00,0.549918,0.450082,0.00,0.00,351.4,1183.00,1.5,349.9,1534.40,0.35358,0.00,11966.61,0.00,-0.362952,-0.294607,-0.144474,-0.590784,0.106099,19.31,0.00,0.00,0.00,0.106099,351.4,92.2,0.724954,351.4,1,11.857,8.31859,1.49357,1.08609,11.1206,0.365035,11.8758,8.37581,4.25403
1058,"Internal",210,699,0.00,58684.00,56.9385,35.4793,7.58226,45,36,35,22,48,19,5,0.00,0.00,0.00,,21,,0.00,0.00,0.00,0.00,0.00,0.00,0.00,0.00,0.00,7,0.00,0.00,0.00,0.00,0.00,0.00,0.00,0.00,0.00,0.00,1,6,1,0.00,0.00,0.00,,,,,,,0.00,0.00,0.3,1.7,13,0.00,0.00,0,15,5486.62,"Suburban",1,113.901,10,"NorthReno-NorthS",0.00,0.00,0.00,0.00,13,0.00,1.7,0.00,0.3,0.00,653.3,1365.00,22.5,630.8,2018.30,0.444797,53.1538,15325.75,0.00,-0.0319697,-0.294607,-0.137104,0.208442,0.121818,25.5818,0.00,0.00,1.58364,1.82727,653.3,160.7,0.971921,653.3,15,11.9761,8.65266,1.82862,1.6404,11.1796,0.967429,11.3282,7.82819,5.06643
1059,"Internal",264,776,0.00,133393.00,61.4691,20.6186,17.9124,16,125,52,35,14,10,12,0.00,0.00,0.00,,19,,0.00,0.00,0.00,0.00,0.00,0.00,0.00,0.00,0.00,0.00,0.00,0.00,0.00,0.00,0.00,1,0.00,5,0.00,0.00,10,52,0.00,0.00,0.00,0.00,,,,,,,0.00,5,3,8,52,0.00,13.1579,0,68,2376.32,"Suburban",1,183.049,10,"NorthReno-NorthS",0.00,0.00,4.34211,0.657895,45.1579,6.84211,6.94737,1.05263,2.60526,0.394737,1550.60,1716.00,102,1461.60,3279.60,0.526642,10.7676,8828.35,0.00,-0.295903,-0.294607,-0.15136,0.925554,0.126636,33.4318,0.00,0.00,6.58506,8.61123,1550.60,360.9,1.30296,1550.60,68,11.7211,7.92457,0.937103,0.921741,11.07,0.00,12.5372,9.03716,6.44126
1060,"Internal",198,642,0.00,58684.00,58.7227,31.3084,9.96885,18,59,45,34,25,9,8,0.00,0.00,0.00,,14,,0.00,0.00,0.00,5,0.00,0.00,0.00,0.00,0.00,0.00,0.00,0.00,2,0.00,1,5,0.00,20,0.00,0.00,0.00,3,25,1,0.00,0.00,,,,,,,2.5,23.5,0.00,33,3,0.00,15.3846,0,62,5912.33,"Suburban",1,495.794,10,"NorthReno-NorthS",2.11538,0.384615,19.8846,3.61538,2.53846,0.461538,27.9231,5.07692,0.00,0.00,695.1,1287.00,93,663.2,2043.20,0.495803,0.00,16338.82,19.9917,-0.362952,-0.277144,-0.134881,0.655354,0.122168,24.1893,0.00,0.00,0.366504,7.57441,695.1,163.9,0.910799,695.1,62,11.8682,8.59042,1.85743,1.3303,11.1179,0.974353,11.8228,8.32277,5.18794
1061,"Internal",341,677,0.00,107222.00,51.6987,28.9513,19.3501,200,26,70,21,17,3,4,0.00,0.00,0.00,,23,,0.00,0.00,0.00,0.00,0.00,0.00,0.00,0.00,0.00,0.00,2,0.00,0.00,0.00,5,32,0.00,0.00,0.00,0.00,0.00,0.00,0.00,0.00,0.00,0.00,,,,,,,2,0.00,0.00,37,0.00,0.00,64,0,39,4548.64,"Suburban",1,240.299,10,"NorthReno-NorthS",0.72,1.28,0.00,0.00,0.00,0.00,13.32,23.68,0.00,0.00,861.1,2216.50,58.5,802.6,3077.60,0.412935,24.646,18962.66,12.323,-0.209484,-0.283842,-0.129124,-0.0707276,0.115339,39.3307,0.00,0.00,0.00,4.49823,861.1,215.9,1.47659,861.1,39,12.0553,8.48775,1.17429,2.31019,11.2482,0.895855,10.9803,7.48031,4.77253
1062,"Internal",117,392,0.00,89545.00,58.1633,28.5714,13.2653,17,24,35,13,10,6,12,0.00,0.00,0.00,,9,,0.00,0.00,0.00,10,0.00,0.00,0.00,0.00,0.00,0.00,0.00,0.00,0.00,0.00,0.00,0.00,0.00,0.00,0.00,0.00,0.00,0.00,0.00,0.00,0.00,0.00,,,,,,,5,5,0.00,0.00,0.00,0.00,28.5714,0,10,3298.23,"Suburban",1,80.8981,10,"NorthReno-NorthS",3.57143,1.42857,3.57143,1.42857,0.00,0.00,0.00,0.00,0.00,0.00,252.3,760.5,15,250.3,1025.80,0.390615,0.00,8298.53,40.449,-0.362952,-0.259274,-0.152523,-0.266292,0.109853,12.8528,0.00,0.00,0.00,1.09853,252.3,63.5,0.482533,252.3,10,11.6828,7.84075,1.02565,0.225046,11.0392,0.00,12.7308,9.23082,2.9322
1063,"Internal",375,1121.00,0.00,56944.00,56.4674,29.6164,13.9161,78,114,55,49,37,25,17,0.00,0.00,0.00,,25,,0.00,0.00,0.00,11,0.00,10,3,0.00,0.00,0.00,0.00,0.00,0.00,0.00,0.00,0.00,0.00,0.00,0.00,0.00,0.00,0.00,2,21,0.00,0.00,,,,,,,18.5,26.5,0.00,2,0.00,0.00,56,0,47,1780.86,"Suburban",1,70.0543,10,"NorthReno-NorthS",8.14,10.36,11.66,14.84,0.00,0.00,0.88,1.12,0.00,0.00,858.7,2437.50,70.5,857.1,3365.10,0.410009,4.47155,5015.74,27.5746,-0.335108,-0.27052,-0.159726,-0.0963605,0.112244,42.0915,0.00,0.00,0.00,5.27546,858.7,212.4,1.58024,858.7,47,11.7402,8.04244,0.96188,0.869852,11.0602,0.171577,12.4415,8.9415,8.39131
1064,"Internal",362,1179.00,0.00,70250.00,53.6896,31.3825,14.9279,47,117,55,50,47,24,22,0.00,0.00,0.00,,23,,0.00,0.00,0.00,0.00,0.00,0.00,0.00,0.00,0.00,0.00,0.00,0.00,0.00,0.00,0.00,0.00,0.00,10,0.00,0.00,0.00,1,0.00,0.00,0.00,0.00,,,,,,,0.00,10,0.00,0.00,1,0.00,75,0,11,4802.13,"Suburban",1,44.1567,10,"NorthReno-NorthS",0.00,0.00,2.5,7.5,0.25,0.75,0.00,0.00,0.00,0.00,736.5,2353.00,16.5,746,3115.50,0.372225,0.00,12506.38,0.00,-0.362952,-0.294607,-0.14329,-0.427417,0.108092,39.1294,0.00,0.00,0.108092,1.18902,736.5,190.1,1.46982,736.5,11,11.7558,8.22728,1.74552,1.06444,11.0633,0.478627,12.3641,8.86409,8.03402
1065,"Internal",54,146,0.00,133393.00,53.4247,26.0274,20.5479,12,19,7,10,2,3,1,0.00,2454.00,0.00,,3,,0.00,0.00,0.00,0.00,0.00,0.00,0.00,0.00,0.00,0.00,0.00,0.00,0.00,0.00,0.00,0.00,0.00,0.00,178,0.00,0.00,0.00,0.00,0.00,0.00,0.00,,,,,,,0.00,0.00,71.2,106.8,0.00,2454.00,100,0,178,1453.77,"Suburban",1,608.185,10,"NorthReno-NorthS",0.00,0.00,0.00,0.00,0.00,0.00,0.00,106.8,0.00,71.2,4780.40,351,3948.00,832.4,5131.40,0.37706,10.2503,17532.82,0.00,-0.299124,-0.294607,-0.132261,-0.385053,0.109863,5.9326,269.604,0.00,0.00,19.5556,4780.40,240.6,1.6066,4780.40,178,11.8973,8.24018,0.607997,0.515264,11.1534,0.00,11.6873,8.18734,2.99374
1066,"Internal",373,1111.00,0.00,90071.00,57.4257,28.0828,14.4914,74,117,58,49,35,22,18,0.00,0.00,0.00,,27,,0.00,0.00,0.00,0.00,0.00,8,0.00,0.00,6,15,0.00,0.00,0.00,0.00,0.00,0.00,0.00,2,0.00,0.00,0.00,0.00,7,0.00,0.00,0.00,,,,,,,8,2,0.00,7,21,0.00,19.3548,0,38,4614.22,"Suburban",1,149.779,10,"NorthReno-NorthS",6.45161,1.54839,1.6129,0.387097,16.9355,4.06452,5.64516,1.35484,0.00,0.00,1170.60,2424.50,57,1118.80,3600.30,0.449693,43.3569,14190.72,31.5323,-0.0929734,-0.267063,-0.139594,0.251346,0.12128,45.2373,0.00,0.00,2.54687,4.60862,1170.60,286,1.71684,1170.60,38,11.779,8.23513,1.73401,1.06801,11.0747,0.927015,12.2501,8.75006,8.26639
1067,"Internal",60,160,0.00,97992.00,54.375,11.875,33.75,10,25,9,9,5,2,0.00,0.00,0.00,0.00,,2,,0.00,0.00,0.00,2,0.00,0.00,0.00,0.00,0.00,0.00,0.00,0.00,0.00,0.00,0.00,0.00,0.00,0.00,0.00,0.00,0.00,0.00,0.00,0.00,0.00,0.00,,,,,,,1,1,0.00,0.00,0.00,0.00,45.0082,0,2,1464.61,"Suburban",1,17.9552,10,"NorthReno-NorthS",0.549918,0.450082,0.549918,0.450082,0.00,0.00,0.00,0.00,0.00,0.00,120,390,3,119.6,512.6,0.366669,0.00,4601.92,8.97761,-0.362952,-0.286765,-0.160633,-0.476095,0.107115,6.42688,0.00,0.00,0.00,0.214229,120,31,0.241284,120,2,11.985,8.43872,0.982409,1.11179,11.1968,0.00,11.2884,7.78843,1.10386
1068,"Internal",171,626,0.00,76625.00,54.9521,29.8722,15.1757,15,41,27,35,24,15,14,0.00,0.00,0.00,,10,,0.00,0.00,0.00,0.00,0.00,0.00,0.00,0.00,0.00,0.00,0.00,0.00,0.00,0.00,0.00,0.00,0.00,0.00,0.00,0.00,0.00,0.00,0.00,0.00,0.00,0.00,,,,,,,0.00,0.00,0.00,0.00,0.00,0.00,45.0082,0,0,5085.10,"Suburban",1,0.00,10,"NorthReno-NorthS",0.00,0.00,0.00,0.00,0.00,0.00,0.00,0.00,0.00,0.00,324.9,1111.50,0.00,324.9,1436.40,0.350057,48.7389,11668.10,0.00,-0.0594603,-0.294607,-0.145129,-0.621652,0.110448,18.8865,0.00,0.00,0.00,0.00,324.9,85.5,0.709057,324.9,0.00,11.6185,8.0025,1.62171,1.03147,10.9862,0.827698,13.0636,9.56365,4.29379
1069,"Internal",398,1242.00,0.00,89545.00,61.1111,27.6973,11.1916,72,110,69,55,49,23,20,0.00,0.00,0.00,,30,,0.00,0.00,0.00,10,0.00,0.00,0.00,0.00,0.00,0.00,0.00,0.00,0.00,0.00,0.00,3,0.00,13,0.00,0.00,0.00,0.00,3,0.00,0.00,0.00,,,,,,,5,18,0.00,6,0.00,0.00,60,0,29,3454.55,"Suburban",1,77.8091,10,"NorthReno-NorthS",2,3,7.2,10.8,0.00,0.00,2.4,3.6,0.00,0.00,858.8,2587.00,43.5,862.1,3492.60,0.390267,0.00,9370.90,13.4154,-0.362952,-0.282888,-0.15017,-0.269336,0.109869,43.728,0.00,0.00,0.00,3.18621,858.8,217.7,1.64168,858.8,29,11.5607,7.82685,1.26638,0.0191397,10.9414,0.00,13.371,9.87098,9.76837
1070,"Internal",542,1562.00,0.00,97973.00,63.4443,20.3585,16.1972,88,188,91,100,38,24,13,744,0.00,0.00,,37,,0.00,0.00,0.00,46,0.00,0.00,0.00,0.00,92,40,0.00,84,0.00,13,0.00,39,0.00,13,57,37,57,300,44,0.00,0.00,0.00,,,,,,,107,36,47.3,199.7,432,744,35.4478,0,822,4566.53,"Suburban",1,1315.87,10,"NorthReno-NorthS",69.0709,37.9291,23.2388,12.7612,278.866,153.134,128.911,70.7892,30.5332,16.7668,12036.40,3523.00,2349.00,9781.00,15653.00,0.536369,9.60485,25057.47,171.287,-0.303143,-0.144985,-0.115751,1.01078,0.128627,69.7156,95.6982,0.00,55.5667,105.731,12036.40,2410.10,3.51213,12036.40,822,11.9404,8.57318,1.23096,1.46491,11.1605,0.167259,11.4893,7.98931,19.2203
1071,"Internal",181,502,0.00,76625.00,56.1753,32.6693,11.1554,50,47,26,25,22,7,4,0.00,0.00,0.00,,10,,7,0.00,0.00,0.00,0.00,0.00,0.00,0.00,0.00,0.00,0.00,0.00,0.00,0.00,0.00,0.00,0.00,6,0.00,0.00,0.00,0.00,0.00,0.00,0.00,0.00,,,,,,,7,6,0.00,0.00,0.00,0.00,11.1111,0,13,4150.78,"Suburban",1,103.29,10,"NorthReno-NorthS",6.22222,0.777778,5.33333,0.666667,0.00,0.00,0.00,0.00,0.00,0.00,382.9,1176.50,19.5,379,1575.00,0.383956,0.00,12514.04,55.6179,-0.362952,-0.246024,-0.143273,-0.32463,0.109347,19.7918,0.00,0.00,0.00,1.42151,382.9,97,0.743044,382.9,13,11.6126,8.08402,1.6299,0.667669,10.9697,0.00057323,13.0943,9.59426,3.61429
1072,"Internal",216,598,0.00,76625.00,61.5385,26.5886,11.8729,33,91,38,26,11,9,8,425,0.00,0.00,,21,,0.00,0.00,0.00,0.00,0.00,0.00,0.00,0.00,0.00,0.00,0.00,0.00,0.00,0.00,0.00,0.00,0.00,20,51,7,0.00,0.00,0.00,0.00,0.00,0.00,,,,,,,0.00,20,21.8,36.2,0.00,425,0.00,0,78,5969.67,"Suburban",1,646.293,10,"NorthReno-NorthS",0.00,0.00,20,0.00,0.00,0.00,36.2,0.00,21.8,0.00,1432.70,1404.00,754.5,730.2,2888.70,0.631656,24.8574,23935.20,0.00,-0.208168,-0.294607,-0.118213,1.84567,0.142677,30.8182,60.6377,0.00,0.00,11.1288,1432.70,187.6,1.46826,1432.70,78,11.5385,7.79313,0.95865,0.00,10.9226,0.00,13.491,9.99099,5.10614
1073,"Internal",202,613,0.00,90071.00,53.6705,30.1794,16.1501,22,69,44,32,22,8,5,0.00,0.00,0.00,,16,,0.00,0.00,0.00,0.00,0.00,0.00,0.00,0.00,0.00,0.00,1,0.00,0.00,0.00,0.00,0.00,0.00,0.00,0.00,0.00,0.00,0.00,0.00,0.00,0.00,0.00,,,,,,,1,0.00,0.00,0.00,0.00,0.00,0.00,0,1,4127.22,"Suburban",1,6.71561,10,"NorthReno-NorthS",1,0.00,0.00,0.00,0.00,0.00,0.00,0.00,0.00,0.00,386.8,1313.00,1.5,385.3,1699.80,0.351949,0.00,11415.20,6.71561,-0.362952,-0.288741,-0.145684,-0.605074,0.105901,21.3921,0.00,0.00,0.00,0.105901,386.8,101.5,0.803123,386.8,1,11.5969,7.98032,1.81332,1.18896,10.9626,0.797728,13.1774,9.67739,4.11314
1074,"Internal",213,618,0.00,56944.00,54.0453,25.89,20.0647,52,54,32,39,19,8,9,402,0.00,0.00,,12,,0.00,0.00,0.00,0.00,0.00,0.00,0.00,0.00,0.00,0.00,0.00,0.00,0.00,0.00,0.00,3,0.00,0.00,62,0.00,0.00,0.00,0.00,0.00,0.00,0.00,,,,,,,0.00,0.00,24.8,40.2,0.00,402,75,0,65,3628.01,"Suburban",1,327.502,10,"NorthReno-NorthS",0.00,0.00,0.00,0.00,0.00,0.00,10.05,30.15,6.2,18.6,1371.70,1384.50,700.5,671.2,2756.20,0.623774,0.00,13887.11,0.00,-0.362952,-0.294607,-0.14026,1.77661,0.137986,29.3911,55.4706,0.00,0.00,8.96912,1371.70,184.5,1.38816,1371.70,65,11.6671,7.89323,1.26616,0.970962,11.0176,0.70106,12.8112,9.3112,4.91228
1075,"Internal",474,1397.00,0.00,79659.00,62.6342,26.9864,10.3794,75,151,94,82,42,10,20,0.00,0.00,0.00,,40,,0.00,0.00,0.00,0.00,0.00,0.00,0.00,0.00,0.00,6,0.00,0.00,0.00,0.00,0.00,0.00,0.00,0.00,0.00,0.00,1,3,0.00,0.00,0.00,0.00,,,,,,,0.00,0.00,0.3,0.7,9,0.00,18.75,0,10,4968.88,"Suburban",1,35.1729,10,"NorthReno-NorthS",0.00,0.00,0.00,0.00,7.3125,1.6875,0.56875,0.13125,0.24375,0.05625,1074.50,3081.00,15,1059.50,4155.50,0.385267,10.5519,14616.10,0.00,-0.297246,-0.294607,-0.138661,-0.313149,0.110634,52.4407,0.00,0.00,0.995709,1.10634,1074.50,275.1,1.97601,1074.50,10,11.5257,7.84962,1.66354,1.34695,10.9221,0.417676,13.5608,10.0608,10.9976
1077,"Internal",217,551,8,87229.00,55.5354,15.245,29.2196,61,78,30,17,15,11,5,0.00,0.00,0.00,,17,,0.00,0.00,0.00,13,0.00,0.00,0.00,0.00,0.00,0.00,0.00,0.00,0.00,0.00,1,1,0.00,0.00,0.00,1,0.00,0.00,8,0.00,0.00,0.00,,,,,,,6.5,6.5,0.2,10.8,0.00,0.00,62.963,0,24,854.209,"Suburban",1,34.8252,10,"NorthReno-NorthS",2.40741,4.09259,2.40741,4.09259,0.00,0.00,4,6.8,0.0740741,0.125926,512.9,1410.50,36,493.8,1940.30,0.406432,0.00,2815.47,9.43183,-0.362952,-0.286368,-0.164553,-0.127705,0.111293,24.1506,0.00,0.00,0.00,2.67103,512.9,128.2,0.906685,512.9,24,11.6462,7.76687,1.12442,0.00,11.0289,0.00,12.919,9.41904,4.0313
1078,"Internal",242,554,0.00,97992.00,50,14.2599,35.7401,64,116,24,16,14,4,4,0.00,0.00,0.00,,12,,0.00,0.00,0.00,5,0.00,0.00,0.00,0.00,0.00,0.00,0.00,0.00,0.00,0.00,0.00,0.00,0.00,0.00,0.00,0.00,0.00,1,0.00,0.00,0.00,0.00,,,,,,,2.5,2.5,0.00,0.00,1,0.00,53.3333,0,6,247.2,"Rural",,2.63249,10,"NorthReno-NorthS",1.16667,1.33333,1.16667,1.33333,0.466667,0.533333,0.00,0.00,0.00,0.00,493.5,1573.00,9,491,2073.00,0.368098,0.00,909.524,1.09687,-0.362952,-0.293649,-0.168735,-0.463578,0.107084,25.9144,0.00,0.00,0.107084,0.642506,493.5,127.6,0.973683,493.5,6,11.6587,7.80148,0.00,0.00,11.0306,0.00,12.8544,9.35439,3.50769
1079,"Internal",308,936,0.00,94118.00,54.9145,29.8077,15.2778,36,108,61,46,33,16,8,0.00,0.00,0.00,,23,,0.00,0.00,0.00,8,0.00,0.00,0.00,0.00,0.00,0.00,0.00,0.00,0.00,0.00,0.00,1,0.00,0.00,0.00,36,0.00,0.00,0.00,0.00,0.00,0.00,,,,,,,4,4,7.2,29.8,0.00,0.00,27.027,0,45,2080.42,"Suburban",1,92.9998,10,"NorthReno-NorthS",2.91892,1.08108,2.91892,1.08108,0.00,0.00,21.7459,8.05405,5.25405,1.94595,816.4,2002.00,67.5,759.3,2828.80,0.426514,6.19999,5846.18,8.26665,-0.324345,-0.287386,-0.157903,0.0482535,0.114291,35.2015,0.00,0.00,0.00,5.14308,816.4,202.4,1.32157,816.4,45,11.5123,7.76315,1.41269,1.35939,10.9087,0.205109,13.6343,10.1343,6.77244
1080,"Internal",287,911,0.00,94118.00,62.0198,28.5401,9.44018,52,70,40,60,38,20,7,1028.00,0.00,0.00,,19,,0.00,0.00,0.00,0.00,0.00,0.00,0.00,3,0.00,0.00,0.00,0.00,0.00,0.00,0.00,0.00,0.00,0.00,90,0.00,0.00,0.00,0.00,0.00,0.00,0.00,,,,,,,3,0.00,36,54,0.00,1028.00,100,0,93,3588.35,"Suburban",1,315.714,10,"NorthReno-NorthS",0.00,3,0.00,0.00,0.00,0.00,0.00,54,0.00,36,2600.30,1865.50,1681.50,918.8,4465.80,0.641398,0.00,15160.37,10.1843,-0.362952,-0.285711,-0.137467,1.93103,0.140395,40.2932,144.326,0.00,0.00,13.0567,2600.30,253,2.25355,2600.30,93,11.5317,7.82641,1.32439,1.37825,10.9216,0.285736,13.5282,10.0282,8.15712
1101,"Internal",306,773,0.00,90750.00,65.4592,26.0026,8.53816,87,101,54,28,17,8,11,0.00,0.00,0.00,,14,,0.00,0.00,0.00,51,3,129,0.00,286,17,7,38,44,0.00,0.00,33,6,0.00,92,0.00,55,5,22,7,0.00,0.00,0.00,,,,,,,525.5,117.5,12.5,93.5,46,0.00,57.5672,0,795,13734.12,"Urban",1,5401.92,8,"EastReno-Meadowo",222.984,302.516,49.8586,67.6414,19.5191,26.4809,39.6747,53.8253,5.3041,7.1959,3964.20,1989.00,1192.50,3077.20,6258.70,0.620964,27.1795,42527.05,3570.70,-0.193708,2.82446,-0.0774198,1.75199,0.142686,43.6618,0.00,0.00,6.56354,113.435,3964.20,790.3,1.68687,3964.20,795,12.5449,9.35214,1.2125,2.79236,11.5646,0.806566,9.08589,5.58589,18.004
1102,"Internal",342,845,0.00,63900.00,64.0237,21.5385,14.4379,89,122,64,32,21,11,3,256,0.00,0.00,,20,,0.00,0.00,0.00,16,0.00,0.00,0.00,0.00,0.00,0.00,0.00,0.00,0.00,0.00,0.00,5,0.00,1,44,0.00,0.00,0.00,6,0.00,0.00,0.00,,,,,,,8,9,17.6,37.4,0.00,256,64.2857,0,72,7293.95,"Urban",1,548.161,8,"EastReno-Meadowo",2.85714,5.14286,3.21429,5.78571,0.00,0.00,13.3571,24.0429,6.28571,11.3143,1392.80,2223.00,492,924.2,3639.20,0.544092,22.84,27706.47,60.9067,-0.22073,-0.241404,-0.109939,1.07845,0.131251,44.8877,33.6001,0.00,0.00,9.45004,1392.80,245.5,1.85769,1392.80,72,12.4998,9.49111,1.7228,2.09549,11.5303,0.548005,9.24309,5.74309,7.91295
1103,"Internal",316,878,0.00,88167.00,60.82,23.918,15.262,59,114,56,42,26,8,11,0.00,0.00,0.00,,19,,0.00,0.00,0.00,153,3,3,0.00,34,6,3,0.00,0.00,2,1,0.00,5,0.00,140,0.00,0.00,6,28,21,0.00,0.00,0.00,,,,,,,116.5,216.5,1.8,33.2,37,0.00,46.3855,0,405,10728.64,"Urban",1,2870.14,8,"EastReno-Meadowo",62.4608,54.0392,116.075,100.425,19.8373,17.1627,17.8,15.4,0.96506,0.83494,2487.30,2054.00,607.5,2442.70,5104.20,0.594871,63.7808,36172.23,825.607,0.0342036,0.426575,-0.0913633,1.52337,0.143276,45.2751,0.00,0.00,5.3012,58.0267,2487.30,518.2,1.73827,2487.30,405,12.4278,9.38591,2.17651,1.97805,11.4882,0.956401,9.50096,6.00096,12.1156
1104,"Internal",4,12,14,90750.00,75,25,0.00,0.00,2,0.00,2,0.00,0.00,0.00,0.00,0.00,0.00,,0.00,,0.00,0.00,0.00,0.00,0.00,0.00,0.00,0.00,0.00,0.00,0.00,8,0.00,0.00,2,1,0.00,0.00,0.00,0.00,0.00,0.00,0.00,0.00,0.00,0.00,,,,,,,8,0.00,0.00,3,0.00,0.00,45.0082,0,11,25.7547,"Rural",,9.67846,8,"EastReno-Meadowo",4.39934,3.60066,0.00,0.00,0.00,0.00,1.64975,1.35025,0.00,0.00,48.4,26,16.5,31.9,74.4,0.644854,2.63958,65.4616,7.03888,-0.346515,-0.288458,-0.170587,1.96131,0.140242,0.560967,0.00,0.00,0.00,1.54266,48.4,9.6,0.0210604,48.4,11,12.3361,8.86785,0.00,1.66515,11.4695,0.151505,9.842,6.342,0.253315
1105,"Internal",534,1336.00,0.00,112679.00,53.2934,20.3593,26.3473,95,251,78,62,38,3,7,0.00,0.00,0.00,,27,,0.00,0.00,0.00,2,0.00,0.00,0.00,0.00,0.00,0.00,0.00,0.00,0.00,0.00,2,1,0.00,305,1,0.00,3,17,0.00,0.00,0.00,0.00,,,,,,,1,306,1.3,5.7,17,0.00,8.68762,0,331,11043.56,"Urban",1,1969.82,8,"EastReno-Meadowo",0.913124,0.0868762,279.416,26.5841,15.5231,1.47689,5.20481,0.495194,1.18706,0.112939,2292.70,3471.00,496.5,2591.80,6559.30,0.558116,35.7067,39035.18,5.95112,-0.14061,-0.289408,-0.0850816,1.20133,0.135204,72.1991,0.00,0.00,2.29847,44.7526,2292.70,498.6,2.72726,2292.70,331,12.413,9.21533,2.05221,2.28164,11.4727,0.649709,9.55497,6.05497,11.5175
1106,"Internal",71,200,0.00,90750.00,51,25.5,23.5,5,31,20,7,4,3,1,0.00,0.00,0.00,,4,,1,0.00,0.00,2,0.00,0.00,0.00,1,0.00,0.00,0.00,0.00,0.00,0.00,0.00,0.00,0.00,20,0.00,0.00,0.00,0.00,1,0.00,0.00,0.00,,,,,,,3,21,0.00,1,0.00,0.00,17.6471,0,25,1013.57,"Suburban",1,105.91,8,"EastReno-Meadowo",2.47059,0.529412,17.2941,3.70588,0.00,0.00,0.823529,0.176471,0.00,0.00,212.5,461.5,37.5,229.6,728.6,0.496843,16.9455,3086.63,12.7092,-0.257434,-0.283505,-0.163958,0.664466,0.123398,8.76126,0.00,0.00,0.00,3.08495,212.5,48.7,0.328924,212.5,25,12.4228,9.11848,1.26076,2.06472,11.5072,0.405697,9.51907,6.01907,1.49669
1107,"Internal",399,1091.00,0.00,78417.00,56.7369,23.923,19.3401,58,168,68,64,21,8,12,0.00,0.00,0.00,,19,,0.00,0.00,0.00,7,0.00,0.00,0.00,0.00,0.00,0.00,0.00,0.00,0.00,0.00,0.00,0.00,0.00,0.00,0.00,0.00,0.00,0.00,0.00,0.00,0.00,0.00,,,,,,,3.5,3.5,0.00,0.00,0.00,0.00,33.3333,0,7,6866.41,"Urban",1,43.6164,8,"EastReno-Meadowo",2.33333,1.16667,2.33333,1.16667,0.00,0.00,0.00,0.00,0.00,0.00,779.1,2593.50,10.5,777.7,3381.70,0.358933,68.54,21071.07,21.8082,0.0638385,-0.275557,-0.124498,-0.543876,0.113889,45.4416,0.00,0.00,0.00,0.797221,779.1,203,1.70601,779.1,7,12.4472,9.45218,2.3346,2.01656,11.488,0.602374,9.43053,5.93053,7.80693
1108,"Internal",357,897,0.00,117875.00,57.0792,23.2999,19.621,83,134,62,42,26,8,2,0.00,0.00,0.00,,12,,0.00,0.00,0.00,0.00,0.00,0.00,0.00,0.00,0.00,0.00,0.00,0.00,1,0.00,5,0.00,0.00,0.00,0.00,0.00,0.00,0.00,0.00,0.00,0.00,0.00,,,,,,,0.00,0.00,0.00,6,0.00,0.00,46.1538,0,6,5593.76,"Suburban",1,37.0276,8,"EastReno-Meadowo",0.00,0.00,0.00,0.00,0.00,0.00,3.23077,2.76923,0.00,0.00,711.9,2320.50,9,702.9,3032.40,0.360676,0.00,18713.75,0.00,-0.362952,-0.294607,-0.12967,-0.528606,0.107174,38.2611,0.00,0.00,0.00,0.643044,711.9,185.7,1.43644,711.9,6,12.264,8.92642,1.82858,1.28793,11.4128,0.371939,10.1206,6.62057,6.46757
1109,"Internal",0.00,0.00,0.00,89930.00,,,,0.00,0.00,0.00,0.00,0.00,0.00,0.00,0.00,0.00,0.00,,0.00,,0.00,0.00,0.00,0.00,0.00,0.00,0.00,0.00,57,17,0.00,0.00,0.00,0.00,24,1,2,0.00,0.00,31,16,81,9,0.00,0.00,0.00,,,,,,,0.00,2,11,70,155,0.00,45.0082,0,238,20294.06,"Downtown",1,12925.14,8,"EastReno-Meadowo",0.00,0.00,1.09984,0.900164,85.2373,69.7627,38.4943,31.5057,6.0491,4.9509,3358.10,0.00,357,3006.30,3363.30,0.189758,0.00,182651.71,0.00,-0.362952,-0.294607,0.230035,-2.02616,0.0975729,0.00,0.00,0.00,15.1238,23.2224,3358.10,733.7,0.109844,3358.10,238,12.4346,9.21907,2.3795,1.76931,11.4947,1,9.47636,5.97636,
1110,"Internal",387,833,0.00,58113.00,72.0288,19.928,8.04322,142,132,59,33,12,5,4,0.00,0.00,0.00,,13,,0.00,0.00,0.00,0.00,0.00,0.00,0.00,0.00,0.00,7,0.00,0.00,0.00,0.00,0.00,0.00,0.00,2,0.00,0.00,0.00,0.00,0.00,0.00,0.00,0.00,,,,,,,0.00,2,0.00,0.00,7,0.00,16.9643,0,9,30218.41,"Downtown",1,321.043,8,"EastReno-Meadowo",0.00,0.00,1.66071,0.339286,5.8125,1.1875,0.00,0.00,0.00,0.00,872.2,2515.50,13.5,863.9,3392.90,0.385477,0.00,121029.71,0.00,-0.362952,-0.294607,0.0948272,-0.311305,0.115054,44.5259,0.00,0.00,0.805379,1.03549,872.2,223.2,1.67749,872.2,9,12.4229,9.19788,2.36031,1.35965,11.4829,0.186811,9.51867,6.01867,7.5705
1111,"Internal",498,1171.00,0.00,103514.00,57.7284,19.3851,22.8864,137,199,71,58,13,14,6,0.00,0.00,0.00,,19,,0.00,0.00,0.00,11,0.00,0.00,0.00,0.00,0.00,0.00,0.00,0.00,0.00,0.00,6,0.00,0.00,0.00,0.00,0.00,0.00,0.00,3,0.00,0.00,0.00,,,,,,,5.5,5.5,0.00,9,0.00,0.00,100,0,20,6701.74,"Suburban",1,111.472,8,"EastReno-Meadowo",0.00,5.5,0.00,5.5,0.00,0.00,0.00,9,0.00,0.00,1029.60,3237.00,30,1013.90,4280.90,0.372094,0.00,23860.12,30.6549,-0.362952,-0.267829,-0.118378,-0.428561,0.108641,54.1031,0.00,0.00,0.00,2.17282,1029.60,265.3,2.03119,1029.60,20,12.3151,9.04993,2.18925,1.75859,11.4273,0.00327903,9.92232,6.42232,8.86123
1112,"Internal",593,1197.00,0.00,60263.00,71.0944,10.5263,18.3793,250,203,64,49,14,8,5,0.00,0.00,0.00,,29,,0.00,0.00,0.00,1,0.00,0.00,0.00,0.00,0.00,0.00,0.00,0.00,0.00,0.00,0.00,2,0.00,0.00,0.00,2,0.00,0.00,1,0.00,0.00,0.00,,,,,,,0.5,0.5,0.4,4.6,0.00,0.00,55.5556,0,6,8366.35,"Suburban",1,41.6091,8,"EastReno-Meadowo",0.222222,0.277778,0.222222,0.277778,0.00,0.00,2.04444,2.55556,0.177778,0.222222,1157.70,3854.50,9,1150.00,5013.50,0.356291,20.8046,34767.88,3.46743,-0.233404,-0.291578,-0.0944447,-0.567031,0.109526,64.9489,0.00,0.00,0.00,0.657155,1157.70,303,2.43838,1157.70,6,12.3504,9.08573,1.81496,0.731388,11.4412,0.00350408,9.78793,6.28793,10.711
1113,"Internal",0.00,0.00,0.00,89930.00,,,,0.00,0.00,0.00,0.00,0.00,0.00,0.00,0.00,0.00,0.00,,0.00,,0.00,0.00,0.00,0.00,0.00,0.00,0.00,0.00,0.00,0.00,0.00,0.00,0.00,0.00,0.00,0.00,0.00,0.00,0.00,0.00,3,20,0.00,0.00,0.00,0.00,,,,,,,0.00,0.00,0.9,2.1,20,0.00,45.0082,0,23,102.688,"Suburban",1,65.4012,8,"EastReno-Meadowo",0.00,0.00,0.00,0.00,10.9984,9.00164,1.15483,0.945172,0.494926,0.405074,390.8,0.00,34.5,356.3,390.8,0.160974,0.00,1111.25,0.00,-0.362952,-0.294607,-0.168293,-2.27836,0.0871209,0.00,0.00,0.00,1.74242,2.00378,390.8,85.6,0.0126552,390.8,23,12.2875,8.81768,0.0949603,0.915408,11.4417,0.00114767,10.0286,6.52864,
1114,"Internal",0.00,0.00,0.00,89930.00,,,,0.00,0.00,0.00,0.00,0.00,0.00,0.00,0.00,0.00,0.00,,0.00,,0.00,0.00,0.00,0.00,0.00,0.00,0.00,0.00,0.00,0.00,0.00,0.00,0.00,0.00,0.00,0.00,0.00,0.00,0.00,0.00,0.00,0.00,0.00,0.00,0.00,0.00,,,,,,,0.00,0.00,0.00,0.00,0.00,0.00,45.0082,0,0,0.00,"Urban",1,0.00,8,"EastReno-Meadowo",0.00,0.00,0.00,0.00,0.00,0.00,0.00,0.00,0.00,0.00,0.00,0.00,0.00,0.00,0.00,,0.00,0.00,0.00,-0.362952,-0.294607,-0.170731,,0.00,0.00,0.00,0.00,0.00,0.00,0.00,0.00,0.00,0.00,0.00,12.0017,8.3548,1.27795,0.360886,11.2669,0.0357816,11.2146,7.71463,
1115,"Internal",776,1797.00,0.00,51925.00,66.778,20.9794,12.2426,284,219,130,76,34,20,13,0.00,0.00,0.00,,32,,1,0.00,0.00,0.00,0.00,0.00,0.00,0.00,0.00,0.00,0.00,0.00,0.00,0.00,39,0.00,0.00,0.00,0.00,0.00,0.00,0.00,0.00,0.00,0.00,0.00,,,,,,,1,0.00,0.00,39,0.00,0.00,56.5217,0,40,14264.66,"Urban",1,306.799,8,"EastReno-Meadowo",0.434783,0.565217,0.00,0.00,0.00,0.00,16.9565,22.0435,0.00,0.00,1695.80,5044.00,60,1635.80,6739.80,0.380926,30.6799,51694.12,7.66998,-0.171912,-0.287907,-0.0573059,-0.351181,0.114074,88.5213,0.00,0.00,0.00,4.56295,1695.80,435.3,3.32335,1695.80,40,12.2907,8.95539,2.06878,1.14559,11.4262,0.0656749,10.0165,6.51648,15.5486
1116,"Internal",2,7,0.00,90750.00,28.5714,28.5714,42.8571,0.00,0.00,1,1,0.00,0.00,0.00,0.00,0.00,0.00,,0.00,,0.00,0.00,0.00,0.00,0.00,0.00,0.00,0.00,0.00,0.00,0.00,0.00,0.00,0.00,0.00,0.00,0.00,0.00,0.00,0.00,0.00,0.00,0.00,0.00,0.00,0.00,,,,,,,0.00,0.00,0.00,0.00,0.00,0.00,0.00,0,0,8.81726,"Rural",,0.00,8,"EastReno-Meadowo",0.00,0.00,0.00,0.00,0.00,0.00,0.00,0.00,0.00,0.00,3.8,13,0.00,3.8,16.8,0.350057,3.77883,21.1614,0.00,-0.339421,-0.294607,-0.170684,-0.621652,0.105512,0.211023,0.00,0.00,0.00,0.00,3.8,1,0.00792245,3.8,0.00,12.0132,8.32756,0.00,1.14293,11.3041,0.00,11.1637,7.66366,0.0249639
1117,"Internal",5,10,0.00,103514.00,70,10,20,1,3,1,0.00,0.00,0.00,0.00,452,0.00,0.00,,0.00,,0.00,0.00,0.00,0.00,0.00,0.00,0.00,0.00,0.00,0.00,0.00,0.00,0.00,0.00,0.00,0.00,0.00,0.00,53,0.00,0.00,0.00,0.00,0.00,0.00,0.00,,,,,,,0.00,0.00,21.2,31.8,0.00,452,60,0,53,252.137,"Rural",,143.357,8,"EastReno-Meadowo",0.00,0.00,0.00,0.00,0.00,0.00,12.72,19.08,8.48,12.72,984.3,32.5,757.5,226.8,1016.80,0.394224,0.00,2750.29,0.00,-0.362952,-0.294607,-0.164696,-0.234664,0.109964,0.549822,49.7039,0.00,0.00,5.82812,984.3,66.1,0.275772,984.3,53,12.0069,8.37141,0.896673,0.280458,11.2751,0.00,11.1913,7.69135,0.867567
1118,"Internal",86,220,0.00,111250.00,46.8182,18.1818,35,13,36,24,8,1,2,2,0.00,0.00,0.00,,5,,0.00,0.00,0.00,62,0.00,0.00,0.00,0.00,0.00,0.00,0.00,0.00,0.00,0.00,0.00,0.00,0.00,0.00,0.00,0.00,5,24,0.00,0.00,0.00,0.00,,,,,,,31,31,1.5,3.5,24,0.00,90.9091,0,91,1262.64,"Suburban",1,316.632,8,"EastReno-Meadowo",2.81818,28.1818,2.81818,28.1818,2.18182,21.8182,0.318182,3.18182,0.136364,1.36364,826.2,559,136.5,770.3,1465.80,0.569725,0.00,5100.22,107.864,-0.362952,-0.200386,-0.15954,1.30304,0.130533,11.2258,0.00,0.00,3.13279,11.8785,826.2,178.4,0.444204,826.2,91,12.0517,8.50085,1.08143,0.663029,11.3073,0.00,10.9957,7.49572,2.92468
1119,"Internal",433,966,0.00,111250.00,41.2008,8.90269,49.8965,102,217,62,29,13,7,3,0.00,0.00,0.00,,17,,0.00,0.00,0.00,0.00,0.00,0.00,0.00,1,0.00,0.00,0.00,0.00,0.00,0.00,0.00,0.00,0.00,8,0.00,0.00,9,46,1,10,0.00,0.00,,,,,,,1,18,2.7,7.3,46,0.00,64.3678,0,75,1476.56,"Suburban",1,102.183,8,"EastReno-Meadowo",0.356322,0.643678,6.41379,11.5862,16.3908,29.6092,2.60115,4.69885,0.962069,1.73793,1795.90,2814.50,112.5,1730.20,4657.20,0.496178,9.53712,6345.18,1.36245,-0.303565,-0.293417,-0.156809,0.658633,0.122694,53.1265,0.00,0.00,5.64392,9.20205,1795.90,426.6,2.03552,1795.90,75,11.8955,8.29216,0.864598,0.00,11.2238,0.00,11.6955,8.19547,6.03165
1120,"Internal",0.00,0.00,0.00,89930.00,,,,0.00,0.00,0.00,0.00,0.00,0.00,0.00,0.00,0.00,0.00,,0.00,,0.00,0.00,0.00,0.00,0.00,0.00,0.00,0.00,0.00,0.00,0.00,0.00,0.00,0.00,0.00,0.00,0.00,0.00,0.00,0.00,0.00,0.00,0.00,0.00,0.00,0.00,,,,,,,0.00,0.00,0.00,0.00,0.00,0.00,45.0082,0,0,0.00,"Rural",,0.00,8,"EastReno-Meadowo",0.00,0.00,0.00,0.00,0.00,0.00,0.00,0.00,0.00,0.00,0.00,0.00,0.00,0.00,0.00,,11.8962,0.00,0.00,-0.288875,-0.294607,-0.170731,,0.00,0.00,0.00,0.00,0.00,0.00,0.00,0.00,0.00,0.00,0.00,11.8702,8.13824,0.00,0.00,11.2065,0.00,11.8136,8.31358,
1121,"Internal",0.00,0.00,0.00,89930.00,,,,0.00,0.00,0.00,0.00,0.00,0.00,0.00,0.00,0.00,0.00,,0.00,,0.00,0.00,0.00,0.00,0.00,0.00,0.00,0.00,0.00,0.00,0.00,0.00,0.00,0.00,0.00,0.00,0.00,0.00,0.00,0.00,0.00,0.00,0.00,0.00,0.00,0.00,,,,,,,0.00,0.00,0.00,0.00,0.00,0.00,33.3333,0,0,0.00,"Suburban",1,0.00,8,"EastReno-Meadowo",0.00,0.00,0.00,0.00,0.00,0.00,0.00,0.00,0.00,0.00,0.00,0.00,0.00,0.00,0.00,,0.00,0.00,0.00,-0.362952,-0.294607,-0.170731,,0.00,0.00,0.00,0.00,0.00,0.00,0.00,0.00,0.00,0.00,0.00,11.6966,7.85194,0.00,1.8379,11.1132,0.000151236,12.6605,9.16045,
1122,"Internal",0.00,0.00,0.00,89930.00,,,,0.00,0.00,0.00,0.00,0.00,0.00,0.00,0.00,0.00,0.00,,0.00,,0.00,0.00,0.00,0.00,0.00,0.00,0.00,0.00,0.00,0.00,0.00,0.00,0.00,0.00,0.00,0.00,0.00,0.00,0.00,0.00,0.00,0.00,0.00,0.00,0.00,0.00,,,,,,,0.00,0.00,0.00,0.00,0.00,0.00,45.0082,0,0,0.00,"Rural",,0.00,8,"EastReno-Meadowo",0.00,0.00,0.00,0.00,0.00,0.00,0.00,0.00,0.00,0.00,0.00,0.00,0.00,0.00,0.00,,0.00,0.00,0.00,-0.362952,-0.294607,-0.170731,,0.00,0.00,0.00,0.00,0.00,0.00,0.00,0.00,0.00,0.00,0.00,12.0941,8.50432,0.00,0.00,11.3279,0.00,10.8141,7.3141,
1123,"Internal",0.00,0.00,0.00,89930.00,,,,0.00,0.00,0.00,0.00,0.00,0.00,0.00,0.00,0.00,0.00,,0.00,,0.00,0.00,0.00,0.00,0.00,0.00,0.00,0.00,0.00,0.00,0.00,0.00,0.00,0.00,0.00,0.00,0.00,0.00,0.00,0.00,0.00,0.00,0.00,0.00,0.00,0.00,,,,,,,0.00,0.00,0.00,0.00,0.00,0.00,45.0082,0,0,0.00,"Rural",,0.00,8,"EastReno-Meadowo",0.00,0.00,0.00,0.00,0.00,0.00,0.00,0.00,0.00,0.00,0.00,0.00,0.00,0.00,0.00,,0.00,0.00,0.00,-0.362952,-0.294607,-0.170731,,0.00,0.00,0.00,0.00,0.00,0.00,0.00,0.00,0.00,0.00,0.00,11.9629,8.26764,0.00,0.180647,11.262,0.00,11.3876,7.88761,
1124,"Internal",223,546,0.00,91480.00,54.2125,14.4689,31.3187,38,126,16,25,5,8,5,247,0.00,0.00,,11,,0.00,0.00,0.00,0.00,0.00,0.00,0.00,0.00,0.00,0.00,0.00,0.00,0.00,0.00,0.00,2,0.00,0.00,39,0.00,0.00,0.00,13,0.00,0.00,0.00,,,,,,,0.00,0.00,15.6,38.4,0.00,247,70,0,54,502.433,"Rural",,43.012,8,"EastReno-Meadowo",0.00,0.00,0.00,0.00,0.00,0.00,11.52,26.88,4.68,10.92,1096.60,1449.50,451.5,645.1,2546.10,0.580254,2.38956,2028.02,0.00,-0.348072,-0.294607,-0.166281,1.39529,0.131952,29.4253,32.5922,0.00,0.00,7.12542,1096.60,176.3,1.27201,1096.60,54,12.0255,8.37157,0.00,0.00,11.3068,0.00,11.1096,7.60957,4.43689
1125,"Internal",0.00,0.00,0.00,89930.00,,,,0.00,0.00,0.00,0.00,0.00,0.00,0.00,0.00,0.00,0.00,,0.00,,0.00,0.00,0.00,0.00,0.00,0.00,0.00,0.00,0.00,0.00,0.00,0.00,0.00,0.00,0.00,0.00,0.00,0.00,0.00,0.00,0.00,0.00,0.00,0.00,0.00,0.00,,,,,,,0.00,0.00,0.00,0.00,0.00,0.00,45.0082,0,0,0.00,"Rural",,0.00,8,"EastReno-Meadowo",0.00,0.00,0.00,0.00,0.00,0.00,0.00,0.00,0.00,0.00,0.00,0.00,0.00,0.00,0.00,,0.00,0.00,0.00,-0.362952,-0.294607,-0.170731,,0.00,0.00,0.00,0.00,0.00,0.00,0.00,0.00,0.00,0.00,0.00,11.9898,8.34143,0.00,0.00,11.2676,0.00,11.2671,7.76708,
1126,"Internal",532,1242.00,0.00,117891.00,47.1014,14.5733,38.3253,84,301,75,46,12,11,3,0.00,0.00,0.00,,24,,0.00,0.00,0.00,3,0.00,0.00,0.00,0.00,0.00,0.00,0.00,0.00,0.00,0.00,0.00,14,0.00,0.00,0.00,3,0.00,1,22,0.00,0.00,0.00,,,,,,,1.5,1.5,0.6,38.4,1,0.00,63.4921,0,43,901.44,"Rural",,29.6002,8,"EastReno-Meadowo",0.547619,0.952381,0.547619,0.952381,0.365079,0.634921,14.019,24.381,0.219048,0.380952,1256.90,3458.00,64.5,1196.30,4718.80,0.398526,0.00,3248.31,1.03257,-0.362952,-0.293705,-0.163604,-0.19697,0.110455,58.762,0.00,0.00,0.110455,4.74956,1256.90,318.4,2.20691,1256.90,43,11.8948,8.24885,0.370068,0.00,11.234,0.00,11.6989,8.19886,7.84592
1127,"Internal",0.00,0.00,0.00,89930.00,,,,0.00,0.00,0.00,0.00,0.00,0.00,0.00,0.00,0.00,0.00,,0.00,,0.00,0.00,0.00,0.00,0.00,0.00,0.00,0.00,0.00,0.00,0.00,0.00,0.00,0.00,0.00,0.00,0.00,0.00,0.00,0.00,0.00,0.00,0.00,0.00,0.00,0.00,,,,,,,0.00,0.00,0.00,0.00,0.00,0.00,45.0082,0,0,0.00,"Rural",,0.00,8,"EastReno-Meadowo",0.00,0.00,0.00,0.00,0.00,0.00,0.00,0.00,0.00,0.00,0.00,0.00,0.00,0.00,0.00,,0.00,0.00,0.00,-0.362952,-0.294607,-0.170731,,0.00,0.00,0.00,0.00,0.00,0.00,0.00,0.00,0.00,0.00,0.00,11.6131,7.73164,0.00,0.790038,11.0681,0.00,13.092,9.59202,
1128,"Internal",13,32,0.00,117380.00,50,21.875,28.125,2,6,2,3,0.00,0.00,0.00,0.00,0.00,0.00,,0.00,,0.00,0.00,0.00,0.00,0.00,0.00,0.00,0.00,0.00,0.00,0.00,0.00,0.00,0.00,0.00,0.00,0.00,0.00,0.00,0.00,0.00,0.00,0.00,0.00,0.00,0.00,,,,,,,0.00,0.00,0.00,0.00,0.00,0.00,45.0082,0,0,14.3255,"Rural",,0.00,8,"EastReno-Meadowo",0.00,0.00,0.00,0.00,0.00,0.00,0.00,0.00,0.00,0.00,24.7,84.5,0.00,24.7,109.2,0.350057,0.00,48.8857,0.00,-0.362952,-0.294607,-0.170624,-0.621652,0.105154,1.36701,0.00,0.00,0.00,0.00,24.7,6.5,0.0513215,24.7,0.00,11.7001,7.86744,0.00,0.00,11.1166,0.00,12.6429,9.14288,0.199711
1129,"Internal",0.00,0.00,0.00,89930.00,,,,0.00,0.00,0.00,0.00,0.00,0.00,0.00,0.00,0.00,0.00,,0.00,,0.00,0.00,0.00,0.00,0.00,0.00,0.00,0.00,0.00,0.00,0.00,0.00,0.00,0.00,0.00,0.00,0.00,0.00,0.00,0.00,0.00,0.00,0.00,0.00,0.00,0.00,,,,,,,0.00,0.00,0.00,0.00,0.00,0.00,45.0082,0,0,0.00,"Urban",1,0.00,8,"EastReno-Meadowo",0.00,0.00,0.00,0.00,0.00,0.00,0.00,0.00,0.00,0.00,0.00,0.00,0.00,0.00,0.00,,0.00,0.00,0.00,-0.362952,-0.294607,-0.170731,,0.00,0.00,0.00,0.00,0.00,0.00,0.00,0.00,0.00,0.00,0.00,11.8968,8.4191,1.06173,1.09156,11.179,0.00,11.6895,8.18947,
1130,"Internal",1,2,0.00,117891.00,100,0.00,0.00,0.00,1,0.00,0.00,0.00,0.00,0.00,0.00,0.00,0.00,,0.00,,0.00,0.00,0.00,0.00,0.00,0.00,0.00,0.00,0.00,0.00,0.00,0.00,0.00,0.00,0.00,0.00,0.00,0.00,0.00,0.00,0.00,0.00,0.00,0.00,0.00,0.00,,,,,,,0.00,0.00,0.00,0.00,0.00,0.00,45.0082,0,0,5.85746,"Rural",,0.00,8,"EastReno-Meadowo",0.00,0.00,0.00,0.00,0.00,0.00,0.00,0.00,0.00,0.00,1.9,6.5,0.00,1.9,8.4,0.350057,0.00,24.6014,0.00,-0.362952,-0.294607,-0.170677,-0.621652,0.105153,0.105153,0.00,0.00,0.00,0.00,1.9,0.5,0.00394776,1.9,0.00,11.7135,8.01001,0.251249,0.00,11.0934,0.00,12.5752,9.07515,0.0249639
1131,"Internal",1,2,0.00,117891.00,50,50,0.00,0.00,1,0.00,0.00,0.00,0.00,0.00,0.00,0.00,0.00,,0.00,,0.00,0.00,0.00,0.00,0.00,0.00,0.00,0.00,0.00,0.00,0.00,0.00,0.00,0.00,0.00,0.00,0.00,0.00,0.00,0.00,0.00,0.00,0.00,0.00,0.00,0.00,,,,,,,0.00,0.00,0.00,0.00,0.00,0.00,45.0082,0,0,2.10775,"Rural",,0.00,8,"EastReno-Meadowo",0.00,0.00,0.00,0.00,0.00,0.00,0.00,0.00,0.00,0.00,1.9,6.5,0.00,1.9,8.4,0.350057,0.00,8.85253,0.00,-0.362952,-0.294607,-0.170711,-0.621652,0.105152,0.105152,0.00,0.00,0.00,0.00,1.9,0.5,0.00394774,1.9,0.00,11.4789,7.7872,1.01472,0.00,10.9211,0.00,13.8192,10.3192,0.012482
1201,"Internal",179,489,0.00,89145.00,60.1227,23.5174,16.3599,33,63,35,29,10,4,5,0.00,0.00,0.00,,5,,0.00,0.00,0.00,0.00,0.00,0.00,0.00,0.00,0.00,0.00,0.00,0.00,0.00,0.00,0.00,0.00,0.00,0.00,0.00,0.00,0.00,0.00,0.00,0.00,0.00,0.00,,,,,,,0.00,0.00,0.00,0.00,0.00,0.00,45.0082,0,0,13719.11,"Downtown",1,0.00,5,"Sparks-D'Andrea",0.00,0.00,0.00,0.00,0.00,0.00,0.00,0.00,0.00,0.00,340.1,1163.50,0.00,340.1,1503.60,0.350057,112.222,42184.15,0.00,0.335839,-0.294607,-0.0781722,-0.621652,0.118512,21.2136,0.00,0.00,0.00,0.00,340.1,89.5,0.796424,340.1,0.00,12.6311,9.93213,2.50293,3.04974,11.517,0.966457,8.79425,5.29425,3.66969
1202,"Internal",180,482,0.00,90071.00,58.0913,27.3859,14.5228,54,45,25,35,11,2,8,0.00,0.00,0.00,,4,,0.00,0.00,0.00,0.00,0.00,0.00,0.00,0.00,0.00,0.00,0.00,0.00,0.00,0.00,26,0.00,0.00,0.00,0.00,0.00,0.00,0.00,0.00,0.00,0.00,0.00,,,,,,,0.00,0.00,0.00,26,0.00,0.00,75,0,26,25500.83,"Downtown",1,1268.16,5,"Sparks-D'Andrea",0.00,0.00,0.00,0.00,0.00,0.00,6.5,19.5,0.00,0.00,487.6,1170.00,39,448.6,1657.60,0.427995,0.00,80849.85,0.00,-0.362952,-0.294607,0.00666633,0.0612273,0.117761,21.1969,0.00,0.00,0.00,3.06178,487.6,121.2,0.795797,487.6,26,12.5596,9.89722,2.53759,3.57798,11.4834,1,9.03508,5.53508,3.84804
1203,"Internal",98,200,0.00,90071.00,60.5,20,19.5,46,29,10,5,4,2,2,0.00,0.00,0.00,,3,,0.00,0.00,0.00,7,0.00,0.00,0.00,0.00,0.00,0.00,0.00,0.00,0.00,0.00,0.00,0.00,0.00,1,0.00,0.00,0.00,0.00,0.00,0.00,0.00,0.00,,,,,,,3.5,4.5,0.00,0.00,0.00,0.00,50,0,8,6411.62,"Downtown",1,241.309,5,"Sparks-D'Andrea",1.75,1.75,2.25,2.25,0.00,0.00,0.00,0.00,0.00,0.00,210.2,637,12,209.9,858.9,0.390043,0.00,25907.56,105.573,-0.362952,-0.202387,-0.113886,-0.271301,0.110677,10.8463,0.00,0.00,0.00,0.885414,210.2,53,0.407203,210.2,8,12.4352,9.29924,2.29195,3.18336,11.4389,1,9.4741,5.9741,1.60077
1204,"Internal",211,591,0.00,89145.00,59.5601,27.5804,12.8596,58,59,33,22,21,3,15,0.00,0.00,0.00,,9,,0.00,0.00,0.00,0.00,0.00,0.00,0.00,0.00,0.00,0.00,0.00,0.00,0.00,0.00,0.00,0.00,0.00,0.00,0.00,0.00,0.00,0.00,0.00,0.00,0.00,0.00,,,,,,,0.00,0.00,0.00,0.00,0.00,0.00,45.0082,0,0,6705.43,"Urban",1,0.00,5,"Sparks-D'Andrea",0.00,0.00,0.00,0.00,0.00,0.00,0.00,0.00,0.00,0.00,400.9,1371.50,0.00,400.9,1772.40,0.350057,34.0377,20109.49,0.00,-0.151003,-0.294607,-0.126607,-0.621652,0.109422,23.0881,0.00,0.00,0.00,0.00,400.9,105.5,0.866795,400.9,0.00,12.4336,9.30108,2.44506,2.73438,11.4334,0.097533,9.48,5.98,4.39365
1205,"Internal",318,941,0.00,67938.00,58.8735,27.7365,13.39,72,71,77,43,23,15,17,0.00,0.00,0.00,,16,,0.00,0.00,0.00,6,0.00,0.00,0.00,0.00,0.00,0.00,0.00,0.00,0.00,0.00,0.00,0.00,0.00,0.00,0.00,0.00,0.00,0.00,0.00,0.00,0.00,0.00,,,,,,,3,3,0.00,0.00,0.00,0.00,50,0,6,8032.90,"Urban",1,50.7116,5,"Sparks-D'Andrea",1.5,1.5,1.5,1.5,0.00,0.00,0.00,0.00,0.00,0.00,622.2,2067.00,9,621,2697.00,0.359591,101.423,22794.88,25.3558,0.268599,-0.272458,-0.120715,-0.538112,0.117441,37.3462,0.00,0.00,0.00,0.704644,622.2,162,1.40209,622.2,6,12.4601,9.40886,2.51429,2.33583,11.4403,0.00,9.384,5.884,6.9806
1206,"Internal",139,299,0.00,90071.00,57.5251,24.0803,18.3946,31,76,20,7,3,1,1,0.00,0.00,0.00,,0.00,,0.00,0.00,0.00,0.00,0.00,0.00,0.00,0.00,0.00,21,0.00,0.00,0.00,0.00,0.00,0.00,0.00,0.00,0.00,0.00,0.00,0.00,0.00,0.00,0.00,0.00,,,,,,,0.00,0.00,0.00,0.00,21,0.00,26.3158,0,21,8498.34,"Urban",1,537.59,5,"Sparks-D'Andrea",0.00,0.00,0.00,0.00,15.4737,5.52632,0.00,0.00,0.00,0.00,656.8,903.5,31.5,625.3,1560.30,0.503682,76.7986,39942.95,0.00,0.115264,-0.294607,-0.0830898,0.724382,0.133089,18.4994,0.00,0.00,2.79487,2.79487,656.8,155.6,0.714822,656.8,21,12.456,9.44771,2.57831,3.25442,11.4372,0.730328,9.39879,5.89879,2.33332
1207,"Internal",313,907,0.00,88929.00,57.3319,28.4454,14.2227,40,109,79,43,24,6,12,0.00,0.00,0.00,,16,,0.00,0.00,0.00,13,0.00,0.00,0.00,0.00,0.00,0.00,0.00,0.00,0.00,0.00,0.00,0.00,0.00,11,0.00,1,0.00,0.00,2,0.00,0.00,0.00,,,,,,,6.5,17.5,0.2,2.8,0.00,0.00,12.5,0,27,8338.21,"Suburban",1,237.132,5,"Sparks-D'Andrea",5.6875,0.8125,15.3125,2.1875,0.00,0.00,2.45,0.35,0.175,0.025,683.5,2034.50,40.5,688.5,2763.50,0.395718,0.00,24270.90,57.0873,-0.362952,-0.24474,-0.117477,-0.221579,0.111212,34.8092,0.00,0.00,0.00,3.00271,683.5,172.1,1.30684,683.5,27,12.335,9.2389,2.42524,1.56969,11.3692,0.00,9.84625,6.34625,6.69354
1208,"Internal",1,2,0.00,90882.00,50,50,0.00,0.00,1,0.00,0.00,0.00,0.00,0.00,0.00,0.00,0.00,,0.00,,0.00,0.00,0.00,0.00,0.00,0.00,0.00,0.00,0.00,0.00,0.00,0.00,0.00,0.00,0.00,0.00,0.00,0.00,0.00,0.00,0.00,0.00,0.00,0.00,0.00,0.00,,,,,,,0.00,0.00,0.00,0.00,0.00,0.00,45.0082,0,0,6.94188,"Suburban",1,0.00,5,"Sparks-D'Andrea",0.00,0.00,0.00,0.00,0.00,0.00,0.00,0.00,0.00,0.00,1.9,6.5,0.00,1.9,8.4,0.350057,0.00,29.1559,0.00,-0.362952,-0.294607,-0.170667,-0.621652,0.105153,0.105153,0.00,0.00,0.00,0.00,1.9,0.5,0.00394777,1.9,0.00,12.1177,8.66047,0.775775,0.295696,11.2495,0.00,10.7146,7.21456,0.012482
1209,"Internal",46,154,0.00,94500.00,68.8312,17.5325,13.6364,2,15,11,6,8,3,1,0.00,0.00,0.00,,2,,0.00,0.00,0.00,0.00,0.00,0.00,0.00,0.00,0.00,0.00,0.00,0.00,0.00,0.00,0.00,0.00,0.00,0.00,0.00,0.00,0.00,0.00,0.00,0.00,0.00,0.00,,,,,,,0.00,0.00,0.00,0.00,0.00,0.00,45.0082,0,0,9089.42,"Urban",1,0.00,5,"Sparks-D'Andrea",0.00,0.00,0.00,0.00,0.00,0.00,0.00,0.00,0.00,0.00,87.4,299,0.00,87.4,386.4,0.350057,0.00,22806.19,0.00,-0.362952,-0.294607,-0.12069,-0.621652,0.106257,4.88783,0.00,0.00,0.00,0.00,87.4,23,0.183504,87.4,0.00,12.5198,9.56786,2.6235,2.84608,11.4665,0.00,9.17283,5.67283,1.32309
1210,"Internal",96,242,0.00,69968.00,57.438,27.6859,14.876,25,38,12,10,3,6,2,481,0.00,0.00,,4,,0.00,0.00,0.00,2,0.00,0.00,0.00,0.00,0.00,0.00,0.00,0.00,0.00,0.00,0.00,0.00,0.00,0.00,53,0.00,0.00,0.00,0.00,0.00,0.00,0.00,,,,,,,1,1,21.2,31.8,0.00,481,0.00,0,55,7400.78,"Urban",1,1239.64,5,"Sparks-D'Andrea",1,0.00,1,0.00,0.00,0.00,31.8,0.00,21.2,0.00,1206.70,624,804,405.3,1833.30,0.642944,0.00,41320.43,22.5388,-0.362952,-0.274919,-0.0800674,1.94457,0.142229,13.654,68.412,0.00,0.00,7.82258,1206.70,112.6,0.863769,1206.70,55,12.436,9.40167,2.43868,2.40521,11.4255,0.00,9.47096,5.97096,2.09657
1211,"Internal",255,540,0.00,90071.00,64.2593,16.8519,18.8889,86,111,26,16,9,4,3,0.00,0.00,0.00,,4,,0.00,0.00,0.00,0.00,0.00,0.00,0.00,0.00,0.00,0.00,0.00,0.00,0.00,0.00,3,0.00,0.00,0.00,0.00,0.00,2,9,3,0.00,0.00,0.00,,,,,,,0.00,0.00,0.6,7.4,9,0.00,45.0082,0,17,12336.95,"Urban",1,370.092,5,"Sparks-D'Andrea",0.00,0.00,0.00,0.00,4.94926,4.05074,4.06939,3.33061,0.329951,0.270049,697.6,1657.50,25.5,672.1,2355.10,0.423118,0.00,51270.81,0.00,-0.362952,-0.294607,-0.0582347,0.0184954,0.115643,29.489,0.00,0.00,1.04079,1.96593,697.6,174,1.11466,697.6,17,12.509,9.78864,2.46377,3.05565,11.444,0.758401,9.21071,5.71071,4.51004
1212,"Internal",201,608,0.00,118750.00,55.2632,29.9342,14.8026,39,58,23,48,17,5,11,0.00,0.00,0.00,,10,,0.00,0.00,0.00,0.00,0.00,0.00,0.00,0.00,0.00,0.00,0.00,0.00,0.00,0.00,0.00,0.00,0.00,0.00,0.00,1,0.00,0.00,0.00,0.00,0.00,0.00,,,,,,,0.00,0.00,0.2,0.8,0.00,0.00,0.00,0,1,9238.65,"Urban",1,15.156,5,"Sparks-D'Andrea",0.00,0.00,0.00,0.00,0.00,0.00,0.8,0.00,0.2,0.00,387.5,1306.50,1.5,386,1694.00,0.353249,0.00,25674.28,0.00,-0.362952,-0.294607,-0.114397,-0.593683,0.106732,21.4532,0.00,0.00,0.00,0.106732,387.5,101.7,0.805416,387.5,1,12.3205,9.16299,2.55514,1.99459,11.367,0.00,9.90152,6.40152,4.20051
1213,"Internal",217,516,0.00,73333.00,66.4729,16.4729,17.0543,59,90,31,17,7,10,3,207,0.00,0.00,,5,,0.00,0.00,0.00,7,0.00,0.00,0.00,3,0.00,0.00,0.00,0.00,0.00,2,0.00,86,0.00,0.00,0.00,20,1,6,8,0.00,0.00,0.00,,,,,,,6.5,3.5,4.3,112.7,6,207,36.9792,0,133,5424.18,"Suburban",1,995.294,5,"Sparks-D'Andrea",4.09635,2.40365,2.20573,1.29427,3.78125,2.21875,71.0245,41.6755,2.7099,1.5901,1520.20,1410.50,510,1019.30,2939.80,0.619484,29.9337,21999.74,48.6422,-0.176559,-0.252117,-0.12246,1.73902,0.141542,30.7146,29.2992,0.00,0.849251,18.8251,1520.20,278.5,1.30968,1520.20,133,12.0667,8.72849,1.92134,0.739515,11.2456,0.00,10.931,7.43098,5.49267
1214,"Internal",279,1062.00,0.00,45847.00,40.8663,59.1337,0.00,56,-1,0.00,112,112,0.00,0.00,0.00,0.00,0.00,,6,,0.00,0.00,0.00,21,0.00,0.00,0.00,0.00,0.00,0.00,0.00,0.00,0.00,0.00,11,0.00,0.00,0.00,0.00,0.00,0.00,0.00,0.00,0.00,0.00,0.00,,,,,,,10.5,10.5,0.00,11,0.00,0.00,45.0082,0,32,23990.30,"Urban",1,690.217,5,"Sparks-D'Andrea",5.77414,4.72586,5.77414,4.72586,0.00,0.00,6.0491,4.9509,0.00,0.00,654.7,1813.50,48,634,2495.50,0.40698,64.7078,53826.14,226.477,0.0399761,-0.0967751,-0.0526279,-0.122898,0.120715,33.6795,0.00,0.00,0.00,3.86288,654.7,163.2,1.26443,654.7,32,12.4445,9.68581,2.62508,3.01846,11.4102,0.679475,9.44051,5.94051,5.74961
1215,"Internal",57,147,0.00,118750.00,60.5442,23.8095,15.6463,13,29,1,6,2,3,3,0.00,0.00,0.00,,4,,0.00,0.00,0.00,0.00,0.00,0.00,0.00,0.00,0.00,0.00,0.00,0.00,0.00,0.00,0.00,0.00,0.00,0.00,0.00,0.00,0.00,0.00,5,0.00,0.00,0.00,,,,,,,0.00,0.00,0.00,5,0.00,0.00,100,0,5,5950.47,"Urban",1,192.136,5,"Sparks-D'Andrea",0.00,0.00,0.00,0.00,0.00,0.00,0.00,5,0.00,0.00,136.3,370.5,7.5,128.8,506.8,0.400747,153.709,19474.88,0.00,0.594173,-0.294607,-0.128,-0.177515,0.127803,7.28478,0.00,0.00,0.00,0.639016,136.3,34.5,0.273492,136.3,5,12.2995,9.255,2.45795,1.4719,11.3459,0.00,9.9824,6.4824,1.18286
1216,"Internal",435,1157.00,0.00,72083.00,56.5255,25.6698,17.8047,127,118,69,61,32,13,15,0.00,0.00,0.00,,8,,0.00,0.00,0.00,3,0.00,0.00,0.00,0.00,0.00,0.00,0.00,0.00,0.00,0.00,0.00,0.00,0.00,0.00,60,0.00,2,13,8,0.00,0.00,0.00,,,,,,,1.5,1.5,24.6,45.4,13,0.00,53.8462,0,86,9870.15,"Suburban",1,656.976,5,"Sparks-D'Andrea",0.692308,0.807692,0.692308,0.807692,6,7,20.9538,24.4462,11.3538,13.2462,1470.60,2827.50,129,1345.50,4302.00,0.4693,22.9178,32864.08,11.4589,-0.220246,-0.284597,-0.0986219,0.423138,0.122416,53.2509,0.00,0.00,1.59141,10.5278,1470.60,356.3,2.01076,1470.60,86,12.2637,9.2662,2.26793,1.07022,11.3279,0.00,10.1218,6.62176,9.06539
1217,"Internal",326,881,0.00,94500.00,59.9319,24.6311,15.437,73,107,61,45,14,21,5,0.00,0.00,0.00,,7,,0.00,0.00,0.00,0.00,0.00,0.00,0.00,0.00,0.00,8,0.00,0.00,0.00,3,0.00,1,0.00,25,0.00,3,1,7,0.00,0.00,0.00,0.00,,,,,,,0.00,25,0.9,7.1,15,0.00,80,0,48,7939.31,"Urban",1,398.474,5,"Sparks-D'Andrea",0.00,0.00,5,20,3,12,1.42,5.68,0.18,0.72,1019.70,2119.00,72,1012.70,3203.70,0.462094,24.9046,26595.63,0.00,-0.207874,-0.294607,-0.112376,0.359994,0.121435,39.5878,0.00,0.00,1.82152,5.82887,1019.70,246.6,1.49947,1019.70,48,12.3853,9.32673,2.52918,2.36102,11.397,0.00,9.65732,6.15732,7.22438
1218,"Internal",269,796,0.00,118750.00,64.0704,22.3618,13.5678,55,70,53,48,22,7,14,0.00,0.00,0.00,,8,,0.00,0.00,0.00,3,0.00,0.00,0.00,0.00,0.00,0.00,0.00,0.00,0.00,0.00,0.00,0.00,0.00,0.00,0.00,0.00,0.00,0.00,3,0.00,0.00,0.00,,,,,,,1.5,1.5,0.00,3,0.00,0.00,60,0,6,10265.27,"Urban",1,76.4713,5,"Sparks-D'Andrea",0.6,0.9,0.6,0.9,0.00,0.00,1.2,1.8,0.00,0.00,536.9,1748.50,9,531.8,2289.30,0.362677,38.2357,29177.63,19.1178,-0.124863,-0.277907,-0.106711,-0.511079,0.111664,30.0376,0.00,0.00,0.00,0.669984,536.9,139.6,1.1277,536.9,6,12.2499,9.13037,2.58154,1.66345,11.3234,0.00,10.1762,6.67616,6.43279
1219,"Internal",418,1178.00,0.00,69968.00,62.0543,25.0424,12.9032,69,153,75,66,26,19,10,0.00,0.00,0.00,,11,,0.00,0.00,0.00,0.00,0.00,0.00,0.00,0.00,0.00,0.00,0.00,0.00,0.00,1,0.00,2,0.00,0.00,0.00,2,1,6,0.00,0.00,0.00,0.00,,,,,,,0.00,0.00,0.7,5.3,6,0.00,33.3333,0,12,10814.86,"Urban",1,108.434,5,"Sparks-D'Andrea",0.00,0.00,0.00,0.00,4,2,3.53333,1.76667,0.466667,0.233333,940,2717.00,18,922,3657.00,0.384424,0.00,33045.26,0.00,-0.362952,-0.294607,-0.0982244,-0.320532,0.110427,46.1584,0.00,0.00,0.662561,1.32512,940,240.8,1.73774,940,12,12.2991,9.26782,2.52179,2.02673,11.3457,0.00,9.984,6.484,9.22871
1220,"Internal",752,1592.00,0.00,45847.00,72.2362,16.5201,11.2437,266,310,77,50,29,10,10,0.00,0.00,0.00,,11,,0.00,0.00,0.00,0.00,0.00,0.00,0.00,0.00,26,3,0.00,0.00,0.00,14,11,0.00,0.00,0.00,54,62,24,127,16,0.00,0.00,0.00,,,,,,,0.00,0.00,41.2,139.8,156,0.00,32.4607,0,337,22058.49,"Urban",1,3504.60,5,"Sparks-D'Andrea",0.00,0.00,0.00,0.00,105.361,50.6387,94.4199,45.3801,27.8262,13.3738,5359.60,4888.00,505.5,4854.10,10247.60,0.545673,41.5976,106568.85,0.00,-0.103929,-0.294607,0.0630978,1.0923,0.138371,104.055,0.00,0.00,21.5859,46.6311,5359.60,1232.80,4.06332,5359.60,337,12.5075,9.78236,2.43814,3.06884,11.4445,0.888105,9.2158,5.7158,17.3926
1221,"Internal",246,672,0.00,73333.00,50.4464,22.7679,26.7857,47,93,32,42,19,11,2,0.00,0.00,0.00,,16,,0.00,0.00,0.00,0.00,0.00,0.00,0.00,1,0.00,15,0.00,0.00,0.00,0.00,0.00,0.00,0.00,0.00,0.00,0.00,0.00,0.00,0.00,0.00,0.00,0.00,,,,,,,1,0.00,0.00,0.00,15,0.00,29.4118,0,16,3578.19,"Suburban",1,82.1249,5,"Sparks-D'Andrea",0.705882,0.294118,0.00,0.00,10.5882,4.41176,0.00,0.00,0.00,0.00,750.9,1599.00,24,726.9,2349.90,0.441191,15.3984,12061.59,5.13281,-0.267068,-0.290123,-0.144266,0.176849,0.117222,28.8367,0.00,0.00,1.75834,1.87556,750.9,185,1.09539,750.9,16,11.8978,8.41754,1.29917,0.00,11.1312,0.00,11.6847,8.18473,4.36156
1222,"Internal",150,377,0.00,94500.00,64.9867,23.0769,11.9363,37,53,21,29,7,1,2,0.00,0.00,0.00,,1,,0.00,0.00,0.00,0.00,0.00,0.00,0.00,0.00,0.00,6,0.00,0.00,0.00,36,11,1,0.00,0.00,0.00,0.00,14,71,18,0.00,0.00,0.00,,,,,,,0.00,0.00,4.2,75.8,77,0.00,33.5526,0,157,16793.81,"Urban",1,4228.69,5,"Sparks-D'Andrea",0.00,0.00,0.00,0.00,51.1645,25.8355,50.3671,25.4329,2.79079,1.40921,2172.90,975,235.5,1937.40,3147.90,0.519682,0.00,84786.60,0.00,-0.362952,-0.294607,0.0153042,0.864572,0.128911,19.3366,0.00,0.00,9.92612,20.239,2172.90,486.7,0.798048,2172.90,157,12.408,9.51578,2.37769,2.70605,11.4019,0.0257835,9.57322,6.07322,4.4574
1223,"Internal",377,804,0.00,79808.00,61.194,14.801,24.005,155,119,43,30,21,6,3,0.00,0.00,0.00,,3,,0.00,0.00,0.00,3,0.00,0.00,0.00,0.00,157,20,0.00,0.00,0.00,6,2,3,13,18,5,22,15,78,24,0.00,0.00,0.00,,,,,,,1.5,32.5,10.9,66.1,255,0.00,27.7389,0,366,12828.60,"Urban",1,3405.66,5,"Sparks-D'Andrea",1.08392,0.416084,23.4848,9.01515,184.266,70.7343,47.7646,18.3354,7.87646,3.02354,6018.00,2450.50,549,5553.50,8553.00,0.492197,27.9153,79586.43,13.9576,-0.189127,-0.282415,0.00389419,0.623756,0.128364,48.3933,0.00,0.00,32.7328,46.9813,6018.00,1343.40,2.05457,6018.00,366,12.1936,9.1159,2.3766,1.24448,11.2825,0.00,10.4014,6.90139,9.11982
1224,"Internal",0.00,0.00,0.00,89930.00,,,,0.00,0.00,0.00,0.00,0.00,0.00,0.00,0.00,2236.00,0.00,,0.00,,0.00,0.00,0.00,0.00,0.00,0.00,0.00,0.00,0.00,0.00,0.00,0.00,0.00,0.00,0.00,0.00,0.00,0.00,155,0.00,0.00,0.00,0.00,0.00,0.00,0.00,,,,,,,0.00,0.00,62,93,0.00,2236.00,0.00,0,155,1481.13,"Urban",1,943.318,5,"Sparks-D'Andrea",0.00,0.00,0.00,0.00,0.00,0.00,93,0.00,62,0.00,4222.00,0.00,3586.50,635.5,4222.00,0.255729,0.00,25694.76,0.00,-0.362952,-0.294607,-0.114353,-1.44813,0.0968999,0.00,216.668,0.00,0.00,15.0195,4222.00,186,1.11216,4222.00,155,12.1492,8.86999,2.17209,0.653554,11.2601,0.00,10.5834,7.08344,
1225,"Internal",3,6,0.00,90882.00,,,,1,1,1,0.00,0.00,0.00,0.00,0.00,0.00,0.00,,0.00,,0.00,0.00,0.00,0.00,0.00,0.00,0.00,0.00,0.00,0.00,0.00,0.00,0.00,0.00,0.00,0.00,0.00,0.00,0.00,0.00,0.00,0.00,0.00,0.00,0.00,0.00,,,,,,,0.00,0.00,0.00,0.00,0.00,0.00,45.0082,0,0,19.2487,"Suburban",1,0.00,5,"Sparks-D'Andrea",0.00,0.00,0.00,0.00,0.00,0.00,0.00,0.00,0.00,0.00,5.7,19.5,0.00,5.7,25.2,0.350057,0.00,80.8447,0.00,-0.362952,-0.294607,-0.170553,-0.621652,0.105156,0.315468,0.00,0.00,0.00,0.00,5.7,1.5,0.0118436,5.7,0.00,11.873,8.44607,1.61675,0.00,11.1027,0.00,11.8003,8.3003,
1226,"Internal",13,26,0.00,73333.00,57.6923,7.69231,34.6154,0.00,13,0.00,0.00,0.00,0.00,0.00,0.00,0.00,0.00,,1,,0.00,0.00,0.00,0.00,0.00,0.00,0.00,0.00,0.00,0.00,0.00,0.00,0.00,0.00,0.00,0.00,0.00,0.00,0.00,0.00,0.00,0.00,0.00,0.00,0.00,0.00,,,,,,,0.00,0.00,0.00,0.00,0.00,0.00,0.00,0,0,777.323,"Suburban",1,0.00,5,"Sparks-D'Andrea",0.00,0.00,0.00,0.00,0.00,0.00,0.00,0.00,0.00,0.00,24.7,84.5,0.00,24.7,109.2,0.350057,0.00,3264.76,0.00,-0.362952,-0.294607,-0.163567,-0.621652,0.10531,1.36902,0.00,0.00,0.00,0.00,24.7,6.5,0.0513973,24.7,0.00,11.9364,8.59479,1.36087,0.00,11.1471,0.00,11.5077,8.00767,0.187229
1227,"Internal",178,562,0.00,89906.00,57.1174,26.3345,16.548,22,58,42,19,14,9,14,0.00,0.00,0.00,,3,,0.00,0.00,0.00,0.00,0.00,0.00,0.00,0.00,0.00,0.00,0.00,0.00,0.00,0.00,0.00,0.00,0.00,0.00,0.00,0.00,0.00,0.00,0.00,0.00,0.00,0.00,,,,,,,0.00,0.00,0.00,0.00,0.00,0.00,100,0,0,7151.89,"Urban",1,0.00,5,"Sparks-D'Andrea",0.00,0.00,0.00,0.00,0.00,0.00,0.00,0.00,0.00,0.00,338.2,1157.00,0.00,338.2,1495.20,0.350057,0.00,19027.59,0.00,-0.362952,-0.294607,-0.128981,-0.621652,0.106073,18.881,0.00,0.00,0.00,0.00,338.2,89,0.708851,338.2,0.00,12.3729,9.39516,2.35225,2.93112,11.3851,0.254651,9.70363,6.20363,4.00671
1228,"Internal",261,659,0.00,89906.00,58.5736,23.9757,17.4507,76,92,23,35,23,9,3,379,0.00,0.00,,7,,0.00,0.00,0.00,7,0.00,0.00,0.00,0.00,0.00,0.00,0.00,0.00,0.00,0.00,0.00,0.00,0.00,0.00,44,1,0.00,0.00,0.00,0.00,0.00,0.00,,,,,,,3.5,3.5,17.8,27.2,0.00,379,72.7273,0,52,6885.19,"Urban",1,483.402,5,"Sparks-D'Andrea",0.954545,2.54545,0.954545,2.54545,0.00,0.00,7.41818,19.7818,4.85455,12.9455,1337.40,1696.50,646.5,700,3043.00,0.59113,0.00,28288.29,32.5366,-0.362952,-0.266186,-0.108662,1.49059,0.134615,35.1346,51.0192,0.00,0.00,7,1337.40,188,1.58094,1337.40,52,12.2175,9.29168,2.75886,1.73787,11.2882,0.00,10.3052,6.80521,5.37254
1229,"Internal",28,97,0.00,119297.00,55.6701,24.7423,19.5876,3,7,4,7,4,1,2,0.00,0.00,0.00,,1,,0.00,0.00,0.00,0.00,0.00,0.00,0.00,0.00,0.00,0.00,0.00,0.00,0.00,0.00,0.00,0.00,0.00,0.00,0.00,0.00,0.00,0.00,1,0.00,0.00,0.00,,,,,,,0.00,0.00,0.00,1,0.00,0.00,45.0082,0,1,1015.30,"Suburban",1,10.3003,5,"Sparks-D'Andrea",0.00,0.00,0.00,0.00,0.00,0.00,0.549918,0.450082,0.00,0.00,58.8,182,1.5,57.3,240.8,0.372083,30.9008,2480.30,0.00,-0.170536,-0.294607,-0.165289,-0.428662,0.110608,3.09701,0.00,0.00,0.00,0.110608,58.8,15.2,0.116271,58.8,1,12.0373,8.61913,1.72828,0.00,11.2016,0.00,11.0584,7.55837,0.683304
1230,"Internal",430,1117.00,0.00,80436.00,53.3572,20.5909,26.0519,106,141,71,57,45,7,3,0.00,0.00,0.00,,22,,0.00,0.00,199,88,143,8,0.00,57,0.00,18,0.00,220,0.00,1,0.00,2,0.00,28,0.00,80,7,33,1,0.00,0.00,0.00,,,,,,,671,72,18.1,72.9,51,0.00,39.8148,0,885,13624.08,"Urban",1,4810.30,5,"Sparks-D'Andrea",403.843,267.157,43.3333,28.6667,30.6944,20.3056,43.875,29.025,10.8935,7.20648,4509.30,2795.00,1327.50,3369.00,7491.50,0.627165,21.7415,40719.09,3647.13,-0.22757,2.89122,-0.0813868,1.80632,0.142739,61.3779,0.00,0.00,7.2797,126.324,4509.30,904.8,2.35718,4509.30,885,12.2672,9.23879,2.26802,2.8125,11.3382,0.568928,10.1081,6.60808,15.5173
1231,"Internal",649,1922.00,0.00,84732.00,58.4287,26.6389,14.9324,108,194,148,88,55,37,19,0.00,0.00,0.00,,18,,0.00,0.00,0.00,5,0.00,0.00,0.00,0.00,0.00,0.00,0.00,0.00,0.00,0.00,0.00,1,0.00,0.00,0.00,2,0.00,0.00,0.00,0.00,0.00,0.00,,,,,,,2.5,2.5,0.4,2.6,0.00,0.00,41.6667,0,8,8288.84,"Urban",1,34.2769,5,"Sparks-D'Andrea",1.45833,1.04167,1.45833,1.04167,0.00,0.00,1.51667,1.08333,0.233333,0.166667,1264.90,4218.50,12,1259.40,5489.90,0.356914,25.7077,23522.08,10.7115,-0.202873,-0.28525,-0.11912,-0.561571,0.109512,71.0735,0.00,0.00,0.00,0.876099,1264.90,330.6,2.66831,1264.90,8,11.9645,8.74536,2.3066,0.451205,11.1611,0.00,11.3804,7.8804,14.0851
1232,"Internal",80,223,0.00,119297.00,38.565,16.1435,45.2915,11,34,7,19,7,2,0.00,0.00,0.00,0.00,,8,,0.00,0.00,0.00,0.00,0.00,0.00,0.00,0.00,0.00,0.00,0.00,0.00,0.00,0.00,0.00,0.00,0.00,0.00,0.00,0.00,0.00,0.00,0.00,0.00,0.00,0.00,,,,,,,0.00,0.00,0.00,0.00,0.00,0.00,66.6667,0,0,2143.80,"Suburban",1,0.00,5,"Sparks-D'Andrea",0.00,0.00,0.00,0.00,0.00,0.00,0.00,0.00,0.00,0.00,152,520,0.00,152,672,0.350057,0.00,6460.23,0.00,-0.362952,-0.294607,-0.156556,-0.621652,0.105464,8.43712,0.00,0.00,0.00,0.00,152,40,0.316755,152,0.00,11.9641,8.64534,1.63853,0.00,11.1546,0.00,11.3822,7.88218,1.07345
1233,"Internal",153,446,0.00,120893.00,57.6233,23.7668,18.6099,16,65,23,29,11,3,6,0.00,0.00,0.00,,12,,0.00,0.00,0.00,1,0.00,0.00,0.00,0.00,0.00,9,0.00,0.00,0.00,0.00,3,0.00,0.00,1,0.00,0.00,3,21,2,0.00,0.00,0.00,,,,,,,0.5,1.5,0.9,7.1,30,0.00,100,0,40,4026.02,"Suburban",1,316.508,5,"Sparks-D'Andrea",0.00,0.5,0.00,1.5,0.00,30,0.00,7.1,0.00,0.9,902.5,994.5,60,846.4,1900.90,0.527035,87.0397,15041.26,3.95635,0.179034,-0.291151,-0.137728,0.928995,0.135802,20.7778,0.00,0.00,4.07407,5.4321,902.5,210.1,0.80965,902.5,40,12.0043,8.91743,1.83296,0.00,11.149,0.00,11.2028,7.70279,3.67347
1234,"Internal",635,1628.00,0.00,130043.00,59.8894,22.6044,17.5061,164,216,105,74,48,15,13,0.00,0.00,0.00,,13,,0.00,0.00,0.00,23,0.00,0.00,0.00,0.00,0.00,9,0.00,107,0.00,10,61,1,0.00,2,0.00,25,1,8,5,0.00,0.00,0.00,,,,,,,118.5,13.5,5.3,97.7,17,0.00,48.1481,0,252,12298.22,"Urban",1,1531.45,5,"Sparks-D'Andrea",61.4444,57.0556,7,6.5,8.81481,8.18519,50.6593,47.0407,2.74815,2.55185,2497.20,4127.50,378,2154.30,6659.80,0.508034,0.00,40472.81,720.146,-0.362952,0.334452,-0.0819272,0.762513,0.124969,79.3554,0.00,0.00,2.12447,31.4922,2497.20,576.8,2.99467,2497.20,252,12.1281,9.18533,2.57759,1.31587,11.239,0.00,10.6709,7.17094,14.4578
1235,"Internal",82,216,0.00,80436.00,54.1667,32.4074,13.4259,16,26,20,14,4,2,0.00,867,0.00,0.00,,4,,0.00,0.00,0.00,0.00,0.00,0.00,0.00,0.00,0.00,0.00,0.00,0.00,0.00,0.00,0.00,0.00,0.00,0.00,84,0.00,0.00,0.00,0.00,0.00,0.00,0.00,,,,,,,0.00,0.00,33.6,50.4,0.00,867,45.0082,0,84,5754.18,"Urban",1,1389.38,5,"Sparks-D'Andrea",0.00,0.00,0.00,0.00,0.00,0.00,27.7159,22.6841,18.4772,15.1228,1926.70,533,1426.50,500.2,2459.70,0.575349,66.1609,40683.98,0.00,0.049024,-0.294607,-0.0814638,1.35232,0.141222,11.5802,122.44,0.00,0.00,11.8627,1926.70,141.8,1.06324,1926.70,84,12.0289,8.92029,2.33714,1.91018,11.2077,0.00,11.0948,7.59476,2.17275
1236,"Internal",166,402,0.00,119297.00,64.9254,19.1542,15.9204,34,75,22,26,6,3,0.00,275,0.00,0.00,,3,,0.00,0.00,0.00,0.00,0.00,0.00,0.00,0.00,0.00,0.00,0.00,0.00,0.00,0.00,0.00,0.00,0.00,18,39,6,0.00,0.00,0.00,0.00,0.00,0.00,,,,,,,0.00,18,16.8,28.2,0.00,275,31.0345,0,63,3999.68,"Urban",1,503.037,5,"Sparks-D'Andrea",0.00,0.00,12.4138,5.58621,0.00,0.00,19.4483,8.75172,11.5862,5.21379,1033.90,1079.00,507,573.7,2159.70,0.62472,31.9388,17244.58,0.00,-0.164072,-0.294607,-0.132894,1.78489,0.142194,23.6042,39.1034,0.00,0.00,8.95824,1033.90,146,1.08689,1033.90,63,11.8683,8.42881,1.95752,0.00,11.1226,0.00,11.8225,8.32247,3.77736
1237,"Internal",111,259,0.00,113417.00,54.4402,26.6409,18.9189,22,60,10,12,4,2,1,0.00,0.00,0.00,,8,,0.00,0.00,0.00,0.00,0.00,0.00,0.00,0.00,0.00,0.00,0.00,0.00,5,0.00,0.00,0.00,0.00,0.00,0.00,0.00,0.00,0.00,0.00,0.00,0.00,0.00,,,,,,,0.00,0.00,0.00,5,0.00,0.00,62.5,0,5,3238.00,"Suburban",1,60.6707,5,"Sparks-D'Andrea",0.00,0.00,0.00,0.00,0.00,0.00,1.875,3.125,0.00,0.00,238.9,721.5,7.5,231.4,960.4,0.377511,0.00,11653.63,0.00,-0.362952,-0.294607,-0.145161,-0.381107,0.108614,12.0561,0.00,0.00,0.00,0.543068,238.9,61.5,0.452622,238.9,5,11.7715,8.41856,1.68627,0.00,11.0443,0.00,12.2868,8.78676,1.80524
1238,"Internal",213,443,19,87454.00,43.7923,14.8984,41.3093,66,105,20,11,5,4,2,0.00,0.00,0.00,,5,,0.00,0.00,0.00,3,0.00,0.00,0.00,0.00,0.00,0.00,0.00,0.00,0.00,0.00,0.00,0.00,0.00,7,0.00,64,0.00,0.00,0.00,0.00,0.00,0.00,,,,,,,1.5,8.5,12.8,51.2,0.00,0.00,47.541,0,74,5090.33,"Urban",1,673.626,5,"Sparks-D'Andrea",0.786885,0.713115,4.45902,4.04098,0.00,0.00,26.859,24.341,6.71475,6.08525,793.1,1384.50,111,704.2,2199.70,0.498818,27.3092,20024.00,13.6546,-0.192901,-0.282679,-0.126795,0.681767,0.125721,26.7785,0.00,0.00,0.00,9.30332,793.1,188.3,1.00534,793.1,74,12.1521,8.94936,1.86439,2.88854,11.2952,0.986716,10.5712,7.07121,3.09231
1239,"Internal",178,559,88,119297.00,54.7406,27.5492,17.7102,29,36,48,34,16,7,8,0.00,0.00,0.00,,10,,0.00,0.00,0.00,0.00,0.00,0.00,0.00,1,0.00,0.00,0.00,0.00,0.00,17,1,0.00,0.00,9,0.00,154,7,39,17,0.00,0.00,0.00,,,,,,,1,9,32.9,163.1,39,0.00,47.619,0,245,14795.14,"Urban",1,3841.14,5,"Sparks-D'Andrea",0.52381,0.47619,4.71429,4.28571,20.4286,18.5714,85.4333,77.6667,17.2333,15.6667,2195.10,1157.00,367.5,1851.00,3375.50,0.569957,0.00,52921.50,15.6781,-0.362952,-0.280912,-0.0546128,1.30508,0.13337,23.7398,0.00,0.00,5.20142,32.6756,2195.10,489.1,0.929042,2195.10,245,11.9231,8.84158,2.12132,0.397914,11.1354,0.00,11.5682,8.0682,5.80267
1240,"Internal",305,830,0.00,145164.00,49.1566,26.2651,24.5783,47,120,53,59,12,10,4,0.00,0.00,0.00,,28,,0.00,0.00,0.00,0.00,0.00,0.00,0.00,1,0.00,0.00,0.00,0.00,0.00,0.00,0.00,1,0.00,0.00,0.00,1,1,3,0.00,0.00,0.00,0.00,,,,,,,1,0.00,0.5,2.5,3,0.00,100,0,7,5282.97,"Suburban",1,43.9729,5,"Sparks-D'Andrea",0.00,1,0.00,0.00,0.00,3,0.00,2.5,0.00,0.5,655.4,1982.50,10.5,644.9,2637.90,0.375397,0.00,16570.86,6.28184,-0.362952,-0.28912,-0.134372,-0.399628,0.108632,33.1327,0.00,0.00,0.325895,0.760423,655.4,168.9,1.24627,655.4,7,11.8308,8.78586,1.81914,0.00,11.0594,0.00,11.9999,8.49987,5.17056
1241,"Internal",304,855,0.00,120893.00,52.0468,22.6901,25.2632,36,120,65,50,19,9,5,0.00,0.00,0.00,,24,,0.00,0.00,0.00,45,0.00,8,0.00,32,77,31,14,0.00,2,28,14,21,2,8,10,39,22,114,8,0.00,0.00,0.00,,,,,,,76.5,32.5,18.4,125.6,222,0.00,36.2445,0,475,7580.16,"Suburban",1,2249.22,5,"Sparks-D'Andrea",48.7729,27.7271,20.7205,11.7795,141.537,80.4629,80.0769,45.5231,11.731,6.669,5862.40,1976.00,712.5,5234.40,7922.90,0.493229,0.00,37516.59,362.243,-0.362952,0.0218188,-0.0884136,0.632801,0.12303,37.4012,0.00,0.00,27.3127,58.4393,5862.40,1289.50,1.60252,5862.40,475,11.9029,9.21749,2.00488,0.00,11.0686,0.00,11.6614,8.16143,9.46636
1242,"Internal",371,983,0.00,116375.00,60.0203,24.6185,15.3611,86,121,64,58,29,5,8,0.00,0.00,0.00,,7,,0.00,0.00,0.00,9,0.00,0.00,0.00,5,127,16,0.00,0.00,0.00,14,6,2,0.00,14,5,0.00,21,104,23,0.00,0.00,0.00,,,,,,,9.5,18.5,8.3,62.7,247,0.00,30.5085,0,346,10243.90,"Urban",1,2322.27,5,"Sparks-D'Andrea",6.60169,2.89831,12.8559,5.64407,171.644,75.3559,43.5712,19.1288,5.7678,2.5322,5805.40,2411.50,519,5334.50,8265.00,0.494342,0.00,55472.64,63.7617,-0.362952,-0.23891,-0.0490152,0.642552,0.12416,46.0634,0.00,0.00,30.6676,42.9594,5805.40,1297.40,1.9521,5805.40,346,12.0158,9.0874,2.2502,1.15304,11.1856,0.00,11.1521,7.65205,10.0434
1243,"Internal",0.00,0.00,0.00,89930.00,,,,0.00,0.00,0.00,0.00,0.00,0.00,0.00,0.00,0.00,0.00,,0.00,,0.00,0.00,0.00,0.00,0.00,0.00,0.00,0.00,0.00,0.00,0.00,0.00,0.00,0.00,0.00,73,0.00,18,0.00,2094.00,0.00,0.00,2,0.00,0.00,0.00,,,,,,,0.00,18,418.8,1750.20,0.00,0.00,45.0082,0,2187,48258.61,"Downtown",1,30735.55,5,"Sparks-D'Andrea",0.00,0.00,9.89852,8.10148,0.00,0.00,962.467,787.733,230.306,188.494,12200.40,0.00,3280.50,8966.70,12247.20,0.392219,98.3763,172119.09,0.00,0.249625,-0.294607,0.206925,-0.252231,0.129272,0.00,0.00,0.00,0.00,282.717,12200.40,2611.80,0.00,12200.40,2187.00,0.00,0.00,0.95445,2.65884,0.00,0.99998,,,
1244,"Internal",499,957,0.00,87454.00,27.4817,7.7325,64.7858,191,225,43,23,11,2,4,321,0.00,0.00,,2,,0.00,0.00,0.00,11,0.00,0.00,0.00,0.00,1,0.00,0.00,0.00,0.00,0.00,0.00,0.00,0.00,2,46,0.00,1,6,6,0.00,0.00,0.00,,,,,,,5.5,7.5,18.7,34.3,7,321,61.1111,0,73,4745.50,"Urban",1,323.269,5,"Sparks-D'Andrea",2.13889,3.36111,2.91667,4.58333,2.72222,4.27778,13.3389,20.9611,7.27222,11.4278,1896.30,3243.50,591,1324.80,5159.30,0.525716,13.285,22847.14,24.3559,-0.280227,-0.273332,-0.120601,0.917442,0.127601,63.673,40.96,0.00,0.893208,9.31488,1896.30,348.3,2.60721,1896.30,73,11.942,8.75295,2.03611,2.06452,11.1681,0.0640328,11.4818,7.9818,3.93919
1245,"Internal",44,107,0.00,65198.00,71.9626,16.8224,11.215,14,17,4,3,1,5,0.00,0.00,0.00,0.00,,0.00,,0.00,0.00,0.00,0.00,0.00,0.00,0.00,0.00,0.00,23,0.00,0.00,0.00,0.00,25,0.00,0.00,0.00,0.00,24,5,21,32,0.00,0.00,0.00,,,,,,,0.00,0.00,6.3,79.7,44,0.00,34.9398,0,130,7874.50,"Urban",1,3290.36,5,"Sparks-D'Andrea",0.00,0.00,0.00,0.00,28.6265,15.3735,51.853,27.847,4.0988,2.2012,1388.00,286,195,1193.00,1674.00,0.449351,0.00,42369.74,0.00,-0.362952,-0.294607,-0.077765,0.248347,0.11816,5.19905,0.00,0.00,5.19905,15.3608,1388.00,305.6,0.232949,1388.00,130,11.9842,9.13664,2.19808,0.660277,11.1574,0.00,11.2922,7.79224,1.96946
1246,"Internal",115,328,0.00,145164.00,54.878,27.7439,17.378,18,33,35,16,5,6,2,43,0.00,0.00,,8,,0.00,0.00,0.00,0.00,0.00,0.00,1,0.00,0.00,2,0.00,0.00,0.00,8,179,24,0.00,0.00,17,64,6,29,24,0.00,0.00,0.00,,,,,,,1,0.00,21.4,300.6,31,43,34.6369,0,354,8520.66,"Suburban",1,3412.80,5,"Sparks-D'Andrea",0.653631,0.346369,0.00,0.00,20.2626,10.7374,196.482,104.118,13.9877,7.41229,2668.90,747.5,595.5,2073.40,3416.40,0.553422,0.00,32936.42,9.64068,-0.362952,-0.286186,-0.0984632,1.1602,0.130111,14.9628,5.59478,0.00,4.03345,46.0594,2668.90,571.5,0.619761,2668.90,354,11.9094,9.46118,2.05919,0.00,11.0672,0.00,11.6314,8.13141,5.13709
1247,"Internal",148,395,0.00,120893.00,58.9873,24.3038,16.7089,18,80,10,26,6,3,5,0.00,0.00,0.00,,12,,0.00,0.00,0.00,0.00,0.00,0.00,0.00,0.00,0.00,0.00,0.00,0.00,0.00,9,0.00,0.00,0.00,0.00,0.00,0.00,0.00,0.00,0.00,0.00,0.00,0.00,,,,,,,0.00,0.00,0.00,9,0.00,0.00,62.5,0,9,6065.49,"Suburban",1,133.428,5,"Sparks-D'Andrea",0.00,0.00,0.00,0.00,0.00,0.00,3.375,5.625,0.00,0.00,331.6,962,13.5,318.1,1293.60,0.386391,59.3012,19178.00,0.00,0.00630936,-0.294607,-0.128651,-0.303298,0.115925,17.1569,0.00,0.00,0.00,1.04332,331.6,84.8,0.644121,331.6,9,11.7891,8.46825,2.02354,0.00,11.0317,0.00,12.2012,8.7012,2.9932
1248,"Internal",127,325,0.00,113417.00,62.7692,20.6154,16.6154,21,56,24,14,9,2,1,0.00,0.00,0.00,,11,,0.00,0.00,0.00,24,0.00,0.00,0.00,0.00,0.00,0.00,0.00,0.00,0.00,0.00,23,11,0.00,1,0.00,49,0.00,0.00,0.00,0.00,0.00,0.00,,,,,,,12,13,9.8,73.2,0.00,0.00,45.0082,0,108,1401.20,"Suburban",1,305.98,5,"Sparks-D'Andrea",6.59902,5.40098,7.14893,5.85107,0.00,0.00,40.254,32.946,5.3892,4.4108,781.1,825.5,162,652.9,1640.40,0.578592,0.00,4647.49,33.9978,-0.362952,-0.264909,-0.160533,1.38073,0.131621,16.7158,0.00,0.00,0.00,14.215,781.1,175.6,0.627562,781.1,108,11.7258,8.21759,1.54534,0.00,11.0453,0.00,12.5132,9.01319,3.36626
1249,"Internal",336,749,0.00,65198.00,64.0854,24.2991,11.6155,120,113,49,32,10,6,6,0.00,0.00,0.00,,8,,0.00,0.00,0.00,0.00,1,0.00,0.00,0.00,0.00,0.00,0.00,0.00,0.00,0.00,11,0.00,0.00,0.00,5,0.00,0.00,0.00,0.00,0.00,0.00,0.00,,,,,,,1,0.00,2,14,0.00,0.00,36.3636,0,17,5428.77,"Urban",1,118.976,5,"Sparks-D'Andrea",0.636364,0.363636,0.00,0.00,0.00,0.00,8.90909,5.09091,1.27273,0.727273,731,2184.00,25.5,705.5,2915.00,0.380005,0.00,20400.97,6.99862,-0.362952,-0.288493,-0.125968,-0.35925,0.109316,36.7302,0.00,0.00,0.00,1.85837,731,187.7,1.37896,731,17,11.7365,8.2926,1.78495,0.00,11.0568,0.00,12.4597,8.95974,6.12008
1250,"Internal",0.00,0.00,0.00,89930.00,,,,0.00,0.00,0.00,0.00,0.00,0.00,0.00,0.00,0.00,0.00,,0.00,,0.00,0.00,0.00,0.00,0.00,0.00,0.00,0.00,0.00,0.00,0.00,0.00,0.00,0.00,0.00,0.00,0.00,0.00,0.00,0.00,0.00,0.00,0.00,0.00,0.00,0.00,,,,,,,0.00,0.00,0.00,0.00,0.00,0.00,45.0082,0,0,0.00,"Urban",1,0.00,5,"Sparks-D'Andrea",0.00,0.00,0.00,0.00,0.00,0.00,0.00,0.00,0.00,0.00,0.00,0.00,0.00,0.00,0.00,,0.00,0.00,0.00,-0.362952,-0.294607,-0.170731,,0.00,0.00,0.00,0.00,0.00,0.00,0.00,0.00,0.00,0.00,0.00,11.8131,8.17433,0.531241,2.14881,11.1409,0.33004,12.085,8.58504,
1251,"Internal",113,302,0.00,58880.00,56.6225,14.2384,29.1391,22,49,13,15,5,5,4,0.00,0.00,0.00,,1,,0.00,0.00,0.00,0.00,0.00,0.00,0.00,0.00,0.00,0.00,0.00,0.00,0.00,1,0.00,0.00,0.00,161,0.00,0.00,9,48,14,0.00,0.00,0.00,,,,,,,0.00,161,2.7,21.3,48,0.00,31.7241,0,233,2994.78,"Suburban",1,1044.84,5,"Sparks-D'Andrea",0.00,0.00,109.924,51.0759,32.7724,15.2276,14.5428,6.75724,1.84345,0.856552,1729.70,734.5,349.5,1798.80,2882.80,0.531038,0.00,12927.29,0.00,-0.362952,-0.294607,-0.142366,0.964076,0.126206,14.2613,0.00,0.00,6.05788,29.406,1729.70,362.6,0.579409,1729.70,233,11.687,8.15442,0.996324,2.01757,11.0499,0.0163566,12.7092,9.20917,3.87978
1252,"Internal",361,993,0.00,116375.00,61.5307,21.3494,17.1198,54,146,63,50,35,8,5,0.00,0.00,0.00,,14,,0.00,0.00,0.00,1,0.00,0.00,0.00,0.00,0.00,0.00,0.00,0.00,0.00,0.00,1,0.00,0.00,0.00,0.00,0.00,2,9,0.00,0.00,0.00,0.00,,,,,,,0.5,0.5,0.6,2.4,9,0.00,21.0526,0,13,2738.88,"Suburban",1,35.1342,5,"Sparks-D'Andrea",0.394737,0.105263,0.394737,0.105263,7.10526,1.89474,1.89474,0.505263,0.473684,0.126316,874,2346.50,19.5,855.8,3221.80,0.398956,0.00,8707.34,1.35132,-0.362952,-0.293426,-0.151626,-0.193208,0.110777,39.9905,0.00,0.00,0.996992,1.4401,874,221.5,1.5086,874,13,11.7183,8.23496,1.89591,1.22697,11.0644,0.00,12.551,9.05096,7.72022
1253,"Internal",574,1538.00,0.00,113417.00,52.9259,23.0169,24.0572,86,245,98,85,40,12,8,0.00,0.00,0.00,,44,,0.00,0.00,0.00,0.00,0.00,0.00,0.00,1,0.00,0.00,0.00,0.00,0.00,0.00,2,0.00,1,9,0.00,0.00,0.00,0.00,0.00,0.00,0.00,0.00,,,,,,,1,10,0.00,2,0.00,0.00,65.9836,0,13,3641.70,"Suburban",1,30.3784,5,"Sparks-D'Andrea",0.340164,0.659836,3.40164,6.59836,0.00,0.00,0.680328,1.31967,0.00,0.00,1134.80,3731.00,19.5,1141.30,4891.80,0.363832,7.0104,11431.16,2.3368,-0.319299,-0.292566,-0.145649,-0.500953,0.107827,61.893,0.00,0.00,0.00,1.40176,1134.80,294.9,2.32365,1134.80,13,11.3602,7.65473,1.57978,0.00,10.8274,0.00,14.4999,10.9999,10.2451
1254,"Internal",329,886,0.00,145164.00,62.1896,18.3973,19.4131,40,155,53,47,21,7,6,642,0.00,0.00,,22,,0.00,0.00,0.00,10,0.00,0.00,0.00,0.00,0.00,0.00,0.00,0.00,0.00,0.00,0.00,0.00,0.00,8,60,0.00,0.00,2,1,0.00,0.00,0.00,,,,,,,5,13,24,37,2,642,40,0,81,4365.36,"Suburban",1,348.994,5,"Sparks-D'Andrea",3,2,7.8,5.2,1.2,0.8,22.2,14.8,14.4,9.6,2021.10,2138.50,1084.50,970.4,4193.40,0.619497,17.2343,18067.56,21.5429,-0.255636,-0.275789,-0.131088,1.73913,0.139754,45.9791,89.7221,0.00,0.279508,11.3201,2021.10,254.9,2.18877,2021.10,81,11.5605,8.04587,1.77604,0.00,10.9164,0.00,13.3718,9.87181,7.50664
1255,"Internal",389,1198.00,0.00,67031.00,60.2671,30.5509,9.18197,58,103,74,92,40,10,12,0.00,0.00,0.00,,31,,0.00,1,0.00,16,0.00,0.00,0.00,0.00,2,0.00,0.00,0.00,0.00,3,5,1,0.00,8,0.00,54,11,57,17,0.00,0.00,0.00,,,,,,,9,16,14.1,76.9,59,0.00,61.1111,0,175,9713.82,"Suburban",1,1154.23,5,"Sparks-D'Andrea",3.5,5.5,6.22222,9.77778,22.9444,36.0556,29.9056,46.9944,5.48333,8.61667,2427.00,2528.50,262.5,2206.10,4997.10,0.54631,19.7868,32958.90,59.3605,-0.239742,-0.242755,-0.0984139,1.09788,0.131486,51.1481,0.00,0.00,7.75768,23.0101,2427.00,558.1,1.9766,2427.00,175,11.774,8.50849,1.83201,0.00,11.0175,0.00,12.2748,8.77482,10.635
1256,"Internal",507,1408.00,0.00,65198.00,66.9034,21.3068,11.7898,9,269,118,53,53,5,0.00,0.00,0.00,0.00,,32,,0.00,0.00,0.00,0.00,0.00,0.00,0.00,0.00,0.00,0.00,0.00,0.00,0.00,0.00,87,2,0.00,0.00,37,0.00,0.00,0.00,0.00,0.00,0.00,0.00,,,,,,,0.00,0.00,14.8,111.2,0.00,0.00,36.8421,0,126,10020.11,"Urban",1,786.216,5,"Sparks-D'Andrea",0.00,0.00,0.00,0.00,0.00,0.00,70.2316,40.9684,9.34737,5.45263,1668.90,3295.50,189,1479.90,4964.40,0.46902,0.00,30976.93,0.00,-0.362952,-0.294607,-0.102763,0.420682,0.119823,60.7503,0.00,0.00,0.00,15.0977,1668.90,404.7,2.28075,1668.90,126,11.5832,8.02395,1.49647,0.00,10.9673,0.00,13.2501,9.75008,12.6611
1257,"Internal",0.00,0.00,0.00,89930.00,,,,0.00,0.00,0.00,0.00,0.00,0.00,0.00,0.00,0.00,0.00,,0.00,,0.00,0.00,0.00,0.00,0.00,0.00,0.00,0.00,0.00,0.00,0.00,0.00,0.00,0.00,0.00,0.00,0.00,0.00,0.00,0.00,0.00,0.00,0.00,0.00,0.00,0.00,,,,,,,0.00,0.00,0.00,0.00,0.00,0.00,45.0082,0,0,0.00,"Suburban",1,0.00,5,"Sparks-D'Andrea",0.00,0.00,0.00,0.00,0.00,0.00,0.00,0.00,0.00,0.00,0.00,0.00,0.00,0.00,0.00,,0.00,0.00,0.00,-0.362952,-0.294607,-0.170731,,0.00,0.00,0.00,0.00,0.00,0.00,0.00,0.00,0.00,0.00,0.00,11.77,8.09006,0.227804,1.79088,11.1196,0.0630823,12.2944,8.7944,
1258,"Internal",291,780,0.00,146372.00,61.7949,22.3077,15.8974,43,128,39,54,17,7,3,0.00,0.00,0.00,,21,,0.00,0.00,0.00,2,0.00,0.00,0.00,0.00,0.00,0.00,0.00,0.00,0.00,0.00,0.00,0.00,0.00,0.00,0.00,0.00,0.00,0.00,1,0.00,0.00,0.00,,,,,,,1,1,0.00,1,0.00,0.00,45.0082,0,3,4015.74,"Suburban",1,15.3524,5,"Sparks-D'Andrea",0.549918,0.450082,0.549918,0.450082,0.00,0.00,0.549918,0.450082,0.00,0.00,564.5,1891.50,4.5,562.6,2458.60,0.355749,0.00,12581.83,5.11748,-0.362952,-0.290137,-0.143124,-0.571775,0.106356,30.9496,0.00,0.00,0.00,0.319068,564.5,147.7,1.16194,564.5,3,11.6758,8.3263,1.73764,0.00,10.9689,0.00,12.7666,9.26655,6.0408
1259,"Internal",0.00,0.00,0.00,89930.00,,,,0.00,0.00,0.00,0.00,0.00,0.00,0.00,0.00,0.00,0.00,,0.00,,0.00,0.00,0.00,0.00,0.00,0.00,0.00,0.00,0.00,0.00,0.00,0.00,0.00,0.00,0.00,0.00,0.00,0.00,0.00,0.00,0.00,0.00,0.00,0.00,0.00,0.00,,,,,,,0.00,0.00,0.00,0.00,0.00,0.00,11.1111,0,0,0.00,"Rural",,0.00,5,"Sparks-D'Andrea",0.00,0.00,0.00,0.00,0.00,0.00,0.00,0.00,0.00,0.00,0.00,0.00,0.00,0.00,0.00,,0.00,0.00,0.00,-0.362952,-0.294607,-0.170731,,0.00,0.00,0.00,0.00,0.00,0.00,0.00,0.00,0.00,0.00,0.00,11.4094,7.55362,0.00,0.00,10.9093,0.00,14.2137,10.7137,
1260,"Internal",126,328,0.00,125481.00,55.1829,24.0854,20.7317,25,50,19,24,3,0.00,5,0.00,0.00,0.00,,13,,0.00,0.00,0.00,3,0.00,0.00,0.00,0.00,0.00,0.00,0.00,0.00,0.00,0.00,0.00,0.00,0.00,0.00,0.00,1,0.00,0.00,0.00,0.00,0.00,0.00,,,,,,,1.5,1.5,0.2,0.8,0.00,0.00,45.0082,0,4,4546.87,"Suburban",1,54.4078,5,"Sparks-D'Andrea",0.824877,0.675123,0.824877,0.675123,0.00,0.00,0.439934,0.360066,0.109984,0.0900164,254,819,6,251.9,1076.90,0.366869,0.00,14647.94,20.4029,-0.362952,-0.276785,-0.138591,-0.474346,0.107629,13.5613,0.00,0.00,0.00,0.430517,254,65.7,0.509132,254,4,11.417,7.80337,1.43189,0.00,10.8493,0.00,14.1702,10.6702,2.28922
1261,"Internal",325,997,0.00,146372.00,54.7643,28.1846,17.0512,27,128,55,52,46,8,9,0.00,0.00,0.00,,25,,0.00,0.00,0.00,0.00,0.00,0.00,0.00,1,0.00,0.00,0.00,0.00,0.00,0.00,3,1,0.00,0.00,0.00,0.00,0.00,0.00,1,0.00,0.00,0.00,,,,,,,1,0.00,0.00,5,0.00,0.00,50,0,6,2354.90,"Suburban",1,14.0393,5,"Sparks-D'Andrea",0.5,0.5,0.00,0.00,0.00,0.00,2.5,2.5,0.00,0.00,648.5,2112.50,9,639.5,2761.00,0.360931,0.00,6460.40,2.33988,-0.362952,-0.292563,-0.156556,-0.52637,0.106601,34.6454,0.00,0.00,0.00,0.639608,648.5,169,1.30069,648.5,6,11.2786,7.51097,1.1001,0.00,10.7818,0.00,14.9894,11.4894,6.85867
1262,"Internal",253,708,0.00,125481.00,69.6328,21.0452,9.32203,39,81,65,44,11,10,3,0.00,0.00,0.00,,15,,0.00,0.00,0.00,0.00,0.00,0.00,0.00,0.00,0.00,0.00,0.00,0.00,0.00,0.00,0.00,0.00,0.00,0.00,0.00,0.00,0.00,0.00,0.00,0.00,0.00,0.00,,,,,,,0.00,0.00,0.00,0.00,0.00,0.00,45.0082,0,0,1996.21,"Suburban",1,0.00,5,"Sparks-D'Andrea",0.00,0.00,0.00,0.00,0.00,0.00,0.00,0.00,0.00,0.00,480.7,1644.50,0.00,480.7,2125.20,0.350057,0.00,5992.00,0.00,-0.362952,-0.294607,-0.157583,-0.621652,0.105441,26.6767,0.00,0.00,0.00,0.00,480.7,126.5,1.00152,480.7,0.00,11.5524,7.85156,0.285117,0.00,10.9744,0.00,13.4155,9.91549,6.1536
1263,"Internal",315,830,0.00,125481.00,62.7711,24.5783,12.6506,58,113,70,50,14,4,6,0.00,0.00,0.00,,24,,0.00,0.00,0.00,5,0.00,0.00,0.00,0.00,0.00,0.00,0.00,0.00,0.00,1,1,2,0.00,0.00,0.00,8,0.00,0.00,0.00,0.00,0.00,0.00,,,,,,,2.5,2.5,1.6,10.4,0.00,0.00,58.6207,0,17,3031.43,"Suburban",1,60.1549,5,"Sparks-D'Andrea",1.03448,1.46552,1.03448,1.46552,0.00,0.00,4.30345,6.09655,0.662069,0.937931,680.7,2047.50,25.5,661.7,2734.70,0.380798,0.00,9676.80,8.84631,-0.362952,-0.286879,-0.149498,-0.352302,0.108867,34.2931,0.00,0.00,0.00,1.85074,680.7,174.4,1.28746,680.7,17,11.345,7.55456,0.864209,0.00,10.8404,0.00,14.5899,11.0899,6.61853
1264,"Internal",274,776,0.00,125481.00,64.3041,24.0979,11.5979,46,104,41,41,26,7,9,0.00,0.00,0.00,,20,,0.00,0.00,0.00,5,0.00,0.00,0.00,0.00,0.00,10,0.00,0.00,0.00,0.00,0.00,0.00,0.00,0.00,0.00,0.00,0.00,0.00,0.00,0.00,0.00,0.00,,,,,,,2.5,2.5,0.00,0.00,10,0.00,47.619,0,15,1078.70,"Suburban",1,20.2369,5,"Sparks-D'Andrea",1.30952,1.19048,1.30952,1.19048,5.2381,4.7619,0.00,0.00,0.00,0.00,722.6,1781.00,22.5,706.6,2510.10,0.417238,0.00,3386.45,3.37282,-0.362952,-0.291661,-0.1633,-0.0330213,0.112507,30.8269,0.00,0.00,1.12507,1.6876,722.6,180.5,1.16551,722.6,15,11.5613,8.03239,1.09366,0.00,10.9525,0.00,13.3676,9.86765,6.33705
1267,"Internal",334,954,0.00,146372.00,51.8868,30.5031,17.6101,66,99,67,51,28,16,7,0.00,0.00,0.00,,33,,0.00,0.00,0.00,11,0.00,0.00,0.00,0.00,14,0.00,0.00,0.00,0.00,0.00,1,1,1,1,0.00,0.00,1,8,0.00,0.00,0.00,0.00,,,,,,,5.5,7.5,0.3,2.7,22,0.00,69.697,0,38,1220.36,"Suburban",1,45.7484,5,"Sparks-D'Andrea",1.66667,3.83333,2.27273,5.22727,6.66667,15.3333,0.818182,1.88182,0.0909091,0.209091,1101.80,2171.00,57,1064.30,3292.30,0.460366,0.00,3963.62,6.62148,-0.362952,-0.288823,-0.162034,0.344855,0.117377,39.2041,0.00,0.00,2.5823,4.46034,1101.80,267.3,1.49059,1101.80,38,11.102,7.13343,0.760666,0.00,10.7115,0.00,16.1101,12.6101,6.41435
1301,"Internal",77,237,0.00,137071.00,67.0886,7.173,25.7384,0.00,32,11,31,2,1,0.00,0.00,0.00,0.00,,4,,0.00,0.00,0.00,8,0.00,0.00,0.00,0.00,0.00,0.00,0.00,0.00,2,0.00,0.00,0.00,0.00,205,0.00,0.00,0.00,0.00,0.00,0.00,0.00,0.00,,,,,,,4,209,0.00,2,0.00,0.00,13.5593,0,215,6410.72,"Suburban",1,2398.82,12,"Verdi-Mogul-Some",3.45763,0.542373,180.661,28.339,0.00,0.00,1.72881,0.271186,0.00,0.00,796.5,500.5,322.5,1017.40,1840.40,0.589731,44.6292,20533.90,44.6292,-0.0850511,-0.255623,-0.125676,1.47833,0.139275,10.7242,0.00,0.00,0.00,29.9442,796.5,147.4,0.402619,796.5,215,11.4816,7.8439,1.02506,0.00,10.8876,0.00,13.8046,10.3046,3.44352
1302,"Internal",296,709,0.00,137071.00,55.2891,25.5289,19.1819,54,151,33,43,11,1,3,0.00,0.00,0.00,,27,,0.00,0.00,0.00,0.00,0.00,0.00,0.00,0.00,0.00,0.00,0.00,0.00,0.00,0.00,0.00,14,0.00,0.00,0.00,0.00,0.00,1,0.00,0.00,0.00,0.00,,,,,,,0.00,0.00,0.00,14,1,0.00,100,0,15,1310.28,"Suburban",1,26.8297,12,"Verdi-Mogul-Some",0.00,0.00,0.00,0.00,0.00,1,0.00,14,0.00,0.00,659.5,1924.00,22.5,637,2583.50,0.384513,0.00,4620.98,0.00,-0.362952,-0.294607,-0.160592,-0.319753,0.109013,32.2679,0.00,0.00,0.109013,1.6352,659.5,168.9,1.21223,659.5,15,11.1837,7.24364,1.134,0.00,10.7272,0.00,15.5808,12.0808,4.99236
1303,"Internal",0.00,0.00,0.00,89930.00,,,,0.00,0.00,0.00,0.00,0.00,0.00,0.00,0.00,0.00,0.00,,0.00,,0.00,0.00,0.00,0.00,0.00,0.00,0.00,0.00,0.00,0.00,0.00,0.00,0.00,0.00,0.00,0.00,0.00,0.00,0.00,0.00,0.00,0.00,0.00,0.00,0.00,0.00,,,,,,,0.00,0.00,0.00,0.00,0.00,0.00,45.0082,0,0,0.00,"Rural",,0.00,12,"Verdi-Mogul-Some",0.00,0.00,0.00,0.00,0.00,0.00,0.00,0.00,0.00,0.00,0.00,0.00,0.00,0.00,0.00,,0.00,0.00,0.00,-0.362952,-0.294607,-0.170731,,0.00,0.00,0.00,0.00,0.00,0.00,0.00,0.00,0.00,0.00,0.00,11.1549,7.02857,0.00,0.00,10.7118,0.00,15.7653,12.2653,
1304,"Internal",266,692,0.00,135903.00,53.9017,20.3757,25.7225,41,118,48,34,17,6,2,0.00,0.00,0.00,,16,,0.00,0.00,0.00,3,0.00,0.00,0.00,0.00,0.00,0.00,0.00,0.00,0.00,0.00,0.00,0.00,0.00,13,1,0.00,0.00,0.00,0.00,0.00,0.00,0.00,,,,,,,1.5,14.5,0.4,0.6,0.00,0.00,30,0,17,2505.77,"Suburban",1,59.2717,12,"Verdi-Mogul-Some",1.05,0.45,10.15,4.35,0.00,0.00,0.42,0.18,0.28,0.12,559,1729.00,25.5,571.2,2325.70,0.386867,0.00,8108.72,5.22986,-0.362952,-0.290038,-0.152939,-0.299123,0.10944,29.111,0.00,0.00,0.00,1.86048,559,142.2,1.09292,559,17,11.7808,8.08376,0.821296,0.00,11.0597,0.00,12.2415,8.74152,4.77934
1305,"Internal",9,14,0.00,99028.00,64.2857,28.5714,7.14286,1,6,1,1,0.00,0.00,0.00,0.00,0.00,0.00,,0.00,,0.00,0.00,0.00,0.00,0.00,0.00,0.00,0.00,0.00,0.00,0.00,0.00,0.00,0.00,2,0.00,0.00,0.00,0.00,0.00,0.00,0.00,0.00,0.00,0.00,0.00,,,,,,,0.00,0.00,0.00,2,0.00,0.00,50,0,2,25.7932,"Rural",,3.00967,12,"Verdi-Mogul-Some",0.00,0.00,0.00,0.00,0.00,0.00,1,1,0.00,0.00,28.3,58.5,3,25.3,86.8,0.459622,0.00,130.62,0.00,-0.362952,-0.294607,-0.170444,0.338336,0.117089,1.0538,0.00,0.00,0.00,0.234178,28.3,6.9,0.0395629,28.3,2,11.8378,8.11888,0.00,0.00,11.0944,0.00,11.9668,8.46681,0.128058
1306,"Internal",643,1794.00,0.00,209375.00,55.7971,23.4671,20.7358,68,262,135,115,47,4,12,0.00,0.00,0.00,,44,,0.00,0.00,0.00,1,0.00,0.00,0.00,0.00,0.00,0.00,0.00,0.00,0.00,0.00,0.00,0.00,5,0.00,0.00,1,11,61,0.00,0.00,0.00,0.00,,,,,,,0.5,5.5,3.5,8.5,61,0.00,73.2794,0,79,1763.52,"Suburban",1,72.6358,12,"Verdi-Mogul-Some",0.133603,0.366397,1.46964,4.03036,16.2996,44.7004,2.27126,6.22874,0.935223,2.56478,2447.60,4179.50,118.5,2343.40,6641.40,0.479149,2.75832,6106.37,0.45972,-0.345776,-0.294205,-0.157332,0.509433,0.11995,77.128,0.00,0.00,7.31696,9.47607,2447.60,589,2.94876,2447.60,79,11.1249,7.15839,0.673376,0.00,10.6945,0.00,15.9596,12.4596,13.0072
1307,"Internal",257,661,0.00,137071.00,53.5552,20.121,26.3238,44,106,56,27,15,9,0.00,0.00,0.00,0.00,,17,,0.00,0.00,0.00,5,0.00,0.00,0.00,0.00,0.00,0.00,0.00,0.00,114,0.00,2,0.00,0.00,0.00,0.00,5,0.00,0.00,1,0.00,0.00,0.00,,,,,,,2.5,2.5,1,121,0.00,0.00,87.5,0,127,967.841,"Rural",,142.858,12,"Verdi-Mogul-Some",0.3125,2.1875,0.3125,2.1875,0.00,0.00,15.125,105.875,0.125,0.875,1186.50,1670.50,190.5,1002.50,2863.50,0.532678,0.00,3221.05,2.81216,-0.362952,-0.29215,-0.163663,0.978443,0.125857,32.3453,0.00,0.00,0.00,15.9839,1186.50,277.4,1.21434,1186.50,127,10.9952,7.01769,0.00,0.00,10.617,0.00,16.8315,13.3315,5.11121
1308,"Internal",170,393,0.00,93938.00,50.6361,15.7761,33.5878,37,97,13,6,6,8,3,0.00,0.00,0.00,,12,,0.00,5,0.00,0.00,0.00,0.00,0.00,0.00,0.00,0.00,0.00,0.00,0.00,0.00,0.00,0.00,0.00,0.00,0.00,6,0.00,0.00,11,0.00,0.00,0.00,,,,,,,5,0.00,1.2,15.8,0.00,0.00,21.4286,0,22,1118.85,"Suburban",1,57.5724,12,"Verdi-Mogul-Some",3.92857,1.07143,0.00,0.00,0.00,0.00,12.4143,3.38571,0.942857,0.257143,433.2,1105.00,33,400.2,1538.20,0.415791,0.00,4025.36,13.0846,-0.362952,-0.283177,-0.161899,-0.0457039,0.11238,19.1046,0.00,0.00,0.00,2.47237,433.2,107.9,0.717246,433.2,22,11.7216,7.93617,0.829651,0.00,11.034,0.00,12.5345,9.03451,2.63806
1309,"Internal",347,717,0.00,93938.00,32.0781,9.62343,58.2985,106,174,26,25,12,3,1,0.00,0.00,0.00,,19,,0.00,0.00,0.00,0.00,0.00,0.00,0.00,0.00,0.00,0.00,0.00,0.00,0.00,0.00,0.00,0.00,0.00,0.00,0.00,0.00,0.00,0.00,0.00,0.00,0.00,0.00,,,,,,,0.00,0.00,0.00,0.00,0.00,0.00,100,0,0,2148.03,"Suburban",1,0.00,12,"Verdi-Mogul-Some",0.00,0.00,0.00,0.00,0.00,0.00,0.00,0.00,0.00,0.00,659.3,2255.50,0.00,659.3,2914.80,0.350057,0.00,8732.34,0.00,-0.362952,-0.294607,-0.151571,-0.621652,0.105574,36.6341,0.00,0.00,0.00,0.00,659.3,173.5,1.37536,659.3,0.00,10.5604,6.82368,1.37032,0.00,10.3322,0.00,20.1437,16.6437,2.87085
1310,"Internal",0.00,0.00,0.00,89930.00,,,,0.00,0.00,0.00,0.00,0.00,0.00,0.00,0.00,0.00,0.00,,0.00,,0.00,0.00,0.00,0.00,0.00,0.00,0.00,0.00,0.00,0.00,0.00,0.00,0.00,0.00,0.00,0.00,0.00,0.00,0.00,0.00,0.00,0.00,0.00,0.00,0.00,0.00,,,,,,,0.00,0.00,0.00,0.00,0.00,0.00,45.0082,0,0,0.00,"Rural",,0.00,12,"Verdi-Mogul-Some",0.00,0.00,0.00,0.00,0.00,0.00,0.00,0.00,0.00,0.00,0.00,0.00,0.00,0.00,0.00,,0.00,0.00,0.00,-0.362952,-0.294607,-0.170731,,0.00,0.00,0.00,0.00,0.00,0.00,0.00,0.00,0.00,0.00,0.00,10.7898,6.65788,0.00,0.00,10.503,0.00,18.3171,14.8171,
1311,"Internal",151,392,0.00,151178.00,46.9388,27.551,25.5102,27,71,12,25,12,1,3,0.00,0.00,0.00,,12,,0.00,0.00,0.00,0.00,0.00,0.00,0.00,0.00,0.00,0.00,0.00,0.00,0.00,0.00,0.00,0.00,0.00,0.00,0.00,0.00,0.00,0.00,0.00,0.00,0.00,0.00,,,,,,,0.00,0.00,0.00,0.00,0.00,0.00,50,0,0,1531.01,"Suburban",1,0.00,12,"Verdi-Mogul-Some",0.00,0.00,0.00,0.00,0.00,0.00,0.00,0.00,0.00,0.00,286.9,981.5,0.00,286.9,1268.40,0.350057,0.00,4953.89,0.00,-0.362952,-0.294607,-0.159861,-0.621652,0.105391,15.9141,0.00,0.00,0.00,0.00,286.9,75.5,0.597462,286.9,0.00,10.9372,6.99636,0.914547,0.00,10.5801,0.00,17.2376,13.7376,2.29668
1312,"Internal",297,704,0.00,151178.00,53.125,27.8409,19.0341,97,101,42,26,15,12,4,0.00,0.00,0.00,,25,,0.00,0.00,0.00,0.00,0.00,0.00,0.00,0.00,0.00,0.00,0.00,0.00,0.00,0.00,0.00,1,0.00,0.00,0.00,0.00,0.00,0.00,0.00,0.00,0.00,0.00,,,,,,,0.00,0.00,0.00,1,0.00,0.00,38.4615,0,1,5874.26,"Suburban",1,8.32555,12,"Verdi-Mogul-Some",0.00,0.00,0.00,0.00,0.00,0.00,0.615385,0.384615,0.00,0.00,569.9,1930.50,1.5,568.4,2500.40,0.352222,24.9767,20817.21,0.00,-0.207425,-0.294607,-0.125055,-0.602684,0.108802,32.3143,0.00,0.00,0.00,0.108802,569.9,149.7,1.21318,569.9,1,10.8419,7.10369,1.09365,0.00,10.5109,0.00,17.9275,14.4275,4.67394
1313,"Internal",501,887,0.00,126850.00,25.1409,1.69109,73.168,176,294,14,10,2,4,1,0.00,0.00,0.00,,23,,0.00,0.00,0.00,0.00,0.00,0.00,0.00,0.00,0.00,0.00,0.00,0.00,0.00,0.00,0.00,1,0.00,0.00,0.00,0.00,0.00,0.00,0.00,0.00,0.00,0.00,,,,,,,0.00,0.00,0.00,1,0.00,0.00,100,0,1,2671.96,"Suburban",1,3.00703,12,"Verdi-Mogul-Some",0.00,0.00,0.00,0.00,0.00,0.00,0.00,1,0.00,0.00,957.5,3256.50,1.5,956,4214.00,0.351342,9.0211,12671.63,0.00,-0.306778,-0.294607,-0.142927,-0.610388,0.106762,53.4879,0.00,0.00,0.00,0.106762,957.5,251.7,2.0081,957.5,1,10.4361,6.51484,1.1894,0.00,10.2553,0.00,21.2125,17.7125,2.78551
1314,"Internal",98,242,0.00,99028.00,57.438,17.7686,24.7934,19,37,28,9,2,2,1,0.00,0.00,0.00,,5,,2,0.00,0.00,6,0.00,0.00,0.00,0.00,0.00,0.00,0.00,0.00,0.00,0.00,1,5,0.00,0.00,0.00,0.00,0.00,2,0.00,0.00,0.00,0.00,,,,,,,5,3,0.00,6,2,0.00,76.4706,0,16,329.62,"Rural",,19.7435,12,"Verdi-Mogul-Some",1.17647,3.82353,0.705882,2.29412,0.470588,1.52941,1.41176,4.58824,0.00,0.00,281.2,637,24,265,926,0.444218,0.00,1142.65,6.16984,-0.362952,-0.289217,-0.168224,0.203369,0.115396,11.3088,0.00,0.00,0.230793,1.84634,281.2,68.4,0.426244,281.2,16,11.4263,7.79065,0.00,0.00,10.8408,0.00,14.1165,10.6165,1.81443
1315,"Internal",128,317,0.00,126850.00,15.7729,11.9874,72.2397,38,42,19,16,5,7,1,0.00,0.00,0.00,,8,,0.00,0.00,0.00,0.00,0.00,0.00,0.00,0.00,0.00,0.00,0.00,0.00,0.00,0.00,0.00,0.00,0.00,0.00,0.00,0.00,0.00,0.00,0.00,0.00,0.00,0.00,,,,,,,0.00,0.00,0.00,0.00,0.00,0.00,45.0082,0,0,525.353,"Rural",,0.00,12,"Verdi-Mogul-Some",0.00,0.00,0.00,0.00,0.00,0.00,0.00,0.00,0.00,0.00,243.2,832,0.00,243.2,1075.20,0.350057,0.00,1781.89,0.00,-0.362952,-0.294607,-0.166821,-0.621652,0.105238,13.4705,0.00,0.00,0.00,0.00,243.2,64,0.505721,243.2,0.00,10.8837,6.93759,0.00,0.00,10.548,0.00,17.6212,14.1212,0.624098
1316,"Internal",405,709,0.00,88250.00,16.5021,4.93653,78.5614,131,257,6,9,2,0.00,0.00,0.00,0.00,0.00,,20,,0.00,0.00,0.00,0.00,0.00,0.00,0.00,0.00,0.00,0.00,0.00,0.00,0.00,1,0.00,0.00,0.00,0.00,0.00,0.00,0.00,0.00,2,0.00,0.00,0.00,,,,,,,0.00,0.00,0.00,3,0.00,0.00,26.6667,0,3,3370.94,"Suburban",1,14.1694,12,"Verdi-Mogul-Some",0.00,0.00,0.00,0.00,0.00,0.00,2.2,0.8,0.00,0.00,786.3,2632.50,4.5,781.8,3418.80,0.354794,0.00,16147.41,0.00,-0.362952,-0.294607,-0.135301,-0.580141,0.106429,43.1039,0.00,0.00,0.00,0.319288,786.3,206.1,1.61825,786.3,3,10.6944,6.96589,1.13502,0.00,10.4189,0.00,19.0549,15.5549,1.47771
1317,"Internal",0.00,0.00,0.00,89930.00,,,,0.00,0.00,0.00,0.00,0.00,0.00,0.00,0.00,0.00,0.00,,0.00,,0.00,0.00,0.00,0.00,0.00,0.00,0.00,0.00,0.00,0.00,0.00,0.00,0.00,0.00,0.00,0.00,0.00,0.00,0.00,0.00,0.00,0.00,0.00,0.00,0.00,0.00,,,,,,,0.00,0.00,0.00,0.00,0.00,0.00,45.0082,0,0,0.00,"Rural",,0.00,12,"Verdi-Mogul-Some",0.00,0.00,0.00,0.00,0.00,0.00,0.00,0.00,0.00,0.00,0.00,0.00,0.00,0.00,0.00,,0.00,0.00,0.00,-0.362952,-0.294607,-0.170731,,0.00,0.00,0.00,0.00,0.00,0.00,0.00,0.00,0.00,0.00,0.00,11.2588,7.21946,0.00,0.00,10.8054,0.00,15.1103,11.6103,
1318,"Internal",1,2,0.00,126850.00,0.00,0.00,100,0.00,1,0.00,0.00,0.00,0.00,0.00,0.00,0.00,0.00,,0.00,,0.00,0.00,0.00,0.00,0.00,0.00,0.00,0.00,0.00,0.00,0.00,0.00,0.00,0.00,0.00,0.00,0.00,0.00,0.00,0.00,0.00,0.00,0.00,0.00,0.00,0.00,,,,,,,0.00,0.00,0.00,0.00,0.00,0.00,60,0,0,2.82849,"Suburban",1,0.00,12,"Verdi-Mogul-Some",0.00,0.00,0.00,0.00,0.00,0.00,0.00,0.00,0.00,0.00,1.9,6.5,0.00,1.9,8.4,0.350057,0.00,11.8797,0.00,-0.362952,-0.294607,-0.170705,-0.621652,0.105153,0.105153,0.00,0.00,0.00,0.00,1.9,0.5,0.00394774,1.9,0.00,11.5434,7.71705,0.582975,0.00,10.9371,0.00,13.4644,9.96442,0.00
1319,"Internal",2,4,0.00,65395.00,50,25,25,0.00,2,0.00,0.00,0.00,0.00,0.00,0.00,0.00,0.00,,0.00,,0.00,0.00,0.00,9,0.00,0.00,0.00,0.00,0.00,0.00,0.00,0.00,0.00,0.00,0.00,0.00,0.00,0.00,0.00,0.00,1,5,2,0.00,0.00,0.00,,,,,,,4.5,4.5,0.3,2.7,5,0.00,81.4815,0,17,114.766,"Rural",,63.5673,12,"Verdi-Mogul-Some",0.833333,3.66667,0.833333,3.66667,0.925926,4.07407,0.5,2.2,0.0555556,0.244444,141.1,13,25.5,127.3,165.8,0.380693,0.00,619.968,16.8266,-0.362952,-0.279908,-0.169371,-0.353227,0.108406,0.216812,0.00,0.00,0.54203,1.8429,141.1,29.6,0.0120765,141.1,17,11.5853,7.74299,0.0655008,0.00,10.9596,0.00,13.239,9.73895,0.137337
1320,"Internal",1,2,0.00,65395.00,100,0.00,0.00,0.00,1,0.00,0.00,0.00,0.00,0.00,0.00,0.00,0.00,,0.00,,0.00,0.00,0.00,0.00,0.00,0.00,0.00,0.00,0.00,0.00,0.00,0.00,0.00,0.00,0.00,0.00,0.00,0.00,0.00,0.00,90,461,0.00,0.00,0.00,318,,,,,,,0.00,0.00,27,63,461,0.00,14.3541,0,551,10124.30,"Urban",1,6433.22,12,"Verdi-Mogul-Some",0.00,0.00,0.00,0.00,394.828,66.1722,53.9569,9.04306,23.1244,3.8756,9126.60,6.5,826.5,8300.10,9133.10,0.165905,35.0266,106633.78,0.00,-0.144845,-0.294607,0.0632403,-2.23516,0.0949623,0.0949623,0.00,0.00,43.7776,52.3242,9126.60,1998.60,0.321522,9126.60,551,11.658,9.06046,0.00442894,0.00,10.8993,0.00,12.8581,9.35807,3.55983
1321,"Internal",0.00,0.00,0.00,89930.00,,,,0.00,0.00,0.00,0.00,0.00,0.00,0.00,0.00,0.00,0.00,,0.00,,0.00,0.00,0.00,0.00,0.00,0.00,0.00,0.00,0.00,0.00,0.00,0.00,0.00,0.00,0.00,0.00,0.00,0.00,0.00,0.00,73,382,0.00,0.00,0.00,0.00,,,,,,,0.00,0.00,21.9,51.1,382,0.00,45.0082,0,455,18559.33,"Urban",1,11820.30,12,"Verdi-Mogul-Some",0.00,0.00,0.00,0.00,210.069,171.931,28.1008,22.9992,12.0432,9.85679,7552.20,0.00,682.5,6869.70,7552.20,0.164408,103.915,196196.22,0.00,0.284113,-0.294607,0.259754,-2.24827,0.105189,0.00,0.00,0.00,40.1821,47.8609,7552.20,1653.80,0.291843,7552.20,455,11.7092,9.34522,0.349647,0.00,10.901,0.00,12.5967,9.09669,
1322,"Internal",166,390,0.00,65395.00,61.5385,18.2051,20.2564,50,54,31,23,2,5,1,0.00,0.00,0.00,,7,,0.00,0.00,0.00,8,0.00,0.00,0.00,0.00,0.00,0.00,0.00,0.00,0.00,0.00,0.00,0.00,0.00,0.00,0.00,0.00,0.00,0.00,0.00,0.00,0.00,0.00,,,,,,,4,4,0.00,0.00,0.00,0.00,57.1429,0,8,2390.45,"Suburban",1,47.5048,12,"Verdi-Mogul-Some",1.71429,2.28571,1.71429,2.28571,0.00,0.00,0.00,0.00,0.00,0.00,339.4,1079.00,12,337.8,1428.80,0.373738,0.00,8484.36,23.7524,-0.362952,-0.273859,-0.152115,-0.414157,0.108055,17.9371,0.00,0.00,0.00,0.864437,339.4,87,0.673411,339.4,8,11.3555,7.50651,1.17083,0.00,10.8257,0.00,14.5279,11.0279,3.04043
1323,"Internal",0.00,0.00,0.00,89930.00,,,,0.00,0.00,0.00,0.00,0.00,0.00,0.00,0.00,0.00,0.00,,0.00,,0.00,0.00,0.00,0.00,0.00,149,0.00,0.00,0.00,0.00,0.00,0.00,0.00,0.00,0.00,0.00,0.00,1,0.00,0.00,76,393,6,0.00,0.00,0.00,,,,,,,149,1,22.8,59.2,393,0.00,60,0,625,4828.94,"Urban",1,3075.51,12,"Verdi-Mogul-Some",59.6,89.4,0.4,0.6,157.2,235.8,23.68,35.52,9.12,13.68,8258.30,0.00,937.5,7323.40,8260.90,0.201215,0.00,40650.42,733.203,-0.362952,0.345858,-0.0815375,-1.92578,0.0924032,0.00,0.00,0.00,36.3145,57.752,8258.30,1784.70,0.263752,8258.30,625,11.5575,8.85156,1.04309,0.00,10.8356,0.00,13.3882,9.88821,
1324,"Internal",309,819,0.00,157063.00,54.0904,27.1062,18.8034,70,101,53,52,19,13,1,0.00,0.00,0.00,,19,,0.00,0.00,0.00,0.00,0.00,0.00,0.00,0.00,0.00,0.00,0.00,0.00,0.00,0.00,0.00,0.00,0.00,0.00,0.00,0.00,0.00,0.00,0.00,0.00,0.00,0.00,,,,,,,0.00,0.00,0.00,0.00,0.00,0.00,100,0,0,2517.44,"Suburban",1,0.00,12,"Verdi-Mogul-Some",0.00,0.00,0.00,0.00,0.00,0.00,0.00,0.00,0.00,0.00,587.1,2008.50,0.00,587.1,2595.60,0.350057,0.00,7978.35,0.00,-0.362952,-0.294607,-0.153225,-0.621652,0.105537,32.6111,0.00,0.00,0.00,0.00,587.1,154.5,1.22432,587.1,0.00,11.3262,7.429,0.843796,0.00,10.8134,0.00,14.7017,11.2017,5.52951
1325,"Internal",47,98,0.00,157063.00,66.3265,11.2245,22.449,9,29,7,1,0.00,1,0.00,0.00,0.00,0.00,,2,,0.00,0.00,0.00,5,0.00,0.00,0.00,0.00,0.00,0.00,0.00,0.00,0.00,0.00,0.00,0.00,0.00,0.00,0.00,0.00,0.00,0.00,0.00,0.00,0.00,0.00,,,,,,,2.5,2.5,0.00,0.00,0.00,0.00,66.6667,0,5,19.9497,"Rural",,0.942353,12,"Verdi-Mogul-Some",0.833333,1.66667,0.833333,1.66667,0.00,0.00,0.00,0.00,0.00,0.00,104.3,305.5,7.5,103.3,416.3,0.399573,0.00,78.4603,0.471176,-0.362952,-0.294195,-0.170559,-0.187798,0.110409,5.18921,0.00,0.00,0.00,0.552044,104.3,26,0.194819,104.3,5,10.8587,6.83954,0.00,0.00,10.527,0.00,17.8036,14.3036,0.827554
1326,"Internal",365,856,0.00,65395.00,61.5654,14.1355,24.2991,101,154,56,16,18,15,5,0.00,0.00,0.00,,22,,52,0.00,0.00,118,0.00,29,96,0.00,5,137,67,2,0.00,0.00,10,14,0.00,3,0.00,0.00,14,72,6,16,0.00,0.00,,,,,,,305,78,4.2,39.8,214,0.00,57.8947,0,641,3159.32,"Suburban",1,1087.35,12,"Verdi-Mogul-Some",128.421,176.579,32.8421,45.1579,90.1053,123.895,16.7579,23.0421,1.76842,2.43158,6090.70,2372.50,961.5,5332.00,8666.00,0.534172,10.178,14700.38,517.38,-0.299575,0.157333,-0.138476,0.991533,0.127827,46.6568,0.00,0.00,27.3549,81.9369,6090.70,1304.20,1.95031,6090.70,641,11.3335,8.06911,0.863888,0.00,10.7472,0.00,14.6581,11.1581,9.93158
1327,"Internal",0.00,0.00,0.00,89930.00,,,,0.00,0.00,0.00,0.00,0.00,0.00,0.00,0.00,0.00,0.00,,0.00,,0.00,0.00,0.00,0.00,0.00,0.00,0.00,0.00,0.00,0.00,0.00,0.00,0.00,0.00,0.00,0.00,0.00,0.00,0.00,0.00,0.00,0.00,0.00,0.00,0.00,0.00,,,,,,,0.00,0.00,0.00,0.00,0.00,0.00,45.0082,0,0,0.00,"Rural",,0.00,12,"Verdi-Mogul-Some",0.00,0.00,0.00,0.00,0.00,0.00,0.00,0.00,0.00,0.00,0.00,0.00,0.00,0.00,0.00,,0.00,0.00,0.00,-0.362952,-0.294607,-0.170731,,0.00,0.00,0.00,0.00,0.00,0.00,0.00,0.00,0.00,0.00,0.00,11.359,7.62062,0.00,0.00,10.809,0.00,14.5074,11.0074,
1328,"Internal",22,58,0.00,157063.00,24.1379,5.17241,70.6897,4,11,2,2,1,1,1,278,0.00,0.00,,1,,0.00,0.00,0.00,0.00,0.00,0.00,1,0.00,0.00,0.00,0.00,0.00,0.00,0.00,0.00,0.00,0.00,0.00,37,0.00,1,8,0.00,0.00,0.00,0.00,,,,,,,1,0.00,15.1,22.9,8,278,51.6,0,47,417.472,"Rural",,148.876,12,"Verdi-Mogul-Some",0.484,0.516,0.00,0.00,3.872,4.128,11.0836,11.8164,7.3084,7.7916,824.2,143,487.5,336.7,967.2,0.602906,12.6703,3063.67,3.16757,-0.284055,-0.29184,-0.164009,1.59376,0.136116,2.99456,37.8403,0.00,1.08893,6.39747,824.2,89.9,0.314568,824.2,47,11.1951,7.32749,0.112611,0.00,10.7221,0.00,15.5082,12.0082,0.412614
1329,"Internal",156,332,0.00,157063.00,40.0602,14.759,45.1807,43,79,12,18,2,1,1,0.00,0.00,0.00,,5,,0.00,0.00,0.00,0.00,0.00,0.00,0.00,0.00,0.00,0.00,0.00,0.00,0.00,0.00,0.00,0.00,0.00,0.00,0.00,0.00,0.00,0.00,0.00,0.00,0.00,0.00,,,,,,,0.00,0.00,0.00,0.00,0.00,0.00,60,0,0,987.218,"Suburban",1,0.00,12,"Verdi-Mogul-Some",0.00,0.00,0.00,0.00,0.00,0.00,0.00,0.00,0.00,0.00,296.4,1014.00,0.00,296.4,1310.40,0.350057,0.00,3896.54,0.00,-0.362952,-0.294607,-0.162181,-0.621652,0.10534,16.433,0.00,0.00,0.00,0.00,296.4,78,0.616946,296.4,0.00,11.113,7.28456,0.00,0.00,10.6659,0.00,16.0378,12.5378,1.6601
1330,"Internal",19,56,0.00,65395.00,42.8571,33.9286,23.2143,6,4,1,4,2,1,1,0.00,0.00,0.00,,1,,0.00,0.00,0.00,0.00,0.00,0.00,0.00,0.00,0.00,0.00,0.00,0.00,0.00,0.00,34,5,0.00,0.00,0.00,0.00,0.00,0.00,0.00,0.00,0.00,0.00,,,,,,,0.00,0.00,0.00,39,0.00,0.00,45.9016,0,39,214.048,"Rural",,71.2065,12,"Verdi-Mogul-Some",0.00,0.00,0.00,0.00,0.00,0.00,21.0984,17.9016,0.00,0.00,254.5,123.5,58.5,196,378,0.600442,0.00,690.155,0.00,-0.362952,-0.294607,-0.169217,1.57217,0.134165,2.54913,0.00,0.00,0.00,5.23243,254.5,56.3,0.0957021,254.5,39,11.2966,7.57867,0.00,0.00,10.7706,0.00,14.88,11.38,0.488707
1331,"Internal",35,84,0.00,157063.00,75,9.52381,15.4762,0.00,25,8,1,0.00,1,0.00,0.00,0.00,0.00,,1,,0.00,0.00,0.00,5,0.00,0.00,0.00,0.00,0.00,0.00,0.00,0.00,0.00,0.00,0.00,0.00,0.00,0.00,0.00,0.00,0.00,0.00,0.00,0.00,0.00,0.00,,,,,,,2.5,2.5,0.00,0.00,0.00,0.00,33.3333,0,5,435.212,"Rural",,23.6913,12,"Verdi-Mogul-Some",1.66667,0.833333,1.66667,0.833333,0.00,0.00,0.00,0.00,0.00,0.00,81.5,227.5,7.5,80.5,315.5,0.41438,0.00,1494.92,11.8456,-0.362952,-0.284259,-0.167451,-0.0580624,0.112096,3.92336,0.00,0.00,0.00,0.56048,81.5,20,0.147295,81.5,5,10.8889,6.89651,0.00,0.00,10.5432,0.00,17.5836,14.0836,0.811529
1332,"Internal",2,4,0.00,65395.00,50,25,25,0.00,2,0.00,0.00,0.00,0.00,0.00,0.00,0.00,0.00,,0.00,,0.00,0.00,0.00,0.00,0.00,0.00,0.00,0.00,0.00,0.00,0.00,0.00,0.00,0.00,0.00,0.00,0.00,0.00,0.00,0.00,0.00,0.00,0.00,0.00,0.00,0.00,,,,,,,0.00,0.00,0.00,0.00,0.00,0.00,45.0082,0,0,3.92451,"Rural",,0.00,12,"Verdi-Mogul-Some",0.00,0.00,0.00,0.00,0.00,0.00,0.00,0.00,0.00,0.00,3.8,13,0.00,3.8,16.8,0.350057,0.00,16.483,0.00,-0.362952,-0.294607,-0.170695,-0.621652,0.105153,0.210305,0.00,0.00,0.00,0.00,3.8,1,0.0078955,3.8,0.00,10.8542,6.73506,0.00,0.00,10.538,0.00,17.8371,14.3371,0.0249639
1333,"Internal",9,18,0.00,65395.00,50,5.55556,44.4444,1,7,1,0.00,0.00,0.00,0.00,0.00,0.00,0.00,,0.00,,0.00,0.00,0.00,0.00,0.00,0.00,0.00,0.00,0.00,0.00,0.00,0.00,0.00,0.00,0.00,0.00,20,0.00,0.00,0.00,14,71,0.00,0.00,0.00,0.00,,,,,,,0.00,20,4.2,9.8,71,0.00,40.5941,0,105,613.17,"Rural",,352.082,12,"Verdi-Mogul-Some",0.00,0.00,11.8812,8.11881,42.1782,28.8218,5.82178,3.97822,2.49505,1.70495,1483.20,58.5,157.5,1377.70,1593.70,0.241584,20.119,5343.94,0.00,-0.237673,-0.294607,-0.159005,-1.57207,0.0963956,0.86756,0.00,0.00,6.84409,10.1215,1483.20,322.4,0.0822794,1483.20,105,11.1343,7.30698,0.00,0.00,10.6864,0.00,15.8982,12.3982,0.578509
1334,"Internal",1,1,0.00,65395.00,100,0.00,0.00,1,0.00,0.00,0.00,0.00,0.00,0.00,0.00,0.00,0.00,,0.00,,0.00,0.00,0.00,0.00,0.00,0.00,0.00,0.00,0.00,0.00,0.00,0.00,0.00,0.00,0.00,0.00,0.00,0.00,0.00,0.00,0.00,0.00,0.00,0.00,0.00,0.00,,,,,,,0.00,0.00,0.00,0.00,0.00,0.00,57.1429,0,0,1.42779,"Rural",,0.00,12,"Verdi-Mogul-Some",0.00,0.00,0.00,0.00,0.00,0.00,0.00,0.00,0.00,0.00,1.9,6.5,0.00,1.9,8.4,0.350057,0.00,11.9934,0.00,-0.362952,-0.294607,-0.170705,-0.621652,0.105153,0.105153,0.00,0.00,0.00,0.00,1.9,0.5,0.00394774,1.9,0.00,10.4374,6.15361,0.00,0.00,10.2961,0.00,21.2015,17.7015,0.012482
1335,"Internal",312,783,0.00,101721.00,60.5364,27.3308,12.1328,74,107,62,40,27,0.00,2,0.00,0.00,0.00,,20,,0.00,0.00,0.00,10,0.00,0.00,0.00,0.00,5,1,0.00,0.00,0.00,2,7,23,0.00,0.00,0.00,0.00,13,63,24,0.00,0.00,0.00,,,,,,,5,5,3.9,65.1,69,0.00,28.3133,0,148,1305.37,"Suburban",1,190.269,12,"Verdi-Mogul-Some",3.58434,1.41566,3.58434,1.41566,49.4639,19.5361,46.6681,18.4319,2.79578,1.10422,2299.50,2028.00,222,2090.50,4340.50,0.547119,0.00,5580.17,6.42802,-0.362952,-0.288992,-0.158487,1.10497,0.127755,39.8596,0.00,0.00,8.81511,18.9078,2299.50,526.7,1.56047,2299.50,148,11.5508,7.80876,0.853595,0.00,10.9313,0.00,13.4244,9.92436,6.9735
1401,"Internal",0.00,0.00,0.00,89930.00,,,,0.00,0.00,0.00,0.00,0.00,0.00,0.00,0.00,0.00,0.00,,0.00,,0.00,0.00,0.00,0.00,0.00,0.00,0.00,0.00,0.00,0.00,0.00,0.00,0.00,0.00,0.00,0.00,0.00,0.00,0.00,0.00,0.00,0.00,0.00,0.00,0.00,0.00,,,,,,,0.00,0.00,0.00,0.00,0.00,0.00,45.0082,0,0,0.00,"Suburban",1,0.00,10,"NorthReno-NorthS",0.00,0.00,0.00,0.00,0.00,0.00,0.00,0.00,0.00,0.00,0.00,0.00,0.00,0.00,0.00,,0.00,0.00,0.00,-0.362952,-0.294607,-0.170731,,0.00,0.00,0.00,0.00,0.00,0.00,0.00,0.00,0.00,0.00,0.00,12.199,9.04897,0.325312,0.164478,11.2628,0.00,10.3797,6.87966,
1402,"Internal",0.00,0.00,0.00,89930.00,,,,0.00,0.00,0.00,0.00,0.00,0.00,0.00,0.00,0.00,0.00,,0.00,,0.00,0.00,0.00,0.00,0.00,0.00,0.00,0.00,123,112,0.00,0.00,7,0.00,6,0.00,0.00,0.00,0.00,6,22,114,49,0.00,0.00,0.00,,,,,,,0.00,0.00,7.8,82.2,349,0.00,18.1269,0,439,3970.26,"Urban",1,2528.63,10,"NorthReno-NorthS",0.00,0.00,0.00,0.00,285.737,63.2628,67.2997,14.9003,6.3861,1.4139,7030.30,0.00,658.5,6371.80,7030.30,0.169785,34.5598,40494.32,0.00,-0.147752,-0.294607,-0.08188,-2.20116,0.0924074,0.00,0.00,0.00,32.2502,40.5668,7030.30,1538.90,0.234233,7030.30,439,12.202,9.53571,1.1673,0.00,11.2194,0.00,10.3673,6.86734,
1403,"Internal",0.00,0.00,0.00,89930.00,,,,0.00,0.00,0.00,0.00,0.00,0.00,0.00,0.00,0.00,0.00,,0.00,,0.00,0.00,0.00,0.00,0.00,0.00,0.00,1,317,600,0.00,0.00,0.00,37,5,56,0.00,15,11,6,68,350,33,0.00,0.00,0.00,,,,,,,1,15,26,190,1267.00,0.00,28.4176,0,1499,12925.17,"Urban",1,8231.94,10,"NorthReno-NorthS",0.715824,0.284176,10.7374,4.26263,906.949,360.051,136.007,53.9934,18.6114,7.38857,24950.50,0.00,2248.50,22741.00,24989.50,0.163764,32.9497,137232.91,5.49162,-0.157778,-0.28981,0.13038,-2.25392,0.0959319,0.00,0.00,0.00,121.546,143.802,24950.50,5461.90,0.882787,24950.50,1499.00,12.1746,9.60476,1.43613,0.00,11.1927,0.00,10.4789,6.97895,
1404,"Internal",0.00,0.00,0.00,89930.00,,,,0.00,0.00,0.00,0.00,0.00,0.00,0.00,0.00,0.00,0.00,,0.00,,0.00,0.00,0.00,0.00,0.00,0.00,0.00,0.00,0.00,81,0.00,0.00,0.00,9,0.00,0.00,5,0.00,0.00,16,8,42,11,0.00,0.00,0.00,,,,,,,0.00,5,5.6,38.4,123,0.00,41.1765,0,172,4476.16,"Urban",1,2850.83,10,"NorthReno-NorthS",0.00,0.00,2.94118,2.05882,72.3529,50.6471,22.5882,15.8118,3.29412,2.30588,2561.50,0.00,258,2316.50,2574.50,0.180342,0.00,42671.33,0.00,-0.362952,-0.294607,-0.0771033,-2.10866,0.0905751,0.00,0.00,0.00,11.1407,15.5789,2561.50,559.6,0.0809152,2561.50,172,12.1226,9.26053,1.05378,0.00,11.1882,0.00,10.6941,7.19414,
1405,"Internal",546,1339.00,0.00,90882.00,62.0612,20.9111,17.0276,144,201,92,48,42,18,1,0.00,0.00,0.00,,35,,0.00,0.00,0.00,0.00,0.00,0.00,0.00,0.00,21,0.00,0.00,0.00,0.00,1,10,2,6,0.00,0.00,18,14,71,15,0.00,0.00,0.00,,,,,,,0.00,6,7.8,52.2,92,0.00,9.30233,0,158,9224.54,"Urban",1,918.34,10,"NorthReno-NorthS",0.00,0.00,5.44186,0.55814,83.4419,8.55814,47.3442,4.85581,7.07442,0.725581,3111.80,3549.00,237,2890.40,6676.40,0.528742,0.00,38805.08,0.00,-0.362952,-0.294607,-0.0855864,0.943959,0.127394,69.5572,0.00,0.00,11.7203,20.1283,3111.80,725.2,2.69651,3111.80,158,12.0719,9.24281,1.78017,0.00,11.1509,0.00,10.9089,7.40888,11.503
1406,"Internal",183,467,0.00,101623.00,61.4561,23.5546,14.9893,34,85,26,17,14,2,5,0.00,0.00,0.00,,17,,0.00,0.00,0.00,0.00,0.00,0.00,0.00,0.00,0.00,0.00,0.00,0.00,0.00,0.00,0.00,0.00,0.00,0.00,0.00,0.00,0.00,0.00,6,0.00,0.00,0.00,,,,,,,0.00,0.00,0.00,6,0.00,0.00,32.4841,0,6,1513.40,"Suburban",1,19.0596,10,"NorthReno-NorthS",0.00,0.00,0.00,0.00,0.00,0.00,4.05096,1.94904,0.00,0.00,381.3,1189.50,9,372.3,1570.80,0.370353,0.00,4989.80,0.00,-0.362952,-0.294607,-0.159782,-0.443818,0.107523,19.6767,0.00,0.00,0.00,0.645139,381.3,98.7,0.738723,381.3,6,12.0538,9.2776,1.09576,0.00,11.1473,0.00,10.9868,7.4868,3.6334
1407,"Internal",74,170,0.00,88000.00,63.5294,18.2353,18.2353,31,18,9,9,4,1,2,0.00,0.00,0.00,,4,,0.00,0.00,0.00,0.00,0.00,0.00,0.00,0.00,31,535,0.00,0.00,0.00,13,2,0.00,0.00,3,0.00,44,26,137,48,0.00,0.00,0.00,,,,,,,0.00,3,16.6,116.4,703,0.00,23.3333,0,839,23833.90,"Urban",1,13444.62,10,"NorthReno-NorthS",0.00,0.00,2.3,0.7,538.967,164.033,89.24,27.16,12.7267,3.87333,14040.50,481,1258.50,12789.80,14529.30,0.216515,112.172,232825.95,0.00,0.33553,-0.294607,0.340126,-1.79172,0.11342,8.39311,0.00,0.00,79.7346,95.1598,14040.50,3080.40,0.894215,14040.50,839,12.1166,9.39624,1.85097,0.00,11.1738,0.00,10.7193,7.21933,8.09667
1408,"Internal",457,1198.00,0.00,90882.00,58.6811,23.2053,18.1135,86,186,84,49,31,10,11,564,0.00,0.00,,35,,0.00,0.00,0.00,6,0.00,0.00,0.00,0.00,0.00,25,0.00,0.00,0.00,2,0.00,1,0.00,0.00,53,57,0.00,0.00,6,0.00,0.00,0.00,,,,,,,3,3,32.6,86.4,25,564,50,0,150,5356.46,"Suburban",1,560.487,10,"NorthReno-NorthS",1.5,1.5,1.5,1.5,12.5,12.5,43.2,43.2,16.3,16.3,2866.20,2970.50,1071.00,1803.00,5844.50,0.612927,37.3658,21838.44,11.2097,-0.130279,-0.284815,-0.122814,1.68157,0.141562,64.6939,79.8411,0.00,3.53906,21.2343,2866.20,476.8,2.86433,2866.20,150,11.8725,8.6285,2.07345,0.00,11.0771,0.00,11.8027,8.30268,10.1176
1409,"Internal",398,1026.00,0.00,88065.00,59.8441,26.1209,14.0351,105,137,49,60,25,19,3,0.00,0.00,0.00,,33,,0.00,0.00,0.00,0.00,0.00,0.00,0.00,0.00,0.00,0.00,1,0.00,0.00,0.00,0.00,0.00,0.00,0.00,0.00,0.00,6,28,31,0.00,0.00,0.00,,,,,,,1,0.00,1.8,35.2,28,0.00,75,0,66,6326.66,"Urban",1,369.643,10,"NorthReno-NorthS",0.25,0.75,0.00,0.00,7,21,8.8,26.4,0.45,1.35,1490.00,2587.00,99,1391.00,4077.00,0.48037,16.802,22833.86,5.60065,-0.258328,-0.289715,-0.12063,0.52013,0.122514,48.7606,0.00,0.00,3.43039,8.08592,1490.00,358.7,1.85553,1490.00,66,11.975,8.88321,1.81424,0.00,11.1184,0.00,11.3331,7.83314,8.39055
1410,"Internal",146,414,0.00,94659.00,57.7295,30.1932,12.0773,26,57,19,15,20,6,3,0.00,0.00,0.00,,11,,0.00,0.00,0.00,0.00,0.00,0.00,0.00,0.00,0.00,0.00,0.00,0.00,0.00,13,0.00,0.00,0.00,0.00,0.00,0.00,0.00,0.00,0.00,0.00,0.00,0.00,,,,,,,0.00,0.00,0.00,13,0.00,0.00,50,0,13,3788.05,"Suburban",1,113.359,10,"NorthReno-NorthS",0.00,0.00,0.00,0.00,0.00,0.00,6.5,6.5,0.00,0.00,350.2,949,19.5,330.7,1299.20,0.401427,26.1598,11328.95,0.00,-0.200058,-0.294607,-0.145873,-0.171555,0.113809,16.6161,0.00,0.00,0.00,1.47952,350.2,88.6,0.623818,350.2,13,11.8546,8.67379,2.05063,0.00,11.0585,0.00,11.8869,8.38695,3.10198
1411,"Internal",143,433,0.00,94659.00,71.5935,18.4758,9.93072,22,38,31,28,15,8,1,0.00,0.00,0.00,,10,,0.00,0.00,0.00,0.00,0.00,0.00,0.00,0.00,0.00,0.00,0.00,0.00,0.00,0.00,0.00,0.00,0.00,0.00,0.00,0.00,0.00,0.00,0.00,0.00,0.00,0.00,,,,,,,0.00,0.00,0.00,0.00,0.00,0.00,68,0,0,9656.81,"Suburban",1,0.00,10,"NorthReno-NorthS",0.00,0.00,0.00,0.00,0.00,0.00,0.00,0.00,0.00,0.00,271.7,929.5,0.00,271.7,1201.20,0.350057,0.00,26789.29,0.00,-0.362952,-0.294607,-0.111951,-0.621652,0.106451,15.2225,0.00,0.00,0.00,0.00,271.7,71.5,0.571499,271.7,0.00,11.8957,8.70952,2.06919,0.00,11.0781,0.00,11.6945,8.19446,3.86941
1412,"Internal",1,2,0.00,101623.00,100,0.00,0.00,0.00,1,0.00,0.00,0.00,0.00,0.00,81,0.00,0.00,,0.00,,0.00,0.00,0.00,0.00,0.00,0.00,0.00,0.00,0.00,0.00,0.00,0.00,0.00,0.00,0.00,0.00,0.00,0.00,0.00,0.00,0.00,0.00,30,0.00,0.00,0.00,,,,,,,0.00,0.00,0.00,30,0.00,81,45.0082,0,30,56.997,"Rural",,34.8224,10,"NorthReno-NorthS",0.00,0.00,0.00,0.00,0.00,0.00,16.4975,13.5025,0.00,0.00,291.4,6.5,166.5,124.9,297.9,0.511355,0.00,345.786,0.00,-0.362952,-0.294607,-0.169972,0.791614,0.123132,0.123132,9.97371,0.00,0.00,3.69397,291.4,36.5,0.0558178,291.4,30,11.7107,8.13452,0.496176,0.00,11.0041,0.00,12.5893,9.0893,0.279307
1413,"Internal",199,591,0.00,97019.00,65.6514,26.5651,7.78342,40,55,32,37,20,8,7,0.00,0.00,0.00,,13,,0.00,0.00,0.00,1,0.00,0.00,0.00,0.00,0.00,0.00,0.00,0.00,0.00,0.00,0.00,0.00,1,0.00,0.00,0.00,0.00,0.00,1,0.00,0.00,0.00,,,,,,,0.5,1.5,0.00,1,0.00,0.00,46.4286,0,3,5712.98,"Urban",1,28.7706,10,"NorthReno-NorthS",0.267857,0.232143,0.803571,0.696429,0.00,0.00,0.535714,0.464286,0.00,0.00,389.7,1293.50,4.5,389.1,1687.10,0.358972,28.7706,16179.63,4.7951,-0.183801,-0.290418,-0.13523,-0.543535,0.109668,21.8239,0.00,0.00,0.00,0.329003,389.7,101.7,0.819334,389.7,3,11.8781,8.57112,1.35326,0.00,11.0752,0.00,11.7766,8.27656,4.86941
1414,"Internal",111,339,0.00,94659.00,53.0973,31.2684,15.6342,24,22,23,23,9,5,5,0.00,0.00,0.00,,12,,0.00,0.00,0.00,0.00,0.00,0.00,0.00,0.00,0.00,0.00,0.00,0.00,0.00,0.00,0.00,0.00,0.00,0.00,0.00,0.00,0.00,0.00,0.00,0.00,0.00,0.00,,,,,,,0.00,0.00,0.00,0.00,0.00,0.00,45.0082,0,0,6724.64,"Urban",1,0.00,10,"NorthReno-NorthS",0.00,0.00,0.00,0.00,0.00,0.00,0.00,0.00,0.00,0.00,210.9,721.5,0.00,210.9,932.4,0.350057,0.00,18495.75,0.00,-0.362952,-0.294607,-0.130148,-0.621652,0.106047,11.7713,0.00,0.00,0.00,0.00,210.9,55.5,0.441929,210.9,0.00,11.6461,8.14975,1.78917,0.00,10.9571,0.00,12.9197,9.41967,2.24675
1415,"Internal",217,499,0.00,91227.00,54.509,15.2305,30.2605,74,80,26,13,14,5,5,0.00,0.00,0.00,,13,,0.00,0.00,0.00,0.00,0.00,0.00,0.00,0.00,0.00,0.00,0.00,0.00,0.00,0.00,0.00,0.00,0.00,0.00,0.00,0.00,0.00,0.00,0.00,0.00,0.00,0.00,,,,,,,0.00,0.00,0.00,0.00,0.00,0.00,75,0,0,8936.57,"Urban",1,0.00,10,"NorthReno-NorthS",0.00,0.00,0.00,0.00,0.00,0.00,0.00,0.00,0.00,0.00,412.3,1410.50,0.00,412.3,1822.80,0.350057,0.00,32644.44,0.00,-0.362952,-0.294607,-0.0991038,-0.621652,0.106737,23.1619,0.00,0.00,0.00,0.00,412.3,108.5,0.869568,412.3,0.00,11.7046,8.23169,1.93763,0.00,10.9907,0.00,12.62,9.12003,3.39509
1416,"Internal",57,173,0.00,67031.00,54.9133,32.3699,12.7168,11,16,8,10,8,2,2,0.00,0.00,0.00,,4,,1,0.00,0.00,0.00,0.00,0.00,0.00,0.00,6,29,0.00,0.00,0.00,5,0.00,1,0.00,0.00,0.00,0.00,10,51,0.00,0.00,0.00,0.00,,,,,,,1,0.00,3,13,86,0.00,33.758,0,103,1632.87,"Suburban",1,502.464,10,"NorthReno-NorthS",0.66242,0.33758,0.00,0.00,56.9682,29.0318,8.61146,4.38854,1.98726,1.01274,1809.10,370.5,154.5,1654.60,2179.60,0.389802,19.5132,10632.72,4.87829,-0.241446,-0.290346,-0.147401,-0.273413,0.111819,6.3737,0.00,0.00,9.61647,11.5174,1809.10,400.8,0.309132,1809.10,103,11.7798,8.47047,1.91576,0.00,11.0269,0.00,12.2461,8.74615,2.02202
1417,"Internal",332,840,0.00,91227.00,58.0952,22.0238,19.881,74,131,47,50,21,5,4,0.00,0.00,0.00,,23,,0.00,0.00,0.00,6,0.00,0.00,0.00,0.00,0.00,0.00,0.00,0.00,0.00,0.00,0.00,1,1,1,0.00,8,1,8,0.00,0.00,0.00,0.00,,,,,,,3,5,1.9,8.1,8,0.00,18.5185,0,26,4641.22,"Urban",1,136.999,10,"NorthReno-NorthS",2.44444,0.555556,4.07407,0.925926,6.51852,1.48148,6.6,1.5,1.54815,0.351852,860.4,2158.00,39,834.4,3031.40,0.417294,21.0767,15973.01,15.8076,-0.231709,-0.280799,-0.135684,-0.0325296,0.115307,38.2819,0.00,0.00,0.922455,2.99798,860.4,214.8,1.44392,860.4,26,11.6839,8.17216,1.84108,0.00,10.9813,0.00,12.725,9.22504,6.28335
1418,"Internal",317,829,0.00,97019.00,66.9481,22.4367,10.6152,71,106,64,45,17,9,5,0.00,0.00,0.00,,25,,0.00,0.00,0.00,0.00,0.00,0.00,0.00,1,0.00,0.00,3,0.00,0.00,0.00,6,0.00,0.00,0.00,0.00,0.00,1,9,0.00,0.00,0.00,0.00,,,,,,,4,0.00,0.3,6.7,9,0.00,53.3333,0,20,8740.92,"Urban",1,203.182,10,"NorthReno-NorthS",1.86667,2.13333,0.00,0.00,4.2,4.8,3.12667,3.57333,0.14,0.16,821.8,2060.50,30,791.8,2882.30,0.413371,81.2728,29281.59,40.6364,0.143124,-0.25911,-0.106482,-0.0669011,0.121904,38.6436,0.00,0.00,1.09714,2.43808,821.8,205.8,1.45876,821.8,20,11.7498,8.5071,1.8104,0.00,11.0036,0.00,12.3941,8.89414,7.10114
1419,"Internal",356,1058.00,0.00,128125.00,61.7202,28.6389,9.64083,55,107,75,65,31,12,11,0.00,0.00,0.00,,27,,0.00,0.00,0.00,5,0.00,0.00,0.00,0.00,0.00,0.00,0.00,0.00,0.00,0.00,7,9,1,0.00,0.00,0.00,0.00,0.00,0.00,0.00,0.00,0.00,,,,,,,2.5,3.5,0.00,16,0.00,0.00,33.3333,0,22,11130.30,"Urban",1,224.125,10,"NorthReno-NorthS",1.66667,0.833333,2.33333,1.16667,0.00,0.00,10.6667,5.33333,0.00,0.00,784,2314.00,33,760.1,3107.10,0.385395,71.3126,31653.63,25.4688,0.0811031,-0.272359,-0.101278,-0.312022,0.117719,41.9081,0.00,0.00,0.00,2.58983,784,200.2,1.57336,784,22,11.6909,8.43699,1.81349,0.00,10.9678,0.00,12.6892,9.18921,8.32079
1420,"Internal",0.00,0.00,0.00,89930.00,,,,0.00,0.00,0.00,0.00,0.00,0.00,0.00,0.00,0.00,0.00,,0.00,,0.00,0.00,0.00,0.00,0.00,0.00,0.00,0.00,0.00,0.00,0.00,0.00,0.00,0.00,0.00,0.00,0.00,0.00,0.00,0.00,0.00,0.00,0.00,0.00,0.00,0.00,,,,,,,0.00,0.00,0.00,0.00,0.00,0.00,45.0082,0,0,0.00,"Urban",1,0.00,10,"NorthReno-NorthS",0.00,0.00,0.00,0.00,0.00,0.00,0.00,0.00,0.00,0.00,0.00,0.00,0.00,0.00,0.00,,0.00,0.00,0.00,-0.362952,-0.294607,-0.170731,,0.00,0.00,0.00,0.00,0.00,0.00,0.00,0.00,0.00,0.00,0.00,11.7388,8.30549,1.29506,0.00,10.9991,0.00,12.4485,8.94845,
1421,"Internal",3,6,0.00,94118.00,16.6667,50,33.3333,0.00,3,0.00,0.00,0.00,0.00,0.00,0.00,0.00,0.00,,0.00,,0.00,0.00,0.00,0.00,0.00,0.00,0.00,0.00,0.00,0.00,0.00,0.00,0.00,0.00,0.00,0.00,0.00,0.00,0.00,0.00,0.00,0.00,0.00,0.00,0.00,0.00,,,,,,,0.00,0.00,0.00,0.00,0.00,0.00,45.0082,0,0,6.04211,"Rural",,0.00,10,"NorthReno-NorthS",0.00,0.00,0.00,0.00,0.00,0.00,0.00,0.00,0.00,0.00,5.7,19.5,0.00,5.7,25.2,0.350057,3.02106,25.3769,0.00,-0.34414,-0.294607,-0.170675,-0.621652,0.10544,0.316319,0.00,0.00,0.00,0.00,5.7,1.5,0.0118756,5.7,0.00,11.4481,7.62606,0.00,0.00,10.861,0.00,13.9927,10.4927,0.012482
1422,"Internal",0.00,0.00,0.00,89930.00,,,,0.00,0.00,0.00,0.00,0.00,0.00,0.00,0.00,0.00,0.00,,0.00,,0.00,0.00,0.00,0.00,0.00,0.00,0.00,0.00,0.00,0.00,0.00,0.00,0.00,0.00,0.00,0.00,0.00,0.00,0.00,0.00,0.00,0.00,0.00,0.00,0.00,0.00,,,,,,,0.00,0.00,0.00,0.00,0.00,0.00,45.0082,0,0,0.00,"Urban",1,0.00,10,"NorthReno-NorthS",0.00,0.00,0.00,0.00,0.00,0.00,0.00,0.00,0.00,0.00,0.00,0.00,0.00,0.00,0.00,,0.00,0.00,0.00,-0.362952,-0.294607,-0.170731,,0.00,0.00,0.00,0.00,0.00,0.00,0.00,0.00,0.00,0.00,0.00,11.7202,8.22101,1.0875,0.00,10.9789,0.00,12.5414,9.04143,
1423,"Internal",389,1039.00,0.00,128125.00,54.4755,35.8999,9.62464,82,154,32,71,34,13,3,0.00,0.00,0.00,,33,,0.00,0.00,0.00,0.00,0.00,0.00,0.00,0.00,0.00,0.00,0.00,0.00,0.00,0.00,0.00,0.00,0.00,0.00,0.00,0.00,0.00,0.00,0.00,0.00,0.00,0.00,,,,,,,0.00,0.00,0.00,0.00,0.00,0.00,45.0082,0,0,5929.39,"Suburban",1,0.00,10,"NorthReno-NorthS",0.00,0.00,0.00,0.00,0.00,0.00,0.00,0.00,0.00,0.00,739.1,2528.50,0.00,739.1,3267.60,0.350057,22.8273,18647.62,0.00,-0.220809,-0.294607,-0.129815,-0.621652,0.108254,42.1109,0.00,0.00,0.00,0.00,739.1,194.5,1.58097,739.1,0.00,11.4829,7.78517,1.30397,0.00,10.867,0.00,13.7973,10.2973,7.06479
1424,"Internal",0.00,0.00,0.00,89930.00,,,,0.00,0.00,0.00,0.00,0.00,0.00,0.00,0.00,0.00,0.00,,0.00,,0.00,0.00,0.00,0.00,0.00,0.00,0.00,0.00,0.00,0.00,0.00,0.00,0.00,0.00,0.00,0.00,0.00,0.00,0.00,0.00,0.00,0.00,0.00,0.00,0.00,0.00,,,,,,,0.00,0.00,0.00,0.00,0.00,0.00,78.5714,0,0,0.00,"Urban",1,0.00,10,"NorthReno-NorthS",0.00,0.00,0.00,0.00,0.00,0.00,0.00,0.00,0.00,0.00,0.00,0.00,0.00,0.00,0.00,,0.00,0.00,0.00,-0.362952,-0.294607,-0.170731,,0.00,0.00,0.00,0.00,0.00,0.00,0.00,0.00,0.00,0.00,0.00,11.5984,8.01426,1.1948,0.00,10.9282,0.00,13.1692,9.66915,
1425,"Internal",0.00,0.00,0.00,89930.00,,,,0.00,0.00,0.00,0.00,0.00,0.00,0.00,0.00,0.00,0.00,,0.00,,0.00,0.00,0.00,0.00,0.00,0.00,0.00,0.00,0.00,0.00,0.00,0.00,0.00,0.00,0.00,0.00,0.00,0.00,0.00,0.00,0.00,0.00,0.00,0.00,0.00,0.00,,,,,,,0.00,0.00,0.00,0.00,0.00,0.00,45.0082,0,0,0.00,"Suburban",1,0.00,10,"NorthReno-NorthS",0.00,0.00,0.00,0.00,0.00,0.00,0.00,0.00,0.00,0.00,0.00,0.00,0.00,0.00,0.00,,0.00,0.00,0.00,-0.362952,-0.294607,-0.170731,,0.00,0.00,0.00,0.00,0.00,0.00,0.00,0.00,0.00,0.00,0.00,11.4421,7.78691,0.00,0.00,10.8502,0.00,14.0264,10.5264,
1426,"Internal",0.00,0.00,0.00,89930.00,,,,0.00,0.00,0.00,0.00,0.00,0.00,0.00,0.00,0.00,0.00,,0.00,,0.00,0.00,0.00,0.00,0.00,0.00,0.00,0.00,0.00,0.00,0.00,0.00,0.00,0.00,0.00,0.00,0.00,0.00,0.00,0.00,0.00,0.00,0.00,0.00,0.00,0.00,,,,,,,0.00,0.00,0.00,0.00,0.00,0.00,45.0082,0,0,0.00,"Suburban",1,0.00,10,"NorthReno-NorthS",0.00,0.00,0.00,0.00,0.00,0.00,0.00,0.00,0.00,0.00,0.00,0.00,0.00,0.00,0.00,,0.00,0.00,0.00,-0.362952,-0.294607,-0.170731,,0.00,0.00,0.00,0.00,0.00,0.00,0.00,0.00,0.00,0.00,0.00,11.6221,8.01279,0.659299,0.00,10.9314,0.00,13.0447,9.54474,
1427,"Internal",1,5,0.00,101623.00,40,20,40,0.00,0.00,0.00,0.00,1,0.00,0.00,0.00,0.00,0.00,,0.00,,0.00,0.00,0.00,0.00,0.00,0.00,0.00,0.00,0.00,0.00,0.00,0.00,0.00,0.00,0.00,0.00,0.00,0.00,0.00,0.00,0.00,0.00,0.00,0.00,0.00,0.00,,,,,,,0.00,0.00,0.00,0.00,0.00,0.00,45.0082,0,0,18.9781,"Rural",,0.00,10,"NorthReno-NorthS",0.00,0.00,0.00,0.00,0.00,0.00,0.00,0.00,0.00,0.00,1.9,6.5,0.00,1.9,8.4,0.350057,26.5694,31.8832,0.00,-0.197508,-0.294607,-0.170661,-0.621652,0.107698,0.107698,0.00,0.00,0.00,0.00,1.9,0.5,0.00404331,1.9,0.00,11.6575,8.07834,0.00,0.00,10.9511,0.00,12.8606,9.3606,0.0249639
1428,"Internal",0.00,0.00,0.00,89930.00,,,,0.00,0.00,0.00,0.00,0.00,0.00,0.00,2001.00,0.00,0.00,,0.00,,0.00,0.00,0.00,0.00,0.00,0.00,0.00,0.00,0.00,0.00,0.00,0.00,0.00,0.00,0.00,0.00,0.00,0.00,171,0.00,0.00,0.00,0.00,0.00,0.00,0.00,,,,,,,0.00,0.00,68.4,102.6,0.00,2001.00,45.0082,0,171,1915.35,"Suburban",1,1219.87,10,"NorthReno-NorthS",0.00,0.00,0.00,0.00,0.00,0.00,56.4216,46.1784,37.6144,30.7856,3959.10,0.00,3258.00,701.1,3959.10,0.291453,42.8025,28243.20,0.00,-0.096426,-0.294607,-0.108761,-1.13513,0.104488,0.00,209.081,0.00,0.00,17.8675,3959.10,205.2,1.07321,3959.10,171,11.4571,7.77796,0.937018,0.00,10.8378,0.00,13.9416,10.4416,
1429,"Internal",133,337,0.00,144412.00,56.9733,27.003,16.0237,21,65,20,16,5,5,1,0.00,0.00,0.00,,15,,2,0.00,0.00,15,0.00,0.00,0.00,0.00,64,0.00,1,14,0.00,0.00,0.00,0.00,0.00,39,0.00,44,7,33,10,0.00,0.00,0.00,,,,,,,24.5,46.5,10.9,50.1,97,0.00,22.449,0,229,1005.30,"Suburban",1,330.502,10,"NorthReno-NorthS",19,5.5,36.0612,10.4388,75.2245,21.7755,38.8531,11.2469,8.45306,2.44694,2621.20,864.5,343.5,2398.60,3606.60,0.49117,0.00,5205.19,35.3594,-0.362952,-0.26372,-0.15931,0.614759,0.121012,16.0946,0.00,0.00,11.7382,27.7118,2621.20,572.9,0.689496,2621.20,229,11.2481,8.05419,0.970947,0.00,10.6921,0.00,15.1767,11.6767,3.91585
1430,"Internal",288,761,0.00,128125.00,54.2707,36.3995,9.32983,63,113,26,48,29,6,3,0.00,0.00,0.00,,21,,0.00,0.00,0.00,0.00,0.00,0.00,0.00,0.00,0.00,0.00,0.00,0.00,0.00,0.00,0.00,0.00,0.00,0.00,0.00,0.00,0.00,0.00,0.00,0.00,0.00,0.00,,,,,,,0.00,0.00,0.00,0.00,0.00,0.00,45.0082,0,0,5859.23,"Suburban",1,0.00,10,"NorthReno-NorthS",0.00,0.00,0.00,0.00,0.00,0.00,0.00,0.00,0.00,0.00,547.2,1872.00,0.00,547.2,2419.20,0.350057,0.00,18626.36,0.00,-0.362952,-0.294607,-0.129862,-0.621652,0.106054,30.5435,0.00,0.00,0.00,0.00,547.2,144,1.14669,547.2,0.00,11.4016,7.68608,0.680497,0.00,10.8084,0.00,14.2584,10.7584,5.15505
1431,"Internal",80,220,0.00,144412.00,62.7273,23.1818,14.0909,3,48,5,18,3,2,1,0.00,0.00,0.00,,9,,0.00,0.00,0.00,0.00,0.00,0.00,0.00,0.00,0.00,0.00,0.00,0.00,0.00,0.00,0.00,0.00,2,0.00,0.00,0.00,0.00,0.00,0.00,0.00,0.00,0.00,,,,,,,0.00,2,0.00,0.00,0.00,0.00,28.8462,0,2,929.022,"Suburban",1,8.3268,10,"NorthReno-NorthS",0.00,0.00,1.42308,0.576923,0.00,0.00,0.00,0.00,0.00,0.00,158,520,3,160.2,683.2,0.365688,0.00,2844.43,0.00,-0.362952,-0.294607,-0.16449,-0.484696,0.106925,8.554,0.00,0.00,0.00,0.21385,158,41,0.321143,158,2,11.0469,7.37949,0.903701,0.00,10.6025,0.00,16.4781,12.9781,1.7354
1432,"Internal",0.00,0.00,0.00,89930.00,,,,0.00,0.00,0.00,0.00,0.00,0.00,0.00,0.00,0.00,0.00,,0.00,,0.00,0.00,0.00,0.00,0.00,0.00,0.00,8,0.00,0.00,0.00,0.00,0.00,0.00,0.00,0.00,0.00,0.00,0.00,0.00,0.00,0.00,0.00,0.00,0.00,0.00,,,,,,,8,0.00,0.00,0.00,0.00,0.00,100,0,8,70.8413,"Suburban",1,45.1183,10,"NorthReno-NorthS",0.00,8,0.00,0.00,0.00,0.00,0.00,0.00,0.00,0.00,24,0.00,12,12,24,0.5,45.1183,135.355,45.1183,-0.0820056,-0.255195,-0.170434,0.692123,0.126718,0.00,0.00,0.00,0.00,1.01375,24,4,0.00,24,8,11.555,7.88348,0.176166,0.00,10.8978,0.00,13.4017,9.90167,
1433,"Internal",38,114,0.00,101623.00,64.9123,16.6667,18.4211,8,8,7,7,7,1,0.00,0.00,0.00,0.00,,5,,0.00,0.00,0.00,0.00,0.00,0.00,0.00,0.00,0.00,0.00,0.00,0.00,0.00,0.00,0.00,0.00,0.00,5,0.00,0.00,0.00,0.00,0.00,0.00,0.00,0.00,,,,,,,0.00,5,0.00,0.00,0.00,0.00,45.0082,0,5,163.206,"Rural",,6.69698,10,"NorthReno-NorthS",0.00,0.00,2.74959,2.25041,0.00,0.00,0.00,0.00,0.00,0.00,87.2,247,7.5,92.7,347.2,0.42215,0.00,465.038,0.00,-0.362952,-0.294607,-0.16971,0.010018,0.112899,4.29017,0.00,0.00,0.00,0.564496,87.2,21.5,0.161066,87.2,5,11.1399,7.25874,0.00,0.00,10.6738,0.00,15.8621,12.3621,0.954826
1434,"Internal",490,1190.00,0.00,114643.00,66.8067,24.4538,8.7395,122,201,68,63,14,14,8,0.00,0.00,0.00,,33,,0.00,0.00,0.00,0.00,0.00,0.00,0.00,0.00,0.00,0.00,0.00,0.00,0.00,0.00,10,0.00,0.00,0.00,0.00,0.00,0.00,0.00,0.00,0.00,0.00,0.00,,,,,,,0.00,0.00,0.00,10,0.00,0.00,81.8182,0,10,5322.82,"Urban",1,44.1471,10,"NorthReno-NorthS",0.00,0.00,0.00,0.00,0.00,0.00,1.81818,8.18182,0.00,0.00,987,3185.00,15,972,4172.00,0.362892,0.00,18418.16,0.00,-0.362952,-0.294607,-0.130318,-0.50919,0.107394,52.6229,0.00,0.00,0.00,1.07394,987,257,1.97562,987,10,11.1505,7.82928,1.56031,0.00,10.6584,0.00,15.7933,12.2933,9.98615
1435,"Internal",0.00,0.00,0.00,89930.00,,,,0.00,0.00,0.00,0.00,0.00,0.00,0.00,0.00,0.00,0.00,,0.00,,0.00,0.00,0.00,0.00,0.00,0.00,0.00,0.00,0.00,0.00,0.00,0.00,0.00,0.00,0.00,0.00,0.00,0.00,0.00,0.00,0.00,0.00,0.00,0.00,0.00,0.00,,,,,,,0.00,0.00,0.00,0.00,0.00,0.00,45.0082,0,0,0.00,"Suburban",1,0.00,10,"NorthReno-NorthS",0.00,0.00,0.00,0.00,0.00,0.00,0.00,0.00,0.00,0.00,0.00,0.00,0.00,0.00,0.00,,0.00,0.00,0.00,-0.362952,-0.294607,-0.170731,,0.00,0.00,0.00,0.00,0.00,0.00,0.00,0.00,0.00,0.00,0.00,11.5282,7.91024,0.461025,0.00,10.8762,0.00,13.5473,10.0473,
1436,"Internal",376,850,0.00,90071.00,69.6471,24.7059,5.64706,118,145,60,23,14,12,4,0.00,0.00,0.00,,33,,0.00,0.00,0.00,0.00,0.00,0.00,0.00,0.00,0.00,0.00,0.00,0.00,0.00,0.00,13,0.00,0.00,0.00,0.00,0.00,0.00,0.00,0.00,0.00,0.00,0.00,,,,,,,0.00,0.00,0.00,13,0.00,0.00,66.6667,0,13,7380.79,"Suburban",1,110.236,10,"NorthReno-NorthS",0.00,0.00,0.00,0.00,0.00,0.00,4.33333,8.66667,0.00,0.00,787.2,2444.00,19.5,767.7,3231.20,0.371411,0.00,27399.46,0.00,-0.362952,-0.294607,-0.110612,-0.434549,0.108744,40.8876,0.00,0.00,0.00,1.41367,787.2,203.6,1.53504,787.2,13,11.4261,8.16953,1.31391,0.00,10.8104,0.00,14.118,10.618,7.48503
1437,"Internal",224,543,0.00,114643.00,65.7459,24.8619,9.39227,72,68,42,14,17,9,2,0.00,0.00,0.00,,21,,0.00,0.00,0.00,0.00,0.00,0.00,0.00,0.00,102,9,0.00,0.00,0.00,0.00,2,0.00,0.00,0.00,0.00,165,14,75,5,0.00,0.00,0.00,,,,,,,0.00,0.00,37.2,148.8,186,0.00,18.1818,0,372,12954.19,"Urban",1,4275.59,10,"NorthReno-NorthS",0.00,0.00,0.00,0.00,152.182,33.8182,121.745,27.0545,30.4364,6.76364,4945.40,1456.00,558,4387.40,6401.40,0.47092,0.00,73574.62,0.00,-0.362952,-0.294607,-0.00929665,0.437334,0.12237,27.4109,0.00,0.00,22.7609,45.5217,4945.40,1097.80,1.1944,4945.40,372,11.3432,8.05731,1.50441,0.00,10.7548,0.00,14.6005,11.1005,6.96237
1438,"Internal",77,231,0.00,101623.00,55.8442,24.6753,19.4805,7,27,9,29,3,2,0.00,448,0.00,0.00,,7,,0.00,0.00,0.00,1,0.00,0.00,0.00,0.00,0.00,0.00,0.00,0.00,0.00,0.00,1,5,0.00,0.00,48,0.00,0.00,0.00,0.00,0.00,0.00,0.00,,,,,,,0.5,0.5,19.2,34.8,0.00,448,50,0,55,785.484,"Suburban",1,136.129,10,"NorthReno-NorthS",0.25,0.25,0.25,0.25,0.00,0.00,17.4,17.4,9.6,9.6,1123.70,500.5,754.5,370.5,1625.50,0.637793,0.00,4023.24,1.23754,-0.362952,-0.293526,-0.161903,1.89944,0.13923,10.7207,62.3748,0.00,0.00,7.65763,1123.70,103.8,0.722656,1123.70,55,11.2573,7.6331,0.613427,0.00,10.7197,0.00,15.1197,11.6197,1.96307
1439,"Internal",114,294,19,101623.00,54.0816,31.2925,14.6258,27,41,16,23,2,0.00,5,0.00,0.00,0.00,,11,,0.00,0.00,0.00,1,0.00,0.00,0.00,1,18,3,0.00,0.00,0.00,0.00,0.00,1,0.00,0.00,0.00,0.00,0.00,0.00,1,0.00,0.00,0.00,,,,,,,1.5,0.5,0.00,2,21,0.00,20,0,25,1878.82,"Suburban",1,140.946,10,"NorthReno-NorthS",1.2,0.3,0.4,0.1,16.8,4.2,1.6,0.4,0.00,0.00,626.5,741,37.5,590.3,1368.80,0.52021,0.00,7717.06,8.45674,-0.362952,-0.28722,-0.153798,0.869198,0.124603,14.2047,0.00,0.00,2.61665,3.11506,626.5,146.5,0.552291,626.5,25,11.5436,7.98159,0.437859,0.00,10.8841,0.00,13.4635,9.96349,2.15732
1440,"Internal",283,647,0.00,144412.00,49.9227,19.6291,30.4482,103,79,40,45,11,4,1,0.00,0.00,0.00,,20,,0.00,0.00,0.00,5,0.00,0.00,0.00,0.00,0.00,0.00,0.00,0.00,0.00,0.00,5,8,0.00,0.00,0.00,1,1,5,0.00,0.00,0.00,0.00,,,,,,,2.5,2.5,0.5,14.5,5,0.00,45.0082,0,25,10812.26,"Urban",1,393.888,10,"NorthReno-NorthS",1.3748,1.1252,1.3748,1.1252,2.74959,2.25041,7.97381,6.52619,0.274959,0.225041,730.2,1839.50,37.5,699.2,2576.20,0.416278,63.022,40589.33,39.3888,0.0294786,-0.2602,-0.0816715,-0.0414298,0.120904,34.2158,0.00,0.00,0.604519,3.02259,730.2,182.5,1.28895,730.2,25,11.2751,8.18787,1.14546,0.00,10.7015,0.00,15.0103,11.5103,4.19996
1441,"Internal",91,331,0.00,106688.00,77.0393,18.1269,4.83384,10,17,7,29,22,2,4,0.00,0.00,0.00,,6,,0.00,0.00,0.00,0.00,0.00,0.00,0.00,0.00,0.00,0.00,0.00,0.00,0.00,0.00,0.00,0.00,0.00,17,0.00,0.00,0.00,0.00,0.00,0.00,0.00,200,,,,,,,0.00,17,0.00,0.00,0.00,0.00,3.57143,0,17,4820.57,"Suburban",1,229.107,10,"NorthReno-NorthS",0.00,0.00,16.3929,0.607143,0.00,0.00,0.00,0.00,0.00,0.00,223.9,591.5,25.5,242.6,859.6,0.445973,53.9074,11584.71,0.00,-0.0272767,-0.294607,-0.145312,0.218749,0.121833,11.0868,0.00,0.00,0.00,2.07116,223.9,54,0.416233,223.9,17,11.4689,7.79443,0.208628,0.00,10.851,0.00,13.8755,10.3755,3.29553
1442,"Internal",35,85,0.00,144412.00,48.2353,16.4706,35.2941,10,11,5,7,2,0.00,0.00,0.00,0.00,0.00,,4,,0.00,0.00,0.00,18,0.00,0.00,0.00,0.00,0.00,0.00,0.00,0.00,0.00,0.00,0.00,2,0.00,0.00,0.00,0.00,1,3,0.00,0.00,0.00,0.00,,,,,,,9,9,0.3,2.7,3,0.00,94.7368,0,24,1049.56,"Urban",1,205.322,10,"NorthReno-NorthS",0.473684,8.52632,0.473684,8.52632,0.157895,2.84211,0.142105,2.55789,0.0157895,0.284211,193.4,227.5,36,180.8,444.3,0.565654,0.00,3801.03,76.9958,-0.362952,-0.22735,-0.162391,1.26738,0.129949,4.5482,0.00,0.00,0.389846,3.11877,193.4,42.4,0.173584,193.4,24,10.9849,7.36376,0.900649,0.00,10.5582,0.00,16.9023,13.4023,0.64482
1443,"Internal",146,365,22,106688.00,44.6575,27.6712,27.6712,57,34,14,20,11,7,3,0.00,0.00,0.00,,8,,0.00,0.00,0.00,0.00,0.00,0.00,0.00,0.00,0.00,0.00,0.00,0.00,0.00,0.00,0.00,0.00,0.00,0.00,0.00,0.00,0.00,0.00,0.00,0.00,0.00,0.00,,,,,,,0.00,0.00,0.00,0.00,0.00,0.00,30.7692,0,0,1209.26,"Suburban",1,0.00,10,"NorthReno-NorthS",0.00,0.00,0.00,0.00,0.00,0.00,0.00,0.00,0.00,0.00,277.4,949,0.00,277.4,1226.40,0.350057,13.2522,4063.13,0.00,-0.280432,-0.294607,-0.161816,-0.621652,0.106613,15.5655,0.00,0.00,0.00,0.00,277.4,73,0.584374,277.4,0.00,11.2009,7.87138,1.04677,0.00,10.6821,0.00,15.4718,11.9718,2.03456
1444,"Internal",180,499,0.00,85341.00,59.3186,24.2485,16.4329,10,91,34,27,12,5,1,0.00,0.00,0.00,,13,,0.00,0.00,0.00,0.00,0.00,0.00,0.00,0.00,0.00,0.00,0.00,0.00,1,0.00,1,0.00,0.00,0.00,0.00,0.00,1,8,0.00,0.00,0.00,0.00,,,,,,,0.00,0.00,0.3,2.7,8,0.00,66.6667,0,11,4452.47,"Suburban",1,94.8671,10,"NorthReno-NorthS",0.00,0.00,0.00,0.00,2.66667,5.33333,0.9,1.8,0.1,0.2,508.4,1170.00,16.5,491.9,1678.40,0.428071,0.00,14474.99,0.00,-0.362952,-0.294607,-0.13897,0.0618987,0.11428,20.5704,0.00,0.00,0.914241,1.25708,508.4,126.4,0.778916,508.4,11,11.3472,7.92493,1.05508,0.00,10.7599,0.00,14.5768,11.0768,3.76751
1445,"Internal",334,977,0.00,130750.00,52.2006,24.0532,23.7462,38,134,55,51,36,18,2,0.00,0.00,0.00,,19,,0.00,0.00,0.00,1,0.00,0.00,0.00,0.00,0.00,0.00,0.00,0.00,0.00,0.00,1,0.00,0.00,13,0.00,0.00,0.00,1,0.00,0.00,0.00,0.00,,,,,,,0.5,13.5,0.00,1,1,0.00,54.5455,0,16,1544.37,"Suburban",1,24.6576,10,"NorthReno-NorthS",0.227273,0.272727,6.13636,7.36364,0.454545,0.545455,0.454545,0.545455,0.00,0.00,700.9,2171.00,24,712,2907.00,0.382206,6.16439,4479.97,0.770549,-0.324567,-0.293934,-0.160901,-0.339967,0.109362,36.5271,0.00,0.00,0.109362,1.7498,700.9,179.3,1.37213,700.9,16,11.0079,7.40334,0.693901,0.00,10.5695,0.00,16.7437,13.2437,6.46181
1446,"Internal",15,51,0.00,106688.00,72.549,19.6078,7.84314,3,3,1,3,4,0.00,1,0.00,0.00,0.00,,2,,0.00,0.00,0.00,0.00,0.00,0.00,0.00,0.00,0.00,0.00,0.00,0.00,0.00,0.00,0.00,0.00,0.00,2,0.00,0.00,0.00,0.00,0.00,0.00,0.00,0.00,,,,,,,0.00,2,0.00,0.00,0.00,0.00,45.0082,0,2,280.279,"Suburban",1,10.3538,10,"NorthReno-NorthS",0.00,0.00,1.09984,0.900164,0.00,0.00,0.00,0.00,0.00,0.00,34.5,97.5,3,36.7,137.2,0.422958,0.00,710.272,0.00,-0.362952,-0.294607,-0.169172,0.0170984,0.113001,1.69502,0.00,0.00,0.00,0.226002,34.5,8.5,0.063636,34.5,2,11.5164,8.01365,0.518692,0.00,10.8602,0.00,13.6115,10.1115,0.476017
1447,"Internal",136,342,0.00,85341.00,63.7427,22.807,13.4503,37,32,44,13,4,5,1,0.00,0.00,0.00,,8,,0.00,0.00,0.00,5,0.00,0.00,0.00,0.00,0.00,0.00,3,0.00,0.00,0.00,0.00,0.00,0.00,0.00,0.00,0.00,0.00,0.00,0.00,0.00,0.00,0.00,,,,,,,5.5,2.5,0.00,0.00,0.00,0.00,80,0,8,2255.26,"Suburban",1,50.8858,10,"NorthReno-NorthS",1.1,4.4,0.5,2,0.00,0.00,0.00,0.00,0.00,0.00,282.4,884,12,276.9,1172.90,0.376116,44.525,7460.49,34.984,-0.0856998,-0.264048,-0.154361,-0.393325,0.112663,15.3221,0.00,0.00,0.00,0.901302,282.4,72,0.575239,282.4,8,11.4506,7.9332,0.676334,0.00,10.8254,0.00,13.9783,10.4783,2.77869
1448,"Internal",466,1388.00,0.00,106688.00,51.2248,32.9251,15.8501,103,112,84,78,50,26,13,0.00,0.00,0.00,,56,,0.00,0.00,0.00,20,0.00,0.00,0.00,1,16,0.00,0.00,0.00,0.00,7,0.00,0.00,0.00,0.00,0.00,115,0.00,2,7,0.00,0.00,0.00,,,,,,,11,10,23,106,18,0.00,33.3333,0,168,6176.21,"Suburban",1,628.172,10,"NorthReno-NorthS",7.33333,3.66667,6.66667,3.33333,12,6,70.6667,35.3333,15.3333,7.66667,2007.40,3029.00,252,1781.40,5062.40,0.515694,0.00,18928.92,41.1303,-0.362952,-0.258679,-0.129198,0.829635,0.124686,58.1037,0.00,0.00,2.24435,20.9473,2007.40,472.1,2.19769,2007.40,168,11.1613,7.54625,1.55149,0.00,10.6692,0.00,15.724,12.224,9.95939
1449,"Internal",199,552,0.00,96806.00,47.1014,23.5507,29.3478,18,111,18,18,25,2,7,0.00,0.00,0.00,,13,,0.00,0.00,0.00,0.00,0.00,0.00,0.00,0.00,0.00,0.00,0.00,0.00,0.00,0.00,7,8,0.00,0.00,0.00,53,9,48,0.00,0.00,0.00,0.00,,,,,,,0.00,0.00,13.3,63.7,48,0.00,60,0,125,3452.17,"Suburban",1,576.695,10,"NorthReno-NorthS",0.00,0.00,0.00,0.00,19.2,28.8,25.48,38.22,5.32,7.98,1706.90,1293.50,187.5,1519.40,3000.40,0.5538,0.00,13842.52,0.00,-0.362952,-0.294607,-0.140358,1.1635,0.129054,25.6818,0.00,0.00,6.1946,16.1318,1706.90,388.7,1.00916,1706.90,125,11.0154,7.57135,0.814342,0.00,10.5568,0.00,16.6923,13.1923,3.9862
1450,"Internal",36,127,0.00,106688.00,47.2441,19.685,33.0709,3,8,6,11,4,2,2,0.00,0.00,0.00,,2,,0.00,0.00,0.00,0.00,0.00,0.00,0.00,0.00,0.00,0.00,0.00,0.00,0.00,0.00,0.00,0.00,0.00,0.00,0.00,0.00,0.00,0.00,0.00,0.00,0.00,0.00,,,,,,,0.00,0.00,0.00,0.00,0.00,0.00,15.3846,0,0,417.287,"Suburban",1,0.00,10,"NorthReno-NorthS",0.00,0.00,0.00,0.00,0.00,0.00,0.00,0.00,0.00,0.00,68.4,234,0.00,68.4,302.4,0.350057,0.00,993.603,0.00,-0.362952,-0.294607,-0.168551,-0.621652,0.1052,3.7872,0.00,0.00,0.00,0.00,68.4,18,0.142183,68.4,0.00,11.002,7.42543,0.676276,0.00,10.5633,0.00,16.7844,13.2844,0.748917
1451,"Internal",0.00,0.00,0.00,89930.00,,,,0.00,0.00,0.00,0.00,0.00,0.00,0.00,0.00,0.00,0.00,,0.00,,0.00,0.00,0.00,0.00,0.00,0.00,0.00,0.00,0.00,0.00,0.00,0.00,0.00,0.00,0.00,0.00,0.00,0.00,0.00,0.00,0.00,0.00,0.00,0.00,0.00,0.00,,,,,,,0.00,0.00,0.00,0.00,0.00,0.00,45.0082,0,0,0.00,"Rural",,0.00,10,"NorthReno-NorthS",0.00,0.00,0.00,0.00,0.00,0.00,0.00,0.00,0.00,0.00,0.00,0.00,0.00,0.00,0.00,,0.00,0.00,0.00,-0.362952,-0.294607,-0.170731,,0.00,0.00,0.00,0.00,0.00,0.00,0.00,0.00,0.00,0.00,0.00,10.8349,6.82556,0.00,0.00,10.4821,0.00,17.9796,14.4796,
1452,"Internal",140,371,0.00,96806.00,48.7871,24.5283,26.6846,32,40,35,17,11,4,1,0.00,0.00,0.00,,13,,0.00,0.00,0.00,0.00,0.00,0.00,0.00,0.00,0.00,0.00,0.00,0.00,0.00,0.00,0.00,2,0.00,0.00,0.00,0.00,0.00,0.00,0.00,0.00,0.00,0.00,,,,,,,0.00,0.00,0.00,2,0.00,0.00,45.0082,0,2,4553.91,"Suburban",1,24.3433,10,"NorthReno-NorthS",0.00,0.00,0.00,0.00,0.00,0.00,1.09984,0.900164,0.00,0.00,277.2,910,3,274.2,1187.20,0.359113,0.00,14450.20,0.00,-0.362952,-0.294607,-0.139025,-0.542305,0.1068,14.9521,0.00,0.00,0.00,0.213601,277.2,72.4,0.561345,277.2,2,10.8353,7.19929,1.72618,0.00,10.4625,0.00,17.9764,14.4764,2.27062
1453,"Internal",159,436,0.00,85341.00,52.5229,22.9358,24.5413,33,47,32,29,13,3,2,0.00,0.00,0.00,,14,,0.00,0.00,0.00,2,0.00,0.00,0.00,0.00,0.00,10,0.00,0.00,0.00,0.00,0.00,0.00,0.00,21,0.00,0.00,7,32,8,0.00,0.00,0.00,,,,,,,1,22,2.1,12.9,42,0.00,41.1765,0,80,2677.10,"Suburban",1,381.347,10,"NorthReno-NorthS",0.588235,0.411765,12.9412,9.05882,24.7059,17.2941,7.58824,5.31176,1.23529,0.864706,1240.50,1033.50,120,1177.70,2331.20,0.545588,38.1347,11112.44,4.76683,-0.125492,-0.290443,-0.146348,1.09156,0.132228,21.0243,0.00,0.00,5.55359,10.5783,1240.50,281.2,0.829651,1240.50,80,11.4528,8.20176,1.25562,0.00,10.8033,0.00,13.9658,10.4658,3.39303
1454,"Internal",116,284,0.00,124545.00,54.5775,17.2535,28.169,21,55,13,21,6,0.00,0.00,0.00,0.00,0.00,,8,,1,0.00,0.00,3,0.00,0.00,0.00,0.00,0.00,0.00,0.00,0.00,0.00,0.00,0.00,0.00,0.00,0.00,0.00,0.00,37,193,0.00,0.00,0.00,0.00,,,,,,,2.5,1.5,11.1,25.9,193,0.00,45.0082,0,234,4832.86,"Suburban",1,1736.07,10,"NorthReno-NorthS",1.3748,1.1252,0.824877,0.675123,106.134,86.8658,14.2429,11.6571,6.10409,4.99591,4048.70,754,351,3701.60,4806.60,0.376994,0.00,35660.59,18.5477,-0.362952,-0.278405,-0.0924859,-0.385633,0.109755,12.7316,0.00,0.00,21.1827,25.6827,4048.70,895.7,0.631832,4048.70,234,11.0986,7.66531,0.831127,0.00,10.6071,0.00,16.1323,12.6323,3.39334
1455,"Internal",562,1421.00,0.00,99911.00,63.1246,20.5489,16.3265,95,244,114,73,20,8,8,0.00,0.00,0.00,,41,,0.00,0.00,0.00,24,0.00,0.00,0.00,0.00,0.00,0.00,0.00,0.00,0.00,0.00,0.00,32,0.00,10,0.00,0.00,0.00,0.00,0.00,0.00,0.00,0.00,,,,,,,12,22,0.00,32,0.00,0.00,50,0,66,3270.71,"Suburban",1,141.586,10,"NorthReno-NorthS",6,6,11,11,0.00,0.00,16,16,0.00,0.00,1349.00,3653.00,99,1307.20,5059.20,0.411499,8.58099,10853.24,25.743,-0.309519,-0.27212,-0.146917,-0.0833068,0.113121,63.5742,0.00,0.00,0.00,7.46601,1349.00,336.4,2.38676,1349.00,66,11.2762,7.87348,1.2675,0.00,10.6973,0.00,15.0041,11.5041,11.593
1456,"Internal",14,55,90,106688.00,41.8182,21.8182,36.3636,1,1,3,5,2,1,1,0.00,0.00,0.00,,4,,197,0.00,0.00,0.00,0.00,0.00,0.00,0.00,142,0.00,0.00,0.00,0.00,0.00,3,0.00,0.00,0.00,0.00,0.00,1,9,0.00,0.00,0.00,0.00,,,,,,,197,0.00,0.3,3.7,151,0.00,41.6667,0,352,1999.10,"Suburban",1,1157.98,10,"NorthReno-NorthS",114.917,82.0833,0.00,0.00,88.0833,62.9167,2.15833,1.54167,0.175,0.125,3463.70,91,528,2935.70,3554.70,0.29523,23.0279,11693.90,648.071,-0.21956,0.271494,-0.145073,-1.10203,0.102242,1.43139,0.00,0.00,15.4386,35.9893,3463.70,729.4,0.165869,3463.70,352,11.3265,7.91745,0.00,0.00,10.7333,0.00,14.7002,11.2002,2.48603
1457,"Internal",208,566,0.00,96806.00,50.53,24.0283,25.4417,31,94,31,25,12,11,4,0.00,0.00,0.00,,21,,0.00,0.00,0.00,0.00,0.00,0.00,0.00,0.00,0.00,0.00,0.00,0.00,0.00,0.00,0.00,0.00,0.00,0.00,0.00,0.00,0.00,0.00,0.00,0.00,0.00,0.00,,,,,,,0.00,0.00,0.00,0.00,0.00,0.00,100,0,0,5781.16,"Suburban",1,0.00,10,"NorthReno-NorthS",0.00,0.00,0.00,0.00,0.00,0.00,0.00,0.00,0.00,0.00,395.2,1352.00,0.00,395.2,1747.20,0.350057,0.00,17846.01,0.00,-0.362952,-0.294607,-0.131574,-0.621652,0.106016,22.0513,0.00,0.00,0.00,0.00,395.2,104,0.827872,395.2,0.00,10.732,6.99439,1.47008,0.00,10.389,0.00,18.7602,15.2602,3.56984
1458,"Internal",178,535,0.00,124545.00,51.215,30.0935,18.6916,16,66,27,45,20,2,2,0.00,0.00,0.00,,15,,0.00,0.00,0.00,0.00,0.00,0.00,0.00,0.00,0.00,0.00,0.00,0.00,0.00,0.00,0.00,1,0.00,0.00,3,0.00,0.00,0.00,0.00,0.00,0.00,0.00,,,,,,,0.00,0.00,1.2,2.8,0.00,0.00,69.2308,0,4,5060.11,"Urban",1,37.3936,10,"NorthReno-NorthS",0.00,0.00,0.00,0.00,0.00,0.00,0.861538,1.93846,0.369231,0.830769,360.6,1157.00,6,354.6,1517.60,0.364153,0.00,14187.15,0.00,-0.362952,-0.294607,-0.139602,-0.498146,0.107319,19.1028,0.00,0.00,0.00,0.429277,360.6,93.8,0.717177,360.6,4,10.98,7.49589,1.18134,0.00,10.5353,0.00,16.9365,13.4365,3.44289
1459,"Internal",78,220,0.00,96806.00,49.0909,14.5455,36.3636,15,30,11,8,6,6,2,0.00,0.00,0.00,,4,,0.00,6,0.00,1,0.00,0.00,0.00,0.00,0.00,0.00,0.00,0.00,0.00,0.00,0.00,0.00,0.00,0.00,0.00,0.00,0.00,0.00,0.00,1,0.00,0.00,,,,,,,6.5,1.5,0.00,0.00,0.00,0.00,14.8148,0,8,2873.79,"Suburban",1,98.8572,10,"NorthReno-NorthS",5.53704,0.962963,1.27778,0.222222,0.00,0.00,0.00,0.00,0.00,0.00,172.2,507,12,164.1,683.1,0.391114,0.00,8441.17,80.3215,-0.362952,-0.224445,-0.15221,-0.261916,0.109914,8.5733,0.00,0.00,0.00,0.879313,172.2,43,0.321867,172.2,8,10.8013,7.13985,0.791472,0.00,10.4392,0.00,18.2305,14.7305,1.3981
1460,"Internal",49,142,0.00,124545.00,46.4789,19.7183,33.8028,1,22,14,9,1,0.00,2,0.00,0.00,0.00,,2,,0.00,0.00,0.00,0.00,0.00,0.00,0.00,0.00,0.00,0.00,0.00,0.00,0.00,0.00,0.00,0.00,0.00,0.00,0.00,0.00,41,211,0.00,0.00,0.00,0.00,,,,,,,0.00,0.00,12.3,28.7,211,0.00,30.7692,0,252,2474.42,"Suburban",1,1159.73,10,"NorthReno-NorthS",0.00,0.00,0.00,0.00,146.077,64.9231,19.8692,8.83077,8.51538,3.78462,4268.40,318.5,378,3890.40,4586.90,0.269021,13.8063,21109.43,0.00,-0.276981,-0.294607,-0.124413,-1.33167,0.0992189,4.86173,0.00,0.00,20.9352,25.0032,4268.40,938.8,0.334576,4268.40,252,10.8885,7.64104,1.47651,0.00,10.4608,0.00,17.5862,14.0862,2.33475
1461,"Internal",346,1237.00,0.00,106688.00,41.3905,24.4947,34.1148,39,46,69,115,38,24,15,0.00,0.00,0.00,,22,,0.00,0.00,0.00,0.00,0.00,0.00,0.00,0.00,0.00,0.00,0.00,0.00,0.00,0.00,0.00,0.00,0.00,0.00,0.00,0.00,0.00,0.00,0.00,0.00,0.00,0.00,,,,,,,0.00,0.00,0.00,0.00,0.00,0.00,45.0082,0,0,3760.70,"Suburban",1,0.00,10,"NorthReno-NorthS",0.00,0.00,0.00,0.00,0.00,0.00,0.00,0.00,0.00,0.00,657.4,2249.00,0.00,657.4,2906.40,0.350057,0.00,8835.97,0.00,-0.362952,-0.294607,-0.151343,-0.621652,0.105579,36.5303,0.00,0.00,0.00,0.00,657.4,173,1.37146,657.4,0.00,11.0078,7.37663,0.435865,0.00,10.5674,0.00,16.7445,13.2445,6.39076
1462,"Internal",210,668,0.00,106688.00,44.012,22.7545,33.2335,41,34,43,54,19,14,5,0.00,0.00,0.00,,16,,0.00,0.00,0.00,0.00,0.00,0.00,0.00,0.00,0.00,0.00,0.00,0.00,0.00,0.00,0.00,0.00,0.00,0.00,0.00,0.00,0.00,0.00,0.00,0.00,0.00,0.00,,,,,,,0.00,0.00,0.00,0.00,0.00,0.00,45.0082,0,0,5216.71,"Suburban",1,0.00,10,"NorthReno-NorthS",0.00,0.00,0.00,0.00,0.00,0.00,0.00,0.00,0.00,0.00,399,1365.00,0.00,399,1764.00,0.350057,0.00,13775.87,0.00,-0.362952,-0.294607,-0.140504,-0.621652,0.105818,22.2218,0.00,0.00,0.00,0.00,399,105,0.834274,399,0.00,11.13,7.64664,0.752978,0.00,10.6258,0.00,15.9264,12.4264,3.66969
1463,"Internal",171,450,0.00,99911.00,57.1111,16.6667,26.2222,27,69,36,23,12,3,1,0.00,2482.00,0.00,,17,,0.00,0.00,0.00,8,0.00,0.00,0.00,0.00,0.00,0.00,0.00,0.00,0.00,0.00,9,1,0.00,2,154,0.00,0.00,0.00,1,0.00,0.00,0.00,,,,,,,4,6,61.6,103.4,0.00,2482.00,53.8462,0,175,2709.51,"Suburban",1,654.225,10,"NorthReno-NorthS",1.84615,2.15385,2.76923,3.23077,0.00,0.00,47.7231,55.6769,28.4308,33.1692,5001.90,1111.50,3985.50,1032.00,6129.00,0.51591,0.00,22912.85,14.9537,-0.362952,-0.281545,-0.120456,0.831524,0.124935,21.3639,310.089,0.00,0.00,21.8636,5001.90,288.5,2.39375,5001.90,175,11.1212,7.47429,1.26151,0.00,10.6133,0.00,15.9835,12.4835,4.16225
1464,"Internal",64,164,0.00,124545.00,46.3415,23.7805,29.878,14,22,15,8,3,0.00,2,0.00,0.00,0.00,,6,,0.00,0.00,0.00,0.00,0.00,0.00,0.00,0.00,0.00,0.00,0.00,0.00,0.00,0.00,0.00,0.00,0.00,0.00,0.00,0.00,0.00,0.00,0.00,0.00,0.00,0.00,,,,,,,0.00,0.00,0.00,0.00,0.00,0.00,45.0082,0,0,2630.35,"Suburban",1,0.00,10,"NorthReno-NorthS",0.00,0.00,0.00,0.00,0.00,0.00,0.00,0.00,0.00,0.00,121.6,416,0.00,121.6,537.6,0.350057,0.00,8622.41,0.00,-0.362952,-0.294607,-0.151812,-0.621652,0.105569,6.75639,0.00,0.00,0.00,0.00,121.6,32,0.253655,121.6,0.00,10.7796,7.30036,1.53447,0.00,10.4002,0.00,18.3947,14.8947,0.948629
1465,"Internal",45,114,0.00,107893.00,60.5263,21.9298,17.5439,12,16,7,5,3,0.00,2,0.00,0.00,0.00,,6,,0.00,0.00,0.00,0.00,0.00,0.00,0.00,0.00,0.00,0.00,0.00,0.00,0.00,0.00,0.00,0.00,0.00,0.00,0.00,0.00,0.00,0.00,0.00,0.00,0.00,0.00,,,,,,,0.00,0.00,0.00,0.00,0.00,0.00,45.0082,0,0,960.931,"Suburban",1,0.00,10,"NorthReno-NorthS",0.00,0.00,0.00,0.00,0.00,0.00,0.00,0.00,0.00,0.00,85.5,292.5,0.00,85.5,378,0.350057,0.00,3186.25,0.00,-0.362952,-0.294607,-0.16374,-0.621652,0.105306,4.73876,0.00,0.00,0.00,0.00,85.5,22.5,0.177907,85.5,0.00,10.8209,7.09303,1.22749,0.00,10.4392,0.00,18.0832,14.5832,0.861255
1466,"Internal",581,1783.00,0.00,116174.00,59.6747,32.866,7.45934,80,149,136,125,59,22,10,0.00,0.00,0.00,,49,,0.00,0.00,0.00,1,0.00,0.00,0.00,0.00,0.00,0.00,0.00,0.00,0.00,0.00,0.00,0.00,0.00,0.00,0.00,1,0.00,0.00,0.00,0.00,0.00,0.00,,,,,,,0.5,0.5,0.2,0.8,0.00,0.00,82.3529,0,2,7492.22,"Urban",1,8.38929,10,"NorthReno-NorthS",0.0882353,0.411765,0.0882353,0.411765,0.00,0.00,0.141176,0.658824,0.0352941,0.164706,1112.50,3776.50,3,1110.80,4890.30,0.352046,16.7786,20513.06,2.09732,-0.258474,-0.292775,-0.125722,-0.604221,0.107971,62.731,0.00,0.00,0.00,0.215942,1112.50,292.2,2.35511,1112.50,2,10.7591,7.15943,1.34946,0.00,10.4187,0.00,18.5509,15.0509,13.2894
1467,"Internal",136,383,0.00,124545.00,57.7024,24.5431,17.7546,20,55,13,33,11,1,3,0.00,0.00,0.00,,10,,0.00,0.00,0.00,0.00,0.00,0.00,0.00,0.00,0.00,0.00,0.00,0.00,0.00,0.00,0.00,8,0.00,5,0.00,0.00,0.00,0.00,1,0.00,0.00,0.00,,,,,,,0.00,5,0.00,9,0.00,0.00,19.0476,0,14,5640.48,"Urban",1,194.988,10,"NorthReno-NorthS",0.00,0.00,4.04762,0.952381,0.00,0.00,7.28571,1.71429,0.00,0.00,323.8,884,21,315.8,1220.80,0.408444,0.00,17002.97,0.00,-0.362952,-0.294607,-0.133424,-0.110071,0.112235,15.264,0.00,0.00,0.00,1.5713,323.8,81.3,0.573057,323.8,14,10.9355,7.60478,1.82562,0.00,10.4968,0.00,17.2493,13.7493,2.84636
1468,"Internal",142,367,0.00,124545.00,50.6812,29.7003,19.6185,15,51,55,20,1,0.00,0.00,606,0.00,0.00,,15,,0.00,0.00,0.00,0.00,0.00,0.00,0.00,0.00,0.00,0.00,0.00,0.00,0.00,0.00,1,2,0.00,0.00,55,0.00,0.00,0.00,0.00,0.00,0.00,0.00,,,,,,,0.00,0.00,22,36,0.00,606,100,0,58,5887.13,"Urban",1,745.423,10,"NorthReno-NorthS",0.00,0.00,0.00,0.00,0.00,0.00,0.00,36,0.00,22,1503.60,923,996,507.6,2426.60,0.643094,38.5564,31186.95,0.00,-0.122866,-0.294607,-0.102302,1.94588,0.146403,20.7892,88.7201,0.00,0.00,8.49136,1503.60,140.6,1.23589,1503.60,58,10.7877,7.30626,1.40369,0.00,10.4012,0.00,18.3334,14.8334,2.4524
1469,"Internal",103,281,0.00,107893.00,63.3452,24.911,11.7438,21,31,12,35,3,0.00,1,0.00,0.00,0.00,,6,,0.00,0.00,0.00,0.00,0.00,0.00,0.00,0.00,0.00,0.00,0.00,0.00,0.00,0.00,0.00,0.00,0.00,0.00,0.00,0.00,0.00,0.00,0.00,0.00,0.00,0.00,,,,,,,0.00,0.00,0.00,0.00,0.00,0.00,45.0082,0,0,2496.87,"Suburban",1,0.00,10,"NorthReno-NorthS",0.00,0.00,0.00,0.00,0.00,0.00,0.00,0.00,0.00,0.00,195.7,669.5,0.00,195.7,865.2,0.350057,26.657,7687.88,0.00,-0.196962,-0.294607,-0.153862,-0.621652,0.108084,11.1327,0.00,0.00,0.00,0.00,195.7,51.5,0.417955,195.7,0.00,11.0209,7.50648,0.989591,0.00,10.5599,0.00,16.6547,13.1547,2.22179
1470,"Internal",165,370,0.00,107893.00,54.0541,26.2162,19.7297,46,59,46,6,5,2,1,0.00,0.00,0.00,,12,,0.00,0.00,0.00,0.00,0.00,0.00,0.00,0.00,0.00,0.00,0.00,0.00,0.00,0.00,0.00,0.00,0.00,0.00,0.00,13,0.00,0.00,0.00,0.00,0.00,0.00,,,,,,,0.00,0.00,2.6,10.4,0.00,0.00,7.14286,0,13,4388.76,"Suburban",1,146.138,10,"NorthReno-NorthS",0.00,0.00,0.00,0.00,0.00,0.00,9.65714,0.742857,2.41429,0.185714,386.3,1072.50,19.5,366.8,1458.80,0.39609,33.7241,16398.90,0.00,-0.152956,-0.294607,-0.134749,-0.218315,0.114246,18.8506,0.00,0.00,0.00,1.4852,386.3,98.1,0.707709,386.3,13,11.0733,7.62086,1.11534,0.00,10.5817,0.00,16.3004,12.8004,2.5797
1471,"Internal",420,1254.00,0.00,132587.00,53.0303,30.622,16.3477,45,157,65,84,53,13,3,0.00,0.00,0.00,,44,,0.00,0.00,0.00,0.00,0.00,0.00,0.00,0.00,0.00,0.00,0.00,0.00,0.00,0.00,1,5,0.00,0.00,0.00,0.00,0.00,0.00,3,0.00,0.00,0.00,,,,,,,0.00,0.00,0.00,9,0.00,0.00,43.75,0,9,5242.56,"Suburban",1,37.2067,10,"NorthReno-NorthS",0.00,0.00,0.00,0.00,0.00,0.00,5.0625,3.9375,0.00,0.00,848.4,2730.00,13.5,834.9,3578.40,0.363516,0.00,14793.40,0.00,-0.362952,-0.294607,-0.138272,-0.503722,0.107282,45.0583,0.00,0.00,0.00,0.965535,848.4,220.8,1.69162,848.4,9,10.9047,7.27267,1.02356,0.00,10.5067,0.00,17.4691,13.9691,8.35167
1472,"Internal",65,182,0.00,107893.00,53.2967,30.2198,16.4835,4,29,18,8,3,2,1,0.00,0.00,0.00,,4,,0.00,0.00,0.00,0.00,0.00,0.00,0.00,0.00,0.00,0.00,0.00,0.00,0.00,0.00,0.00,0.00,0.00,0.00,0.00,0.00,0.00,0.00,0.00,0.00,0.00,0.00,,,,,,,0.00,0.00,0.00,0.00,0.00,0.00,100,0,0,4798.56,"Urban",1,0.00,10,"NorthReno-NorthS",0.00,0.00,0.00,0.00,0.00,0.00,0.00,0.00,0.00,0.00,123.5,422.5,0.00,123.5,546,0.350057,0.00,14395.69,0.00,-0.362952,-0.294607,-0.139144,-0.621652,0.105848,6.88014,0.00,0.00,0.00,0.00,123.5,32.5,0.258301,123.5,0.00,10.6216,6.83159,1.50272,0.00,10.3299,0.00,19.638,16.138,1.21075
1473,"Internal",558,1751.00,0.00,86634.00,60.3655,31.3535,8.28098,78,166,78,118,86,19,13,0.00,0.00,0.00,,48,,0.00,0.00,0.00,9,0.00,0.00,0.00,0.00,0.00,0.00,5,0.00,0.00,0.00,3,0.00,0.00,0.00,0.00,0.00,0.00,0.00,2,0.00,0.00,0.00,,,,,,,9.5,4.5,0.00,5,0.00,0.00,50,0,19,10794.86,"Urban",1,115.172,10,"NorthReno-NorthS",4.75,4.75,2.25,2.25,0.00,0.00,2.5,2.5,0.00,0.00,1130.20,3627.00,28.5,1113.40,4768.90,0.367015,0.00,28907.61,57.5861,-0.362952,-0.244304,-0.107303,-0.473066,0.108349,60.4587,0.00,0.00,0.00,2.05863,1130.20,292,2.2698,1130.20,19,10.6836,7.09878,1.87359,0.00,10.3657,0.00,19.14,15.64,13.2877
1474,"Internal",193,568,0.00,107893.00,56.5141,26.4085,17.0775,21,77,27,42,15,8,3,0.00,0.00,0.00,,18,,0.00,0.00,0.00,1,0.00,0.00,0.00,0.00,2,0.00,0.00,0.00,0.00,0.00,0.00,0.00,0.00,0.00,0.00,0.00,0.00,0.00,0.00,0.00,0.00,0.00,,,,,,,0.5,0.5,0.00,0.00,2,0.00,83.3333,0,3,4735.16,"Suburban",1,24.8039,10,"NorthReno-NorthS",0.0833333,0.416667,0.0833333,0.416667,0.333333,1.66667,0.00,0.00,0.00,0.00,407.1,1254.50,4.5,403.9,1662.90,0.371871,24.8039,13748.82,4.13399,-0.208501,-0.290996,-0.140564,-0.430521,0.110549,21.3359,0.00,0.00,0.221097,0.331646,407.1,105.2,0.802619,407.1,3,10.7395,6.93882,1.32467,0.00,10.4023,0.00,18.7019,15.2019,4.01709
1475,"Internal",78,246,0.00,107893.00,62.6016,24.3902,13.0081,6,26,18,15,6,5,2,0.00,0.00,0.00,,7,,0.00,0.00,0.00,0.00,0.00,0.00,0.00,0.00,0.00,0.00,0.00,0.00,0.00,0.00,0.00,0.00,0.00,0.00,0.00,0.00,0.00,0.00,0.00,0.00,0.00,0.00,,,,,,,0.00,0.00,0.00,0.00,0.00,0.00,45.0082,0,0,5267.16,"Suburban",1,0.00,10,"NorthReno-NorthS",0.00,0.00,0.00,0.00,0.00,0.00,0.00,0.00,0.00,0.00,148.2,507,0.00,148.2,655.2,0.350057,0.00,14028.64,0.00,-0.362952,-0.294607,-0.13995,-0.621652,0.105831,8.25478,0.00,0.00,0.00,0.00,148.2,39,0.309909,148.2,0.00,10.699,6.81579,1.4526,0.00,10.3854,0.00,19.0183,15.5183,1.92222
1476,"Internal",265,785,0.00,132587.00,52.1019,30.3185,17.5796,40,88,34,65,23,13,2,0.00,0.00,0.00,,23,,0.00,0.00,0.00,0.00,0.00,0.00,0.00,0.00,0.00,0.00,0.00,0.00,0.00,0.00,0.00,0.00,0.00,2,0.00,0.00,0.00,3,2,0.00,0.00,0.00,,,,,,,0.00,2,0.00,2,3,0.00,30.7692,0,7,4438.27,"Urban",1,39.0304,10,"NorthReno-NorthS",0.00,0.00,1.38462,0.615385,2.07692,0.923077,1.38462,0.615385,0.00,0.00,576.8,1722.50,10.5,571.5,2304.50,0.379796,0.00,12849.37,0.00,-0.362952,-0.294607,-0.142537,-0.36108,0.108917,28.8631,0.00,0.00,0.326752,0.762422,576.8,148.2,1.08598,576.8,7,10.7308,7.07174,1.61248,0.00,10.4019,0.00,18.7695,15.2695,5.14492
1477,"Internal",142,405,0.00,107893.00,46.9136,23.9506,29.1358,17,52,26,36,5,5,1,0.00,0.00,0.00,,9,,0.00,0.00,0.00,0.00,0.00,0.00,0.00,0.00,0.00,0.00,0.00,0.00,0.00,0.00,2,1,0.00,5,0.00,0.00,0.00,0.00,0.00,0.00,0.00,0.00,,,,,,,0.00,5,0.00,3,0.00,0.00,57.8947,0,8,2207.21,"Suburban",1,42.2877,10,"NorthReno-NorthS",0.00,0.00,2.10526,2.89474,0.00,0.00,1.26316,1.73684,0.00,0.00,301.6,923,12,302.6,1237.60,0.383908,0.00,6541.90,0.00,-0.362952,-0.294607,-0.156377,-0.325054,0.109044,15.4843,0.00,0.00,0.00,0.872352,301.6,77.1,0.581325,301.6,8,10.9201,7.17421,0.957846,0.00,10.5141,0.00,17.359,13.859,2.41107
1478,"Internal",250,706,0.00,127321.00,49.5751,23.6544,26.7705,24,117,40,42,10,9,8,0.00,0.00,0.00,,21,,0.00,0.00,0.00,6,0.00,0.00,0.00,0.00,0.00,0.00,0.00,0.00,0.00,0.00,0.00,0.00,0.00,0.00,0.00,0.00,0.00,0.00,0.00,0.00,0.00,0.00,,,,,,,3,3,0.00,0.00,0.00,0.00,71.875,0,6,3493.20,"Urban",1,29.2964,10,"NorthReno-NorthS",0.84375,2.15625,0.84375,2.15625,0.00,0.00,0.00,0.00,0.00,0.00,493,1625.00,9,491.8,2125.80,0.362125,19.5309,10379.70,14.6482,-0.241335,-0.281811,-0.147956,-0.515911,0.108811,27.2029,0.00,0.00,0.00,0.652868,493,128,1.02128,493,6,10.665,7.05881,1.54401,0.00,10.3506,0.00,19.2882,15.7882,4.39358
1479,"Internal",138,369,0.00,127321.00,57.9946,24.9322,17.0732,33,46,24,21,2,6,6,0.00,0.00,0.00,,10,,2,0.00,0.00,7,0.00,0.00,0.00,0.00,0.00,0.00,0.00,0.00,0.00,0.00,0.00,0.00,0.00,0.00,0.00,0.00,0.00,0.00,0.00,0.00,0.00,0.00,,,,,,,5.5,3.5,0.00,0.00,0.00,0.00,77.7778,0,9,2004.51,"Suburban",1,47.0872,10,"NorthReno-NorthS",1.22222,4.27778,0.777778,2.72222,0.00,0.00,0.00,0.00,0.00,0.00,289.2,897,13.5,284.8,1195.30,0.379942,15.6957,6253.70,28.7755,-0.265216,-0.269471,-0.157009,-0.359799,0.110145,15.2,0.00,0.00,0.00,0.991307,289.2,73.5,0.570655,289.2,9,10.701,6.82376,1.10011,0.00,10.3878,0.00,19.0024,15.5024,2.70275
1480,"Internal",104,310,0.00,127321.00,55.8065,16.7742,27.4194,13,31,33,12,8,1,6,0.00,0.00,0.00,,10,,0.00,0.00,0.00,0.00,0.00,0.00,0.00,0.00,0.00,0.00,0.00,0.00,0.00,0.00,0.00,1,0.00,0.00,0.00,0.00,0.00,0.00,0.00,0.00,0.00,0.00,,,,,,,0.00,0.00,0.00,1,0.00,0.00,25,0,1,1367.43,"Suburban",1,4.38884,10,"NorthReno-NorthS",0.00,0.00,0.00,0.00,0.00,0.00,0.75,0.25,0.00,0.00,203.2,676,1.5,201.7,879.2,0.356189,0.00,3858.67,0.00,-0.362952,-0.294607,-0.162264,-0.567922,0.105978,11.0217,0.00,0.00,0.00,0.105978,203.2,53.2,0.413787,203.2,1,10.5045,6.50296,0.244297,0.00,10.2841,0.00,20.6169,17.1169,2.16476
1481,"Internal",347,906,0.00,137386.00,49.2274,18.7638,32.0088,26,196,55,45,12,8,5,0.00,0.00,0.00,,22,,0.00,0.00,0.00,0.00,0.00,0.00,0.00,0.00,0.00,0.00,0.00,0.00,0.00,0.00,0.00,0.00,0.00,9,0.00,0.00,0.00,0.00,0.00,0.00,0.00,0.00,,,,,,,0.00,9,0.00,0.00,0.00,0.00,47.0588,0,9,1501.14,"Suburban",1,14.683,10,"NorthReno-NorthS",0.00,0.00,4.76471,4.23529,0.00,0.00,0.00,0.00,0.00,0.00,686.3,2255.50,13.5,696.2,2965.20,0.366254,0.00,4837.54,0.00,-0.362952,-0.294607,-0.160116,-0.479736,0.107082,37.1576,0.00,0.00,0.00,0.963741,686.3,178,1.39501,686.3,9,10.5575,6.7062,0.331113,0.00,10.3017,0.00,20.1675,16.6675,5.60467
1482,"Internal",1,5,0.00,132587.00,20,60,20,0.00,0.00,0.00,0.00,1,0.00,0.00,0.00,0.00,0.00,,0.00,,0.00,0.00,0.00,0.00,0.00,0.00,0.00,0.00,0.00,0.00,0.00,0.00,0.00,0.00,0.00,0.00,0.00,0.00,0.00,0.00,0.00,0.00,0.00,0.00,0.00,0.00,,,,,,,0.00,0.00,0.00,0.00,0.00,0.00,45.0082,0,0,3.74805,"Rural",,0.00,10,"NorthReno-NorthS",0.00,0.00,0.00,0.00,0.00,0.00,0.00,0.00,0.00,0.00,1.9,6.5,0.00,1.9,8.4,0.350057,0.00,6.29673,0.00,-0.362952,-0.294607,-0.170717,-0.621652,0.105152,0.105152,0.00,0.00,0.00,0.00,1.9,0.5,0.00394773,1.9,0.00,10.3467,6.19214,0.00,0.00,10.1972,0.00,22.0192,18.5192,0.012482
1501,"Internal",29,98,9,125083.00,36.7347,29.5918,33.6735,2,11,5,3,2,5,1,0.00,0.00,0.00,,1,,0.00,0.00,0.00,0.00,0.00,0.00,0.00,0.00,0.00,0.00,0.00,0.00,0.00,0.00,0.00,0.00,0.00,0.00,0.00,0.00,0.00,0.00,0.00,0.00,0.00,0.00,,,,,,,0.00,0.00,0.00,0.00,0.00,0.00,45.0082,0,0,49.6799,"Rural",,0.00,9,"Virginia-Galena",0.00,0.00,0.00,0.00,0.00,0.00,0.00,0.00,0.00,0.00,55.1,188.5,0.00,55.1,243.6,0.350057,0.00,123.49,0.00,-0.362952,-0.294607,-0.17046,-0.621652,0.105158,3.04958,0.00,0.00,0.00,0.00,55.1,14.5,0.11449,55.1,0.00,11.6527,7.84571,0.00,0.00,11.0464,0.00,12.885,9.38501,0.44935
1502,"Internal",24,46,0.00,173272.00,30.4348,17.3913,52.1739,10,8,4,2,0.00,0.00,0.00,0.00,0.00,0.00,,1,,7,0.00,0.00,5,0.00,0.00,0.00,0.00,0.00,0.00,0.00,0.00,0.00,0.00,0.00,0.00,0.00,0.00,0.00,0.00,0.00,2,0.00,0.00,0.00,0.00,,,,,,,9.5,2.5,0.00,0.00,2,0.00,70.5882,0,14,119.264,"Rural",,24.561,9,"Virginia-Galena",2.79412,6.70588,0.735294,1.76471,0.588235,1.41176,0.00,0.00,0.00,0.00,119,156,21,104.5,281.5,0.549517,0.00,493.851,16.6664,-0.362952,-0.280048,-0.169647,1.12599,0.12776,3.06623,0.00,0.00,0.255519,1.78864,119,26.2,0.116971,119,14,11.8216,8.13606,0.00,0.00,11.1301,0.00,12.0439,8.54391,0.375187
1503,"Internal",13,26,0.00,81515.00,73.0769,0.00,26.9231,0.00,13,0.00,0.00,0.00,0.00,0.00,0.00,0.00,0.00,,1,,0.00,0.00,0.00,1,0.00,0.00,37,0.00,30,15,0.00,0.00,0.00,0.00,46,80,0.00,0.00,14,32,22,116,22,0.00,0.00,0.00,,,,,,,37.5,0.5,18.6,197.4,161,0.00,46.4516,0,415,10987.02,"Urban",1,6729.05,9,"Virginia-Galena",20.0806,17.4194,0.267742,0.232258,86.2129,74.7871,105.705,91.6955,9.96,8.64,4359.00,84.5,622.5,3737.80,4444.80,0.272848,0.00,72070.55,608.047,-0.362952,0.236532,-0.0125968,-1.29814,0.100698,1.30907,0.00,0.00,16.2124,41.7897,4359.00,944.8,0.166897,4359.00,415,12.5289,9.72576,1.01077,4.00569,11.4401,1,9.14123,5.64123,5.36186
1504,"Internal",210,522,0.00,173272.00,45.0192,23.9464,31.0345,66,65,28,28,11,9,3,0.00,0.00,0.00,,17,,0.00,0.00,0.00,8,0.00,0.00,0.00,0.00,0.00,0.00,0.00,0.00,0.00,0.00,13,0.00,0.00,16,0.00,1,0.00,0.00,2,0.00,0.00,0.00,,,,,,,4,20,0.2,15.8,0.00,0.00,16,0,40,559.772,"Rural",,38.2878,9,"Virginia-Galena",3.36,0.64,16.8,3.2,0.00,0.00,13.272,2.528,0.168,0.032,560.6,1365.00,60,552.6,1977.60,0.44458,2.87158,1892.95,3.82878,-0.345071,-0.291262,-0.166577,0.206546,0.115772,24.3122,0.00,0.00,0.00,4.63089,560.6,136.2,0.912752,560.6,40,11.7886,8.1309,0.00,0.161287,11.1027,0.00,12.2033,8.70333,3.25384
1505,"Internal",109,238,0.00,81515.00,60.5042,19.7479,19.7479,24,59,10,14,2,0.00,0.00,0.00,0.00,0.00,,8,,0.00,0.00,0.00,18,0.00,0.00,0.00,0.00,0.00,0.00,0.00,0.00,3,1,0.00,0.00,0.00,0.00,0.00,0.00,0.00,0.00,0.00,0.00,0.00,0.00,,,,,,,9,9,0.00,4,0.00,0.00,72.7273,0,22,525.68,"Suburban",1,42.4335,9,"Virginia-Galena",2.45455,6.54545,2.45455,6.54545,0.00,0.00,1.09091,2.90909,0.00,0.00,283.5,708.5,33,273.9,1015.40,0.439319,0.00,1958.50,17.3592,-0.362952,-0.279443,-0.166434,0.160452,0.114888,12.5228,0.00,0.00,0.00,2.52754,283.5,68.3,0.470145,283.5,22,12.3021,9.1083,0.358175,2.77011,11.355,0.00435831,9.9724,6.4724,2.13054
1506,"Internal",91,263,0.00,81515.00,54.7529,18.251,26.9962,15,34,6,21,8,5,2,0.00,0.00,0.00,,4,,0.00,0.00,0.00,9,0.00,0.00,0.00,0.00,0.00,0.00,0.00,0.00,0.00,0.00,0.00,1,0.00,0.00,0.00,0.00,0.00,0.00,3,0.00,0.00,0.00,,,,,,,4.5,4.5,0.00,4,0.00,0.00,46.1538,0,13,1003.16,"Suburban",1,46.0144,9,"Virginia-Galena",2.42308,2.07692,2.42308,2.07692,0.00,0.00,2.15385,1.84615,0.00,0.00,222.3,591.5,19.5,214.5,825.5,0.418501,0.00,2921.91,15.9281,-0.362952,-0.280693,-0.16432,-0.0219574,0.112622,10.2486,0.00,0.00,0.00,1.46409,222.3,54.8,0.384765,222.3,13,12.1512,8.85345,0.778821,3.04343,11.2704,0.15665,10.5752,7.07519,1.94696
1507,"Internal",209,481,0.00,146667.00,57.3805,20.5821,22.0374,44,111,18,24,8,3,1,0.00,0.00,0.00,,13,,0.00,0.00,0.00,8,0.00,0.00,0.00,0.00,0.00,0.00,0.00,0.00,0.00,0.00,2,1,0.00,0.00,55,0.00,0.00,0.00,7,15,0.00,0.00,,,,,,,4,19,22,43,0.00,0.00,85.7143,0,88,2877.02,"Urban",1,408.898,9,"Virginia-Galena",0.571429,3.42857,2.71429,16.2857,0.00,0.00,6.14286,36.8571,3.14286,18.8571,830.1,1358.50,132,747.5,2238.00,0.516495,0.00,10399.01,18.5863,-0.362952,-0.278371,-0.147914,0.836652,0.124306,25.9799,0.00,0.00,0.00,10.9389,830.1,194,0.975364,830.1,88,12.3854,9.69246,1.45547,3.19344,11.3277,0.206373,9.6569,6.1569,4.83661
1508,"Internal",331,619,0.00,96103.00,78.6753,7.10824,14.2165,129,149,35,5,11,2,0.00,0.00,0.00,0.00,,20,,0.00,0.00,0.00,47,0.00,0.00,0.00,2,536,286,0.00,0.00,0.00,24,127,135,1,28,8,115,49,251,99,0.00,0.00,0.00,,,,,,,25.5,52.5,40.9,516.1,1073.00,0.00,65.0165,0,1708,14875.08,"Urban",1,7697.18,9,"Virginia-Galena",8.92079,16.5792,18.3663,34.1337,375.373,697.627,180.55,335.55,14.3083,26.5917,24047.20,2151.50,2562.00,21621.70,26335.20,0.309789,31.5458,118680.85,114.917,-0.16652,-0.194225,0.0896734,-0.974468,0.109772,36.3346,0.00,0.00,117.786,187.491,24047.20,5272.20,2.21959,24047.20,1708.00,12.5524,10.3804,1.55459,3.78796,11.3626,0.974789,9.05985,5.55985,29.4701
1509,"Internal",14,64,0.00,190674.00,40.625,59.375,0.00,0.00,0.00,4,2,4,4,0.00,0.00,0.00,0.00,,1,,0.00,0.00,0.00,0.00,0.00,0.00,0.00,0.00,0.00,0.00,0.00,0.00,0.00,0.00,0.00,0.00,0.00,0.00,0.00,0.00,0.00,0.00,0.00,0.00,0.00,0.00,,,,,,,0.00,0.00,0.00,0.00,0.00,0.00,45.0082,0,0,847.811,"Suburban",1,0.00,9,"Virginia-Galena",0.00,0.00,0.00,0.00,0.00,0.00,0.00,0.00,0.00,0.00,26.6,91,0.00,26.6,117.6,0.350057,0.00,1557.85,0.00,-0.362952,-0.294607,-0.167313,-0.621652,0.105227,1.47318,0.00,0.00,0.00,0.00,26.6,7,0.0553076,26.6,0.00,11.8236,8.20958,0.489549,0.514558,11.1162,0.00,12.0345,8.53451,0.324531
1510,"Internal",94,244,0.00,146667.00,57.7869,13.5246,28.6885,14,48,11,10,7,2,2,505,0.00,0.00,,5,,0.00,0.00,0.00,1,0.00,6,0.00,0.00,0.00,0.00,0.00,0.00,0.00,0.00,0.00,1,0.00,0.00,48,15,0.00,0.00,0.00,0.00,0.00,0.00,,,,,,,6.5,0.5,22.2,41.8,0.00,505,55.5556,0,71,1549.82,"Suburban",1,309.546,9,"Virginia-Galena",2.88889,3.61111,0.222222,0.277778,0.00,0.00,18.5778,23.2222,9.86667,12.3333,1315.50,611,864,452.8,1927.80,0.643515,0.00,8404.84,28.3387,-0.362952,-0.269852,-0.152289,1.94958,0.140259,13.1843,70.8306,0.00,0.00,9.95836,1315.50,127.3,0.858552,1315.50,71,12.0988,8.74264,0.557255,1.81305,11.2467,0.00,10.7943,7.29425,2.63997
1511,"Internal",290,694,0.00,173272.00,56.3401,13.2565,30.4035,28,173,49,29,10,0.00,1,0.00,0.00,0.00,,17,,0.00,0.00,0.00,6,0.00,0.00,0.00,2,0.00,0.00,0.00,0.00,0.00,1,0.00,3,0.00,26,0.00,0.00,0.00,0.00,2,0.00,0.00,0.00,,,,,,,5,29,0.00,6,0.00,0.00,44.8276,0,40,1544.49,"Suburban",1,81.6324,9,"Virginia-Galena",2.75862,2.24138,16,13,0.00,0.00,3.31034,2.68966,0.00,0.00,686.6,1885.00,60,702,2647.00,0.422027,0.00,5402.02,10.204,-0.362952,-0.285693,-0.158878,0.00894048,0.113139,32.8104,0.00,0.00,0.00,4.52557,686.6,169.2,1.2318,686.6,40,11.3407,7.64377,0.537282,0.00,10.8156,0.00,14.6153,11.1153,5.2244
1512,"Internal",1,2,0.00,146667.00,100,0.00,0.00,0.00,1,0.00,0.00,0.00,0.00,0.00,0.00,0.00,0.00,,0.00,,0.00,0.00,0.00,55,0.00,0.00,10,11,800,210,3,94,0.00,52,6,9,0.00,63,23,139,94,487,44,0.00,0.00,0.00,,,,,,,145.5,90.5,65.2,301.8,1497.00,0.00,51.5152,0,2100,17478.80,"Urban",1,11125.37,9,"Virginia-Galena",70.5455,74.9545,43.8788,46.6212,725.818,771.182,146.327,155.473,31.6121,33.5879,30759.00,6.5,3150.00,27844.30,31000.80,0.182948,0.00,164235.89,770.829,-0.362952,0.378725,0.189628,-2.08583,0.0960902,0.0960902,0.00,0.00,143.847,201.789,30759.00,6696.60,1.04837,30759.00,2100.00,12.5564,10.4469,1.78364,3.91459,11.3557,0.997293,9.04623,5.54623,25.4341
1513,"Internal",305,785,0.00,173272.00,46.1146,22.4204,31.465,41,155,49,32,16,5,7,0.00,0.00,0.00,,15,,0.00,0.00,0.00,1,0.00,0.00,0.00,5,0.00,0.00,0.00,0.00,2,0.00,0.00,10,0.00,70,1,1,32,166,0.00,0.00,0.00,0.00,,,,,,,5.5,70.5,10.2,35.8,166,0.00,40,0,288,1178.92,"Suburban",1,274.433,9,"Virginia-Galena",3.3,2.2,42.3,28.2,99.6,66.4,21.48,14.32,6.12,4.08,4169.30,1982.50,432,3920.60,6335.10,0.51442,0.00,6036.67,5.24091,-0.362952,-0.290029,-0.157485,0.818465,0.123814,37.7632,0.00,0.00,20.5531,35.6584,4169.30,926.3,1.56702,4169.30,288,11.2359,7.54679,0.950283,0.00,10.7383,0.00,15.2523,11.7523,6.72047
1514,"Internal",94,259,0.00,190674.00,38.9961,17.7606,43.2432,18,41,7,14,6,4,4,0.00,0.00,0.00,,4,,0.00,0.00,0.00,80,0.00,0.00,0.00,0.00,110,2,5,20,0.00,5,0.00,106,10,39,2,3,6,26,0.00,0.00,0.00,0.00,,,,,,,65,89,3.2,118.8,138,0.00,66.6667,0,414,5655.31,"Suburban",1,2575.60,9,"Virginia-Galena",21.6667,43.3333,29.6667,59.3333,46,92,39.6,79.2,1.06667,2.13333,3904.40,611,621,3514.80,4746.80,0.41804,0.00,29531.05,404.382,-0.362952,0.058627,-0.105935,-0.0259929,0.113941,10.7105,0.00,0.00,15.7239,47.1718,3904.40,836.2,0.516307,3904.40,414,11.5674,8.07036,0.698176,0.430227,10.9287,0.00,13.3348,9.83483,5.54022
1515,"Internal",159,428,0.00,146667.00,50.7009,21.729,27.5701,25,71,22,23,8,7,3,0.00,0.00,0.00,,12,,0.00,0.00,0.00,2,0.00,0.00,0.00,0.00,0.00,0.00,2,0.00,0.00,0.00,0.00,1,0.00,0.00,2,0.00,1,3,0.00,0.00,0.00,0.00,,,,,,,3,1,1.1,2.9,3,0.00,77.7778,0,11,1243.69,"Suburban",1,30.7242,9,"Virginia-Galena",0.666667,2.33333,0.222222,0.777778,0.666667,2.33333,0.644444,2.25556,0.244444,0.855556,392.6,1033.50,16.5,378.7,1428.70,0.406321,0.00,3990.51,8.37932,-0.362952,-0.287287,-0.161975,-0.128676,0.11134,17.7031,0.00,0.00,0.334021,1.22475,392.6,98.6,0.667055,392.6,11,11.7636,8.34873,1.15504,1.08051,11.0306,0.00,12.3258,8.82577,2.83794
1516,"Internal",315,886,0.00,146667.00,39.5034,19.6388,40.8578,48,121,55,52,21,8,10,175,667,0.00,,24,,0.00,0.00,0.00,15,0.00,0.00,0.00,0.00,0.00,0.00,0.00,0.00,0.00,0.00,2,2,1,0.00,52,0.00,0.00,0.00,14,0.00,0.00,0.00,,,,,,,7.5,8.5,20.8,49.2,0.00,842,57.4257,0,86,2674.88,"Suburban",1,225.301,9,"Virginia-Galena",3.19307,4.30693,3.61881,4.88119,0.00,0.00,20.9465,28.2535,8.85545,11.9446,2301.50,2047.50,1392.00,931.6,4371.10,0.633748,7.85935,11451.34,19.6484,-0.314012,-0.277444,-0.145605,1.864,0.140102,44.1321,117.966,0.00,0.00,12.0488,2301.50,249.5,2.26237,2301.50,86,11.8534,8.47566,1.55433,3.09055,11.0766,0.250698,11.8927,8.3927,5.286
1517,"Internal",224,280,0.00,96103.00,34.2857,1.42857,64.2857,192,21,5,2,2,1,1,0.00,0.00,0.00,,11,,0.00,0.00,0.00,6,0.00,0.00,0.00,1,54,506,0.00,0.00,0.00,11,6,25,0.00,9,0.00,2,55,286,47,0.00,0.00,0.00,,,,,,,4,12,16.9,129.1,846,0.00,29.5681,0,1008,11807.44,"Urban",1,6389.65,9,"Virginia-Galena",2.81728,1.18272,8.45183,3.54817,595.854,250.146,90.9276,38.1724,11.903,4.99701,17111.40,1456.00,1512.00,15630.60,18598.60,0.28096,0.00,117895.34,25.3557,-0.362952,-0.272458,0.0879499,-1.22707,0.103674,23.223,0.00,0.00,87.7082,104.503,17111.40,3763.80,1.50888,17111.40,1008.00,12.4184,9.95628,1.27757,4.20726,11.2978,0.94259,9.53541,6.03541,10.7271
1518,"Internal",129,309,0.00,190674.00,46.9256,16.8285,36.246,17,74,15,16,7,0.00,0.00,11,0.00,0.00,,9,,0.00,0.00,0.00,70,0.00,0.00,0.00,0.00,0.00,0.00,0.00,0.00,0.00,0.00,2,9,0.00,1,0.00,1,5,22,49,0.00,0.00,0.00,,,,,,,35,36,1.7,64.3,22,11,64.7059,0,159,1795.06,"Suburban",1,510.899,9,"Virginia-Galena",12.3529,22.6471,12.7059,23.2941,7.76471,14.2353,22.6941,41.6059,0.6,1.1,1255.60,838.5,255,1094.20,2187.70,0.589351,0.00,7029.53,112.462,-0.362952,-0.196369,-0.155307,1.475,0.133124,17.173,1.46437,0.00,2.92873,21.1667,1255.60,269.4,0.673515,1255.60,159,11.5354,7.96163,0.768069,0.00,10.912,0.00,13.508,10.008,3.4315
1519,"Internal",650,1652.00,0.00,192344.00,48.3656,20.7022,30.9322,76,352,93,80,27,16,6,0.00,0.00,0.00,,37,,0.00,0.00,0.00,1,0.00,0.00,0.00,2,0.00,2,0.00,0.00,0.00,1,9,10,2,0.00,0.00,3,5,24,5,0.00,0.00,0.00,,,,,,,2.5,2.5,2.1,30.9,26,0.00,61.3333,0,64,593.896,"Rural",,21.6888,9,"Virginia-Galena",0.966667,1.53333,0.966667,1.53333,10.0533,15.9467,11.948,18.952,0.812,1.288,1921.00,4225.00,96,1831.50,6152.50,0.439566,0.00,2085.00,0.847218,-0.362952,-0.293867,-0.166156,0.162616,0.114923,74.6997,0.00,0.00,2.98799,7.35505,1921.00,473.7,2.82615,1921.00,64,11.2927,7.64793,0.606524,0.00,10.7667,0.00,14.9036,11.4036,10.5104
1520,"Internal",415,1153.00,0.00,149028.00,47.1813,18.0399,34.7788,28,210,65,66,34,8,4,0.00,0.00,0.00,,26,,0.00,0.00,0.00,2,0.00,0.00,0.00,0.00,0.00,0.00,0.00,0.00,0.00,0.00,0.00,5,0.00,34,0.00,0.00,10,52,3,10,0.00,0.00,,,,,,,1,45,3,15,52,0.00,52.3256,0,116,1698.14,"Suburban",1,147.539,9,"Virginia-Galena",0.476744,0.523256,21.4535,23.5465,24.7907,27.2093,7.15116,7.84884,1.43023,1.56977,1999.70,2697.50,174,1942.70,4814.20,0.521893,8.9032,6123.11,1.27189,-0.307513,-0.293496,-0.157296,0.883942,0.125698,52.1647,0.00,0.00,6.5363,14.581,1999.70,465.3,2.00589,1999.70,116,11.6943,8.23085,0.895407,0.780982,10.9908,0.00,12.6721,9.17206,7.93193
1521,"Internal",263,640,0.00,149028.00,51.5625,21.7188,26.7188,50,129,31,33,15,3,2,0.00,0.00,0.00,,15,,0.00,0.00,0.00,8,0.00,0.00,0.00,2,0.00,0.00,0.00,0.00,0.00,0.00,8,0.00,0.00,2,0.00,0.00,0.00,0.00,0.00,0.00,0.00,0.00,,,,,,,6,6,0.00,8,0.00,0.00,42.1053,0,20,1405.04,"Suburban",1,41.8537,9,"Virginia-Galena",3.47368,2.52632,3.47368,2.52632,0.00,0.00,4.63158,3.36842,0.00,0.00,580.5,1709.50,30,566.1,2305.60,0.389788,0.00,4824.90,12.5561,-0.362952,-0.283639,-0.160144,-0.273534,0.10959,28.8222,0.00,0.00,0.00,2.1918,580.5,147.1,1.08207,580.5,20,12.0979,9.04311,1.35082,2.68065,11.1798,0.0254252,10.7979,7.29792,4.31834
1522,"Internal",0.00,0.00,0.00,89930.00,,,,0.00,0.00,0.00,0.00,0.00,0.00,0.00,1578.00,0.00,0.00,,0.00,,0.00,0.00,0.00,0.00,0.00,0.00,0.00,0.00,0.00,0.00,0.00,0.00,0.00,0.00,0.00,0.00,0.00,0.00,197,8,0.00,0.00,25,0.00,0.00,0.00,,,,,,,0.00,0.00,80.4,149.6,0.00,1578.00,75.3846,0,230,1106.61,"Suburban",1,704.79,9,"Virginia-Galena",0.00,0.00,0.00,0.00,0.00,0.00,36.8246,112.775,19.7908,60.6092,3655.00,0.00,2712.00,943,3655.00,0.382875,0.00,11200.04,0.00,-0.362952,-0.294607,-0.146156,-0.334107,0.109165,0.00,172.263,0.00,0.00,25.108,3655.00,276,0.884225,3655.00,230,11.4534,7.91196,0.706983,0.00,10.8497,0.00,13.9627,10.4627,
1523,"Internal",1,3,0.00,104868.00,66.6667,0.00,33.3333,0.00,0.00,1,0.00,0.00,0.00,0.00,0.00,0.00,0.00,,0.00,,1,0.00,0.00,0.00,0.00,0.00,0.00,23,32,65,0.00,537,0.00,39,95,42,11,11,0.00,51,28,145,46,20,0.00,0.00,,,,,,,561,42,18.6,282.4,242,0.00,40.5904,0,1146,6959.01,"Suburban",1,4424.76,9,"Virginia-Galena",333.288,227.712,24.952,17.048,143.771,98.2288,167.773,114.627,11.0502,7.54982,8021.90,6.5,1719.00,6412.10,8137.60,0.334496,15.4442,31419.69,2166.05,-0.266782,1.59747,-0.101791,-0.757992,0.106523,0.106523,0.00,0.00,25.7787,122.076,8021.90,1655.40,0.19123,8021.90,1146.00,12.3078,9.55635,1.16795,2.96718,11.2754,0.389131,9.95013,6.45013,11.6857
1524,"Internal",741,1404.00,0.00,86779.00,73.8604,13.9601,12.1795,311,289,71,53,12,5,0.00,0.00,0.00,0.00,,46,,0.00,0.00,0.00,0.00,0.00,0.00,0.00,0.00,0.00,0.00,0.00,0.00,0.00,0.00,10,0.00,1,0.00,0.00,0.00,0.00,0.00,0.00,0.00,0.00,0.00,,,,,,,0.00,1,0.00,10,0.00,0.00,45.0082,0,11,15048.65,"Urban",1,116.47,9,"Virginia-Galena",0.00,0.00,0.549918,0.450082,0.00,0.00,5.49918,4.50082,0.00,0.00,1466.90,4816.50,16.5,1453.00,6286.00,0.35946,0.00,66557.19,0.00,-0.362952,-0.294607,-0.024694,-0.539259,0.109413,81.0748,0.00,0.00,0.00,1.20354,1466.90,383,3.04379,1466.90,11,12.0977,9.05039,1.5731,2.67773,11.1787,0.231237,10.7991,7.29912,13.056
1525,"Internal",138,322,0.00,86779.00,36.646,13.354,50,62,30,8,26,6,0.00,6,0.00,0.00,0.00,,6,,0.00,0.00,0.00,16,0.00,1,0.00,5,0.00,5,0.00,0.00,0.00,3,7,45,0.00,7,2,24,80,417,8,0.00,0.00,0.00,,,,,,,14,15,29.6,139.4,422,0.00,28.3828,0,620,9462.71,"Urban",1,4528.74,9,"Virginia-Galena",10.0264,3.9736,10.7426,4.25743,302.224,119.776,99.8343,39.5657,21.1987,8.40132,9187.00,897,930,8296.00,10123.00,0.312095,29.2177,73942.70,102.262,-0.181017,-0.205279,-0.00848903,-0.954263,0.10757,14.8447,0.00,0.00,45.3947,66.6936,9187.00,2016.50,0.887017,9187.00,620,12.2216,9.41241,1.69108,2.86965,11.2225,0.213488,10.2886,6.78864,6.99396
1526,"Internal",196,558,0.00,149028.00,49.4624,27.7778,22.7599,22,86,23,41,14,9,1,0.00,0.00,0.00,,11,,0.00,0.00,0.00,10,0.00,0.00,0.00,0.00,0.00,0.00,0.00,0.00,0.00,0.00,10,0.00,0.00,0.00,0.00,0.00,0.00,0.00,0.00,0.00,0.00,0.00,,,,,,,5,5,0.00,10,0.00,0.00,76.1905,0,20,2177.55,"Suburban",1,73.8902,9,"Virginia-Galena",1.19048,3.80952,1.19048,3.80952,0.00,0.00,2.38095,7.61905,0.00,0.00,458.4,1274.00,30,441.4,1745.40,0.402968,14.778,6448.40,18.4726,-0.270931,-0.278471,-0.156582,-0.15805,0.112578,22.0652,0.00,0.00,0.00,2.25156,458.4,115,0.828395,458.4,20,11.8772,8.54551,1.34247,1.88382,11.0849,0.00,11.7807,8.28074,3.68589
1527,"Internal",109,317,0.00,137989.00,60.2524,20.5047,19.2429,16,32,22,27,9,3,0.00,0.00,0.00,0.00,,5,,0.00,0.00,0.00,0.00,0.00,0.00,0.00,0.00,0.00,0.00,0.00,0.00,0.00,0.00,0.00,5,0.00,0.00,0.00,0.00,0.00,0.00,0.00,0.00,0.00,0.00,,,,,,,0.00,0.00,0.00,5,0.00,0.00,84.6154,0,5,1094.87,"Suburban",1,16.8519,9,"Virginia-Galena",0.00,0.00,0.00,0.00,0.00,0.00,0.769231,4.23077,0.00,0.00,235.1,708.5,7.5,227.6,943.6,0.377985,0.00,3180.30,0.00,-0.362952,-0.294607,-0.163753,-0.376949,0.108244,11.7986,0.00,0.00,0.00,0.541221,235.1,60.5,0.442956,235.1,5,11.3676,7.71618,0.458043,0.00,10.8003,0.00,14.4569,10.9569,2.42437
1528,"Internal",324,793,0.00,190674.00,53.9723,17.9067,28.1211,33,201,34,36,10,8,2,0.00,0.00,0.00,,22,,0.00,0.00,0.00,16,0.00,0.00,0.00,0.00,0.00,0.00,0.00,0.00,0.00,0.00,0.00,5,1,0.00,0.00,0.00,1,7,9,0.00,0.00,0.00,,,,,,,8,9,0.3,14.7,7,0.00,45.4545,0,39,1274.09,"Suburban",1,58.1684,9,"Virginia-Galena",4.36364,3.63636,4.90909,4.09091,3.81818,3.18182,8.01818,6.68182,0.163636,0.136364,881.5,2106.00,58.5,846.4,3010.90,0.431356,0.00,4490.75,11.932,-0.362952,-0.284184,-0.160877,0.0906788,0.114129,36.9778,0.00,0.00,0.798903,4.45103,881.5,217.2,1.39406,881.5,39,11.2925,7.5625,0.39504,0.00,10.7645,0.00,14.9045,11.4045,5.62347
1529,"Internal",50,136,0.00,137989.00,55.1471,22.0588,22.7941,9,18,8,8,7,0.00,0.00,0.00,0.00,0.00,,2,,0.00,0.00,0.00,5,0.00,0.00,28,0.00,0.00,0.00,0.00,0.00,0.00,0.00,0.00,0.00,0.00,0.00,1,0.00,0.00,0.00,0.00,0.00,0.00,0.00,,,,,,,30.5,2.5,0.4,0.6,0.00,0.00,7.14286,0,34,636.063,"Suburban",1,114.192,9,"Virginia-Galena",28.3214,2.17857,2.32143,0.178571,0.00,0.00,0.557143,0.0428571,0.371429,0.0285714,199.6,325,51,155.1,531.1,0.531027,0.00,1783.74,102.437,-0.362952,-0.205127,-0.166817,0.963973,0.125576,6.27879,0.00,0.00,0.00,4.26958,199.6,42.7,0.235725,199.6,34,11.6686,8.0981,0.802642,0.292193,10.9861,0.00,12.8035,9.30353,1.17407
1530,"Internal",399,968,0.00,137989.00,56.3017,20.7645,22.9339,77,176,70,55,18,2,1,0.00,0.00,0.00,,25,,0.00,0.00,0.00,32,0.00,0.00,0.00,0.00,0.00,0.00,0.00,0.00,2,0.00,2,0.00,0.00,13,0.00,0.00,11,56,7,0.00,0.00,0.00,,,,,,,16,29,3.3,18.7,56,0.00,45.8333,0,123,3125.42,"Suburban",1,331.081,9,"Virginia-Galena",8.66667,7.33333,15.7083,13.2917,30.3333,25.6667,10.1292,8.57083,1.7875,1.5125,2063.50,2593.50,184.5,1954.40,4732.40,0.527588,0.00,12738.28,43.0675,-0.362952,-0.256987,-0.142781,0.933841,0.125776,50.1846,0.00,0.00,7.04345,15.4704,2063.50,478,1.93524,2063.50,123,11.7837,8.91123,1.28555,1.67647,11.0001,0.00,12.2274,8.72742,7.96732
1531,"Internal",288,582,0.00,117589.00,55.8419,15.8076,28.3505,100,123,33,24,7,1,0.00,0.00,0.00,0.00,,16,,0.00,0.00,0.00,26,0.00,0.00,0.00,1,0.00,21,0.00,0.00,5,36,17,53,9,93,0.00,5,34,174,18,0.00,0.00,0.00,,,,,,,14,115,11.2,156.8,195,0.00,44.4444,0,492,4433.46,"Suburban",1,1610.38,9,"Virginia-Galena",7.77778,6.22222,63.8889,51.1111,108.333,86.6667,87.1111,69.6889,6.22222,4.97778,5521.50,1872.00,738,5082.50,7692.50,0.495039,22.9119,25178.58,45.8239,-0.220282,-0.254579,-0.115485,0.648657,0.125067,36.0194,0.00,0.00,24.3881,61.5331,5521.50,1209.60,1.52941,5521.50,492,11.7367,8.70469,1.22552,2.38392,10.9808,0.00,12.4588,8.95877,8.63154
1532,"Internal",314,842,0.00,137989.00,53.9192,24.1093,21.9715,60,124,38,59,18,11,4,0.00,0.00,0.00,,22,,0.00,0.00,0.00,0.00,0.00,0.00,0.00,0.00,0.00,17,0.00,0.00,0.00,1,0.00,21,0.00,0.00,0.00,67,2,14,6,0.00,0.00,0.00,,,,,,,0.00,0.00,14,83,31,0.00,37.037,0,128,2814.08,"Suburban",1,345.36,9,"Virginia-Galena",0.00,0.00,0.00,0.00,19.5185,11.4815,52.2593,30.7407,8.81481,5.18519,1719.50,2041.00,192,1527.50,3760.50,0.537824,16.1887,10146.28,0.00,-0.262146,-0.294607,-0.148468,1.02353,0.128693,40.4096,0.00,0.00,3.98948,16.4727,1719.50,400.5,1.54607,1719.50,128,11.6375,8.17204,0.787165,0.507763,10.9449,0.00,12.9639,9.46385,6.67878
1533,"Internal",219,594,0.00,190674.00,64.3098,19.5286,16.1616,18,112,39,31,6,10,3,0.00,0.00,0.00,,13,,3,0.00,0.00,32,0.00,0.00,0.00,0.00,0.00,0.00,0.00,0.00,0.00,0.00,3,6,1,0.00,0.00,15,1,6,2,0.00,0.00,0.00,,,,,,,19,17,3.3,23.7,6,0.00,56.8627,0,69,363.701,"Rural",,35.7312,9,"Virginia-Galena",8.19608,10.8039,7.33333,9.66667,2.58824,3.41176,10.2235,13.4765,1.42353,1.87647,787.5,1423.50,103.5,728.2,2255.20,0.495207,0.00,1167.84,9.83901,-0.362952,-0.286012,-0.168168,0.650129,0.121266,26.5573,0.00,0.00,0.727597,8.36737,787.5,184.5,1.00233,787.5,69,11.2413,7.48693,0.00,0.00,10.7429,0.00,15.2186,11.7186,5.23739
1534,"Internal",37,130,0.00,157813.00,78.4615,14.6154,6.92308,0.00,5,12,18,1,0.00,1,0.00,0.00,0.00,,2,,0.00,0.00,0.00,0.00,0.00,0.00,0.00,0.00,0.00,0.00,0.00,0.00,0.00,1,0.00,0.00,0.00,0.00,0.00,0.00,0.00,0.00,0.00,0.00,0.00,0.00,,,,,,,0.00,0.00,0.00,1,0.00,0.00,45.0082,0,1,136.604,"Suburban",1,1.03826,9,"Virginia-Galena",0.00,0.00,0.00,0.00,0.00,0.00,0.549918,0.450082,0.00,0.00,75.9,240.5,1.5,74.4,316.4,0.366911,3.11479,328.506,0.00,-0.343556,-0.294607,-0.17001,-0.473976,0.107231,3.96754,0.00,0.00,0.00,0.107231,75.9,19.7,0.148953,75.9,1,11.2303,7.44637,0.00,0.00,10.7394,0.00,15.287,11.787,1.28002
1535,"Internal",462,1323.00,0.00,157813.00,54.6485,31.9728,13.3787,60,143,120,92,36,8,3,899,1197.00,0.00,,38,,0.00,0.00,0.00,2,0.00,0.00,0.00,1,0.00,0.00,0.00,0.00,0.00,0.00,0.00,9,0.00,0.00,219,0.00,1,3,15,0.00,0.00,0.00,,,,,,,2,1,87.9,156.1,3,2096.00,49.2063,0,250,1583.74,"Suburban",1,230.795,9,"Virginia-Galena",1.01587,0.984127,0.507937,0.492063,1.52381,1.47619,79.2889,76.8111,44.6476,43.2524,5453.30,3003.00,3519.00,1936.90,8458.90,0.648471,2.76954,7809.07,1.84636,-0.345706,-0.292994,-0.153596,1.993,0.14122,65.2437,295.998,0.00,0.423661,35.3051,5453.30,537.6,3.97188,5453.30,250,11.4574,7.81019,0.383117,0.00,10.8581,0.00,13.9403,10.4403,11.0238
1536,"Internal",0.00,0.00,0.00,89930.00,,,,0.00,0.00,0.00,0.00,0.00,0.00,0.00,0.00,0.00,0.00,,0.00,,0.00,0.00,0.00,0.00,0.00,0.00,0.00,0.00,0.00,0.00,0.00,0.00,0.00,0.00,0.00,0.00,0.00,0.00,0.00,0.00,0.00,0.00,0.00,0.00,0.00,0.00,,,,,,,0.00,0.00,0.00,0.00,0.00,0.00,45.0082,0,0,0.00,"Rural",,0.00,9,"Virginia-Galena",0.00,0.00,0.00,0.00,0.00,0.00,0.00,0.00,0.00,0.00,0.00,0.00,0.00,0.00,0.00,,0.00,0.00,0.00,-0.362952,-0.294607,-0.170731,,0.00,0.00,0.00,0.00,0.00,0.00,0.00,0.00,0.00,0.00,0.00,11.6156,8.06911,0.00,0.763356,10.9451,0.00,13.0785,9.57848,
1537,"Internal",849,2144.00,0.00,204127.00,48.4142,17.3974,34.1884,102,466,105,117,37,12,10,0.00,0.00,0.00,,48,,0.00,0.00,0.00,37,0.00,0.00,0.00,3,0.00,0.00,0.00,0.00,7,7,16,41,1,52,0.00,1,47,244,47,0.00,0.00,0.00,,,,,,,21.5,71.5,14.3,151.7,244,0.00,45.8797,0,503,1037.50,"Suburban",1,177.881,9,"Virginia-Galena",11.6359,9.86414,38.696,32.804,132.053,111.947,82.1004,69.5996,7.7392,6.5608,7384.50,5518.50,754.5,6815.90,13088.90,0.547747,0.00,4628.76,7.60326,-0.362952,-0.287965,-0.160575,1.11048,0.127778,108.484,0.00,0.00,31.1779,64.2724,7384.50,1670.60,4.29925,7384.50,503,11.0224,7.17986,0.00,0.00,10.6223,0.00,16.6439,13.1439,16.0466
1538,"Internal",0.00,0.00,0.00,89930.00,,,,0.00,0.00,0.00,0.00,0.00,0.00,0.00,0.00,0.00,0.00,,0.00,,0.00,0.00,0.00,0.00,0.00,0.00,0.00,0.00,0.00,0.00,0.00,0.00,0.00,0.00,0.00,0.00,0.00,0.00,0.00,0.00,0.00,0.00,0.00,0.00,0.00,0.00,,,,,,,0.00,0.00,0.00,0.00,0.00,0.00,100,0,0,0.00,"Rural",,0.00,9,"Virginia-Galena",0.00,0.00,0.00,0.00,0.00,0.00,0.00,0.00,0.00,0.00,0.00,0.00,0.00,0.00,0.00,,0.00,0.00,0.00,-0.362952,-0.294607,-0.170731,,0.00,0.00,0.00,0.00,0.00,0.00,0.00,0.00,0.00,0.00,0.00,11.2114,7.30969,0.00,0.00,10.748,0.00,15.4055,11.9055,
1539,"Internal",368,994,0.00,112206.00,49.1952,20.4225,30.3823,56,175,42,50,23,7,15,0.00,0.00,0.00,,22,,0.00,0.00,0.00,0.00,0.00,0.00,0.00,0.00,0.00,0.00,0.00,0.00,0.00,0.00,10,3,1,0.00,0.00,0.00,0.00,0.00,1,0.00,0.00,0.00,,,,,,,0.00,1,0.00,14,0.00,0.00,61.5385,0,15,516.664,"Rural",,7.61628,9,"Virginia-Galena",0.00,0.00,0.384615,0.615385,0.00,0.00,5.38462,8.61538,0.00,0.00,780.6,2392.00,22.5,760.7,3175.20,0.375035,0.00,1612.21,0.00,-0.362952,-0.294607,-0.167193,-0.4028,0.107853,39.6899,0.00,0.00,0.00,1.6178,780.6,201.3,1.49008,780.6,15,10.3989,6.21636,0.00,0.00,10.2707,0.00,21.5444,18.0444,6.14221
1540,"Internal",226,555,0.00,171774.00,45.2252,16.3964,38.3784,58,93,26,25,13,9,2,0.00,0.00,0.00,,13,,0.00,0.00,0.00,0.00,0.00,0.00,0.00,0.00,0.00,0.00,0.00,0.00,0.00,0.00,1,2,0.00,0.00,0.00,0.00,0.00,3,0.00,0.00,0.00,0.00,,,,,,,0.00,0.00,0.00,3,3,0.00,60,0,6,688.844,"Rural",,7.32266,9,"Virginia-Galena",0.00,0.00,0.00,0.00,1.2,1.8,1.2,1.8,0.00,0.00,502.3,1469.00,9,493.3,1971.30,0.382045,0.00,2405.86,0.00,-0.362952,-0.294607,-0.165452,-0.341375,0.108639,24.5524,0.00,0.00,0.325917,0.651834,502.3,128.9,0.924139,502.3,6,10.626,6.53141,0.00,0.00,10.4026,0.00,19.6027,16.1027,3.1533
1541,"Internal",1,2,0.00,157813.00,0.00,50,50,0.00,1,0.00,0.00,0.00,0.00,0.00,0.00,0.00,356,,0.00,,0.00,0.00,0.00,0.00,0.00,0.00,0.00,0.00,0.00,0.00,0.00,0.00,0.00,0.00,0.00,0.00,0.00,0.00,2,0.00,0.00,0.00,0.00,0.00,0.00,0.00,,,,,,,0.00,0.00,0.8,1.2,0.00,0.00,71.875,0,2,39.7461,"Suburban",1,15.4647,9,"Virginia-Galena",0.00,0.00,0.00,0.00,0.00,0.00,0.3375,0.8625,0.225,0.575,2042.30,754.1,1284.60,10.1,2048.80,0.47137,0.00,15842.02,0.00,-0.362952,-0.294607,-0.135971,0.441275,0.119279,0.119279,0.00,42.4635,0.00,0.238559,2042.30,2.9,0.903599,2042.30,2,11.8026,8.53106,0.797904,1.86968,11.026,0.00,12.1355,8.63552,0.0198115
1542,"Internal",0.00,0.00,0.00,89930.00,,,,0.00,0.00,0.00,0.00,0.00,0.00,0.00,0.00,0.00,0.00,,0.00,,0.00,0.00,0.00,0.00,0.00,0.00,0.00,0.00,0.00,0.00,0.00,0.00,0.00,0.00,0.00,13,0.00,0.00,0.00,60,3,16,3,0.00,0.00,0.00,,,,,,,0.00,0.00,12.9,66.1,16,0.00,50.4854,0,95,3959.02,"Suburban",1,2521.47,9,"Virginia-Galena",0.00,0.00,0.00,0.00,7.92233,8.07767,32.7291,33.3709,6.38738,6.51262,741.6,0.00,142.5,599.1,741.6,0.310459,159.251,19683.37,0.00,0.628682,-0.294607,-0.127542,-0.968597,0.117693,0.00,0.00,0.00,1.88309,11.1809,741.6,160.4,0.0136769,741.6,95,11.7485,8.37971,0.759773,1.32802,10.9992,0.00,12.4005,8.90053,
1543,"Internal",527,1513.00,0.00,90071.00,55.8493,36.3516,7.79908,136,68,170,102,0.00,34,17,0.00,0.00,0.00,,36,,0.00,0.00,0.00,0.00,0.00,0.00,0.00,0.00,143,513,0.00,0.00,55,33,21,2,0.00,20,10,2,73,376,108,0.00,0.00,0.00,,,,,,,0.00,20,26.3,277.7,1032.00,0.00,15.3846,0,1356,13647.77,"Urban",1,5081.25,9,"Virginia-Galena",0.00,0.00,16.9231,3.07692,873.231,158.769,234.977,42.7231,22.2538,4.04615,22062.10,3425.50,2034.00,20080.10,25539.60,0.357504,11.2417,95702.96,0.00,-0.292951,-0.294607,0.0392564,-0.5564,0.111784,58.91,0.00,0.00,115.361,151.579,22062.10,4869.50,3.04952,22062.10,1356.00,11.9288,8.81696,1.28396,3.06015,11.0911,0.449168,11.5422,8.0422,20.7474
1544,"Internal",105,251,0.00,112206.00,54.9801,15.1394,29.8805,15,57,17,12,2,1,1,0.00,0.00,0.00,,8,,0.00,0.00,0.00,1,0.00,0.00,0.00,0.00,0.00,0.00,0.00,0.00,1,0.00,0.00,13,0.00,0.00,0.00,0.00,0.00,0.00,2,21,0.00,0.00,,,,,,,0.5,21.5,0.00,16,0.00,0.00,60,0,38,397.725,"Rural",,48.6491,9,"Virginia-Galena",0.2,0.3,8.6,12.9,0.00,0.00,6.4,9.6,0.00,0.00,355.1,682.5,57,354,1093.50,0.502927,0.00,1399.94,0.640119,-0.362952,-0.294048,-0.167659,0.717768,0.12219,12.8299,0.00,0.00,0.00,4.64321,355.1,82.7,0.481673,355.1,38,10.6014,6.46699,0.00,0.00,10.397,0.00,19.8038,16.3038,1.8773
1545,"Internal",40,71,0.00,171774.00,46.4789,23.9437,29.5775,12,26,1,1,0.00,0.00,0.00,0.00,0.00,0.00,,2,,1,0.00,0.00,0.00,0.00,0.00,0.00,0.00,0.00,0.00,0.00,0.00,0.00,0.00,0.00,0.00,0.00,0.00,0.00,0.00,0.00,0.00,0.00,0.00,0.00,0.00,,,,,,,1,0.00,0.00,0.00,0.00,0.00,33.8462,0,1,53.3677,"Rural",,0.735395,9,"Virginia-Galena",0.661538,0.338462,0.00,0.00,0.00,0.00,0.00,0.00,0.00,0.00,79,260,1.5,77.5,339,0.359486,0.00,249.299,0.735395,-0.362952,-0.293964,-0.170184,-0.539034,0.106147,4.24588,0.00,0.00,0.00,0.106147,79,20.5,0.159403,79,1,10.5084,6.35116,0.00,0.00,10.337,0.00,20.5837,17.0837,0.416761
1602,"Internal",166,485,0.00,52429.00,63.5052,20.4124,16.0825,16,70,31,27,11,4,7,0.00,0.00,0.00,,15,,0.00,0.00,0.00,0.00,0.00,0.00,0.00,0.00,0.00,0.00,0.00,0.00,0.00,0.00,0.00,2,0.00,0.00,0.00,1,0.00,0.00,0.00,0.00,0.00,0.00,,,,,,,0.00,0.00,0.2,2.8,0.00,0.00,68.6567,0,3,1081.56,"Suburban",1,6.62573,11,"Palomina-NorthVa",0.00,0.00,0.00,0.00,0.00,0.00,0.877612,1.92239,0.0626866,0.137313,332.2,1079.00,4.5,327.7,1411.20,0.361457,0.00,3116.74,0.00,-0.362952,-0.294607,-0.163892,-0.521762,0.106493,17.6779,0.00,0.00,0.00,0.31948,332.2,86.6,0.663682,332.2,3,11.9604,8.30525,1.01342,2.06088,11.2006,0.0360514,11.3987,7.89865,3.87587
1603,"Internal",29,81,0.00,60000.00,60.4938,24.6914,14.8148,2,14,6,4,2,0.00,1,0.00,0.00,0.00,,2,,0.00,0.00,0.00,22,0.00,0.00,29,0.00,0.00,0.00,0.00,1308.00,0.00,0.00,3,0.00,0.00,0.00,0.00,0.00,0.00,0.00,0.00,0.00,0.00,0.00,,,,,,,1348.00,11,0.00,3,0.00,0.00,36.1897,0,1362,5083.66,"Suburban",1,3119.59,11,"Palomina-NorthVa",860.163,487.837,7.01913,3.98087,0.00,0.00,1.91431,1.08569,0.00,0.00,4148.90,188.5,2043.00,2134.50,4366.00,0.540159,0.00,10000.09,3087.52,-0.362952,2.40239,-0.148789,1.04399,0.127153,3.68744,0.00,0.00,0.00,173.183,4148.90,697.6,0.138438,4148.90,1362.00,11.8516,8.28484,0.00,1.6727,11.1354,0.59407,11.9011,8.40107,11.6976
1604,"Internal",0.00,0.00,0.00,89930.00,,,,0.00,0.00,0.00,0.00,0.00,0.00,0.00,0.00,0.00,0.00,,1,,0.00,0.00,0.00,0.00,0.00,0.00,0.00,5,0.00,0.00,0.00,0.00,0.00,0.00,11,0.00,0.00,0.00,0.00,22,0.00,0.00,0.00,0.00,0.00,0.00,,,,,,,5,0.00,4.4,28.6,0.00,0.00,37.5,0,38,282.049,"Suburban",1,179.635,11,"Palomina-NorthVa",3.125,1.875,0.00,0.00,0.00,0.00,17.875,10.725,2.75,1.65,199.8,0.00,57,142.8,199.8,0.407795,0.00,944.502,23.6362,-0.362952,-0.27396,-0.168658,-0.115758,0.111347,0.00,0.00,0.00,0.00,4.23118,199.8,42.1,0.00,199.8,38,11.9688,8.4963,0.049257,2.298,11.1916,0.829204,11.3609,7.86091,
1605,"Internal",152,378,19,60000.00,65.0794,19.5767,15.3439,42,64,17,7,10,5,7,0.00,0.00,0.00,,15,,0.00,0.00,0.00,0.00,0.00,0.00,0.00,0.00,0.00,0.00,0.00,0.00,0.00,0.00,0.00,0.00,0.00,0.00,0.00,0.00,0.00,0.00,2,0.00,0.00,0.00,,,,,,,0.00,0.00,0.00,2,0.00,0.00,45.0082,0,2,378.411,"Rural",,1.98568,11,"Palomina-NorthVa",0.00,0.00,0.00,0.00,0.00,0.00,1.09984,0.900164,0.00,0.00,300,988,3,297,1288.00,0.35841,0.00,1278.78,0.00,-0.362952,-0.294607,-0.167925,-0.548463,0.106085,16.1248,0.00,0.00,0.00,0.212169,300,78.4,0.605375,300,2,11.7427,8.22019,0.00,0.667635,11.074,0.00,12.4289,8.92895,3.08681
1606,"Internal",0.00,0.00,0.00,89930.00,,,,0.00,0.00,0.00,0.00,0.00,0.00,0.00,0.00,0.00,0.00,,0.00,,0.00,0.00,0.00,0.00,0.00,0.00,0.00,0.00,3,0.00,0.00,0.00,7,3,0.00,0.00,0.00,0.00,0.00,8,13,65,18,0.00,0.00,0.00,,,,,,,0.00,0.00,5.5,43.5,68,0.00,56.8289,0,117,3234.59,"Urban",1,2060.08,11,"Palomina-NorthVa",0.00,0.00,0.00,0.00,29.3564,38.6436,18.7794,24.7206,2.37441,3.12559,1546.00,0.00,175.5,1370.50,1546.00,0.201264,0.00,27221.28,0.00,-0.362952,-0.294607,-0.111003,-1.92534,0.0918321,0.00,0.00,0.00,6.24458,10.7444,1546.00,337.6,0.0453544,1546.00,117,12.0016,8.79828,0.742684,2.58644,11.1872,1,11.2149,7.71491,
1607,"Internal",158,456,0.00,107222.00,61.8421,25.8772,12.2807,44,36,20,23,23,11,1,0.00,0.00,0.00,,9,,0.00,0.00,0.00,11,0.00,0.00,0.00,2,14,70,0.00,1701.00,0.00,0.00,3,0.00,0.00,6,0.00,0.00,1,6,6,0.00,0.00,0.00,,,,,,,1708.50,11.5,0.3,9.7,90,0.00,21.1765,0,1820,4885.10,"Suburban",1,2683.13,11,"Palomina-NorthVa",1346.70,361.8,9.06471,2.43529,70.9412,19.0588,7.64588,2.05412,0.236471,0.0635294,7199.20,1027.00,2730.00,4499.10,8256.10,0.578225,10.3197,12171.53,2518.75,-0.298692,1.90556,-0.144025,1.37752,0.133211,21.0474,0.00,0.00,11.989,242.444,7199.20,1320.00,0.877258,7199.20,1820.00,11.8009,8.34363,0.866231,1.4681,11.1026,0.25923,12.1438,8.64377,16.9187
1608,"Internal",17,48,0.00,60000.00,43.75,33.3333,22.9167,4,3,6,1,2,1,0.00,0.00,0.00,0.00,,1,,0.00,0.00,0.00,0.00,0.00,0.00,61,13,0.00,0.00,32,124,0.00,0.00,0.00,5,0.00,2,0.00,0.00,0.00,0.00,0.00,0.00,0.00,0.00,,,,,,,230,2,0.00,5,0.00,0.00,29.6296,0,237,1187.43,"Suburban",1,669.86,11,"Palomina-NorthVa",161.852,68.1481,1.40741,0.592593,0.00,0.00,3.51852,1.48148,0.00,0.00,756.3,110.5,355.5,406,872,0.600956,0.00,2464.63,650.076,-0.362952,0.273245,-0.165323,1.57668,0.134337,2.28372,0.00,0.00,0.00,31.8378,756.3,130.5,0.0857378,756.3,237,11.7231,8.17321,0.267507,0.266653,11.0583,0.00,12.5271,9.02712,2.03123
1609,"Internal",0.00,0.00,9,89930.00,,,,0.00,0.00,0.00,0.00,0.00,0.00,0.00,0.00,0.00,0.00,,0.00,,0.00,0.00,0.00,0.00,0.00,0.00,0.00,0.00,8,413,0.00,0.00,0.00,3,0.00,0.00,0.00,0.00,0.00,32,1,9,9,0.00,0.00,0.00,,,,,,,0.00,0.00,6.7,38.3,430,0.00,45.0082,0,475,3339.12,"Suburban",1,2126.66,11,"Palomina-NorthVa",0.00,0.00,0.00,0.00,236.465,193.535,21.0619,17.2381,3.68445,3.01555,8293.00,0.00,712.5,7580.50,8293.00,0.157069,17.9087,37129.30,0.00,-0.251436,-0.294607,-0.0892633,-2.31258,0.0897153,0.00,0.00,0.00,38.5776,42.6148,8293.00,1817.00,0.280189,8293.00,475,11.7707,8.31454,0.384404,1.98399,11.0731,0.432337,12.2908,8.79084,
1610,"Internal",718,2157.00,0.00,107989.00,54.4738,26.1474,19.3788,136,187,81,225,45,29,15,0.00,0.00,0.00,,47,,0.00,0.00,0.00,0.00,0.00,0.00,0.00,0.00,0.00,0.00,0.00,0.00,0.00,0.00,0.00,0.00,0.00,0.00,0.00,0.00,0.00,0.00,0.00,0.00,0.00,0.00,,,,,,,0.00,0.00,0.00,0.00,0.00,0.00,45.0082,0,0,10668.69,"Urban",1,0.00,11,"Palomina-NorthVa",0.00,0.00,0.00,0.00,0.00,0.00,0.00,0.00,0.00,0.00,1364.20,4667.00,0.00,1364.20,6031.20,0.350057,0.00,29830.77,0.00,-0.362952,-0.294607,-0.105277,-0.621652,0.1066,76.5385,0.00,0.00,0.00,0.00,1364.20,359,2.87348,1364.20,0.00,11.6559,8.15486,1.47983,2.12298,11.0094,0.535945,12.8685,9.36852,14.6663
1611,"Internal",10,23,0.00,87229.00,60.8696,13.0435,26.087,3,4,1,1,1,0.00,0.00,0.00,0.00,0.00,,0.00,,0.00,0.00,0.00,0.00,0.00,0.00,0.00,0.00,0.00,0.00,0.00,0.00,0.00,0.00,0.00,0.00,0.00,0.00,0.00,0.00,0.00,0.00,5,0.00,0.00,0.00,,,,,,,0.00,0.00,0.00,5,0.00,0.00,20.1439,0,5,112.81,"Suburban",1,18.2833,11,"Palomina-NorthVa",0.00,0.00,0.00,0.00,0.00,0.00,3.99281,1.00719,0.00,0.00,47,65,7.5,39.5,112,0.534319,0.00,409.546,0.00,-0.362952,-0.294607,-0.169832,0.992821,0.125898,1.25898,0.00,0.00,0.00,0.629489,47,11,0.0472658,47,5,11.7841,8.31652,0.475609,0.986555,11.082,0.014438,12.2255,8.72553,0.210775
1612,"Internal",66,167,0.00,57353.00,66.4671,26.9461,6.58683,14,28,10,6,6,1,1,0.00,0.00,0.00,,6,,0.00,0.00,0.00,0.00,0.00,0.00,0.00,0.00,0.00,0.00,0.00,0.00,0.00,0.00,0.00,0.00,0.00,0.00,0.00,0.00,0.00,0.00,0.00,0.00,0.00,0.00,,,,,,,0.00,0.00,0.00,0.00,0.00,0.00,45.0082,0,0,637.19,"Urban",1,0.00,11,"Palomina-NorthVa",0.00,0.00,0.00,0.00,0.00,0.00,0.00,0.00,0.00,0.00,125.4,429,0.00,125.4,554.4,0.350057,0.00,2115.32,0.00,-0.362952,-0.294607,-0.166089,-0.621652,0.105254,6.94677,0.00,0.00,0.00,0.00,125.4,33,0.260802,125.4,0.00,11.6848,8.29107,1.74777,2.27525,11.0213,0.511551,12.7205,9.22052,1.3855
1613,"Internal",320,814,0.00,57353.00,65.9705,27.2727,6.75676,69,130,51,30,31,6,3,0.00,0.00,0.00,,18,,0.00,0.00,0.00,0.00,0.00,0.00,0.00,0.00,0.00,0.00,0.00,0.00,0.00,0.00,10,0.00,0.00,0.00,0.00,0.00,0.00,0.00,0.00,0.00,0.00,0.00,,,,,,,0.00,0.00,0.00,10,0.00,0.00,69.2308,0,10,5714.04,"Suburban",1,68.8686,11,"Palomina-NorthVa",0.00,0.00,0.00,0.00,0.00,0.00,3.07692,6.92308,0.00,0.00,664,2080.00,15,649,2744.00,0.36944,20.6606,18897.55,0.00,-0.234301,-0.294607,-0.129267,-0.451821,0.110135,35.2431,0.00,0.00,0.00,1.10135,664,172,1.32313,664,10,11.7745,8.33389,0.567882,0.783385,11.0752,0.00,12.2722,8.77221,6.78902
1614,"Internal",536,1572.00,6,107989.00,62.8499,28.0534,9.09669,95,157,106,92,50,25,11,0.00,0.00,0.00,,49,,0.00,0.00,0.00,0.00,0.00,0.00,0.00,0.00,0.00,0.00,0.00,0.00,0.00,0.00,6,0.00,0.00,0.00,0.00,0.00,0.00,0.00,5,0.00,0.00,0.00,,,,,,,0.00,0.00,0.00,11,0.00,0.00,28.9474,0,11,6334.20,"Urban",1,43.8416,11,"Palomina-NorthVa",0.00,0.00,0.00,0.00,0.00,0.00,7.81579,3.18421,0.00,0.00,1080.00,3484.00,16.5,1063.50,4564.00,0.362962,11.9568,18190.27,0.00,-0.288498,-0.294607,-0.130819,-0.508577,0.10855,58.1827,0.00,0.00,0.00,1.19405,1080.00,281.2,2.18435,1080.00,11,11.6211,8.28226,2.07809,2.19356,10.9741,0.547436,13.0499,9.54985,12.4106
1615,"Internal",242,682,0.00,107989.00,65.8358,32.1114,2.05279,44,79,57,27,14,16,5,1702.00,0.00,0.00,,21,,0.00,0.00,0.00,0.00,0.00,0.00,0.00,0.00,0.00,0.00,0.00,0.00,0.00,0.00,0.00,0.00,0.00,0.00,158,0.00,3,16,0.00,0.00,0.00,0.00,,,,,,,0.00,0.00,64.1,96.9,16,1702.00,37.5,0,177,6340.15,"Urban",1,1169.07,11,"Palomina-NorthVa",0.00,0.00,0.00,0.00,10,6,60.5625,36.3375,40.0625,24.0375,4213.60,1573.00,2818.50,1395.10,5786.60,0.63074,0.00,38220.07,0.00,-0.362952,-0.294607,-0.08687,1.83764,0.140402,33.9772,238.964,0.00,2.24643,24.8511,4213.60,379.8,2.51853,4213.60,177,11.7948,9.2583,1.88459,1.99946,11.0491,0.33892,12.1731,8.67308,6.86005
1616,"Internal",342,863,6,87229.00,59.9073,22.4797,17.613,78,145,48,30,23,10,8,0.00,0.00,0.00,,20,,1,0.00,0.00,2,0.00,0.00,0.00,0.00,11,0.00,0.00,0.00,0.00,0.00,0.00,0.00,0.00,0.00,0.00,0.00,2,9,7,0.00,0.00,0.00,,,,,,,2,1,0.6,8.4,20,0.00,44.6746,0,32,1054.20,"Suburban",1,36.9391,11,"Palomina-NorthVa",1.10651,0.893491,0.553254,0.446746,11.0651,8.93491,4.64734,3.75266,0.331953,0.268047,1083.20,2223.00,48,1037.80,3308.80,0.450039,0.00,3819.51,2.3087,-0.362952,-0.29259,-0.16235,0.254372,0.116194,39.7385,0.00,0.00,2.32389,3.71822,1083.20,265.3,1.50878,1083.20,32,11.5296,7.81443,0.486347,0.00,10.9519,0.00,13.5392,10.0392,6.68665
1617,"Internal",0.00,0.00,0.00,89930.00,,,,0.00,0.00,0.00,0.00,0.00,0.00,0.00,0.00,0.00,0.00,,0.00,,0.00,0.00,0.00,0.00,0.00,0.00,0.00,36,0.00,0.00,0.00,294,0.00,0.00,0.00,0.00,0.00,71,0.00,0.00,1,6,0.00,0.00,0.00,0.00,,,,,,,330,71,0.3,0.7,6,0.00,8.82353,0,408,2144.04,"Suburban",1,1365.52,11,"Palomina-NorthVa",300.882,29.1176,64.7353,6.26471,5.47059,0.529412,0.638235,0.0617647,0.273529,0.0264706,1320.80,0.00,612,893.4,1505.40,0.482529,0.00,5038.38,1104.47,-0.362952,0.670164,-0.159676,0.539047,0.119993,0.00,0.00,0.00,0.719957,48.9571,1320.80,226.3,0.00522905,1320.80,408,11.6655,8.28476,0.772019,0.00,11.0095,0.00,12.8192,9.3192,
1618,"Internal",0.00,0.00,0.00,89930.00,,,,0.00,0.00,0.00,0.00,0.00,0.00,0.00,0.00,0.00,0.00,,0.00,,0.00,0.00,0.00,0.00,0.00,0.00,0.00,0.00,11,46,0.00,0.00,0.00,0.00,8,0.00,0.00,0.00,0.00,0.00,14,71,7,0.00,0.00,0.00,,,,,,,0.00,0.00,4.2,24.8,128,0.00,25,0,157,5476.53,"Urban",1,3487.96,11,"Palomina-NorthVa",0.00,0.00,0.00,0.00,96,32,18.6,6.2,3.15,1.05,2556.00,0.00,235.5,2320.50,2556.00,0.167294,0.00,56784.93,0.00,-0.362952,-0.294607,-0.0461359,-2.22298,0.0899869,0.00,0.00,0.00,11.5183,14.1279,2556.00,559.6,0.0836576,2556.00,157,11.8511,9.1979,1.9881,2.08788,11.0668,0.367045,11.9036,8.40358,
1619,"Internal",166,504,0.00,57353.00,66.6667,27.1825,6.15079,12,61,38,32,15,3,5,0.00,0.00,0.00,,11,,0.00,0.00,2,10,9,0.00,0.00,0.00,8,6,0.00,0.00,0.00,0.00,10,0.00,0.00,0.00,0.00,0.00,10,56,15,0.00,0.00,0.00,,,,,,,16,5,3,32,70,0.00,60.6205,0,126,1992.59,"Suburban",1,357.729,11,"Palomina-NorthVa",6.30072,9.69928,1.96897,3.03103,27.5656,42.4344,12.6014,19.3986,1.18138,1.81862,1883.40,1079.00,189,1707.40,2975.40,0.535166,0.00,8447.51,45.4259,-0.362952,-0.254927,-0.152196,1.00024,0.126455,20.9916,0.00,0.00,8.85186,15.9333,1883.40,422.5,0.852377,1883.40,126,11.6106,8.12742,1.40225,0.820078,10.9886,0.00,13.1051,9.60513,5.16399
1620,"Internal",3,7,0.00,60000.00,57.1429,28.5714,14.2857,0.00,2,1,0.00,0.00,0.00,0.00,0.00,0.00,0.00,,0.00,,0.00,0.00,0.00,13,0.00,0.00,0.00,16,0.00,0.00,0.00,0.00,0.00,0.00,8,0.00,0.00,0.00,0.00,0.00,0.00,3,3,0.00,0.00,0.00,,,,,,,22.5,6.5,0.00,11,3,0.00,70.9677,0,43,39.6419,"Rural",,22.8758,11,"Palomina-NorthVa",6.53226,15.9677,1.8871,4.6129,0.870968,2.12903,3.19355,7.80645,0.00,0.00,210.4,19.5,64.5,162.8,246.8,0.490326,0.00,131.297,11.9699,-0.362952,-0.284151,-0.170443,0.607365,0.120637,0.361912,0.00,0.00,0.361912,5.1874,210.4,41.5,0.0162158,210.4,43,11.4957,7.67114,0.00,0.00,10.9449,0.00,13.7258,10.2258,0.331956
1621,"Internal",428,1149.00,0.00,57857.00,62.4021,26.8059,10.792,104,139,60,61,46,13,5,0.00,0.00,0.00,,29,,0.00,0.00,0.00,0.00,0.00,0.00,0.00,0.00,0.00,0.00,0.00,0.00,0.00,0.00,18,0.00,0.00,0.00,0.00,0.00,1,8,8,0.00,0.00,0.00,,,,,,,0.00,0.00,0.3,26.7,8,0.00,50,0,35,5085.80,"Suburban",1,147.849,11,"Palomina-NorthVa",0.00,0.00,0.00,0.00,4,4,13.35,13.35,0.15,0.15,1114.00,2782.00,52.5,1061.50,3896.00,0.415695,16.897,16457.66,0.00,-0.257736,-0.294607,-0.13462,-0.0465442,0.114724,49.1019,0.00,0.00,0.917792,4.01534,1114.00,279.2,1.8501,1114.00,35,11.5789,8.18598,2.13056,2.16738,10.9534,0.333264,13.273,9.77302,9.2092
1622,"Internal",681,1891.00,0.00,65350.00,61.3432,28.8736,9.78318,133,236,113,99,61,27,12,0.00,0.00,0.00,,39,,0.00,0.00,0.00,0.00,0.00,0.00,0.00,0.00,0.00,0.00,0.00,0.00,0.00,0.00,3,0.00,0.00,0.00,0.00,17,0.00,0.00,0.00,0.00,0.00,0.00,,,,,,,0.00,0.00,3.4,16.6,0.00,0.00,33.3333,0,20,9458.56,"Urban",1,98.4036,11,"Palomina-NorthVa",0.00,0.00,0.00,0.00,0.00,0.00,11.0667,5.53333,2.26667,1.13333,1405.90,4426.50,30,1375.90,5832.40,0.368317,0.00,28696.45,0.00,-0.362952,-0.294607,-0.107766,-0.461662,0.108477,73.8731,0.00,0.00,0.00,2.16955,1405.90,364.5,2.77342,1405.90,20,11.6059,8.19986,1.69923,1.60245,10.9734,0.108653,13.1296,9.62965,14.6146
1623,"Internal",176,526,0.00,73553.00,62.3574,33.8403,3.80228,33,48,34,35,10,7,9,0.00,0.00,0.00,,17,,0.00,0.00,0.00,0.00,0.00,0.00,0.00,0.00,0.00,0.00,0.00,0.00,0.00,0.00,0.00,0.00,0.00,0.00,0.00,0.00,0.00,0.00,1,0.00,0.00,0.00,,,,,,,0.00,0.00,0.00,1,0.00,0.00,45.0082,0,1,8939.25,"Urban",1,16.9442,11,"Palomina-NorthVa",0.00,0.00,0.00,0.00,0.00,0.00,0.549918,0.450082,0.00,0.00,340,1144.00,1.5,338.5,1484.00,0.353699,0.00,25145.19,0.00,-0.362952,-0.294607,-0.115558,-0.58974,0.106754,18.7886,0.00,0.00,0.00,0.106754,340,89.2,0.705382,340,1,11.498,7.95974,2.25636,2.17466,10.917,0.632295,13.713,10.213,4.10072
1624,"Internal",307,829,0.00,73553.00,56.8154,31.0012,12.1834,89,35,92,72,12,3,4,0.00,0.00,0.00,,27,,0.00,0.00,0.00,0.00,0.00,0.00,0.00,0.00,0.00,0.00,0.00,0.00,0.00,0.00,5,0.00,0.00,0.00,0.00,0.00,0.00,0.00,0.00,0.00,0.00,0.00,,,,,,,0.00,0.00,0.00,5,0.00,0.00,40,0,5,10279.82,"Urban",1,61.4197,11,"Palomina-NorthVa",0.00,0.00,0.00,0.00,0.00,0.00,3,2,0.00,0.00,611.3,1995.50,7.5,603.8,2606.80,0.360355,0.00,32021.78,0.00,-0.362952,-0.294607,-0.10047,-0.531425,0.107794,33.0929,0.00,0.00,0.00,0.538972,611.3,159.5,1.24241,611.3,5,11.6884,8.46388,2.05009,2.27945,11.0082,1,12.7023,9.20226,5.9135
1625,"Internal",472,1480.00,0.00,77125.00,60.5405,29.0541,10.4054,61,150,82,77,64,21,17,0.00,0.00,0.00,,39,,0.00,0.00,0.00,8,0.00,0.00,0.00,0.00,0.00,0.00,0.00,0.00,0.00,0.00,0.00,0.00,0.00,10,0.00,0.00,0.00,0.00,1,0.00,0.00,0.00,,,,,,,4,14,0.00,1,0.00,0.00,16.6667,0,19,8426.09,"Suburban",1,106.035,11,"Palomina-NorthVa",3.33333,0.666667,11.6667,2.33333,0.00,0.00,0.833333,0.166667,0.00,0.00,956.4,3068.00,28.5,964.3,4060.80,0.372756,0.00,22662.57,22.3233,-0.362952,-0.275107,-0.121006,-0.422763,0.108652,51.2838,0.00,0.00,0.00,2.06439,956.4,246.2,1.92535,956.4,19,11.3648,7.71477,2.16087,1.47437,10.8482,0.211886,14.4729,10.9729,11.3073
1626,"Internal",171,496,0.00,69940.00,56.8548,26.8145,16.3306,30,56,27,35,9,10,4,0.00,0.00,0.00,,14,,0.00,0.00,0.00,8,0.00,0.00,0.00,0.00,0.00,0.00,0.00,0.00,0.00,0.00,0.00,0.00,0.00,0.00,0.00,0.00,0.00,0.00,0.00,0.00,0.00,0.00,,,,,,,4,4,0.00,0.00,0.00,0.00,0.00,0,8,465.697,"Rural",,7.32573,11,"Palomina-NorthVa",4,0.00,4,0.00,0.00,0.00,0.00,0.00,0.00,0.00,348.9,1111.50,12,347.3,1470.80,0.373077,0.00,1346.83,3.66286,-0.362952,-0.291407,-0.167776,-0.419955,0.107632,18.4051,0.00,0.00,0.00,0.861058,348.9,89.5,0.690984,348.9,8,11.2601,7.35001,0.00,0.00,10.801,0.00,15.1028,11.6028,3.5725
1627,"Internal",85,258,0.00,57353.00,65.5039,26.3566,8.13954,11,20,28,14,6,5,1,0.00,0.00,0.00,,10,,0.00,0.00,0.00,0.00,0.00,0.00,0.00,0.00,0.00,0.00,0.00,0.00,0.00,2,0.00,0.00,0.00,0.00,0.00,0.00,0.00,0.00,0.00,0.00,0.00,0.00,,,,,,,0.00,0.00,0.00,2,0.00,0.00,7.5,0,2,3722.96,"Suburban",1,28.5131,11,"Palomina-NorthVa",0.00,0.00,0.00,0.00,0.00,0.00,1.85,0.15,0.00,0.00,172.7,552.5,3,169.7,725.2,0.364796,42.7697,10338.86,0.00,-0.0966301,-0.294607,-0.148046,-0.492509,0.111391,9.46825,0.00,0.00,0.00,0.222782,172.7,44.9,0.355467,172.7,2,11.3032,7.74128,1.335,0.315094,10.8094,0.00,14.8402,11.3402,2.12254
1628,"Internal",189,590,0.00,57353.00,61.1864,30.339,8.47458,35,31,52,36,18,16,1,0.00,0.00,0.00,,13,,0.00,0.00,0.00,0.00,0.00,0.00,0.00,0.00,0.00,0.00,0.00,0.00,0.00,0.00,0.00,0.00,0.00,0.00,0.00,0.00,0.00,2,0.00,0.00,0.00,0.00,,,,,,,0.00,0.00,0.00,0.00,2,0.00,37.2093,0,2,4764.86,"Suburban",1,16.0666,11,"Palomina-NorthVa",0.00,0.00,0.00,0.00,1.25581,0.744186,0.00,0.00,0.00,0.00,396.5,1228.50,3,393.5,1625.00,0.369822,0.00,13054.08,0.00,-0.362952,-0.294607,-0.142088,-0.448471,0.107864,20.3863,0.00,0.00,0.215728,0.215728,396.5,102.7,0.76693,396.5,2,11.5441,8.30645,1.81507,0.343087,10.938,0.00,13.4606,9.96058,4.51985
1629,"Internal",336,800,0.00,66490.00,64.75,29.125,6.125,95,135,34,42,20,5,5,0.00,0.00,0.00,,22,,0.00,0.00,0.00,0.00,0.00,0.00,0.00,0.00,0.00,0.00,0.00,0.00,0.00,0.00,8,0.00,0.00,0.00,0.00,0.00,0.00,0.00,0.00,0.00,0.00,0.00,,,,,,,0.00,0.00,0.00,8,0.00,0.00,0.00,0,8,11793.40,"Urban",1,116.111,11,"Palomina-NorthVa",0.00,0.00,0.00,0.00,0.00,0.00,8,0.00,0.00,0.00,683.2,2184.00,12,671.2,2867.20,0.364966,0.00,41614.14,0.00,-0.362952,-0.294607,-0.0794229,-0.491019,0.108761,36.5435,0.00,0.00,0.00,0.870084,683.2,177.6,1.37195,683.2,8,11.4518,7.86273,1.76453,0.564656,10.8952,0.00,13.9714,10.4714,6.51825
1630,"Internal",118,301,0.00,77125.00,56.8106,27.2425,15.9468,32,40,13,21,8,2,2,0.00,0.00,0.00,,10,,0.00,0.00,0.00,0.00,0.00,0.00,0.00,0.00,0.00,0.00,0.00,0.00,0.00,0.00,5,0.00,0.00,0.00,0.00,1,0.00,0.00,0.00,0.00,0.00,0.00,,,,,,,0.00,0.00,0.2,5.8,0.00,0.00,28.7037,0,6,3568.26,"Suburban",1,68.9694,11,"Palomina-NorthVa",0.00,0.00,0.00,0.00,0.00,0.00,4.13519,1.66481,0.142593,0.0574074,257.8,767,9,248.8,1024.80,0.380821,0.00,11779.98,0.00,-0.362952,-0.294607,-0.144884,-0.352104,0.108974,12.8589,0.00,0.00,0.00,0.653844,257.8,66.2,0.482763,257.8,6,11.3184,7.75177,1.79219,0.642933,10.8171,0.00,14.7484,11.2484,2.1733
1631,"Internal",1027.00,3531.00,0.00,101023.00,61.484,33.1351,5.38091,101,272,200,222,79,68,85,0.00,0.00,0.00,,97,,0.00,0.00,0.00,26,0.00,0.00,0.00,0.00,0.00,0.00,0.00,0.00,0.00,0.00,5,98,0.00,5,0.00,0.00,0.00,1,5,0.00,0.00,0.00,,,,,,,13,18,0.00,108,1,0.00,25.641,0,140,8111.78,"Suburban",1,302.774,11,"Palomina-NorthVa",9.66667,3.33333,13.3846,4.61538,0.74359,0.25641,80.3077,27.6923,0.00,0.00,2667.80,6675.50,210,2504.60,9390.10,0.422966,0.00,20307.68,28.1147,-0.362952,-0.270048,-0.126173,0.0171617,0.114013,117.091,0.00,0.00,0.114013,15.9618,2667.80,662.7,4.39678,2667.80,140,11.5259,8.20808,1.52562,0.00,10.9305,0.00,13.5597,10.0597,28.0504
1632,"Internal",484,1231.00,0.00,52377.00,57.7579,26.7262,15.5158,126,171,80,46,37,14,10,666,0.00,0.00,,29,,0.00,0.00,0.00,6,0.00,0.00,0.00,0.00,0.00,2,0.00,0.00,0.00,0.00,11,0.00,6,0.00,63,0.00,8,45,18,0.00,0.00,0.00,,,,,,,3,9,27.6,72.4,47,666,56.4315,0,159,2817.73,"Suburban",1,302.583,11,"Palomina-NorthVa",1.30705,1.69295,3.92116,5.07884,20.4772,26.5228,31.5436,40.8564,12.0249,15.5751,3393.50,3146.00,1237.50,2179.40,6562.90,0.624382,0.00,12489.43,5.7091,-0.362952,-0.28962,-0.143327,1.78193,0.137981,66.7828,91.8953,0.00,6.4851,21.939,3393.50,560.7,3.02603,3393.50,159,11.4818,7.74454,0.580361,0.00,10.9228,0.00,13.8033,10.3033,10.0202
1633,"Internal",606,1853.00,0.00,87420.00,61.5219,31.5704,6.90772,88,187,108,109,68,31,15,0.00,0.00,0.00,,39,,0.00,0.00,0.00,0.00,0.00,0.00,0.00,0.00,0.00,0.00,0.00,187,0.00,0.00,0.00,0.00,0.00,0.00,0.00,0.00,13,64,0.00,10,0.00,0.00,,,,,,,187,10,3.9,9.1,64,0.00,16.6667,0,274,3822.07,"Suburban",1,458.672,11,"Palomina-NorthVa",155.833,31.1667,8.33333,1.66667,53.3333,10.6667,7.58333,1.51667,3.25,0.65,3012.00,3939.00,411,2627.00,6977.00,0.536022,5.02196,11679.41,313.036,-0.331681,-0.0211651,-0.145104,1.00774,0.127304,77.146,0.00,0.00,8.14743,34.8812,3012.00,679.5,2.95547,3012.00,274,11.3764,7.93035,1.66584,0.43216,10.8421,0.126232,14.4049,10.9049,15.9786
1634,"Internal",495,1182.00,0.00,84100.00,65.8206,21.2352,12.9442,162,153,84,44,33,12,7,0.00,0.00,0.00,,34,,0.00,0.00,0.00,0.00,0.00,0.00,0.00,0.00,0.00,0.00,0.00,0.00,0.00,0.00,8,0.00,0.00,0.00,0.00,0.00,0.00,0.00,0.00,0.00,0.00,0.00,,,,,,,0.00,0.00,0.00,8,0.00,0.00,16.6667,0,8,9494.53,"Urban",1,63.585,11,"Palomina-NorthVa",0.00,0.00,0.00,0.00,0.00,0.00,6.66667,1.33333,0.00,0.00,985.3,3217.50,12,973.3,4202.80,0.360277,0.00,33404.40,0.00,-0.362952,-0.294607,-0.0974364,-0.532103,0.107854,53.3879,0.00,0.00,0.00,0.862835,985.3,257.1,2.00434,985.3,8,11.3939,8.05848,2.02372,1.08319,10.8424,0.0664379,14.3031,10.8031,9.76171
1635,"Internal",456,1316.00,0.00,64447.00,60.8663,32.3708,6.76292,80,132,95,90,33,20,6,332,0.00,0.00,,30,,0.00,0.00,0.00,0.00,0.00,0.00,0.00,0.00,1,0.00,0.00,0.00,0.00,0.00,2,0.00,0.00,0.00,0.00,14,1,7,0.00,0.00,0.00,0.00,,,,,,,0.00,0.00,3.1,13.9,8,332,71.8163,0,25,6942.00,"Urban",1,128.057,11,"Palomina-NorthVa",0.00,0.00,0.00,0.00,2.2547,5.7453,3.91754,9.98246,0.873695,2.2263,1609.20,2964.00,535.5,1073.70,4573.20,0.511102,0.00,23425.25,0.00,-0.362952,-0.294607,-0.119332,0.789398,0.124385,56.7195,41.2958,0.00,0.995079,3.10962,1609.20,281.2,2.34862,1609.20,25,11.5456,8.28492,2.02361,1.68711,10.9301,0.962973,13.4525,9.95246,10.1574
1636,"Internal",0.00,0.00,0.00,89930.00,,,,0.00,0.00,0.00,0.00,0.00,0.00,0.00,0.00,0.00,0.00,,0.00,,0.00,0.00,0.00,0.00,0.00,238,154,0.00,0.00,7,18,306,0.00,0.00,3,0.00,30,83,0.00,0.00,13,67,8,0.00,0.00,0.00,,,,,,,716,113,3.9,20.1,74,0.00,9.09091,0,927,4303.33,"Suburban",1,2740.76,11,"Palomina-NorthVa",650.909,65.0909,102.727,10.2727,67.2727,6.72727,18.2727,1.82727,3.54545,0.354545,4005.20,0.00,1390.50,2908.50,4299.00,0.437658,11.8263,12710.37,2116.92,-0.28931,1.55455,-0.142842,0.145897,0.116483,0.00,0.00,0.00,8.61976,107.98,4005.20,746.7,0.0626053,4005.20,927,11.5424,8.34763,1.15686,1.24044,10.9222,0.756453,13.47,9.96998,
1637,"Internal",147,487,0.00,76468.00,64.0657,32.6489,3.28542,11,52,24,21,25,7,7,0.00,0.00,0.00,,12,,0.00,0.00,0.00,0.00,0.00,0.00,0.00,0.00,0.00,0.00,0.00,0.00,0.00,0.00,0.00,3,0.00,0.00,0.00,0.00,0.00,0.00,0.00,0.00,0.00,0.00,,,,,,,0.00,0.00,0.00,3,0.00,0.00,45.0082,0,3,4088.53,"Urban",1,24.9448,11,"Palomina-NorthVa",0.00,0.00,0.00,0.00,0.00,0.00,1.64975,1.35025,0.00,0.00,296.1,955.5,4.5,291.6,1251.60,0.362892,24.9448,10406.96,0.00,-0.207624,-0.294607,-0.147896,-0.50919,0.109425,16.0855,0.00,0.00,0.00,0.328275,296.1,77.1,0.603898,296.1,3,11.3404,7.80699,1.61827,0.00,10.8284,0.00,14.617,11.117,3.91268
1638,"Internal",133,378,9,84100.00,60.582,25.6614,13.7566,28,35,18,38,11,2,1,0.00,0.00,0.00,,10,,0.00,0.00,0.00,0.00,0.00,0.00,0.00,0.00,0.00,0.00,0.00,0.00,0.00,0.00,0.00,0.00,0.00,0.00,0.00,0.00,0.00,0.00,0.00,0.00,0.00,0.00,,,,,,,0.00,0.00,0.00,0.00,0.00,0.00,93.5484,0,0,2097.90,"Suburban",1,0.00,11,"Palomina-NorthVa",0.00,0.00,0.00,0.00,0.00,0.00,0.00,0.00,0.00,0.00,252.7,864.5,0.00,252.7,1117.20,0.350057,55.5,6200.46,0.00,-0.0173601,-0.294607,-0.157126,-0.621652,0.110842,14.742,0.00,0.00,0.00,0.00,252.7,66.5,0.553457,252.7,0.00,11.4458,8.04624,1.62933,0.909251,10.8765,0.00,14.0056,10.5056,2.85837
1639,"Internal",458,1414.00,5,73696.00,57.355,29.703,12.942,74,116,100,85,46,21,16,480,0.00,0.00,,26,,0.00,0.00,0.00,0.00,0.00,0.00,0.00,0.00,0.00,0.00,0.00,0.00,0.00,0.00,0.00,0.00,0.00,0.00,51,0.00,0.00,0.00,1,0.00,0.00,0.00,,,,,,,0.00,0.00,20.4,31.6,0.00,480,45.0082,0,52,7216.15,"Urban",1,250.888,11,"Palomina-NorthVa",0.00,0.00,0.00,0.00,0.00,0.00,17.3774,14.2226,11.2183,9.18167,1881.40,2977.00,798,1083.40,4858.40,0.547828,0.00,23440.66,0.00,-0.362952,-0.294607,-0.119298,1.11118,0.128867,59.021,61.8561,0.00,0.00,6.70107,1881.40,291.4,2.53333,1881.40,52,11.2384,7.57613,2.08424,0.00,10.7754,0.00,15.2369,11.7369,10.3991
1640,"Internal",0.00,0.00,0.00,89930.00,,,,0.00,0.00,0.00,0.00,0.00,0.00,0.00,0.00,0.00,0.00,,0.00,,0.00,0.00,0.00,0.00,180,42,0.00,84,0.00,0.00,48,699,0.00,0.00,0.00,64,0.00,0.00,0.00,0.00,0.00,0.00,0.00,0.00,0.00,0.00,,,,,,,1053.00,0.00,0.00,64,0.00,0.00,45.0082,0,1117,3934.13,"Suburban",1,2505.62,11,"Palomina-NorthVa",579.064,473.936,0.00,0.00,0.00,0.00,35.1948,28.8052,0.00,0.00,3517.40,0.00,1675.50,1841.90,3517.40,0.498881,0.00,7890.11,2362.05,-0.362952,1.76869,-0.153419,0.682318,0.122068,0.00,0.00,0.00,0.00,136.35,3517.40,603.3,0.00,3517.40,1117.00,11.4525,8.0862,1.27464,0.00,10.8861,0.00,13.9675,10.4675,
1641,"Internal",0.00,0.00,0.00,89930.00,,,,0.00,0.00,0.00,0.00,0.00,0.00,0.00,0.00,0.00,0.00,,0.00,,0.00,0.00,0.00,0.00,0.00,0.00,0.00,0.00,0.00,0.00,0.00,0.00,0.00,0.00,0.00,0.00,0.00,0.00,0.00,0.00,0.00,0.00,0.00,0.00,0.00,0.00,,,,,,,0.00,0.00,0.00,0.00,0.00,0.00,45.0082,0,0,0.00,"Rural",,0.00,11,"Palomina-NorthVa",0.00,0.00,0.00,0.00,0.00,0.00,0.00,0.00,0.00,0.00,0.00,0.00,0.00,0.00,0.00,,0.00,0.00,0.00,-0.362952,-0.294607,-0.170731,,0.00,0.00,0.00,0.00,0.00,0.00,0.00,0.00,0.00,0.00,0.00,11.1645,7.1942,0.00,0.00,10.7484,0.00,15.7035,12.2035,
1642,"Internal",234,637,0.00,84100.00,64.9922,28.8854,6.12245,50,79,44,25,22,11,3,0.00,0.00,0.00,,13,,0.00,0.00,0.00,0.00,0.00,0.00,0.00,0.00,0.00,15,0.00,0.00,0.00,0.00,0.00,0.00,0.00,0.00,0.00,0.00,0.00,0.00,0.00,0.00,0.00,0.00,,,,,,,0.00,0.00,0.00,0.00,15,0.00,15,0,15,13606.95,"Urban",1,308.99,11,"Palomina-NorthVa",0.00,0.00,0.00,0.00,12.75,2.25,0.00,0.00,0.00,0.00,725.1,1521.00,22.5,702.6,2246.10,0.443486,82.3975,46268.23,0.00,0.150127,-0.294607,-0.0692111,0.196958,0.12659,29.622,0.00,0.00,1.89885,1.89885,725.1,178.5,1.12589,725.1,15,11.4818,8.266,1.66348,1.62356,10.8863,0.769021,13.8031,10.3031,5.26382
1643,"Internal",634,1911.00,0.00,76468.00,58.7127,30.4553,10.832,87,196,111,144,67,15,14,0.00,0.00,0.00,,46,,0.00,0.00,0.00,8,0.00,0.00,90,10,5,16,0.00,91,0.00,0.00,0.00,0.00,0.00,3,0.00,0.00,8,40,94,0.00,0.00,0.00,,,,,,,195,7,2.4,99.6,61,0.00,60.9524,0,365,11056.08,"Urban",1,1624.52,11,"Palomina-NorthVa",76.1429,118.857,2.73333,4.26667,23.819,37.181,38.8914,60.7086,0.937143,1.46286,3522.50,4121.00,547.5,2993.20,7661.70,0.552966,44.5075,34100.29,867.896,-0.0858091,0.463514,-0.0959095,1.1562,0.13528,85.7678,0.00,0.00,8.2521,49.3773,3522.50,790.5,3.27991,3522.50,365,11.4097,8.16597,1.69425,0.00,10.8636,0.00,14.212,10.712,15.9464
1644,"Internal",0.00,0.00,0.00,89930.00,,,,0.00,0.00,0.00,0.00,0.00,0.00,0.00,0.00,0.00,0.00,,0.00,,0.00,0.00,0.00,0.00,0.00,47,10,53,0.00,0.00,29,99,0.00,0.00,0.00,32,0.00,0.00,0.00,0.00,0.00,0.00,0.00,0.00,0.00,0.00,,,,,,,238,0.00,0.00,32,0.00,0.00,35.316,0,270,3118.58,"Suburban",1,1986.20,11,"Palomina-NorthVa",153.948,84.052,0.00,0.00,0.00,0.00,20.6989,11.3011,0.00,0.00,893.2,0.00,405,488.2,893.2,0.495662,0.00,6570.64,1750.80,-0.362952,1.23474,-0.156314,0.654112,0.121615,0.00,0.00,0.00,0.00,32.8361,893.2,157.4,0.00,893.2,270,11.402,8.23312,0.280999,1.45887,10.8351,0.718117,14.2562,10.7562,
1645,"Internal",43,150,0.00,60000.00,54.6667,27.3333,18,8,7,5,9,9,3,2,0.00,0.00,0.00,,2,,0.00,0.00,0.00,194,131,0.00,0.00,216,0.00,5,0.00,746,0.00,0.00,6,0.00,0.00,61,0.00,0.00,0.00,2,5,0.00,0.00,0.00,,,,,,,1190.00,158,0.00,11,7,0.00,22.7273,0,1366,2835.59,"Suburban",1,1687.92,11,"Palomina-NorthVa",919.545,270.455,122.091,35.9091,5.40909,1.59091,8.5,2.5,0.00,0.00,4318.20,279.5,2049.00,2680.00,5008.50,0.543198,0.00,6188.83,1470.44,-0.362952,0.989848,-0.157152,1.07061,0.127309,5.47427,0.00,0.00,0.89116,173.904,4318.20,737.4,0.211993,4318.20,1366.00,11.3027,7.43723,0.591245,0.00,10.8364,0.00,14.8429,11.3429,9.57057
1646,"Internal",270,921,0.00,90071.00,59.6091,35.8306,4.56026,36,51,49,61,54,11,8,0.00,0.00,0.00,,23,,0.00,0.00,0.00,0.00,0.00,0.00,0.00,0.00,0.00,0.00,0.00,62,0.00,0.00,0.00,0.00,0.00,0.00,0.00,0.00,0.00,0.00,0.00,0.00,0.00,0.00,,,,,,,62,0.00,0.00,0.00,0.00,0.00,51.5638,0,62,3639.09,"Suburban",1,221.558,11,"Palomina-NorthVa",30.0304,31.9696,0.00,0.00,0.00,0.00,0.00,0.00,0.00,0.00,699,1755.00,93,606,2454.00,0.42613,25.0147,8769.42,221.558,-0.207188,-0.101072,-0.151489,0.0448904,0.116333,31.41,0.00,0.00,0.00,7.21267,699,166,1.17923,699,62,11.3978,8.14057,1.29446,0.949449,10.8435,0.57575,14.2809,10.7809,7.24206
1647,"Internal",0.00,0.00,0.00,89930.00,,,,0.00,0.00,0.00,0.00,0.00,0.00,0.00,0.00,0.00,0.00,,0.00,,0.00,0.00,0.00,0.00,0.00,0.00,0.00,0.00,0.00,0.00,73,233,0.00,0.00,0.00,39,0.00,0.00,0.00,0.00,0.00,0.00,0.00,0.00,0.00,0.00,,,,,,,306,0.00,0.00,39,0.00,0.00,45.0082,0,345,3413.84,"Suburban",1,2174.25,11,"Palomina-NorthVa",168.275,137.725,0.00,0.00,0.00,0.00,21.4468,17.5532,0.00,0.00,1136.40,0.00,517.5,618.9,1136.40,0.496019,0.00,7161.78,1928.46,-0.362952,1.38994,-0.155017,0.657243,0.12169,0.00,0.00,0.00,0.00,41.983,1136.40,199.8,0.00,1136.40,345,11.414,8.45714,1.38625,0.00,10.8581,0.00734254,14.1872,10.6872,
1648,"Internal",0.00,0.00,0.00,89930.00,,,,0.00,0.00,0.00,0.00,0.00,0.00,0.00,0.00,0.00,0.00,,0.00,,0.00,0.00,0.00,0.00,0.00,0.00,0.00,0.00,0.00,0.00,0.00,0.00,0.00,0.00,0.00,0.00,0.00,0.00,0.00,0.00,0.00,0.00,0.00,0.00,0.00,0.00,,,,,,,0.00,0.00,0.00,0.00,0.00,0.00,50,0,0,0.00,"Suburban",1,0.00,11,"Palomina-NorthVa",0.00,0.00,0.00,0.00,0.00,0.00,0.00,0.00,0.00,0.00,0.00,0.00,0.00,0.00,0.00,,0.00,0.00,0.00,-0.362952,-0.294607,-0.170731,,0.00,0.00,0.00,0.00,0.00,0.00,0.00,0.00,0.00,0.00,0.00,11.3959,7.99026,1.03191,0.325711,10.8549,0.00,14.2915,10.7915,
1650,"Internal",506,1537.00,25,81393.00,58.4255,34.3526,7.22186,98,116,107,84,65,27,9,0.00,0.00,0.00,,33,,0.00,0.00,0.00,0.00,0.00,0.00,0.00,0.00,0.00,0.00,0.00,0.00,0.00,0.00,1,0.00,0.00,0.00,0.00,5,0.00,0.00,1,0.00,0.00,0.00,,,,,,,0.00,0.00,1,6,0.00,0.00,45.0082,0,7,9459.63,"Suburban",1,42.7764,11,"Palomina-NorthVa",0.00,0.00,0.00,0.00,0.00,0.00,3.29951,2.70049,0.549918,0.450082,1000.60,3289.00,10.5,990.1,4289.60,0.358831,128.329,26213.36,0.00,0.436138,-0.294607,-0.113215,-0.544769,0.120375,60.91,0.00,0.00,0.00,0.842628,1000.60,261.4,2.28674,1000.60,7,11.3091,7.93084,1.3997,1.29282,10.7977,0.972853,14.8043,11.3043,11.2489
1651,"Internal",38,118,0.00,52377.00,56.7797,25.4237,17.7966,9,9,5,5,6,2,2,0.00,0.00,0.00,,2,,0.00,0.00,0.00,0.00,0.00,0.00,0.00,0.00,0.00,0.00,0.00,0.00,0.00,0.00,0.00,0.00,0.00,0.00,0.00,0.00,0.00,0.00,0.00,0.00,0.00,0.00,,,,,,,0.00,0.00,0.00,0.00,0.00,0.00,50,0,0,57.3691,"Rural",,0.00,11,"Palomina-NorthVa",0.00,0.00,0.00,0.00,0.00,0.00,0.00,0.00,0.00,0.00,72.2,247,0.00,72.2,319.2,0.350057,0.00,155.188,0.00,-0.362952,-0.294607,-0.17039,-0.621652,0.105159,3.99606,0.00,0.00,0.00,0.00,72.2,19,0.150024,72.2,0.00,10.8944,6.90739,0.00,0.00,10.5804,0.00,17.5436,14.0436,0.836291
1652,"Internal",0.00,0.00,0.00,89930.00,,,,0.00,0.00,0.00,0.00,0.00,0.00,0.00,0.00,0.00,0.00,,0.00,,0.00,0.00,0.00,0.00,0.00,0.00,0.00,0.00,0.00,0.00,0.00,0.00,0.00,0.00,0.00,0.00,0.00,0.00,0.00,0.00,6,30,0.00,0.00,0.00,0.00,,,,,,,0.00,0.00,1.8,4.2,30,0.00,64.0845,0,36,96.1773,"Suburban",1,61.2546,11,"Palomina-NorthVa",0.00,0.00,0.00,0.00,10.7746,19.2254,1.50845,2.69155,0.646479,1.15352,594.6,0.00,54,540.6,594.6,0.165139,0.00,1011.72,0.00,-0.362952,-0.294607,-0.168511,-2.24187,0.087483,0.00,0.00,0.00,2.62449,3.14939,594.6,130.2,0.0190617,594.6,36,11.2615,7.39366,0.00,0.00,10.8109,0.00,15.0941,11.5941,
1653,"Internal",0.00,0.00,0.00,89930.00,,,,0.00,0.00,0.00,0.00,0.00,0.00,0.00,0.00,0.00,0.00,,0.00,,0.00,0.00,0.00,0.00,0.00,0.00,0.00,0.00,0.00,0.00,0.00,0.00,0.00,0.00,0.00,0.00,0.00,0.00,0.00,0.00,0.00,0.00,0.00,0.00,0.00,0.00,,,,,,,0.00,0.00,0.00,0.00,0.00,0.00,60.3175,0,0,0.00,"Suburban",1,0.00,11,"Palomina-NorthVa",0.00,0.00,0.00,0.00,0.00,0.00,0.00,0.00,0.00,0.00,0.00,0.00,0.00,0.00,0.00,,0.00,0.00,0.00,-0.362952,-0.294607,-0.170731,,0.00,0.00,0.00,0.00,0.00,0.00,0.00,0.00,0.00,0.00,0.00,11.1095,7.27729,0.00,0.00,10.7043,0.00,16.0605,12.5605,
1654,"Internal",82,281,0.00,90071.00,46.6192,48.7544,4.62634,9,17,16,22,9,6,3,0.00,421,0.00,,17,,0.00,0.00,0.00,0.00,0.00,0.00,0.00,0.00,0.00,0.00,0.00,0.00,0.00,0.00,0.00,0.00,0.00,53,22,188,0.00,0.00,8,0.00,0.00,0.00,,,,,,,0.00,53,46.4,171.6,0.00,421,58.8578,0,271,6186.63,"Suburban",1,2373.06,11,"Palomina-NorthVa",0.00,0.00,21.8054,31.1946,0.00,0.00,70.6,101,19.09,27.31,2167.10,533,1038.00,1266.90,2837.90,0.63165,122.594,24850.62,0.00,0.400424,-0.294607,-0.116205,1.84562,0.155207,12.727,65.3421,0.00,0.00,42.0611,2167.10,329.1,0.813209,2167.10,271,11.2747,7.78732,0.772602,0.601322,10.781,0.557231,15.013,11.513,3.21747
1655,"Internal",1,2,0.00,90071.00,100,0.00,0.00,0.00,1,0.00,0.00,0.00,0.00,0.00,494,0.00,0.00,,0.00,,40,0.00,0.00,32,163,202,327,72,0.00,0.00,406,201,0.00,0.00,6,32,10,17,83,0.00,1,7,0.00,0.00,0.00,0.00,,,,,,,1427.00,43,33.5,88.5,7,494,50,0,1599,2824.23,"Suburban",1,1797.30,11,"Palomina-NorthVa",713.5,713.5,21.5,21.5,3.5,3.5,44.25,44.25,16.75,16.75,5967.00,6.5,3139.50,2939.30,6085.30,0.500525,26.9763,6839.96,1603.97,-0.194973,1.10649,-0.155723,0.696725,0.125149,0.125149,61.8236,0.00,0.876043,200.113,5967.00,910.6,0.328402,5967.00,1599.00,11.3731,8.25485,0.314968,1.2889,10.8184,0.745295,14.4246,10.9246,8.89178
1656,"Internal",186,533,0.00,69940.00,58.9118,21.3884,19.6998,24,71,40,24,11,10,6,0.00,0.00,0.00,,11,,1,0.00,0.00,6,0.00,0.00,0.00,0.00,0.00,0.00,0.00,0.00,0.00,0.00,0.00,0.00,0.00,2,0.00,0.00,0.00,0.00,3,0.00,0.00,0.00,,,,,,,4,5,0.00,3,0.00,0.00,45.0082,0,12,592.75,"Rural",,12.8896,11,"Palomina-NorthVa",2.19967,1.80033,2.74959,2.25041,0.00,0.00,1.64975,1.35025,0.00,0.00,397.2,1209.00,18,392.2,1619.20,0.383698,0.00,1739.23,4.29653,-0.362952,-0.290854,-0.166915,-0.326893,0.108783,20.2336,0.00,0.00,0.00,1.30539,397.2,101.1,0.759629,397.2,12,10.9835,7.06224,0.00,0.00,10.6304,0.00,16.9122,13.4122,3.98424
1657,"Internal",2,8,0.00,107599.00,50,25,25,0.00,1,0.00,0.00,0.00,1,0.00,0.00,0.00,0.00,,0.00,,0.00,0.00,0.00,0.00,0.00,172,0.00,0.00,0.00,0.00,0.00,592,0.00,0.00,0.00,0.00,0.00,10,0.00,0.00,0.00,0.00,0.00,0.00,0.00,0.00,,,,,,,764,10,0.00,0.00,0.00,0.00,51.8519,0,774,1135.27,"Suburban",1,718.316,11,"Palomina-NorthVa",367.852,396.148,4.81481,5.18519,0.00,0.00,0.00,0.00,0.00,0.00,2325.80,13,1161.00,1190.80,2364.80,0.505373,0.00,2194.67,709.036,-0.362952,0.324748,-0.165915,0.739196,0.122523,0.245046,0.00,0.00,0.00,94.8329,2325.80,388,0.00919977,2325.80,774,11.2215,7.4695,0.00,0.00,10.782,0.0373354,15.3419,11.8419,3.97962
1658,"Internal",0.00,0.00,0.00,89930.00,,,,0.00,0.00,0.00,0.00,0.00,0.00,0.00,0.00,0.00,0.00,,0.00,,0.00,0.00,0.00,6,0.00,10,29,3,0.00,0.00,0.00,0.00,0.00,0.00,0.00,0.00,0.00,5,0.00,0.00,1,5,3,0.00,0.00,0.00,,,,,,,45,8,0.3,3.7,5,0.00,45.0082,0,62,910.877,"Suburban",1,580.131,11,"Palomina-NorthVa",24.7463,20.2537,4.39934,3.60066,2.74959,2.25041,2.0347,1.6653,0.164975,0.135025,274.9,0.00,93,202.7,295.7,0.431185,130.997,2766.85,421.063,0.452752,0.0731982,-0.16466,0.0891824,0.128043,0.00,0.00,0.00,0.640213,7.93864,274.9,51.8,0.00464987,274.9,62,11.1392,7.48867,0.586245,0.752985,10.7097,0.631873,15.8665,12.3665,
1659,"Internal",0.00,0.00,0.00,89930.00,,,,0.00,0.00,0.00,0.00,0.00,0.00,0.00,0.00,0.00,0.00,,0.00,,0.00,0.00,0.00,0.00,0.00,0.00,0.00,0.00,0.00,0.00,0.00,0.00,0.00,0.00,0.00,0.00,0.00,0.00,0.00,0.00,0.00,0.00,0.00,0.00,0.00,0.00,,,,,,,0.00,0.00,0.00,0.00,0.00,0.00,49.1566,0,0,0.00,"Rural",,0.00,11,"Palomina-NorthVa",0.00,0.00,0.00,0.00,0.00,0.00,0.00,0.00,0.00,0.00,0.00,0.00,0.00,0.00,0.00,,0.00,0.00,0.00,-0.362952,-0.294607,-0.170731,,0.00,0.00,0.00,0.00,0.00,0.00,0.00,0.00,0.00,0.00,0.00,11.0171,6.92361,0.00,0.00,10.6818,0.00,16.6805,13.1805,
1660,"Internal",0.00,0.00,0.00,89930.00,,,,0.00,0.00,0.00,0.00,0.00,0.00,0.00,0.00,0.00,0.00,,0.00,,0.00,0.00,0.00,9,45,383,2,11,0.00,0.00,0.00,219,0.00,0.00,0.00,18,0.00,0.00,0.00,0.00,0.00,0.00,0.00,0.00,0.00,0.00,,,,,,,664.5,4.5,0.00,18,0.00,0.00,20.9302,0,687,1713.05,"Suburban",1,1091.03,11,"Palomina-NorthVa",525.419,139.081,3.55814,0.94186,0.00,0.00,14.2326,3.76744,0.00,0.00,2107.80,0.00,1030.50,1089.00,2119.50,0.499619,11.1168,3366.00,1055.30,-0.293729,0.627214,-0.163345,0.688786,0.12311,0.00,0.00,0.00,0.00,84.5767,2107.80,356.1,0.00,2107.80,687,11.2536,8.01038,0.00,0.925831,10.7579,0.361043,15.1423,11.6423,
1661,"Internal",119,343,0.00,94350.00,50.4373,23.3236,26.2391,20,43,22,16,3,13,2,0.00,0.00,0.00,,6,,0.00,0.00,0.00,21,0.00,0.00,0.00,0.00,0.00,0.00,0.00,0.00,0.00,0.00,0.00,0.00,0.00,0.00,0.00,1,0.00,0.00,0.00,0.00,0.00,0.00,,,,,,,10.5,10.5,0.2,0.8,0.00,0.00,100,0,22,1522.30,"Suburban",1,88.707,11,"Palomina-NorthVa",0.00,10.5,0.00,10.5,0.00,0.00,0.00,0.8,0.00,0.2,294.7,773.5,33,289,1095.50,0.430963,12.0964,4417.20,42.3374,-0.287629,-0.257624,-0.161039,0.087238,0.115319,13.7229,0.00,0.00,0.00,2.53701,294.7,71.2,0.515199,294.7,22,10.7743,6.94594,0.00,0.00,10.4912,0.00,18.4352,14.9352,2.20248
1662,"Internal",7,13,0.00,107841.00,69.2308,23.0769,7.69231,5,0.00,0.00,2,0.00,0.00,0.00,0.00,0.00,0.00,,0.00,,0.00,0.00,0.00,0.00,0.00,0.00,0.00,0.00,0.00,0.00,0.00,0.00,0.00,0.00,0.00,0.00,0.00,0.00,0.00,0.00,0.00,0.00,0.00,0.00,0.00,0.00,,,,,,,0.00,0.00,0.00,0.00,0.00,0.00,45.0082,0,0,14.4846,"Rural",,0.00,11,"Palomina-NorthVa",0.00,0.00,0.00,0.00,0.00,0.00,0.00,0.00,0.00,0.00,13.3,45.5,0.00,13.3,58.8,0.350057,0.00,65.5149,0.00,-0.362952,-0.294607,-0.170587,-0.621652,0.105155,0.736086,0.00,0.00,0.00,0.00,13.3,3.5,0.0276349,13.3,0.00,11.0988,7.19177,0.00,0.00,10.7182,0.00,16.131,12.631,0.112338
1663,"Internal",0.00,0.00,0.00,89930.00,,,,0.00,0.00,0.00,0.00,0.00,0.00,0.00,0.00,0.00,0.00,,0.00,,0.00,0.00,0.00,0.00,0.00,0.00,0.00,0.00,0.00,0.00,0.00,0.00,0.00,0.00,0.00,0.00,0.00,0.00,0.00,0.00,0.00,0.00,0.00,0.00,0.00,0.00,,,,,,,0.00,0.00,0.00,0.00,0.00,0.00,47.0588,0,0,0.00,"Rural",,0.00,11,"Palomina-NorthVa",0.00,0.00,0.00,0.00,0.00,0.00,0.00,0.00,0.00,0.00,0.00,0.00,0.00,0.00,0.00,,0.00,0.00,0.00,-0.362952,-0.294607,-0.170731,,0.00,0.00,0.00,0.00,0.00,0.00,0.00,0.00,0.00,0.00,0.00,10.7949,6.79852,0.00,0.00,10.5196,0.00,18.2786,14.7786,
1664,"Internal",333,917,0.00,96052.00,60.4144,18.5387,21.0469,62,121,63,30,42,11,4,0.00,0.00,0.00,,24,,0.00,0.00,0.00,28,0.00,0.00,0.00,1,282,108,0.00,0.00,0.00,18,0.00,2,0.00,0.00,0.00,5,29,148,13,0.00,0.00,0.00,,,,,,,15,14,9.7,57.3,538,0.00,31.0345,0,634,2559.12,"Suburban",1,848.376,11,"Palomina-NorthVa",10.3448,4.65517,9.65517,4.34483,371.034,166.966,39.5172,17.7828,6.68966,3.01034,11155.50,2164.50,951,10240.90,13356.40,0.380776,0.00,17872.62,20.072,-0.362952,-0.277074,-0.131515,-0.352496,0.109273,36.3878,0.00,0.00,58.7888,69.2789,11155.50,2467.20,1.79309,11155.50,634,10.8082,7.08033,0.358079,0.00,10.5063,0.00,18.1788,14.6788,10.2674
1665,"Internal",409,1028.00,0.00,107567.00,56.0311,20.1362,23.8327,82,181,60,49,19,13,5,0.00,0.00,0.00,,24,,0.00,0.00,0.00,33,0.00,0.00,0.00,0.00,0.00,0.00,0.00,0.00,0.00,0.00,2,0.00,0.00,0.00,0.00,0.00,0.00,2,2,0.00,0.00,0.00,,,,,,,16.5,16.5,0.00,4,2,0.00,66.9339,0,39,582.69,"Rural",,20.8632,11,"Palomina-NorthVa",5.45591,11.0441,5.45591,11.0441,0.661323,1.33868,1.32265,2.67735,0.00,0.00,935.9,2658.50,58.5,920.3,3637.30,0.40151,0.00,1945.79,8.82673,-0.362952,-0.286897,-0.166461,-0.17083,0.110713,45.2816,0.00,0.00,0.221426,4.31781,935.9,234,1.70162,935.9,39,10.5201,6.41979,0.00,0.00,10.3811,0.00,20.484,16.984,7.26463
1666,"Internal",0.00,0.00,0.00,89930.00,,,,0.00,0.00,0.00,0.00,0.00,0.00,0.00,0.00,0.00,0.00,,0.00,,6,0.00,0.00,5,0.00,0.00,114,0.00,0.00,0.00,18,47,0.00,0.00,0.00,3,0.00,0.00,0.00,0.00,0.00,0.00,0.00,70,0.00,0.00,,,,,,,187.5,72.5,0.00,3,0.00,0.00,9.09091,0,263,74.1205,"Rural",,47.2068,11,"Palomina-NorthVa",170.455,17.0455,65.9091,6.59091,0.00,0.00,2.72727,0.272727,0.00,0.00,796.8,0.00,394.5,590.8,985.3,0.480154,1.07696,176.855,33.655,-0.356246,-0.265209,-0.170343,0.518236,0.119568,0.00,0.00,0.00,0.00,31.4464,796.8,133.6,0.00,796.8,263,10.7399,6.66691,0.00,0.00,10.502,0.000310822,18.6992,15.1992,
1667,"Internal",281,763,0.00,94350.00,68.152,12.1887,19.6592,46,113,42,52,17,5,6,0.00,0.00,0.00,,16,,0.00,0.00,0.00,5,0.00,0.00,0.00,0.00,0.00,0.00,0.00,0.00,0.00,0.00,0.00,0.00,0.00,2,0.00,0.00,0.00,0.00,2,0.00,0.00,0.00,,,,,,,2.5,4.5,0.00,2,0.00,0.00,45.0082,0,9,1055.42,"Suburban",1,12.2229,11,"Palomina-NorthVa",1.3748,1.1252,2.47463,2.02537,0.00,0.00,1.09984,0.900164,0.00,0.00,566.1,1826.50,13.5,564.3,2404.30,0.367768,4.07429,3265.27,3.39524,-0.337582,-0.291641,-0.163566,-0.466472,0.107558,30.2239,0.00,0.00,0.00,0.968025,566.1,146.4,1.1347,566.1,9,10.6974,6.77139,0.408513,0.00,10.4522,0.00,19.0306,15.5306,6.52956
1668,"Internal",1,1,0.00,107841.00,100,0.00,0.00,1,0.00,0.00,0.00,0.00,0.00,0.00,0.00,0.00,0.00,,0.00,,0.00,0.00,0.00,0.00,0.00,0.00,0.00,0.00,0.00,0.00,0.00,0.00,0.00,0.00,0.00,0.00,0.00,0.00,0.00,0.00,0.00,0.00,0.00,0.00,0.00,0.00,,,,,,,0.00,0.00,0.00,0.00,0.00,0.00,40,0,0,0.210522,"Rural",,0.00,11,"Palomina-NorthVa",0.00,0.00,0.00,0.00,0.00,0.00,0.00,0.00,0.00,0.00,1.9,6.5,0.00,1.9,8.4,0.350057,0.631565,1.76838,0.00,-0.359019,-0.294607,-0.170727,-0.621652,0.105212,0.105212,0.00,0.00,0.00,0.00,1.9,0.5,0.00394997,1.9,0.00,10.735,6.53321,0.00,0.00,10.5123,0.00,18.7368,15.2368,0.012482
1669,"Internal",136,382,0.00,107599.00,45.5497,25.6545,28.7958,24,47,29,16,9,9,2,0.00,0.00,0.00,,14,,0.00,0.00,0.00,5,0.00,0.00,0.00,0.00,0.00,0.00,0.00,0.00,0.00,0.00,0.00,0.00,0.00,0.00,0.00,0.00,0.00,0.00,0.00,0.00,0.00,0.00,,,,,,,2.5,2.5,0.00,0.00,0.00,0.00,20,0,5,329.483,"Rural",,4.22576,11,"Palomina-NorthVa",2,0.5,2,0.5,0.00,0.00,0.00,0.00,0.00,0.00,273.4,884,7.5,272.4,1163.90,0.36832,0.00,983.672,2.11288,-0.362952,-0.292761,-0.168572,-0.461635,0.107111,14.5672,0.00,0.00,0.00,0.535557,273.4,70.5,0.546895,273.4,5,10.6126,6.6274,0.00,0.00,10.4337,0.00,19.7113,16.2113,2.19851
1670,"Internal",8,26,0.00,107841.00,50,50,0.00,0.00,3,0.00,5,0.00,0.00,0.00,0.00,0.00,0.00,,0.00,,0.00,0.00,0.00,0.00,0.00,0.00,0.00,0.00,0.00,0.00,0.00,0.00,0.00,0.00,0.00,0.00,0.00,0.00,0.00,0.00,0.00,0.00,0.00,0.00,0.00,0.00,,,,,,,0.00,0.00,0.00,0.00,0.00,0.00,45.0082,0,0,7.85309,"Rural",,0.00,11,"Palomina-NorthVa",0.00,0.00,0.00,0.00,0.00,0.00,0.00,0.00,0.00,0.00,15.2,52,0.00,15.2,67.2,0.350057,0.00,20.2972,0.00,-0.362952,-0.294607,-0.170686,-0.621652,0.105153,0.841223,0.00,0.00,0.00,0.00,15.2,4,0.0315821,15.2,0.00,10.7231,6.73129,0.00,0.00,10.4813,0.00,18.8291,15.3291,0.162265
1671,"Internal",6,16,0.00,107599.00,62.5,12.5,25,1,2,1,2,0.00,0.00,0.00,0.00,0.00,0.00,,1,,0.00,0.00,0.00,0.00,0.00,0.00,0.00,0.00,0.00,0.00,0.00,0.00,0.00,0.00,0.00,0.00,0.00,0.00,0.00,0.00,0.00,0.00,0.00,0.00,0.00,0.00,,,,,,,0.00,0.00,0.00,0.00,0.00,0.00,28.5714,0,0,25.4657,"Rural",,0.00,11,"Palomina-NorthVa",0.00,0.00,0.00,0.00,0.00,0.00,0.00,0.00,0.00,0.00,11.4,39,0.00,11.4,50.4,0.350057,0.00,80.2168,0.00,-0.362952,-0.294607,-0.170555,-0.621652,0.105156,0.630935,0.00,0.00,0.00,0.00,11.4,3,0.0236872,11.4,0.00,10.3163,6.07303,0.00,0.00,10.2608,0.00,22.3,18.8,0.12482
1672,"Internal",0.00,0.00,0.00,89930.00,,,,0.00,0.00,0.00,0.00,0.00,0.00,0.00,0.00,0.00,0.00,,0.00,,0.00,0.00,0.00,0.00,0.00,0.00,0.00,0.00,0.00,0.00,0.00,0.00,0.00,0.00,0.00,0.00,0.00,0.00,0.00,0.00,0.00,0.00,0.00,0.00,0.00,0.00,,,,,,,0.00,0.00,0.00,0.00,0.00,0.00,57.1429,0,0,0.00,"Rural",,0.00,11,"Palomina-NorthVa",0.00,0.00,0.00,0.00,0.00,0.00,0.00,0.00,0.00,0.00,0.00,0.00,0.00,0.00,0.00,,0.00,0.00,0.00,-0.362952,-0.294607,-0.170731,,0.00,0.00,0.00,0.00,0.00,0.00,0.00,0.00,0.00,0.00,0.00,10.9529,6.86934,0.00,0.00,10.6343,0.00,17.1262,13.6262,
1673,"Internal",3,4,0.00,96052.00,50,25,25,2,1,0.00,0.00,0.00,0.00,0.00,0.00,0.00,0.00,,0.00,,0.00,0.00,0.00,0.00,0.00,0.00,0.00,0.00,0.00,0.00,0.00,0.00,0.00,0.00,0.00,0.00,0.00,0.00,0.00,0.00,0.00,0.00,0.00,0.00,0.00,0.00,,,,,,,0.00,0.00,0.00,0.00,0.00,0.00,45.0082,0,0,0.910842,"Rural",,0.00,11,"Palomina-NorthVa",0.00,0.00,0.00,0.00,0.00,0.00,0.00,0.00,0.00,0.00,5.7,19.5,0.00,5.7,25.2,0.350057,0.00,5.7383,0.00,-0.362952,-0.294607,-0.170718,-0.621652,0.105152,0.315457,0.00,0.00,0.00,0.00,5.7,1.5,0.0118432,5.7,0.00,10.2779,6.01255,0.00,0.00,10.2184,0.00,22.6614,19.1614,0.0249639
1674,"Internal",13,38,0.00,94350.00,34.2105,18.4211,47.3684,1,5,1,6,0.00,0.00,0.00,0.00,0.00,0.00,,1,,0.00,0.00,0.00,0.00,0.00,0.00,0.00,0.00,0.00,0.00,0.00,0.00,0.00,0.00,0.00,0.00,0.00,0.00,0.00,0.00,0.00,0.00,0.00,0.00,0.00,0.00,,,,,,,0.00,0.00,0.00,0.00,0.00,0.00,45.0082,0,0,83.623,"Rural",,0.00,11,"Palomina-NorthVa",0.00,0.00,0.00,0.00,0.00,0.00,0.00,0.00,0.00,0.00,24.7,84.5,0.00,24.7,109.2,0.350057,0.00,240.306,0.00,-0.362952,-0.294607,-0.170204,-0.621652,0.105164,1.36713,0.00,0.00,0.00,0.00,24.7,6.5,0.051326,24.7,0.00,10.1977,5.89017,0.00,0.00,10.1893,0.00,23.4353,19.9353,0.162265
1675,"Internal",0.00,0.00,0.00,89930.00,,,,0.00,0.00,0.00,0.00,0.00,0.00,0.00,0.00,0.00,0.00,,0.00,,0.00,0.00,0.00,0.00,0.00,0.00,0.00,0.00,0.00,0.00,0.00,0.00,0.00,0.00,0.00,0.00,0.00,0.00,0.00,0.00,0.00,0.00,0.00,0.00,0.00,0.00,,,,,,,0.00,0.00,0.00,0.00,0.00,0.00,45.0082,0,0,0.00,"Rural",,0.00,11,"Palomina-NorthVa",0.00,0.00,0.00,0.00,0.00,0.00,0.00,0.00,0.00,0.00,0.00,0.00,0.00,0.00,0.00,,0.00,0.00,0.00,-0.362952,-0.294607,-0.170731,,0.00,0.00,0.00,0.00,0.00,0.00,0.00,0.00,0.00,0.00,0.00,9.83527,5.41917,0.00,0.00,9.96493,0.00,27.295,23.795,
1676,"Internal",26,58,0.00,107599.00,70.6897,17.2414,12.069,0.00,23,0.00,3,0.00,0.00,0.00,0.00,0.00,0.00,,1,,0.00,0.00,0.00,0.00,0.00,0.00,0.00,0.00,0.00,0.00,0.00,0.00,0.00,0.00,0.00,0.00,0.00,0.00,0.00,0.00,0.00,0.00,0.00,0.00,0.00,0.00,,,,,,,0.00,0.00,0.00,0.00,0.00,0.00,45.0082,0,0,49.8943,"Rural",,0.00,11,"Palomina-NorthVa",0.00,0.00,0.00,0.00,0.00,0.00,0.00,0.00,0.00,0.00,49.4,169,0.00,49.4,218.4,0.350057,0.00,187.878,0.00,-0.362952,-0.294607,-0.170319,-0.621652,0.105161,2.73419,0.00,0.00,0.00,0.00,49.4,13,0.10265,49.4,0.00,10.2823,6.01271,0.00,0.00,10.2406,0.00,22.6197,19.1197,0.51176
1677,"Internal",1,5,0.00,107841.00,40,40,20,0.00,0.00,0.00,0.00,1,0.00,0.00,0.00,0.00,0.00,,0.00,,0.00,0.00,0.00,0.00,0.00,80,0.00,0.00,0.00,0.00,0.00,0.00,0.00,0.00,0.00,0.00,0.00,0.00,0.00,0.00,0.00,0.00,0.00,0.00,0.00,0.00,,,,,,,80,0.00,0.00,0.00,0.00,0.00,38.6139,0,80,65.5267,"Rural",,40.1358,11,"Palomina-NorthVa",49.1089,30.8911,0.00,0.00,0.00,0.00,0.00,0.00,0.00,0.00,241.9,6.5,120,121.9,248.4,0.525111,0.00,124.622,40.1358,-0.362952,-0.259548,-0.170457,0.912142,0.124768,0.124768,0.00,0.00,0.00,9.98144,241.9,40.5,0.00468417,241.9,80,10.8112,8.47788,0.745025,0.00,10.4819,0.00,18.1558,14.6558,0.264027
1678,"Internal",187,475,0.00,107841.00,60.2105,13.8947,25.8947,44,66,30,34,9,0.00,4,0.00,0.00,0.00,,10,,0.00,0.00,0.00,5,0.00,28,0.00,0.00,0.00,0.00,0.00,0.00,0.00,0.00,3,2,0.00,0.00,0.00,0.00,15,76,0.00,0.00,0.00,0.00,,,,,,,30.5,2.5,4.5,15.5,76,0.00,0.00,0,129,413.312,"Rural",,78.6916,11,"Palomina-NorthVa",30.5,0.00,2.5,0.00,76,0.00,15.5,0.00,4.5,0.00,1987.50,1215.50,193.5,1800.50,3209.50,0.538226,0.00,1957.84,18.6054,-0.362952,-0.278355,-0.166435,1.02705,0.126461,23.6481,0.00,0.00,9.61101,16.3134,1987.50,445.6,0.957627,1987.50,129,10.7174,6.6059,0.00,0.00,10.4885,0.00,18.8739,15.3739,4.4179
1679,"Internal",31,63,0.00,94350.00,53.9683,17.4603,28.5714,7,19,2,3,0.00,0.00,0.00,0.00,0.00,0.00,,6,,2,0.00,0.00,0.00,0.00,0.00,0.00,0.00,0.00,0.00,0.00,0.00,0.00,0.00,0.00,0.00,0.00,0.00,0.00,0.00,0.00,0.00,3,0.00,0.00,0.00,,,,,,,2,0.00,0.00,3,0.00,0.00,69.0722,0,5,14.5197,"Rural",,1.02467,11,"Palomina-NorthVa",0.618557,1.38144,0.00,0.00,0.00,0.00,0.927835,2.07216,0.00,0.00,81.7,201.5,7.5,74.2,283.2,0.424403,0.00,58.0374,0.409869,-0.362952,-0.294249,-0.170603,0.0297594,0.113128,3.50695,0.00,0.00,0.00,0.565638,81.7,20.1,0.131662,81.7,5,10.3282,6.09473,0.00,0.00,10.2469,0.00,22.1902,18.6902,0.431956
1680,"Internal",306,854,0.00,85452.00,63.7002,22.3653,13.9344,58,103,59,44,22,13,7,0.00,0.00,0.00,,17,,0.00,0.00,0.00,0.00,0.00,0.00,0.00,0.00,6,16,0.00,0.00,0.00,0.00,0.00,0.00,0.00,1,0.00,0.00,0.00,3,0.00,0.00,0.00,0.00,,,,,,,0.00,1,0.00,0.00,25,0.00,75,0,26,3010.43,"Suburban",1,87.471,11,"Palomina-NorthVa",0.00,0.00,0.25,0.75,6.25,18.75,0.00,0.00,0.00,0.00,1051.90,1989.00,39,1015.50,3043.50,0.461412,33.6427,10239.15,0.00,-0.153463,-0.294607,-0.148265,0.354023,0.121399,37.1481,0.00,0.00,3.03497,3.15637,1051.90,256,1.41669,1051.90,26,10.7625,7.51041,1.11672,0.00,10.4771,0.00,18.5249,15.0249,6.77888
1681,"Internal",305,783,0.00,73179.00,58.8761,22.8608,18.2631,59,141,35,39,14,8,9,0.00,0.00,0.00,,21,,0.00,0.00,0.00,2,0.00,0.00,0.00,0.00,0.00,0.00,0.00,0.00,0.00,0.00,0.00,0.00,0.00,0.00,0.00,0.00,0.00,0.00,0.00,0.00,0.00,0.00,,,,,,,1,1,0.00,0.00,0.00,0.00,60,0,2,3358.39,"Suburban",1,8.54401,11,"Palomina-NorthVa",0.4,0.6,0.4,0.6,0.00,0.00,0.00,0.00,0.00,0.00,585.5,1982.50,3,585.1,2570.60,0.35341,0.00,10981.61,4.272,-0.362952,-0.290875,-0.146635,-0.592272,0.106033,32.3401,0.00,0.00,0.00,0.212066,585.5,153.5,1.21414,585.5,2,10.5715,6.52908,1.42362,0.00,10.3921,0.00,20.0505,16.5505,5.75548
1682,"Internal",107,300,0.00,73179.00,62,23.3333,14.6667,23,28,21,22,9,3,1,0.00,0.00,0.00,,7,,0.00,0.00,0.00,0.00,0.00,0.00,0.00,0.00,0.00,0.00,0.00,0.00,0.00,0.00,0.00,2,0.00,0.00,0.00,0.00,0.00,0.00,0.00,0.00,0.00,0.00,,,,,,,0.00,0.00,0.00,2,0.00,0.00,100,0,2,366.455,"Rural",,2.41772,11,"Palomina-NorthVa",0.00,0.00,0.00,0.00,0.00,0.00,0.00,2,0.00,0.00,214.5,695.5,3,211.5,910,0.361839,0.00,1100.06,0.00,-0.362952,-0.294607,-0.168317,-0.518422,0.106435,11.3886,0.00,0.00,0.00,0.21287,214.5,55.9,0.42756,214.5,2,10.3812,6.30686,0.00,0.00,10.2773,0.00,21.7043,18.2043,2.3125
1683,"Internal",0.00,0.00,0.00,89930.00,,,,0.00,0.00,0.00,0.00,0.00,0.00,0.00,0.00,0.00,0.00,,0.00,,0.00,0.00,0.00,0.00,0.00,0.00,0.00,0.00,0.00,0.00,0.00,0.00,0.00,0.00,0.00,0.00,0.00,0.00,0.00,0.00,0.00,0.00,0.00,0.00,0.00,0.00,,,,,,,0.00,0.00,0.00,0.00,0.00,0.00,11.1111,0,0,0.00,"Rural",,0.00,11,"Palomina-NorthVa",0.00,0.00,0.00,0.00,0.00,0.00,0.00,0.00,0.00,0.00,0.00,0.00,0.00,0.00,0.00,,0.00,0.00,0.00,-0.362952,-0.294607,-0.170731,,0.00,0.00,0.00,0.00,0.00,0.00,0.00,0.00,0.00,0.00,0.00,10.0621,5.70402,0.00,0.00,10.1063,0.00,24.8067,21.3067,
1684,"Internal",543,1606.00,0.00,88438.00,60.7098,27.6463,11.6438,86,168,110,94,40,37,8,0.00,0.00,0.00,,32,,0.00,0.00,0.00,1,0.00,0.00,0.00,0.00,0.00,0.00,0.00,0.00,0.00,0.00,0.00,0.00,0.00,3,1,0.00,0.00,1,0.00,0.00,0.00,0.00,,,,,,,0.5,3.5,0.4,0.6,1,0.00,0.00,0,6,6198.84,"Suburban",1,23.0237,11,"Palomina-NorthVa",0.5,0.00,3.5,0.00,1,0.00,0.6,0.00,0.4,0.00,1068.00,3529.50,9,1068.10,4606.60,0.359199,11.5119,17676.85,1.91864,-0.291269,-0.292931,-0.131945,-0.54155,0.10808,58.6875,0.00,0.00,0.10808,0.64848,1068.00,278.8,2.20409,1068.00,6,10.4552,6.74227,1.63571,0.00,10.2751,0.00,21.0451,17.5451,12.2094
1685,"Internal",438,1147.00,0.00,69340.00,57.1055,24.4987,18.3958,99,156,87,42,26,19,9,279,0.00,0.00,,17,,5,0.00,0.00,0.00,0.00,0.00,0.00,0.00,0.00,0.00,0.00,0.00,0.00,0.00,0.00,0.00,0.00,0.00,48,10,0.00,0.00,2,0.00,0.00,0.00,,,,,,,5,0.00,21.2,38.8,0.00,279,45.0082,0,65,3340.33,"Suburban",1,173.828,11,"Palomina-NorthVa",2.74959,2.25041,0.00,0.00,0.00,0.00,21.3368,17.4632,11.6583,9.54174,1601.70,2847.00,516,1085.70,4448.70,0.517435,16.0457,11897.05,13.3714,-0.263037,-0.282927,-0.144627,0.844886,0.126275,55.3083,35.2306,0.00,0.00,8.20785,1601.70,293.5,2.25728,1601.70,65,10.6101,6.95378,1.58003,0.00,10.3815,0.00,19.7325,16.2325,8.29261
1686,"Internal",1,2,0.00,107089.00,100,0.00,0.00,0.00,1,0.00,0.00,0.00,0.00,0.00,0.00,0.00,0.00,,0.00,,0.00,0.00,0.00,0.00,0.00,0.00,0.00,0.00,0.00,0.00,0.00,0.00,0.00,0.00,0.00,0.00,0.00,0.00,0.00,0.00,1,3,1,0.00,0.00,0.00,,,,,,,0.00,0.00,0.3,1.7,3,0.00,16.2162,0,5,4.85642,"Rural",,2.46504,11,"Palomina-NorthVa",0.00,0.00,0.00,0.00,2.51351,0.486486,1.42432,0.275676,0.251351,0.0486486,69.2,6.5,7.5,61.7,75.7,0.318489,0.00,37.3206,0.00,-0.362952,-0.294607,-0.170649,-0.898239,0.101921,0.101921,0.00,0.00,0.305763,0.509606,69.2,15.2,0.00604718,69.2,5,9.96995,6.11253,0.00,0.00,9.96062,0.00,25.7878,22.2878,0.0459275
1687,"Internal",180,395,6,107841.00,54.6835,22.5316,22.7848,56,83,12,14,9,6,0.00,0.00,0.00,0.00,,11,,0.00,0.00,0.00,1,0.00,0.00,0.00,0.00,0.00,0.00,0.00,0.00,0.00,0.00,0.00,2,0.00,17,0.00,0.00,0.00,0.00,0.00,10,0.00,0.00,,,,,,,0.5,27.5,0.00,2,0.00,0.00,57.1429,0,30,943.083,"Suburban",1,63.9951,11,"Palomina-NorthVa",0.214286,0.285714,11.7857,15.7143,0.00,0.00,0.857143,1.14286,0.00,0.00,437.2,1170.00,45,463.7,1678.70,0.437217,6.39951,3580.95,1.06659,-0.323103,-0.293675,-0.162874,0.142026,0.115393,20.7708,0.00,0.00,0.00,3.4618,437.2,106.4,0.779798,437.2,30,10.4665,6.78331,0.329605,0.00,10.3014,0.00,20.9461,17.4461,2.68258
1688,"Internal",288,834,0.00,115234.00,59.1127,25.7794,15.1079,39,105,57,48,20,11,8,0.00,0.00,0.00,,15,,0.00,0.00,0.00,16,0.00,0.00,0.00,0.00,0.00,0.00,0.00,0.00,0.00,0.00,0.00,2,0.00,0.00,0.00,0.00,0.00,0.00,0.00,0.00,0.00,0.00,,,,,,,8,8,0.00,2,0.00,0.00,0.00,0,18,3361.64,"Suburban",1,70.1754,11,"Palomina-NorthVa",8,0.00,8,0.00,0.00,0.00,2,0.00,0.00,0.00,606.4,1872.00,27,600.2,2499.20,0.381148,0.00,9743.46,31.1891,-0.362952,-0.267363,-0.149352,-0.34924,0.108908,31.3654,0.00,0.00,0.00,1.96034,606.4,154.4,1.17755,606.4,18,10.4931,6.80817,0.571179,0.00,10.3145,0.00,20.715,17.215,6.27194
1689,"Internal",156,450,0.00,115234.00,57.1111,24.8889,18,16,69,30,23,4,4,10,0.00,0.00,0.00,,8,,0.00,0.00,0.00,0.00,0.00,0.00,0.00,0.00,0.00,3,0.00,0.00,0.00,0.00,0.00,0.00,0.00,0.00,0.00,0.00,0.00,0.00,0.00,0.00,0.00,0.00,,,,,,,0.00,0.00,0.00,0.00,3,0.00,25,0,3,3113.96,"Suburban",1,20.5447,11,"Palomina-NorthVa",0.00,0.00,0.00,0.00,2.25,0.75,0.00,0.00,0.00,0.00,352.5,1014.00,4.5,348,1366.50,0.384509,20.5447,9358.10,0.00,-0.235022,-0.294607,-0.150198,-0.319788,0.111279,17.3595,0.00,0.00,0.333836,0.333836,352.5,90.3,0.654152,352.5,3,10.6203,6.6343,0.00,0.00,10.4161,0.00,19.6485,16.1485,3.21933
1690,"Internal",513,1536.00,0.00,71656.00,58.6589,32.9427,8.39844,81,135,118,94,63,14,8,0.00,0.00,0.00,,32,,0.00,0.00,0.00,7,0.00,0.00,0.00,0.00,0.00,0.00,1,0.00,0.00,0.00,0.00,0.00,0.00,0.00,0.00,0.00,0.00,0.00,0.00,0.00,0.00,0.00,,,,,,,4.5,3.5,0.00,0.00,0.00,0.00,10.2564,0,8,6076.48,"Suburban",1,31.3916,11,"Palomina-NorthVa",4.03846,0.461538,3.14103,0.358974,0.00,0.00,0.00,0.00,0.00,0.00,998.7,3334.50,12,995.8,4342.30,0.357715,0.00,17038.99,17.6578,-0.362952,-0.279182,-0.133345,-0.554553,0.10678,54.7781,0.00,0.00,0.00,0.854239,998.7,260.5,2.05653,998.7,8,10.4179,6.661,1.13818,0.00,10.2583,0.00,21.3746,17.8746,11.2891
1691,"Internal",906,2435.00,0.00,107089.00,57.3717,28.2136,14.4148,151,368,138,157,59,20,13,1128.00,0.00,0.00,,44,,0.00,0.00,0.00,1,0.00,0.00,0.00,0.00,0.00,0.00,0.00,0.00,0.00,0.00,0.00,6,0.00,1,125,6,9,45,14,0.00,0.00,0.00,,,,,,,0.5,1.5,53.9,106.1,45,1128.00,45.0082,0,207,3446.13,"Suburban",1,258.458,11,"Palomina-NorthVa",0.274959,0.225041,0.824877,0.675123,24.7463,20.2537,58.3463,47.7537,29.6406,24.2594,5156.90,5889.00,2002.50,3158.30,11049.80,0.601425,0.00,13796.67,0.624295,-0.362952,-0.294062,-0.140459,1.58079,0.135074,122.377,152.363,0.00,6.07833,27.9603,5156.90,830.5,5.42063,5156.90,207,10.2697,6.64214,0.764473,0.00,10.1399,0.00,22.7387,19.2387,17.5378
1692,"Internal",0.00,0.00,0.00,89930.00,,,,0.00,0.00,0.00,0.00,0.00,0.00,0.00,0.00,0.00,0.00,,0.00,,0.00,0.00,0.00,0.00,0.00,0.00,0.00,0.00,0.00,0.00,0.00,0.00,0.00,0.00,0.00,0.00,0.00,0.00,0.00,0.00,0.00,0.00,0.00,0.00,0.00,0.00,,,,,,,0.00,0.00,0.00,0.00,0.00,0.00,45.0082,0,0,0.00,"Rural",,0.00,11,"Palomina-NorthVa",0.00,0.00,0.00,0.00,0.00,0.00,0.00,0.00,0.00,0.00,0.00,0.00,0.00,0.00,0.00,,0.00,0.00,0.00,-0.362952,-0.294607,-0.170731,,0.00,0.00,0.00,0.00,0.00,0.00,0.00,0.00,0.00,0.00,0.00,10.3599,6.57415,1.03312,0.00,10.2132,0.00,21.898,18.398,
1701,"Internal",0.00,0.00,0.00,89930.00,,,,0.00,0.00,0.00,0.00,0.00,0.00,0.00,0.00,0.00,0.00,,0.00,,0.00,0.00,0.00,0.00,0.00,0.00,0.00,0.00,0.00,23,0.00,0.00,0.00,0.00,2,0.00,0.00,0.00,0.00,721,16,85,2,0.00,0.00,0.00,,,,,,,0.00,0.00,149,592,108,0.00,17.7215,0,849,11772.58,"Urban",1,7497.87,9,"Virginia-Galena",0.00,0.00,0.00,0.00,88.8608,19.1392,487.089,104.911,122.595,26.4051,6169.20,0.00,1273.50,4895.70,6169.20,0.327632,0.00,54482.75,0.00,-0.362952,-0.294607,-0.0511872,-0.818135,0.105452,0.00,0.00,0.00,11.3888,89.5288,6169.20,1332.00,0.082717,6169.20,849,12.5619,10.0186,1.79867,3.52599,11.4362,1,9.02723,5.52723,
1702,"Internal",461,1250.00,0.00,116449.00,53.92,26.24,19.84,86,165,94,67,21,17,11,0.00,0.00,0.00,,31,,0.00,0.00,0.00,3,0.00,0.00,0.00,0.00,0.00,2,1,0.00,0.00,0.00,0.00,3,5,124,0.00,0.00,0.00,3,0.00,0.00,0.00,0.00,,,,,,,2.5,130.5,0.00,3,5,0.00,80,0,141,6900.35,"Urban",1,661.246,9,"Virginia-Galena",0.5,2,26.1,104.4,1,4,0.6,2.4,0.00,0.00,1385.20,2996.50,211.5,1513.00,4721.00,0.492418,32.8278,22140.03,11.7242,-0.158537,-0.284366,-0.122152,0.625688,0.125674,57.9359,0.00,0.00,0.628372,17.7201,1385.20,321.1,2.17965,1385.20,141,11.8656,8.88434,2.37207,2.36048,11.1246,0.00,11.8351,8.33512,10.2231
1703,"Internal",389,1244.00,0.00,160547.00,58.6013,33.9228,7.47588,51,85,73,120,40,16,4,0.00,0.00,0.00,,35,,0.00,0.00,0.00,0.00,0.00,0.00,0.00,9,0.00,2,0.00,0.00,0.00,0.00,5,9,0.00,7,0.00,0.00,0.00,0.00,0.00,0.00,0.00,0.00,,,,,,,9,7,0.00,14,2,0.00,12.5,0,32,10176.92,"Urban",1,251.623,9,"Virginia-Galena",7.875,1.125,6.125,0.875,1.75,0.25,12.25,1.75,0.00,0.00,902.9,2528.50,48,873.1,3449.60,0.398481,0.00,27124.94,70.7689,-0.362952,-0.232789,-0.111214,-0.197367,0.111658,43.4351,0.00,0.00,0.223317,3.57307,902.9,227.5,1.63231,902.9,32,11.9011,8.49735,2.1497,0.895441,11.1716,0.00,11.6698,8.16978,9.34214
1704,"Internal",402,1070.00,0.00,90430.00,59.4393,26.8224,13.7383,91,129,72,66,31,5,8,0.00,0.00,0.00,,27,,0.00,0.00,0.00,0.00,0.00,0.00,0.00,0.00,0.00,0.00,0.00,0.00,0.00,0.00,0.00,0.00,0.00,10,0.00,2,0.00,0.00,1,0.00,0.00,0.00,,,,,,,0.00,10,0.4,2.6,0.00,0.00,22.292,0,13,7334.19,"Urban",1,87.4389,9,"Virginia-Galena",0.00,0.00,7.7708,2.2292,0.00,0.00,2.02041,0.579592,0.310832,0.089168,810.6,2613.00,19.5,817.1,3449.60,0.370087,0.00,23202.26,0.00,-0.362952,-0.294607,-0.119821,-0.446151,0.108394,43.5743,0.00,0.00,0.00,1.40912,810.6,209.6,1.63591,810.6,13,12.145,8.98808,2.23335,2.83396,11.2657,0.282707,10.6008,7.10079,8.05198
1705,"Internal",588,1101.00,0.00,65375.00,57.7657,10.7175,31.5168,290,180,57,38,15,3,5,540,0.00,0.00,,37,,0.00,8,0.00,5,0.00,0.00,0.00,3,142,7,0.00,0.00,0.00,13,15,8,0.00,69,75,65,47,244,40,0.00,0.00,0.00,,,,,,,13.5,71.5,57.1,205.9,393,540,41.6667,0,741,6529.23,"Urban",1,2136.56,9,"Virginia-Galena",7.875,5.625,41.7083,29.7917,229.25,163.75,120.108,85.7917,33.3083,23.7917,11004.10,3822.00,1921.50,9268.50,15012.00,0.537607,11.5334,43284.84,38.9252,-0.291135,-0.260605,-0.0757571,1.02163,0.130051,76.4702,70.2277,0.00,51.1102,96.3681,11004.10,2263.40,3.60261,11004.10,741,12.2681,9.34558,2.26126,3.26897,11.3177,0.774361,10.1045,6.60447,16.0426
1706,"Internal",415,858,0.00,89651.00,46.1538,16.6667,37.1795,146,176,37,37,14,4,1,877,0.00,0.00,,27,,0.00,0.00,0.00,0.00,0.00,0.00,0.00,0.00,0.00,0.00,0.00,0.00,0.00,0.00,11,0.00,0.00,2,79,0.00,0.00,0.00,18,0.00,0.00,0.00,,,,,,,0.00,2,31.6,76.4,0.00,877,100,0,110,6412.76,"Urban",1,684.384,9,"Virginia-Galena",0.00,0.00,0.00,2,0.00,0.00,0.00,76.4,0.00,31.6,2714.80,2697.50,1480.50,1239.50,5417.50,0.625042,0.00,33705.91,0.00,-0.362952,-0.294607,-0.0967748,1.78772,0.139367,57.8373,122.225,0.00,0.00,15.3304,2714.80,338.1,2.79877,2714.80,110,11.8611,8.88041,2.3397,1.71091,11.1309,0.00,11.8562,8.35622,6.53272
1707,"Internal",174,431,0.00,184188.00,48.9559,35.2668,15.7773,46,64,32,14,7,7,4,844,0.00,0.00,,13,,0.00,0.00,0.00,0.00,0.00,0.00,0.00,0.00,0.00,0.00,0.00,0.00,0.00,0.00,0.00,0.00,0.00,0.00,53,0.00,0.00,0.00,0.00,0.00,0.00,0.00,,,,,,,0.00,0.00,21.2,31.8,0.00,844,87.5,0,53,4994.03,"Urban",1,514.731,9,"Virginia-Galena",0.00,0.00,0.00,0.00,0.00,0.00,3.975,27.825,2.65,18.55,1893.40,1131.00,1345.50,547.9,3024.40,0.629416,38.8477,29372.71,0.00,-0.121052,-0.294607,-0.106283,1.82605,0.144448,25.134,121.914,0.00,0.00,7.65575,1893.40,150.6,1.56939,1893.40,53,11.8761,8.40537,1.5768,0.313156,11.1649,0.00,11.786,8.28603,3.38127
1708,"Internal",409,1232.00,0.00,156218.00,64.7727,30.6006,4.62662,42,121,98,103,33,7,5,0.00,0.00,0.00,,33,,0.00,0.00,0.00,0.00,0.00,0.00,0.00,0.00,0.00,0.00,0.00,0.00,0.00,0.00,1,0.00,0.00,0.00,0.00,0.00,0.00,0.00,0.00,0.00,0.00,0.00,,,,,,,0.00,0.00,0.00,1,0.00,0.00,42.3077,0,1,10665.94,"Urban",1,8.6464,9,"Virginia-Galena",0.00,0.00,0.00,0.00,0.00,0.00,0.576923,0.423077,0.00,0.00,782.7,2658.50,1.5,781.2,3441.20,0.351631,0.00,29753.98,0.00,-0.362952,-0.294607,-0.105446,-0.607862,0.106761,43.6654,0.00,0.00,0.00,0.106761,782.7,205.7,1.63933,782.7,1,11.8318,8.408,2.4616,1.60462,11.1292,0.00,11.9954,8.49542,9.97056
1709,"Internal",599,1336.00,0.00,123098.00,50.4491,18.7126,30.8383,159,268,87,54,23,7,1,0.00,0.00,0.00,,36,,0.00,0.00,0.00,6,0.00,0.00,0.00,0.00,0.00,0.00,0.00,0.00,0.00,0.00,5,5,0.00,5,6,7,0.00,0.00,2,0.00,0.00,0.00,,,,,,,3,8,3.8,21.2,0.00,0.00,61.2801,0,36,5608.69,"Suburban",1,144.998,9,"Virginia-Galena",1.1616,1.8384,3.09759,4.90241,0.00,0.00,8.20861,12.9914,1.47136,2.32864,1311.10,3893.50,54,1277.90,5225.40,0.384896,28.194,21046.43,12.0832,-0.187391,-0.284052,-0.124552,-0.316394,0.112683,67.4972,0.00,0.00,0.00,4.0566,1311.10,335,2.53405,1311.10,36,12.1082,9.0487,2.20447,2.21835,11.228,0.441862,10.7544,7.25437,8.82881
1710,"Internal",0.00,0.00,0.00,89930.00,,,,0.00,0.00,0.00,0.00,0.00,0.00,0.00,0.00,0.00,0.00,,0.00,,3,0.00,0.00,18,10,0.00,52,20,0.00,11,0.00,0.00,124,220,461,236,14,347,10,507,10,53,110,0.00,0.00,179,,,,,,,94,370,108.4,1569.60,64,0.00,45.0082,0,2206,19881.23,"Urban",1,12662.21,9,"Virginia-Galena",51.6923,42.3077,203.47,166.53,35.1948,28.8052,863.151,706.449,59.6111,48.7889,11985.60,0.00,3309.00,9638.60,12947.60,0.380507,17.2197,74317.87,539.55,-0.255727,0.176699,-0.00766584,-0.354856,0.113829,0.00,0.00,0.00,7.28507,251.107,11985.60,2508.00,0.0529115,11985.60,2206.00,12.3007,9.44722,1.58931,3.3657,11.2986,0.997386,9.97777,6.47777,
1711,"Internal",207,574,0.00,156218.00,59.9303,36.4111,3.65854,22,86,38,41,18,2,0.00,0.00,0.00,0.00,,16,,0.00,0.00,0.00,0.00,0.00,0.00,0.00,0.00,0.00,0.00,0.00,0.00,0.00,0.00,0.00,0.00,0.00,0.00,0.00,0.00,0.00,0.00,0.00,0.00,0.00,0.00,,,,,,,0.00,0.00,0.00,0.00,0.00,0.00,42.8571,0,0,10042.37,"Urban",1,0.00,9,"Virginia-Galena",0.00,0.00,0.00,0.00,0.00,0.00,0.00,0.00,0.00,0.00,393.3,1345.50,0.00,393.3,1738.80,0.350057,0.00,30421.04,0.00,-0.362952,-0.294607,-0.103982,-0.621652,0.106628,22.0721,0.00,0.00,0.00,0.00,393.3,103.5,0.828652,393.3,0.00,11.8865,8.54564,2.30494,1.7135,11.1365,0.00,11.7373,8.23734,4.29379
1712,"Internal",299,815,0.00,184188.00,60.4908,23.9264,15.5828,51,117,59,30,25,11,6,0.00,0.00,0.00,,19,,0.00,0.00,0.00,0.00,0.00,0.00,0.00,0.00,0.00,0.00,0.00,0.00,0.00,0.00,0.00,0.00,0.00,0.00,0.00,0.00,0.00,0.00,0.00,0.00,0.00,0.00,,,,,,,0.00,0.00,0.00,0.00,0.00,0.00,71.4286,0,0,2676.39,"Suburban",1,0.00,9,"Virginia-Galena",0.00,0.00,0.00,0.00,0.00,0.00,0.00,0.00,0.00,0.00,568.1,1943.50,0.00,568.1,2511.60,0.350057,0.00,8247.87,0.00,-0.362952,-0.294607,-0.152634,-0.621652,0.10555,31.5596,0.00,0.00,0.00,0.00,568.1,149.5,1.18484,568.1,0.00,11.8185,8.37743,1.87864,0.00,11.1231,0.00,12.0588,8.55884,6.1536
1713,"Internal",392,925,0.00,121103.00,57.1892,20.2162,22.5946,126,117,73,49,15,9,3,0.00,0.00,0.00,,22,,0.00,0.00,0.00,0.00,0.00,0.00,0.00,0.00,0.00,0.00,0.00,0.00,0.00,0.00,1,1,0.00,0.00,0.00,0.00,0.00,3,0.00,0.00,0.00,0.00,,,,,,,0.00,0.00,0.00,2,3,0.00,100,0,5,7215.75,"Suburban",1,38.6758,9,"Virginia-Galena",0.00,0.00,0.00,0.00,0.00,3,0.00,2,0.00,0.00,812.1,2548.00,7.5,804.6,3360.10,0.36762,23.2055,25990.93,0.00,-0.218454,-0.294607,-0.113703,-0.467765,0.110546,43.3341,0.00,0.00,0.331639,0.552731,812.1,210.7,1.6293,812.1,5,12.0811,9.02661,1.98676,2.12973,11.2157,0.00154615,10.8695,7.36946,6.67594
1714,"Internal",201,471,0.00,82813.00,57.1125,12.5265,30.3609,30,112,37,8,11,2,1,0.00,0.00,0.00,,10,,0.00,0.00,0.00,0.00,0.00,0.00,0.00,0.00,0.00,0.00,0.00,0.00,0.00,0.00,0.00,10,0.00,0.00,0.00,0.00,0.00,0.00,0.00,0.00,0.00,0.00,,,,,,,0.00,0.00,0.00,10,0.00,0.00,33.3333,0,10,4557.99,"Urban",1,93.6507,9,"Virginia-Galena",0.00,0.00,0.00,0.00,0.00,0.00,6.66667,3.33333,0.00,0.00,437.9,1306.50,15,422.9,1744.40,0.380199,37.4603,16336.43,0.00,-0.129691,-0.294607,-0.134886,-0.35755,0.112857,22.6842,0.00,0.00,0.00,1.12857,437.9,112.5,0.851634,437.9,10,11.8747,8.48072,2.12801,0.380417,11.1325,0.00,11.7923,8.29231,3.44391
1715,"Internal",202,492,0.00,121103.00,53.252,23.7805,22.9675,38,102,23,18,18,2,1,0.00,0.00,0.00,,16,,0.00,0.00,0.00,7,0.00,0.00,0.00,0.00,0.00,0.00,0.00,0.00,0.00,0.00,0.00,2,0.00,0.00,0.00,0.00,0.00,0.00,1,0.00,0.00,0.00,,,,,,,3.5,3.5,0.00,3,0.00,0.00,100,0,10,4832.66,"Urban",1,95.1871,9,"Virginia-Galena",0.00,3.5,0.00,3.5,0.00,0.00,0.00,3,0.00,0.00,421.6,1313.00,15,415.7,1743.70,0.376087,0.00,16597.77,33.3155,-0.362952,-0.265505,-0.134313,-0.393578,0.108707,21.9588,0.00,0.00,0.00,1.08707,421.6,108.1,0.824399,421.6,10,11.9595,8.69647,2.09924,1.80391,11.1686,0.00,11.4029,7.90292,3.40996
1716,"Internal",212,575,0.00,117100.00,59.6522,25.7391,14.6087,44,91,16,26,20,8,7,0.00,0.00,0.00,,15,,0.00,0.00,0.00,0.00,0.00,0.00,0.00,0.00,0.00,0.00,0.00,0.00,0.00,0.00,0.00,0.00,0.00,0.00,0.00,0.00,0.00,0.00,0.00,0.00,0.00,0.00,,,,,,,0.00,0.00,0.00,0.00,0.00,0.00,57.1429,0,0,7091.13,"Urban",1,0.00,9,"Virginia-Galena",0.00,0.00,0.00,0.00,0.00,0.00,0.00,0.00,0.00,0.00,402.8,1378.00,0.00,402.8,1780.80,0.350057,0.00,21961.55,0.00,-0.362952,-0.294607,-0.122544,-0.621652,0.106216,22.5178,0.00,0.00,0.00,0.00,402.8,106,0.845385,402.8,0.00,12.2252,9.24703,1.99975,2.59263,11.2712,0.278354,10.2742,6.77417,4.28131
1717,"Internal",358,925,0.00,117100.00,58.9189,19.3514,21.7297,51,159,73,55,10,3,7,0.00,0.00,0.00,,23,,0.00,0.00,0.00,6,0.00,0.00,0.00,1,0.00,0.00,0.00,0.00,0.00,0.00,2,1,0.00,0.00,0.00,0.00,0.00,0.00,1,0.00,0.00,0.00,,,,,,,4,3,0.00,4,0.00,0.00,100,0,11,5511.76,"Urban",1,64.3438,9,"Virginia-Galena",0.00,4,0.00,3,0.00,0.00,0.00,4,0.00,0.00,723.6,2327.00,16.5,714.9,3058.40,0.366431,0.00,17889.92,23.3977,-0.362952,-0.274169,-0.131478,-0.478182,0.107743,38.5718,0.00,0.00,0.00,1.18517,723.6,187.3,1.4481,723.6,11,11.9858,8.71503,2.08799,1.45227,11.1806,0.00,11.285,7.78503,6.95879
1718,"Internal",298,790,0.00,128750.00,58.8608,26.0759,15.0633,56,96,81,43,11,5,6,0.00,0.00,0.00,,22,,0.00,0.00,0.00,0.00,0.00,0.00,0.00,0.00,0.00,0.00,0.00,0.00,0.00,0.00,0.00,0.00,0.00,0.00,0.00,0.00,0.00,0.00,0.00,0.00,0.00,0.00,,,,,,,0.00,0.00,0.00,0.00,0.00,0.00,40,0,0,7292.63,"Urban",1,0.00,9,"Virginia-Galena",0.00,0.00,0.00,0.00,0.00,0.00,0.00,0.00,0.00,0.00,566.2,1937.00,0.00,566.2,2503.20,0.350057,0.00,23107.49,0.00,-0.362952,-0.294607,-0.120029,-0.621652,0.106272,31.669,0.00,0.00,0.00,0.00,566.2,149,1.18895,566.2,0.00,11.9893,8.75622,2.08804,0.806386,11.1769,0.00,11.2694,7.76935,5.80411
1719,"Internal",564,1166.00,0.00,96875.00,32.5901,7.37564,60.0343,113,363,43,35,4,4,2,0.00,0.00,0.00,,26,,0.00,0.00,0.00,0.00,0.00,0.00,0.00,0.00,0.00,0.00,0.00,0.00,0.00,0.00,0.00,3,0.00,0.00,0.00,7,0.00,0.00,3,0.00,0.00,0.00,,,,,,,0.00,0.00,1.4,11.6,0.00,0.00,92.8571,0,13,3993.57,"Suburban",1,43.7592,9,"Virginia-Galena",0.00,0.00,0.00,0.00,0.00,0.00,0.828571,10.7714,0.1,1.3,1144.40,3666.00,19.5,1124.90,4810.40,0.364504,0.00,16192.24,0.00,-0.362952,-0.294607,-0.135203,-0.495064,0.107455,60.6046,0.00,0.00,0.00,1.39691,1144.40,297.6,2.27528,1144.40,13,11.8037,8.45765,2.049,0.15391,11.0754,0.00,12.1303,8.63029,4.90869
1720,"Internal",110,264,0.00,82813.00,60.2273,4.54545,35.2273,14,57,26,9,2,2,0.00,0.00,0.00,0.00,,6,,0.00,0.00,0.00,0.00,0.00,0.00,0.00,0.00,0.00,0.00,0.00,0.00,0.00,0.00,0.00,0.00,0.00,0.00,0.00,0.00,0.00,0.00,0.00,0.00,0.00,0.00,,,,,,,0.00,0.00,0.00,0.00,0.00,0.00,39.4057,0,0,1829.76,"Suburban",1,0.00,9,"Virginia-Galena",0.00,0.00,0.00,0.00,0.00,0.00,0.00,0.00,0.00,0.00,209,715,0.00,209,924,0.350057,0.00,6404.16,0.00,-0.362952,-0.294607,-0.156679,-0.621652,0.105461,11.6007,0.00,0.00,0.00,0.00,209,55,0.435527,209,0.00,11.7828,8.33549,1.8477,0.00,11.0784,0.00,12.2319,8.73189,1.98463
1721,"Internal",272,663,0.00,117100.00,57.7677,22.1719,20.0603,79,98,40,23,17,14,1,0.00,0.00,0.00,,18,,7,0.00,0.00,11,0.00,0.00,0.00,0.00,319,31,5,0.00,2,56,146,17,6,3,0.00,42,21,104,6,0.00,0.00,0.00,,,,,,,17.5,14.5,14.7,275.3,454,0.00,45.0082,0,776,19231.51,"Urban",1,7932.14,9,"Virginia-Galena",9.62357,7.87643,7.97381,6.52619,249.663,204.337,151.392,123.908,8.0838,6.6162,10726.60,1768.00,1164.00,9600.30,12532.30,0.384647,0.00,128103.04,178.882,-0.362952,-0.13835,0.110347,-0.31858,0.11533,31.3698,0.00,0.00,52.3599,89.4963,10726.60,2361.40,1.55801,10726.60,776,12.2899,9.48707,1.56876,2.17559,11.287,0.167178,10.0197,6.51968,13.003
1722,"Internal",0.00,0.00,0.00,89930.00,,,,0.00,0.00,0.00,0.00,0.00,0.00,0.00,0.00,0.00,0.00,,0.00,,0.00,0.00,0.00,0.00,0.00,0.00,0.00,0.00,0.00,0.00,0.00,0.00,0.00,0.00,0.00,0.00,0.00,0.00,0.00,0.00,0.00,0.00,0.00,0.00,0.00,0.00,,,,,,,0.00,0.00,0.00,0.00,0.00,0.00,54.5455,0,0,0.00,"Urban",1,0.00,9,"Virginia-Galena",0.00,0.00,0.00,0.00,0.00,0.00,0.00,0.00,0.00,0.00,0.00,0.00,0.00,0.00,0.00,,25.0964,0.00,0.00,-0.20668,-0.294607,-0.170731,,0.00,0.00,0.00,0.00,0.00,0.00,0.00,0.00,0.00,0.00,0.00,12.2708,9.31945,0.935811,2.5685,11.2869,0.0707454,10.094,6.59401,
1723,"Internal",0.00,0.00,0.00,89930.00,,,,0.00,0.00,0.00,0.00,0.00,0.00,0.00,0.00,0.00,0.00,,0.00,,2,0.00,0.00,0.00,0.00,0.00,0.00,0.00,209,0.00,0.00,0.00,0.00,7,0.00,0.00,0.00,0.00,0.00,0.00,15,75,0.00,0.00,0.00,0.00,,,,,,,2,0.00,4.5,17.5,284,0.00,20,0,308,12754.61,"Urban",1,8123.31,9,"Virginia-Galena",1.6,0.4,0.00,0.00,227.2,56.8,14,3.5,3.6,0.9,5440.00,0.00,462,4978.00,5440.00,0.155428,0.00,143476.70,52.7488,-0.362952,-0.24853,0.144079,-2.32695,0.0925871,0.00,0.00,0.00,26.2947,28.5168,5440.00,1191.80,0.190979,5440.00,308,12.1891,9.39213,1.87036,1.48311,11.24,0.00,10.4197,6.91969,
1724,"Internal",652,1319.00,0.00,86923.00,74.6778,14.5565,10.7657,246,261,77,39,15,9,5,0.00,0.00,0.00,,41,,0.00,0.00,0.00,0.00,0.00,0.00,0.00,0.00,0.00,0.00,0.00,0.00,0.00,0.00,14,2,0.00,0.00,0.00,0.00,0.00,0.00,0.00,0.00,0.00,0.00,,,,,,,0.00,0.00,0.00,16,0.00,0.00,18.4211,0,16,21139.30,"Urban",1,251.636,9,"Virginia-Galena",0.00,0.00,0.00,0.00,0.00,0.00,13.0526,2.94737,0.00,0.00,1328.40,4238.00,24,1304.40,5566.40,0.365409,0.00,87544.01,0.00,-0.362952,-0.294607,0.0213543,-0.487138,0.111112,72.4451,0.00,0.00,0.00,1.77779,1328.40,345.2,2.71981,1328.40,16,12.0334,9.10581,2.0823,0.809505,11.1732,0.00,11.0753,7.57533,12.4223
1725,"Internal",445,1300.00,0.00,176850.00,59.8462,27.6923,12.4615,38,163,103,99,27,9,6,0.00,0.00,0.00,,33,,0.00,0.00,0.00,0.00,0.00,0.00,0.00,0.00,0.00,0.00,0.00,0.00,0.00,0.00,0.00,0.00,0.00,1,0.00,0.00,2,14,3,0.00,0.00,0.00,,,,,,,0.00,1,0.6,4.4,14,0.00,100,0,20,4698.89,"Suburban",1,70.5856,9,"Virginia-Galena",0.00,0.00,0.00,1,0.00,14,0.00,4.4,0.00,0.6,1138.30,2892.50,30,1110.90,4033.40,0.4098,0.00,14234.99,0.00,-0.362952,-0.294607,-0.139497,-0.0981899,0.112243,49.9482,0.00,0.00,1.5714,2.24486,1138.30,286.4,1.88662,1138.30,20,11.5238,7.85981,1.35307,0.00,10.9438,0.00,13.5712,10.0712,9.94546
1726,"Internal",332,857,0.00,124375.00,59.3932,28.0047,12.6021,69,127,53,47,31,3,2,0.00,0.00,0.00,,25,,0.00,0.00,0.00,0.00,0.00,0.00,0.00,0.00,0.00,0.00,0.00,0.00,0.00,0.00,0.00,0.00,0.00,0.00,0.00,0.00,0.00,0.00,0.00,0.00,0.00,0.00,,,,,,,0.00,0.00,0.00,0.00,0.00,0.00,45.0082,0,0,7371.35,"Suburban",1,0.00,9,"Virginia-Galena",0.00,0.00,0.00,0.00,0.00,0.00,0.00,0.00,0.00,0.00,630.8,2158.00,0.00,630.8,2788.80,0.350057,25.804,23987.42,0.00,-0.202273,-0.294607,-0.118099,-0.621652,0.108809,36.1247,0.00,0.00,0.00,0.00,630.8,166,1.35623,630.8,0.00,11.8652,8.61504,1.9235,0.00,11.1022,0.00,11.8372,8.3372,6.35332
1727,"Internal",70,182,0.00,158958.00,58.2418,20.8791,20.8791,9,36,7,12,5,0.00,1,0.00,0.00,0.00,,3,,0.00,0.00,0.00,0.00,0.00,0.00,0.00,0.00,0.00,0.00,0.00,0.00,0.00,0.00,1,3,2,0.00,0.00,0.00,0.00,0.00,0.00,0.00,0.00,0.00,,,,,,,0.00,2,0.00,4,0.00,0.00,25,0,6,3059.52,"Suburban",1,95.8992,9,"Virginia-Galena",0.00,0.00,1.5,0.5,0.00,0.00,3,1,0.00,0.00,161.4,455,9,157.6,621.6,0.399711,63.9328,9935.16,0.00,0.0351502,-0.294607,-0.148932,-0.186594,0.117432,8.22024,0.00,0.00,0.00,0.704592,161.4,40.8,0.308612,161.4,6,11.738,8.27727,1.58083,0.00,11.0462,0.00,12.4526,8.95265,1.37168
1728,"Internal",394,917,0.00,90071.00,66.4122,19.5202,14.0676,120,145,48,56,15,6,4,0.00,0.00,0.00,,25,,0.00,0.00,0.00,0.00,0.00,0.00,0.00,0.00,0.00,0.00,0.00,0.00,3,0.00,1,0.00,0.00,0.00,0.00,0.00,0.00,0.00,0.00,0.00,0.00,0.00,,,,,,,0.00,0.00,0.00,4,0.00,0.00,53.8462,0,4,13190.02,"Urban",1,57.1441,9,"Virginia-Galena",0.00,0.00,0.00,0.00,0.00,0.00,1.84615,2.15385,0.00,0.00,771,2561.00,6,765,3332.00,0.356527,57.1441,47601.06,0.00,-0.00712218,-0.294607,-0.0662867,-0.564961,0.113835,44.851,0.00,0.00,0.00,0.45534,771,201.8,1.68384,771,4,12.0541,9.21078,2.07345,0.744239,11.1802,0.00,10.9854,7.48545,7.64431
1729,"Internal",0.00,0.00,0.00,89930.00,,,,0.00,0.00,0.00,0.00,0.00,0.00,0.00,0.00,0.00,0.00,,0.00,,0.00,0.00,0.00,0.00,0.00,0.00,0.00,0.00,0.00,0.00,0.00,0.00,0.00,0.00,0.00,0.00,0.00,0.00,0.00,0.00,0.00,0.00,0.00,0.00,0.00,0.00,,,,,,,0.00,0.00,0.00,0.00,0.00,0.00,0.00,0,0,0.00,"Suburban",1,0.00,9,"Virginia-Galena",0.00,0.00,0.00,0.00,0.00,0.00,0.00,0.00,0.00,0.00,0.00,0.00,0.00,0.00,0.00,,0.00,0.00,0.00,-0.362952,-0.294607,-0.170731,,0.00,0.00,0.00,0.00,0.00,0.00,0.00,0.00,0.00,0.00,0.00,11.8217,8.39798,1.93675,0.00,11.0796,0.00,12.0434,8.54341,
1730,"Internal",138,373,0.00,104868.00,68.9008,26.8097,4.28954,41,35,22,21,6,9,4,0.00,0.00,0.00,,11,,5,0.00,0.00,0.00,0.00,0.00,0.00,0.00,0.00,24,0.00,0.00,0.00,0.00,0.00,0.00,0.00,0.00,0.00,0.00,6,32,0.00,0.00,0.00,0.00,,,,,,,5,0.00,1.8,4.2,56,0.00,59.322,0,67,1164.15,"Suburban",1,163.108,9,"Virginia-Galena",2.0339,2.9661,0.00,0.00,22.7797,33.2203,1.70847,2.49153,0.732203,1.0678,1358.00,897,100.5,1257.50,2255.00,0.528809,0.00,5489.68,12.1722,-0.362952,-0.283974,-0.158686,0.944546,0.125516,17.3212,0.00,0.00,7.02889,8.40956,1358.00,308.3,0.70134,1358.00,67,12.0311,8.92529,1.5377,1.61603,11.1704,0.00,11.0853,7.58531,3.9469
1731,"Internal",304,898,0.00,158958.00,50.6682,29.8441,19.4878,33,115,53,54,36,11,2,0.00,0.00,0.00,,24,,0.00,0.00,0.00,0.00,0.00,0.00,0.00,0.00,0.00,0.00,0.00,0.00,0.00,0.00,0.00,1,0.00,1,0.00,3,1,3,3,0.00,0.00,0.00,,,,,,,0.00,1,0.9,7.1,3,0.00,28.8717,0,12,3655.24,"Suburban",1,47.8413,9,"Virginia-Galena",0.00,0.00,0.711283,0.288717,2.13385,0.86615,5.05011,2.04989,0.640155,0.259845,681.5,1976.00,18,666.1,2660.10,0.385457,0.00,10605.23,0.00,-0.362952,-0.294607,-0.147461,-0.311484,0.109413,33.2615,0.00,0.00,0.328239,1.31296,681.5,174.4,1.25112,681.5,12,11.5281,7.92664,1.68984,0.00,10.9314,0.00,13.5477,10.0477,5.77545
1732,"Internal",12,42,0.00,104868.00,57.1429,26.1905,16.6667,1,2,3,3,2,1,0.00,0.00,0.00,0.00,,1,,7,0.00,0.00,1,0.00,0.00,0.00,0.00,0.00,0.00,0.00,0.00,0.00,0.00,0.00,0.00,0.00,0.00,0.00,0.00,0.00,0.00,0.00,0.00,0.00,0.00,,,,,,,7.5,0.5,0.00,0.00,0.00,0.00,34.4828,0,8,200.33,"Suburban",1,29.3734,9,"Virginia-Galena",4.91379,2.58621,0.327586,0.172414,0.00,0.00,0.00,0.00,0.00,0.00,46.8,78,12,36.1,126.1,0.526375,14.6867,462.999,27.5376,-0.271499,-0.270552,-0.169715,0.923216,0.126566,1.51879,0.00,0.00,0.00,1.01252,46.8,10,0.0570198,46.8,8,12.2184,9.32228,1.55708,2.5099,11.2298,0.00,10.3017,6.80169,0.373178
1733,"Internal",413,1222.00,0.00,129474.00,56.4648,34.6154,8.9198,74,102,82,98,39,15,3,0.00,0.00,0.00,,24,,0.00,0.00,0.00,1,0.00,0.00,0.00,0.00,0.00,0.00,3,0.00,0.00,0.00,1,5,0.00,29,0.00,1,0.00,0.00,0.00,0.00,0.00,0.00,,,,,,,3.5,29.5,0.2,6.8,0.00,0.00,57.5,0,40,8495.10,"Suburban",1,264.479,9,"Virginia-Galena",1.4875,2.0125,12.5375,16.9625,0.00,0.00,2.89,3.91,0.085,0.115,922.9,2684.50,60,939.6,3684.10,0.403726,0.00,24359.17,23.1419,-0.362952,-0.274392,-0.117283,-0.151414,0.112092,46.2942,0.00,0.00,0.00,4.4837,922.9,231.4,1.73802,922.9,40,11.658,8.40753,1.70919,0.00,10.9847,0.00,12.8578,9.35778,9.00222
1734,"Internal",797,2227.00,0.00,156521.00,59.9461,26.6277,13.4261,105,308,166,123,65,19,11,0.00,0.00,0.00,,54,,0.00,0.00,0.00,90,0.00,0.00,73,2,0.00,0.00,0.00,48,25,0.00,16,25,16,20,0.00,3,1,8,15,0.00,0.00,0.00,,,,,,,168,81,0.9,84.1,8,0.00,100,0,342,9636.27,"Suburban",1,1192.34,9,"Virginia-Galena",0.00,168,0.00,81,0.00,8,0.00,84.1,0.00,0.9,2886.90,5180.50,513,2584.50,8278.00,0.507038,13.9455,28860.18,585.71,-0.276115,0.217021,-0.107407,0.753785,0.125736,100.211,0.00,0.00,1.00589,43.0017,2886.90,657.8,3.76955,2886.90,342,11.9359,8.84276,2.07687,0.611848,11.1175,0.00,11.5098,8.00982,21.2412
1735,"Internal",247,643,0.00,146389.00,59.5645,27.5272,12.9082,52,90,45,38,10,10,2,0.00,1946.00,0.00,,16,,0.00,0.00,0.00,0.00,0.00,0.00,0.00,0.00,0.00,0.00,0.00,0.00,0.00,0.00,0.00,0.00,0.00,0.00,140,0.00,0.00,0.00,7,0.00,0.00,0.00,,,,,,,0.00,0.00,56,91,0.00,1946.00,44.8276,0,147,2157.08,"Suburban",1,362.883,9,"Virginia-Galena",0.00,0.00,0.00,0.00,0.00,0.00,50.2069,40.7931,30.8966,25.1034,4211.50,1605.50,3139.50,1072.00,5817.00,0.598573,0.00,14359.80,0.00,-0.362952,-0.294607,-0.139223,1.5558,0.13474,33.2809,262.205,0.00,0.00,19.8068,4211.50,299.9,2.59536,4211.50,147,11.5394,7.9515,1.38446,0.00,10.9345,0.00,13.486,9.98602,6.07744
1736,"Internal",327,950,0.00,176106.00,57.5789,26.2105,16.2105,48,100,71,76,14,11,7,0.00,0.00,0.00,,30,,0.00,0.00,0.00,2,0.00,0.00,0.00,0.00,0.00,0.00,0.00,0.00,0.00,0.00,0.00,6,0.00,0.00,0.00,0.00,0.00,0.00,0.00,0.00,0.00,0.00,,,,,,,1,1,0.00,6,0.00,0.00,28,0,8,5694.67,"Suburban",1,47.3293,9,"Virginia-Galena",0.72,0.28,0.72,0.28,0.00,0.00,4.32,1.68,0.00,0.00,660.9,2125.50,12,651.5,2789.00,0.364616,0.00,16500.19,5.91617,-0.362952,-0.289439,-0.134527,-0.494085,0.107482,35.1466,0.00,0.00,0.00,0.859855,660.9,171.7,1.31951,660.9,8,11.6554,8.43781,1.57857,0.00,10.9828,0.00,12.8713,9.37134,6.89252
1738,"Internal",644,1940.00,0.00,104868.00,62.3711,30.2062,7.42268,109,175,102,169,47,30,12,0.00,0.00,0.00,,49,,0.00,0.00,6,32,0.00,0.00,0.00,0.00,0.00,18,0.00,0.00,0.00,1,11,0.00,0.00,0.00,0.00,7,3,21,0.00,0.00,0.00,0.00,,,,,,,22,16,2.3,19.7,39,0.00,58.3333,0,99,7668.49,"Suburban",1,362.301,9,"Virginia-Galena",9.16667,12.8333,6.66667,9.33333,16.25,22.75,8.20833,11.4917,0.958333,1.34167,2190.10,4186.00,148.5,2083.20,6417.70,0.468657,10.9788,23486.23,80.5113,-0.294588,-0.224279,-0.119198,0.417499,0.120544,77.6302,0.00,0.00,4.70121,11.9338,2190.10,527.3,2.94862,2190.10,99,11.8728,8.68501,1.97994,1.82788,11.0789,0.00,11.8012,8.30117,16.0762
1739,"Internal",168,542,0.00,131636.00,52.214,32.8413,14.9446,12,49,25,61,14,6,1,0.00,0.00,0.00,,14,,0.00,0.00,0.00,0.00,0.00,0.00,0.00,0.00,0.00,2,0.00,0.00,0.00,0.00,2,5,0.00,0.00,0.00,0.00,0.00,0.00,0.00,0.00,0.00,0.00,,,,,,,0.00,0.00,0.00,7,2,0.00,89.2857,0,9,8852.62,"Suburban",1,143.264,9,"Virginia-Galena",0.00,0.00,0.00,0.00,0.214286,1.78571,0.75,6.25,0.00,0.00,395.8,1092.00,13.5,382.3,1487.80,0.39518,0.00,23683.14,0.00,-0.362952,-0.294607,-0.118766,-0.226294,0.111123,18.6687,0.00,0.00,0.222246,1.00011,395.8,100.6,0.702493,395.8,9,11.9368,8.92499,2.08816,1.26034,11.1062,0.00,11.5059,8.00587,3.64382
1740,"Internal",370,1064.00,0.00,176106.00,68.985,23.7782,7.23684,72,95,57,116,13,17,0.00,0.00,0.00,0.00,,17,,0.00,0.00,0.00,0.00,0.00,0.00,0.00,0.00,0.00,0.00,0.00,0.00,0.00,0.00,0.00,0.00,0.00,0.00,0.00,0.00,0.00,0.00,0.00,0.00,0.00,0.00,,,,,,,0.00,0.00,0.00,0.00,0.00,0.00,45.0082,0,0,3595.81,"Suburban",1,0.00,9,"Virginia-Galena",0.00,0.00,0.00,0.00,0.00,0.00,0.00,0.00,0.00,0.00,703,2405.00,0.00,703,3108.00,0.350057,0.00,10503.56,0.00,-0.362952,-0.294607,-0.147684,-0.621652,0.10566,39.0941,0.00,0.00,0.00,0.00,703,185,1.46771,703,0.00,11.564,8.07083,1.86327,0.00,10.9263,0.00,13.353,9.853,9.16176
1741,"Internal",0.00,0.00,0.00,89930.00,,,,0.00,0.00,0.00,0.00,0.00,0.00,0.00,0.00,0.00,0.00,,0.00,,0.00,0.00,61,0.00,0.00,0.00,0.00,0.00,0.00,0.00,0.00,0.00,0.00,0.00,0.00,0.00,0.00,0.00,0.00,0.00,0.00,0.00,0.00,0.00,0.00,0.00,,,,,,,61,0.00,0.00,0.00,0.00,0.00,25,0,61,390.795,"Urban",1,248.894,9,"Virginia-Galena",45.75,15.25,0.00,0.00,0.00,0.00,0.00,0.00,0.00,0.00,183,0.00,91.5,91.5,183,0.5,0.00,746.683,248.894,-0.362952,-0.0771935,-0.169092,0.692123,0.121808,0.00,0.00,0.00,0.00,7.43028,183,30.5,0.00,183,61,11.9789,8.93572,0.628011,3.33518,11.1116,0.308071,11.3156,7.81563,
1742,"Internal",238,645,0.00,131636.00,60.7752,31.7829,7.44186,49,75,44,45,19,3,3,0.00,0.00,0.00,,16,,0.00,0.00,0.00,0.00,0.00,0.00,0.00,0.00,0.00,0.00,0.00,0.00,0.00,0.00,0.00,0.00,0.00,0.00,0.00,1,0.00,0.00,0.00,0.00,0.00,0.00,,,,,,,0.00,0.00,0.2,0.8,0.00,0.00,47.0588,0,1,6617.15,"Suburban",1,10.2342,9,"Virginia-Galena",0.00,0.00,0.00,0.00,0.00,0.00,0.423529,0.376471,0.105882,0.0941176,457.8,1547.00,1.5,456.3,2004.80,0.352755,0.00,20517.60,0.00,-0.362952,-0.294607,-0.125712,-0.598008,0.106429,25.33,0.00,0.00,0.00,0.106429,457.8,120.2,0.950964,457.8,1,11.8071,8.4635,2.03081,1.19328,11.0499,0.00,12.1137,8.61369,4.90215
1743,"Internal",427,1577.00,0.00,131636.00,55.4217,32.5935,11.9848,41,76,78,106,50,56,20,0.00,0.00,0.00,,37,,0.00,0.00,0.00,5,0.00,0.00,0.00,0.00,0.00,0.00,0.00,0.00,0.00,0.00,0.00,6,0.00,0.00,0.00,1,0.00,0.00,1,0.00,0.00,0.00,,,,,,,2.5,2.5,0.2,7.8,0.00,0.00,45.0082,0,13,8807.98,"Suburban",1,71.6808,9,"Virginia-Galena",1.3748,1.1252,1.3748,1.1252,0.00,0.00,4.28936,3.51064,0.109984,0.0900164,871.1,2775.50,19.5,858.1,3653.10,0.367551,16.5417,20142.85,13.7848,-0.259948,-0.282566,-0.126534,-0.468368,0.109588,46.794,0.00,0.00,0.00,1.42464,871.1,225.6,1.75679,871.1,13,11.8255,8.5119,1.72326,2.17502,11.0565,0.00,12.0253,8.52527,11.0282
1745,"Internal",279,956,0.00,94568.00,62.1339,29.6025,8.2636,24,61,67,76,15,22,14,0.00,0.00,0.00,,16,,0.00,16,0.00,0.00,0.00,0.00,0.00,0.00,0.00,0.00,0.00,0.00,0.00,0.00,0.00,0.00,0.00,0.00,0.00,0.00,0.00,0.00,0.00,0.00,0.00,0.00,,,,,,,16,0.00,0.00,0.00,0.00,0.00,45.0082,0,16,4735.98,"Suburban",1,77.2336,9,"Virginia-Galena",8.79869,7.20131,0.00,0.00,0.00,0.00,0.00,0.00,0.00,0.00,578.1,1813.50,24,554.1,2391.60,0.371234,0.00,11544.50,77.2336,-0.362952,-0.227142,-0.1454,-0.436101,0.107939,30.1151,0.00,0.00,0.00,1.72703,578.1,147.5,1.13061,578.1,16,11.5338,8.02843,0.914197,0.00,10.9133,0.00,13.5167,10.0167,7.5466
1746,"Internal",17,39,0.00,146389.00,48.7179,25.641,25.641,1,14,1,0.00,0.00,0.00,1,0.00,0.00,0.00,,2,,0.00,0.00,0.00,0.00,0.00,0.00,0.00,0.00,0.00,0.00,0.00,0.00,0.00,0.00,0.00,0.00,0.00,0.00,0.00,0.00,0.00,0.00,0.00,0.00,0.00,0.00,,,,,,,0.00,0.00,0.00,0.00,0.00,0.00,50,0,0,73.1078,"Rural",,0.00,9,"Virginia-Galena",0.00,0.00,0.00,0.00,0.00,0.00,0.00,0.00,0.00,0.00,32.3,110.5,0.00,32.3,142.8,0.350057,0.00,267.687,0.00,-0.362952,-0.294607,-0.170143,-0.621652,0.105165,1.7878,0.00,0.00,0.00,0.00,32.3,8.5,0.0671195,32.3,0.00,11.574,8.10237,1.4195,0.00,10.9439,0.00,13.2996,9.79956,0.237157
1747,"Internal",326,799,0.00,67800.00,54.0676,36.9212,9.01126,119,65,69,40,23,2,8,0.00,0.00,0.00,,24,,0.00,0.00,0.00,0.00,0.00,0.00,0.00,0.00,0.00,0.00,0.00,0.00,0.00,0.00,1,0.00,0.00,0.00,0.00,0.00,0.00,0.00,0.00,0.00,0.00,0.00,,,,,,,0.00,0.00,0.00,1,0.00,0.00,57,0,1,3366.13,"Suburban",1,4.20467,9,"Virginia-Galena",0.00,0.00,0.00,0.00,0.00,0.00,0.43,0.57,0.00,0.00,625,2119.00,1.5,623.5,2744.00,0.35203,0.00,11537.62,0.00,-0.362952,-0.294607,-0.145415,-0.604365,0.105916,34.5285,0.00,0.00,0.00,0.105916,625,164.2,1.2963,625,1,11.898,8.57492,1.01039,1.67236,11.0939,0.00,11.6837,8.1837,5.40225
1748,"Internal",589,1623.00,14,146389.00,48.6753,23.1054,28.2193,86,253,89,84,46,19,12,649,0.00,0.00,,46,,0.00,0.00,0.00,51,0.00,0.00,0.00,5,0.00,6,0.00,30,0.00,1,5,1,0.00,3,54,23,0.00,2,18,0.00,0.00,0.00,,,,,,,60.5,28.5,26.2,75.8,8,649,100,0,199,2721.85,"Suburban",1,279.856,9,"Virginia-Galena",0.00,60.5,0.00,28.5,0.00,8,0.00,75.8,0.00,26.2,3080.40,3828.50,1272.00,1882.50,6983.00,0.593555,0.00,9820.27,85.0819,-0.362952,-0.220286,-0.149184,1.51183,0.133826,78.8236,86.8532,0.00,1.07061,26.6314,3080.40,494.2,3.41287,3080.40,199,11.6817,8.23794,1.3326,0.386883,10.9851,0.00,12.7361,9.2361,12.1398
1749,"Internal",1,2,0.00,80179.00,50,0.00,50,0.00,1,0.00,0.00,0.00,0.00,0.00,0.00,0.00,0.00,,0.00,,0.00,0.00,0.00,0.00,0.00,0.00,0.00,0.00,0.00,0.00,0.00,0.00,0.00,0.00,0.00,0.00,0.00,0.00,0.00,0.00,0.00,2,0.00,0.00,0.00,0.00,,,,,,,0.00,0.00,0.00,0.00,2,0.00,47.2222,0,2,4.93111,"Rural",,1.91863,9,"Virginia-Galena",0.00,0.00,0.00,0.00,1.05556,0.944444,0.00,0.00,0.00,0.00,39.3,6.5,3,36.3,45.8,0.34739,0.00,43.9366,0.00,-0.362952,-0.294607,-0.170634,-0.645014,0.104878,0.104878,0.00,0.00,0.209755,0.209755,39.3,8.7,0.00546087,39.3,2,11.8156,8.40582,0.338375,1.32973,11.0582,0.00,12.073,8.57296,0.0307611
1750,"Internal",618,1478.00,0.00,67800.00,55.0068,20.433,24.5602,179,215,106,66,35,7,10,0.00,0.00,0.00,,40,,0.00,0.00,0.00,25,0.00,0.00,0.00,0.00,26,0.00,0.00,0.00,0.00,0.00,0.00,0.00,0.00,3,0.00,0.00,0.00,2,0.00,0.00,0.00,0.00,,,,,,,12.5,15.5,0.00,0.00,28,0.00,62.5,0,56,2350.88,"Suburban",1,84.0712,9,"Virginia-Galena",4.6875,7.8125,5.8125,9.6875,10.5,17.5,0.00,0.00,0.00,0.00,1781.80,4017.00,84,1738.10,5839.10,0.437915,0.00,8766.07,18.7659,-0.362952,-0.278215,-0.151497,0.148146,0.115086,71.123,0.00,0.00,3.2224,6.4448,1781.80,437.8,2.69358,1781.80,56,11.7268,8.34805,1.10183,0.470263,11.0101,0.00,12.5083,9.00829,10.6903
1751,"Internal",9,20,0.00,146389.00,50,25,25,0.00,8,0.00,1,0.00,0.00,0.00,0.00,0.00,0.00,,0.00,,0.00,0.00,0.00,0.00,0.00,0.00,0.00,0.00,1,0.00,0.00,0.00,0.00,0.00,6,0.00,0.00,0.00,0.00,0.00,0.00,0.00,0.00,0.00,0.00,0.00,,,,,,,0.00,0.00,0.00,6,1,0.00,54.6296,0,7,5.89387,"Rural",,1.33127,9,"Virginia-Galena",0.00,0.00,0.00,0.00,0.453704,0.546296,2.72222,3.27778,0.00,0.00,69.4,58.5,10.5,58.9,127.9,0.571981,0.00,24.3241,0.00,-0.362952,-0.294607,-0.170677,1.32281,0.13052,1.17468,0.00,0.00,0.13052,0.91364,69.4,15.8,0.045049,69.4,7,10.7543,6.63122,0.00,0.00,10.5017,0.00,18.5877,15.0877,0.170399
1752,"Internal",512,1315.00,0.00,60625.00,59.7719,21.5209,18.7072,116,205,65,67,34,19,6,0.00,0.00,0.00,,41,,0.00,0.00,0.00,84,0.00,0.00,0.00,2,0.00,0.00,0.00,0.00,3,0.00,1,2,0.00,0.00,0.00,23,1,9,5,0.00,0.00,0.00,,,,,,,44,42,4.9,30.1,9,0.00,52.6316,0,130,1697.73,"Suburban",1,145.285,9,"Virginia-Galena",20.8421,23.1579,19.8947,22.1053,4.26316,4.73684,14.2579,15.8421,2.32105,2.57895,1595.10,3328.00,195,1509.30,5032.30,0.47119,4.47031,5623.98,49.1734,-0.335116,-0.251653,-0.158391,0.439699,0.119181,61.0208,0.00,0.00,1.07263,15.4936,1595.10,377.9,2.29869,1595.10,130,11.6179,8.13902,0.913244,0.00,10.9561,0.00,13.0668,9.56682,10.9649
1753,"Internal",29,79,0.00,67800.00,58.2278,16.4557,25.3165,5,9,8,5,1,0.00,1,0.00,0.00,0.00,,1,,0.00,0.00,0.00,0.00,0.00,0.00,0.00,0.00,0.00,0.00,0.00,0.00,0.00,0.00,0.00,26,0.00,0.00,0.00,0.00,0.00,0.00,17,0.00,0.00,0.00,,,,,,,0.00,0.00,0.00,43,0.00,0.00,55.5556,0,43,446.134,"Suburban",1,130.934,9,"Virginia-Galena",0.00,0.00,0.00,0.00,0.00,0.00,19.1111,23.8889,0.00,0.00,295.9,188.5,64.5,231.4,484.4,0.602638,0.00,1474.98,0.00,-0.362952,-0.294607,-0.167494,1.59141,0.134493,3.90031,0.00,0.00,0.00,5.78322,295.9,66.1,0.146429,295.9,43,11.6955,8.17308,0.576927,0.156291,11.0019,0.00,12.6662,9.16623,0.968692
1754,"Internal",115,319,0.00,80179.00,41.3793,22.2571,36.3636,21,45,11,18,17,3,0.00,7,0.00,0.00,,7,,0.00,0.00,0.00,0.00,0.00,0.00,0.00,0.00,0.00,0.00,0.00,0.00,0.00,0.00,0.00,2,0.00,25,0.00,0.00,0.00,0.00,2,0.00,0.00,0.00,,,,,,,0.00,25,0.00,4,0.00,7,45.0082,0,29,363.791,"Rural",,28.9409,9,"Virginia-Galena",0.00,0.00,13.748,11.252,0.00,0.00,2.19967,1.80033,0.00,0.00,326.4,747.5,54,337.4,1138.90,0.479212,0.00,1136.58,0.00,-0.362952,-0.294607,-0.168237,0.50998,0.119396,13.7306,0.835775,0.00,0.00,3.4625,326.4,74.8,0.519777,326.4,29,11.1475,7.27111,0.00,0.00,10.7177,0.00,15.8129,12.3129,1.84661
1755,"Internal",5,14,0.00,60625.00,42.8571,0.00,57.1429,0.00,4,0.00,0.00,0.00,1,0.00,0.00,0.00,0.00,,0.00,,0.00,0.00,0.00,0.00,0.00,0.00,0.00,0.00,0.00,0.00,0.00,0.00,0.00,0.00,0.00,0.00,0.00,0.00,0.00,0.00,0.00,0.00,0.00,0.00,0.00,0.00,,,,,,,0.00,0.00,0.00,0.00,0.00,0.00,29.6296,0,0,15.7893,"Rural",,0.00,9,"Virginia-Galena",0.00,0.00,0.00,0.00,0.00,0.00,0.00,0.00,0.00,0.00,9.5,32.5,0.00,9.5,42,0.350057,0.00,47.368,0.00,-0.362952,-0.294607,-0.170627,-0.621652,0.105154,0.525771,0.00,0.00,0.00,0.00,9.5,2.5,0.019739,9.5,0.00,11.1709,7.25409,0.00,0.00,10.7334,0.00,15.6625,12.1625,0.0748917
1756,"Internal",249,610,9,87614.00,52.9508,23.2787,23.7705,56,107,44,18,11,10,3,0.00,0.00,0.00,,16,,22,0.00,0.00,1,0.00,0.00,0.00,0.00,6,0.00,0.00,20,0.00,0.00,1,6,2,1,16,1,0.00,3,3,0.00,0.00,0.00,,,,,,,42.5,3.5,6.6,20.4,9,0.00,80,0,82,297.919,"Rural",,33.0685,9,"Virginia-Galena",8.5,34,0.7,2.8,1.8,7.2,4.08,16.32,1.32,5.28,930.6,1618.50,123,816.7,2558.20,0.495496,0.00,1031.66,17.1392,-0.362952,-0.279635,-0.168467,0.652659,0.121293,30.2019,0.00,0.00,1.09163,9.94601,930.6,216.8,1.1418,930.6,82,11.2375,7.36286,0.00,0.00,10.7694,0.00,15.2422,11.7422,4.66677
1757,"Internal",85,201,0.00,87614.00,56.7164,26.3682,16.9154,36,22,9,7,4,3,4,0.00,0.00,0.00,,7,,0.00,0.00,0.00,3,0.00,0.00,0.00,0.00,0.00,0.00,0.00,0.00,0.00,0.00,0.00,0.00,0.00,0.00,0.00,0.00,0.00,0.00,0.00,0.00,0.00,0.00,,,,,,,1.5,1.5,0.00,0.00,0.00,0.00,36.1702,0,3,474.623,"Rural",,6.92171,9,"Virginia-Galena",0.957447,0.542553,0.957447,0.542553,0.00,0.00,0.00,0.00,0.00,0.00,170.5,552.5,4.5,169.9,726.9,0.367614,0.00,1677.13,3.46086,-0.362952,-0.291584,-0.167051,-0.46782,0.107071,9.10103,0.00,0.00,0.00,0.321213,170.5,44,0.34168,170.5,3,11.0471,7.28053,0.00,0.00,10.6556,0.00,16.4763,12.9763,1.44236
1758,"Internal",88,247,0.00,80179.00,54.6559,31.9838,13.3603,10,39,11,17,9,1,1,329,0.00,0.00,,7,,7,0.00,0.00,2,0.00,0.00,0.00,0.00,0.00,0.00,0.00,0.00,0.00,0.00,0.00,38,0.00,0.00,44,0.00,1,5,1,0.00,0.00,0.00,,,,,,,8,1,17.9,66.1,5,329,100,0,98,804.672,"Rural",,196.716,9,"Virginia-Galena",0.00,8,0.00,1,0.00,5,0.00,66.1,0.00,17.9,1251.60,572,640.5,613.7,1826.20,0.665952,0.00,3665.74,16.0584,-0.362952,-0.28058,-0.162688,2.14616,0.142973,12.5816,47.038,0.00,0.714863,14.0113,1251.60,169.8,0.718988,1251.60,98,11.027,7.14612,0.00,0.00,10.6496,0.00,16.613,13.113,2.29404
1759,"Internal",9,19,0.00,60625.00,57.8947,5.26316,36.8421,4,3,0.00,1,1,0.00,0.00,0.00,0.00,0.00,,0.00,,0.00,0.00,0.00,2,0.00,0.00,0.00,0.00,0.00,0.00,0.00,0.00,0.00,0.00,0.00,0.00,0.00,0.00,0.00,0.00,0.00,0.00,0.00,0.00,0.00,0.00,,,,,,,1,1,0.00,0.00,0.00,0.00,0.00,0,2,18.7756,"Rural",,1.69606,9,"Virginia-Galena",1,0.00,1,0.00,0.00,0.00,0.00,0.00,0.00,0.00,23.1,58.5,3,22.7,84.2,0.443337,0.00,71.404,0.848028,-0.362952,-0.293866,-0.170574,0.195653,0.115241,1.03717,0.00,0.00,0.00,0.230482,23.1,5.5,0.0389385,23.1,2,10.2933,6.05204,0.00,0.00,10.2258,0.00,22.516,19.016,0.15045
1760,"Internal",2,6,0.00,87614.00,50,33.3333,16.6667,0.00,1,0.00,1,0.00,0.00,0.00,0.00,0.00,0.00,,0.00,,0.00,0.00,0.00,2,0.00,0.00,0.00,0.00,0.00,0.00,0.00,0.00,0.00,0.00,0.00,0.00,0.00,0.00,0.00,0.00,0.00,0.00,0.00,0.00,0.00,0.00,,,,,,,1,1,0.00,0.00,0.00,0.00,83.1461,0,2,1.70848,"Rural",,0.373837,9,"Virginia-Galena",0.168539,0.831461,0.168539,0.831461,0.00,0.00,0.00,0.00,0.00,0.00,9.8,13,3,9.4,25.4,0.587141,0.00,4.74773,0.186919,-0.362952,-0.294444,-0.17072,1.45564,0.132429,0.264858,0.00,0.00,0.00,0.264858,9.8,2,0.00994355,9.8,2,10.7863,6.67415,0.00,0.00,10.5211,0.00,18.3434,14.8434,0.0497699
1762,"Internal",598,1825.00,0.00,98030.00,55.2877,18.0822,26.6301,111,207,75,70,53,44,38,0.00,0.00,0.00,,8,,0.00,0.00,0.00,23,0.00,0.00,0.00,0.00,0.00,0.00,0.00,0.00,0.00,0.00,0.00,7,0.00,2,0.00,0.00,0.00,0.00,2,0.00,0.00,0.00,,,,,,,11.5,13.5,0.00,9,0.00,0.00,45.0082,0,34,57.1509,"Rural",,1.03447,9,"Virginia-Galena",6.32406,5.17594,7.42389,6.07611,0.00,0.00,4.94926,4.05074,0.00,0.00,1261.60,3887.00,51,1245.70,5183.70,0.379878,0.00,157.717,0.349894,-0.362952,-0.294301,-0.170385,-0.360363,0.108296,64.7612,0.00,0.00,0.00,3.68208,1261.60,322.3,2.43133,1261.60,34,9.96961,5.64365,0.00,0.00,10.0277,0.00,25.7915,22.2915,12.7338
1763,"Internal",0.00,0.00,0.00,89930.00,,,,0.00,0.00,0.00,0.00,0.00,0.00,0.00,0.00,0.00,0.00,,0.00,,0.00,0.00,0.00,0.00,0.00,0.00,0.00,0.00,0.00,0.00,0.00,0.00,0.00,0.00,0.00,0.00,0.00,0.00,0.00,0.00,0.00,0.00,0.00,0.00,0.00,0.00,,,,,,,0.00,0.00,0.00,0.00,0.00,0.00,44.8276,0,0,0.00,"Rural",,0.00,9,"Virginia-Galena",0.00,0.00,0.00,0.00,0.00,0.00,0.00,0.00,0.00,0.00,0.00,0.00,0.00,0.00,0.00,,0.00,0.00,0.00,-0.362952,-0.294607,-0.170731,,0.00,0.00,0.00,0.00,0.00,0.00,0.00,0.00,0.00,0.00,0.00,10.9989,6.95536,0.00,0.00,10.6673,0.00,16.8056,13.3056,
1801,"Internal",10,39,0.00,90071.00,58.9744,7.69231,33.3333,1,0.00,3,1,5,0.00,0.00,0.00,0.00,0.00,,0.00,,0.00,0.00,0.00,17,0.00,0.00,0.00,0.00,0.00,0.00,0.00,0.00,0.00,0.00,0.00,0.00,0.00,0.00,0.00,0.00,2,11,0.00,0.00,0.00,0.00,,,,,,,8.5,8.5,0.6,1.4,11,0.00,55.5556,0,30,0.803579,"Rural",,0.279981,14,"Mt. Rose Wildern",3.77778,4.72222,3.77778,4.72222,4.88889,6.11111,0.622222,0.777778,0.266667,0.333333,286.9,65,45,264,374,0.457048,0.00,3.49042,0.0793278,-0.362952,-0.294538,-0.170723,0.315783,0.116789,1.16789,0.00,0.00,1.28468,3.50367,286.9,61,0.0531768,286.9,30,10.4794,6.29206,0.00,0.00,10.3231,0.00,20.8341,17.3341,0.384763
1802,"Internal",5,14,0.00,171774.00,71.4286,14.2857,14.2857,0.00,2,2,1,0.00,0.00,0.00,0.00,0.00,0.00,,0.00,,0.00,0.00,0.00,10,0.00,0.00,0.00,0.00,0.00,0.00,0.00,0.00,0.00,0.00,0.00,0.00,0.00,0.00,0.00,0.00,0.00,0.00,0.00,0.00,0.00,0.00,,,,,,,5,5,0.00,0.00,0.00,0.00,76.087,0,10,29.5567,"Rural",,9.95135,14,"Mt. Rose Wildern",1.19565,3.80435,1.19565,3.80435,0.00,0.00,0.00,0.00,0.00,0.00,39.5,32.5,15,37.5,85,0.628028,0.00,84.5865,4.97568,-0.362952,-0.290261,-0.170545,1.81388,0.137703,0.688517,0.00,0.00,0.00,1.37703,39.5,7.5,0.025849,39.5,10,10.2521,6.1755,0.00,0.00,10.1586,0.00,22.9076,19.4076,0.11563
1805,"Internal",10,26,0.00,80179.00,84.6154,11.5385,3.84615,2,5,0.00,1,2,0.00,0.00,0.00,0.00,0.00,,1,,15,0.00,0.00,55,0.00,0.00,0.00,0.00,0.00,0.00,0.00,0.00,0.00,0.00,1,0.00,0.00,6,0.00,0.00,0.00,0.00,5,0.00,0.00,0.00,,,,,,,42.5,33.5,0.00,6,0.00,0.00,66.1765,0,82,97.237,"Rural",,51.5246,14,"Mt. Rose Wildern",14.375,28.125,11.3309,22.1691,0.00,0.00,2.02941,3.97059,0.00,0.00,280.6,65,123,244.7,432.7,0.576818,1.88505,271.886,26.7048,-0.351214,-0.27128,-0.170134,1.36519,0.131358,1.31358,0.00,0.00,0.00,10.7713,280.6,50.2,0.0493156,280.6,82,10.5071,6.40999,0.00,0.00,10.3506,0.00,20.5947,17.0947,0.27783
1806,"Internal",29,92,0.00,171774.00,81.5217,8.69565,9.78261,4,9,4,6,2,4,0.00,0.00,0.00,0.00,,1,,0.00,0.00,0.00,2,0.00,0.00,0.00,0.00,0.00,0.00,0.00,0.00,0.00,0.00,0.00,0.00,0.00,0.00,0.00,0.00,0.00,0.00,1,0.00,0.00,0.00,,,,,,,1,1,0.00,1,0.00,0.00,21.7391,0,3,111.771,"Rural",,3.46719,14,"Mt. Rose Wildern",0.782609,0.217391,0.782609,0.217391,0.00,0.00,0.782609,0.217391,0.00,0.00,66.7,188.5,4.5,64.8,257.8,0.40188,0.00,297.947,1.15573,-0.362952,-0.293597,-0.170077,-0.167584,0.11067,3.20943,0.00,0.00,0.00,0.332011,66.7,16.7,0.120492,66.7,3,10.1045,6.20618,0.00,0.00,10.0425,0.00,24.3697,20.8697,0.948074
1807,"Internal",16,39,0.00,171774.00,48.7179,23.0769,28.2051,2,6,7,1,0.00,0.00,0.00,0.00,0.00,0.00,,2,,0.00,0.00,0.00,0.00,0.00,0.00,0.00,0.00,0.00,0.00,0.00,0.00,0.00,0.00,0.00,1,0.00,0.00,0.00,0.00,77,394,689,0.00,0.00,0.00,,,,,,,0.00,0.00,23.1,743.9,394,0.00,45.0082,0,1161,907.773,"Rural",,566.044,14,"Mt. Rose Wildern",0.00,0.00,0.00,0.00,216.668,177.332,409.084,334.816,12.7031,10.3969,11693.40,104,1741.50,9951.90,11797.40,0.266526,0.00,5751.80,0.00,-0.362952,-0.294607,-0.15811,-1.35353,0.0970479,1.55277,0.00,0.00,38.2369,112.673,11693.40,2543.80,0.33601,11693.40,1161.00,9.89202,5.98525,0.00,0.00,9.901,0.00,26.649,23.149,0.226261
1808,"Internal",47,100,0.00,171774.00,43,19,38,7,32,5,1,2,0.00,0.00,0.00,0.00,0.00,,1,,0.00,0.00,0.00,0.00,0.00,0.00,0.00,0.00,0.00,0.00,0.00,0.00,0.00,0.00,0.00,1,0.00,0.00,0.00,1,0.00,0.00,0.00,8,0.00,0.00,,,,,,,0.00,8,0.2,1.8,0.00,0.00,45.0082,0,10,62.8062,"Rural",,5.42831,14,"Mt. Rose Wildern",0.00,0.00,4.39934,3.60066,0.00,0.00,0.989852,0.810148,0.109984,0.0900164,124.5,305.5,15,130.3,450.8,0.456092,0.00,244.708,0.00,-0.362952,-0.294607,-0.170194,0.307409,0.116693,5.48458,0.00,0.00,0.00,1.16693,124.5,29.9,0.205907,124.5,10,10.7673,6.65101,0.00,0.00,10.5133,0.00,18.4881,14.9881,0.569562
1809,"Internal",490,1164.00,0.00,64635.00,49.7423,18.6426,31.6151,120,209,73,56,14,13,5,0.00,0.00,0.00,,17,,0.00,0.00,0.00,10,0.00,0.00,0.00,0.00,0.00,0.00,0.00,0.00,5,0.00,0.00,3,0.00,0.00,0.00,0.00,0.00,1,2,0.00,0.00,0.00,,,,,,,5,5,0.00,10,1,0.00,52.381,0,21,161.887,"Rural",,2.8402,14,"Mt. Rose Wildern",2.38095,2.61905,2.38095,2.61905,0.47619,0.52381,4.7619,5.2381,0.00,0.00,1035.70,3185.00,31.5,1017.20,4233.70,0.376268,0.00,572.597,0.676237,-0.362952,-0.294016,-0.169474,-0.391997,0.107933,52.887,0.00,0.00,0.107933,2.26659,1035.70,266.1,1.98632,1035.70,21,10.0781,6.02923,0.00,0.00,10.0724,0.00,24.6408,21.1408,7.28153
1810,"Internal",162,373,0.00,93504.00,59.7855,20.1072,20.1072,29,94,15,12,9,3,0.00,0.00,0.00,0.00,,7,,2,0.00,0.00,36,0.00,0.00,7,8,0.00,0.00,0.00,0.00,0.00,0.00,2,1,0.00,5,0.00,8,0.00,1,24,0.00,0.00,0.00,,,,,,,35,23,1.6,33.4,1,0.00,74.0741,0,94,81.4553,"Rural",,14.7079,14,"Mt. Rose Wildern",9.07407,25.9259,5.96296,17.037,0.259259,0.740741,8.65926,24.7407,0.414815,1.18519,696.5,1053.00,141,615.3,1809.30,0.539559,1.56467,283.095,5.47634,-0.353209,-0.289823,-0.17011,1.03873,0.126703,20.5258,0.00,0.00,0.126703,11.91,696.5,156.1,0.771521,696.5,94,10.5063,6.37011,0.00,0.00,10.3515,0.00,20.6018,17.1018,2.71481
1811,"Internal",310,785,0.00,93210.00,52.1019,14.1401,33.758,75,94,72,51,11,2,5,0.00,0.00,0.00,,14,,0.00,0.00,0.00,10,0.00,0.00,0.00,0.00,0.00,8,0.00,0.00,0.00,0.00,2,22,0.00,5,0.00,0.00,1,9,3,44,0.00,0.00,,,,,,,5,54,0.3,27.7,17,0.00,38.2353,0,104,1195.19,"Suburban",1,131.078,14,"Mt. Rose Wildern",3.08824,1.91176,33.3529,20.6471,10.5,6.5,17.1088,10.5912,0.185294,0.114706,1240.70,2015.00,156,1225.10,3396.10,0.515721,0.00,4280.32,6.30182,-0.362952,-0.289102,-0.161339,0.829866,0.123872,38.4003,0.00,0.00,2.10582,12.8827,1240.70,287.8,1.45696,1240.70,104,10.0822,6.0258,0.00,0.00,10.0757,0.00,24.5981,21.0981,5.48843
1812,"Internal",20,59,0.00,171774.00,57.6271,15.2542,27.1186,4,8,2,2,1,1,2,0.00,0.00,0.00,,1,,9,0.00,0.00,8,0.00,0.00,0.00,0.00,0.00,0.00,0.00,0.00,0.00,0.00,0.00,0.00,0.00,0.00,8,0.00,0.00,2,10,0.00,0.00,0.00,,,,,,,13,4,3.2,14.8,2,0.00,0.00,0,37,57.8059,"Rural",,18.2657,14,"Mt. Rose Wildern",13,0.00,4,0.00,2,0.00,14.8,0.00,3.2,0.00,227.2,130,55.5,182.1,367.6,0.606743,0.00,181.473,6.41769,-0.362952,-0.289001,-0.170333,1.62739,0.134944,2.69888,0.00,0.00,0.269888,4.99294,227.2,48.3,0.103284,227.2,37,10.3329,6.09805,0.00,0.00,10.2534,0.00,22.1459,18.6459,0.667629
1813,"Internal",0.00,0.00,0.00,89930.00,,,,0.00,0.00,0.00,0.00,0.00,0.00,0.00,0.00,0.00,0.00,,0.00,,0.00,0.00,0.00,0.00,0.00,0.00,0.00,0.00,0.00,0.00,0.00,0.00,0.00,0.00,0.00,0.00,0.00,0.00,0.00,0.00,0.00,0.00,0.00,0.00,0.00,0.00,,,,,,,0.00,0.00,0.00,0.00,0.00,0.00,0.00,0,0,0.00,"Rural",,0.00,14,"Mt. Rose Wildern",0.00,0.00,0.00,0.00,0.00,0.00,0.00,0.00,0.00,0.00,0.00,0.00,0.00,0.00,0.00,,0.00,0.00,0.00,-0.362952,-0.294607,-0.170731,,0.00,0.00,0.00,0.00,0.00,0.00,0.00,0.00,0.00,0.00,0.00,9.5632,5.3,0.00,0.00,9.7518,0.00,30.6303,27.1303,
1814,"Internal",121,332,0.00,171774.00,50.6024,18.3735,31.0241,11,62,12,24,8,3,1,0.00,0.00,0.00,,4,,1,0.00,0.00,1,0.00,0.00,0.00,0.00,0.00,0.00,7,0.00,0.00,0.00,0.00,3,0.00,3,3,0.00,0.00,0.00,1,0.00,0.00,0.00,,,,,,,8.5,3.5,1.2,5.8,0.00,0.00,64.8649,0,19,206.962,"Rural",,10.8677,14,"Mt. Rose Wildern",2.98649,5.51351,1.22973,2.27027,0.00,0.00,2.03784,3.76216,0.421622,0.778378,305.1,786.5,28.5,285.7,1100.70,0.421382,3.43189,629.58,4.86185,-0.341582,-0.29036,-0.169349,0.00328788,0.113169,13.6935,0.00,0.00,0.00,2.15022,305.1,74.9,0.514094,305.1,19,10.0583,5.75014,0.00,0.00,10.0859,0.00,24.8465,21.3465,2.01874
1815,"Internal",1,3,0.00,171774.00,66.6667,0.00,33.3333,0.00,0.00,1,0.00,0.00,0.00,0.00,0.00,0.00,0.00,,0.00,,0.00,0.00,0.00,0.00,0.00,0.00,0.00,0.00,0.00,0.00,0.00,0.00,0.00,0.00,0.00,0.00,0.00,0.00,0.00,0.00,0.00,0.00,0.00,0.00,0.00,0.00,,,,,,,0.00,0.00,0.00,0.00,0.00,0.00,14.5963,0,0,0.0951598,"Rural",,0.00,14,"Mt. Rose Wildern",0.00,0.00,0.00,0.00,0.00,0.00,0.00,0.00,0.00,0.00,1.9,6.5,0.00,1.9,8.4,0.350057,0.00,0.266447,0.00,-0.362952,-0.294607,-0.17073,-0.621652,0.105152,0.105152,0.00,0.00,0.00,0.00,1.9,0.5,0.00394772,1.9,0.00,9.91826,5.63656,0.00,0.00,9.98597,0.00,26.3556,22.8556,0.0249639
1816,"Internal",549,1299.00,0.00,140813.00,57.1978,17.398,25.4042,125,260,53,71,29,5,6,0.00,0.00,0.00,,20,,0.00,0.00,0.00,25,0.00,0.00,0.00,3,0.00,0.00,1,0.00,0.00,0.00,3,1,0.00,0.00,0.00,0.00,1,9,1,0.00,0.00,0.00,,,,,,,16.5,12.5,0.3,5.7,9,0.00,34.2105,0,44,88.9423,"Rural",,2.86054,14,"Mt. Rose Wildern",10.8553,5.64474,8.22368,4.27632,5.92105,3.07895,3.75,1.95,0.197368,0.102632,1332.00,3568.50,66,1298.50,4933.00,0.407234,0.00,320.705,1.0727,-0.362952,-0.29367,-0.170027,-0.120673,0.111254,61.0785,0.00,0.00,1.00129,4.89518,1332.00,333.1,2.30034,1332.00,44,9.69702,5.46221,0.00,0.00,9.83642,0.00,28.9393,25.4393,9.40391
1817,"Internal",235,526,0.00,171774.00,44.8669,13.6882,41.4449,72,101,32,9,9,9,3,0.00,0.00,0.00,,6,,11,0.00,0.00,13,0.00,0.00,0.00,0.00,0.00,0.00,0.00,0.00,0.00,0.00,1,2,0.00,3,0.00,0.00,5,21,0.00,0.00,0.00,0.00,,,,,,,17.5,9.5,1.5,6.5,21,0.00,40.625,0,56,84.9687,"Rural",,7.75051,14,"Mt. Rose Wildern",10.3906,7.10938,5.64062,3.85938,12.4688,8.53125,3.85938,2.64062,0.890625,0.609375,965,1527.50,84,905.7,2517.20,0.50119,0.415206,348.386,2.42204,-0.360366,-0.292491,-0.169966,0.702554,0.121971,28.6633,0.00,0.00,2.5614,6.83039,965,226.7,1.09471,965,56,9.96009,5.66506,0.00,0.00,10.0218,0.00,25.8951,22.3951,3.00269
1818,"Internal",8,20,0.00,87614.00,45,25,30,2,3,1,1,1,0.00,0.00,0.00,0.00,0.00,,1,,0.00,0.00,0.00,0.00,0.00,0.00,0.00,0.00,0.00,0.00,0.00,0.00,0.00,0.00,0.00,0.00,0.00,0.00,0.00,0.00,0.00,0.00,0.00,0.00,0.00,0.00,,,,,,,0.00,0.00,0.00,0.00,0.00,0.00,77.2727,0,0,1.44737,"Rural",,0.00,14,"Mt. Rose Wildern",0.00,0.00,0.00,0.00,0.00,0.00,0.00,0.00,0.00,0.00,15.2,52,0.00,15.2,67.2,0.350057,0.00,4.86317,0.00,-0.362952,-0.294607,-0.17072,-0.621652,0.105152,0.841218,0.00,0.00,0.00,0.00,15.2,4,0.0315818,15.2,0.00,10.6313,6.48772,0.00,0.00,10.4257,0.00,19.5592,16.0592,0.112338
1901,"Internal",219,595,0.00,121786.00,50.5882,16.1345,33.2773,27,97,39,32,18,3,3,0.00,0.00,0.00,,16,,5,0.00,0.00,23,0.00,0.00,0.00,0.00,17,28,11,6,0.00,6,3,0.00,0.00,14,0.00,0.00,18,98,16,18,0.00,0.00,,,,,,,33.5,43.5,5.4,37.6,143,0.00,61.1111,0,263,2024.76,"Suburban",1,528.316,11,"Palomina-NorthVa",13.0278,20.4722,16.9167,26.5833,55.6111,87.3889,14.6222,22.9778,2.1,3.3,3562.00,1423.50,394.5,3280.60,5098.60,0.50206,14.0616,10242.09,67.295,-0.275392,-0.235824,-0.148258,0.710169,0.124105,27.179,0.00,0.00,17.747,32.6396,3562.00,785.9,1.14928,3562.00,263,11.2788,7.92216,0.66716,0.00,10.7009,0.00,14.9877,11.4877,5.30255
1902,"Internal",829,2202.00,0.00,89890.00,53.8147,23.842,22.3433,220,248,140,109,58,38,16,706,0.00,0.00,,72,,0.00,0.00,0.00,18,0.00,0.00,0.00,1,0.00,0.00,2,0.00,0.00,0.00,1,2,0.00,1,75,162,0.00,0.00,10,0.00,0.00,0.00,,,,,,,12,10,62.4,187.6,0.00,706,32.2581,0,272,3770.89,"Suburban",1,390.131,11,"Palomina-NorthVa",8.12903,3.87097,6.77419,3.22581,0.00,0.00,127.084,60.5161,42.271,20.129,4100.10,5388.50,1467.00,2659.10,9514.60,0.577379,4.30291,13646.83,17.2116,-0.336158,-0.279572,-0.140788,1.37011,0.132493,109.836,93.5399,0.00,0.00,36.038,4100.10,725.5,4.60373,4100.10,272,11.0208,7.33161,1.64659,0.00,10.5532,0.00,16.6549,13.1549,16.3312
1903,"Internal",622,1675.00,0.00,98236.00,59.5821,24.2985,16.1194,78,289,99,84,52,14,6,476,0.00,0.00,,47,,0.00,0.00,0.00,8,0.00,0.00,0.00,0.00,13,46,18,0.00,0.00,7,0.00,0.00,0.00,2,48,26,30,153,13,0.00,0.00,0.00,,,,,,,22,6,33.4,90.6,212,476,21.6667,0,364,2567.05,"Suburban",1,415.934,11,"Palomina-NorthVa",17.2333,4.76667,4.7,1.3,166.067,45.9333,70.97,19.63,26.1633,7.23667,6638.60,4043.00,1260.00,5394.20,10697.20,0.588999,7.99872,12223.42,25.1388,-0.313145,-0.272648,-0.143911,1.47192,0.134321,83.5476,63.9368,0.00,28.476,48.8928,6638.60,1343.00,3.67164,6638.60,364,11.226,7.70909,1.0939,0.00,10.6728,0.00,15.314,11.814,14.6936
1904,"Internal",302,884,0.00,147969.00,54.638,32.0136,13.3484,31,124,49,55,25,13,5,0.00,0.00,0.00,,27,,0.00,0.00,0.00,7,0.00,0.00,0.00,0.00,0.00,0.00,0.00,0.00,0.00,0.00,0.00,2,0.00,0.00,0.00,0.00,0.00,1,5,0.00,0.00,0.00,,,,,,,3.5,3.5,0.00,7,1,0.00,52.2222,0,15,3675.25,"Suburban",1,60.7445,11,"Palomina-NorthVa",1.67222,1.82778,1.67222,1.82778,0.477778,0.522222,3.34444,3.65556,0.00,0.00,652.7,1963.00,22.5,639.3,2624.80,0.3813,12.1489,10629.47,14.1737,-0.287302,-0.282226,-0.147408,-0.347904,0.110162,33.2689,0.00,0.00,0.110162,1.65243,652.7,167,1.24981,652.7,15,10.7937,6.89559,1.37477,0.00,10.4431,0.00,18.288,14.788,6.09705
1905,"Internal",9,25,0.00,147969.00,60,28,12,1,4,1,2,1,0.00,0.00,0.00,0.00,0.00,,1,,0.00,0.00,0.00,0.00,0.00,0.00,0.00,0.00,0.00,0.00,0.00,0.00,0.00,0.00,0.00,0.00,0.00,0.00,0.00,0.00,0.00,0.00,0.00,0.00,0.00,0.00,,,,,,,0.00,0.00,0.00,0.00,0.00,0.00,50.4274,0,0,8.97422,"Rural",,0.00,11,"Palomina-NorthVa",0.00,0.00,0.00,0.00,0.00,0.00,0.00,0.00,0.00,0.00,17.1,58.5,0.00,17.1,75.6,0.350057,0.00,27.138,0.00,-0.362952,-0.294607,-0.170671,-0.621652,0.105153,0.946379,0.00,0.00,0.00,0.00,17.1,4.5,0.0355299,17.1,0.00,10.5642,6.48779,0.00,0.00,10.3237,0.00,20.1121,16.6121,0.187229
1906,"Internal",223,489,0.00,121786.00,58.4867,20.0409,21.4724,50,116,35,13,6,1,2,470,0.00,0.00,,18,,0.00,0.00,0.00,6,0.00,0.00,0.00,1,0.00,0.00,0.00,0.00,0.00,0.00,0.00,9,0.00,0.00,119,0.00,0.00,0.00,0.00,0.00,0.00,0.00,,,,,,,4,3,47.6,80.4,0.00,470,41.629,0,135,1408.45,"Suburban",1,271.256,11,"Palomina-NorthVa",2.33484,1.66516,1.75113,1.24887,0.00,0.00,46.9303,33.4697,27.7846,19.8154,1866.50,1449.50,907.5,966.8,3323.80,0.650667,6.0279,6678.51,8.0372,-0.325417,-0.287586,-0.156077,2.01224,0.141843,31.631,66.6662,0.00,0.00,19.1488,1866.50,268.6,1.52972,1866.50,135,11.0658,7.37277,0.708468,0.00,10.5964,0.00,16.3508,12.8508,4.33484
1907,"Internal",133,357,0.00,133036.00,63.3053,17.9272,18.7675,20,61,18,20,7,3,4,0.00,0.00,0.00,,15,,0.00,0.00,0.00,6,0.00,0.00,0.00,0.00,0.00,0.00,0.00,0.00,0.00,0.00,0.00,6,0.00,0.00,0.00,2,0.00,0.00,0.00,0.00,0.00,0.00,,,,,,,3,3,0.4,7.6,0.00,0.00,64.2857,0,14,1133.50,"Suburban",1,41.8728,11,"Palomina-NorthVa",1.07143,1.92857,1.07143,1.92857,0.00,0.00,2.71429,4.88571,0.142857,0.257143,315.5,864.5,21,302.3,1187.80,0.405199,0.00,3552.61,8.97274,-0.362952,-0.286769,-0.162936,-0.138508,0.111196,14.789,0.00,0.00,0.00,1.55674,315.5,79.1,0.555225,315.5,14,10.8804,7.04726,0.0568363,0.00,10.4955,0.00,17.6454,14.1454,2.88586
1908,"Internal",147,355,0.00,133036.00,43.9437,21.9718,34.0845,33,74,11,16,3,8,2,0.00,0.00,0.00,,9,,0.00,0.00,0.00,21,0.00,0.00,0.00,3,0.00,0.00,0.00,0.00,0.00,0.00,0.00,0.00,0.00,3,0.00,0.00,0.00,0.00,0.00,0.00,0.00,0.00,,,,,,,13.5,13.5,0.00,0.00,0.00,0.00,37.037,0,27,1173.98,"Suburban",1,79.7634,11,"Palomina-NorthVa",8.5,5,8.5,5,0.00,0.00,0.00,0.00,0.00,0.00,360.3,955.5,40.5,354.9,1350.90,0.429801,0.00,3990.83,39.8817,-0.362952,-0.25977,-0.161974,0.0770488,0.11393,16.7477,0.00,0.00,0.00,3.0761,360.3,87,0.628758,360.3,27,10.9656,7.14558,0.445906,0.00,10.5452,0.00,17.0369,13.5369,2.09611
1909,"Internal",429,1337.00,0.00,139107.00,61.107,27.0007,11.8923,22,155,103,76,52,15,6,868,0.00,0.00,,31,,0.00,1,0.00,9,0.00,0.00,10,0.00,0.00,3,0.00,127,0.00,0.00,5,0.00,0.00,3,112,0.00,10,53,0.00,0.00,0.00,0.00,,,,,,,142.5,7.5,47.8,79.2,56,868,63.1579,0,333,6342.33,"Suburban",1,1135.57,11,"Palomina-NorthVa",52.5,90,2.76316,4.73684,20.6316,35.3684,29.1789,50.0211,17.6105,30.1895,4325.50,2788.50,1801.50,2543.50,7133.50,0.656286,0.00,24326.14,485.943,-0.362952,0.129872,-0.117355,2.06147,0.142963,61.3313,124.092,0.00,8.00595,47.6068,4325.50,671.5,2.99767,4325.50,333,11.0616,7.7824,1.23792,0.00,10.5613,0.00,16.3789,12.8789,11.5488
1910,"Internal",557,1671.00,0.00,139107.00,60.5027,26.6308,12.8665,60,188,113,112,65,10,9,0.00,0.00,0.00,,50,,0.00,0.00,0.00,17,0.00,0.00,0.00,0.00,0.00,0.00,1,0.00,0.00,0.00,0.00,0.00,0.00,8,0.00,0.00,1,3,0.00,0.00,0.00,0.00,,,,,,,9.5,16.5,0.3,0.7,3,0.00,41.7722,0,30,4617.20,"Suburban",1,80.6214,11,"Palomina-NorthVa",5.53165,3.96835,9.60759,6.89241,1.74684,1.25316,0.407595,0.292405,0.174684,0.125316,1198.00,3620.50,45,1195.90,4861.40,0.384755,8.06214,13064.43,25.5301,-0.31275,-0.272306,-0.142065,-0.317635,0.110254,61.4117,0.00,0.00,0.330763,3.30763,1198.00,305,2.30798,1198.00,30,10.7661,7.57729,1.48667,0.00,10.3721,0.00,18.4974,14.9974,12.742
1911,"Internal",441,1233.00,0.00,133114.00,55.7178,22.06,22.2222,48,186,86,73,31,11,6,0.00,0.00,0.00,,36,,0.00,0.00,0.00,24,0.00,0.00,0.00,0.00,0.00,0.00,0.00,0.00,6,0.00,0.00,2,0.00,46,0.00,0.00,0.00,0.00,5,0.00,0.00,0.00,,,,,,,12,58,0.00,13,0.00,0.00,43.5897,0,83,1272.13,"Suburban",1,77.4484,11,"Palomina-NorthVa",6.76923,5.23077,32.7179,25.2821,0.00,0.00,7.33333,5.66667,0.00,0.00,1120.70,2866.50,124.5,1147.00,4138.00,0.442393,0.00,3861.22,11.1974,-0.362952,-0.284826,-0.162259,0.18738,0.115333,50.8619,0.00,0.00,0.00,9.57265,1120.70,271.1,1.90951,1120.70,83,10.959,7.18594,0.463022,0.00,10.5392,0.00,17.0833,13.5833,9.00604
1912,"Internal",26,93,0.00,167617.00,27.957,26.8817,45.1613,1,7,7,4,2,4,1,0.00,0.00,0.00,,1,,0.00,0.00,0.00,0.00,0.00,0.00,0.00,0.00,0.00,0.00,11,0.00,0.00,0.00,0.00,0.00,0.00,0.00,0.00,0.00,0.00,0.00,0.00,0.00,0.00,0.00,,,,,,,11,0.00,0.00,0.00,0.00,0.00,66.6667,0,11,134.502,"Rural",,13.4171,11,"Palomina-NorthVa",3.66667,7.33333,0.00,0.00,0.00,0.00,0.00,0.00,0.00,0.00,82.4,169,16.5,65.9,251.4,0.475079,0.00,306.642,13.4171,-0.362952,-0.282887,-0.170058,0.473767,0.118873,3.0907,0.00,0.00,0.00,1.30761,82.4,18.5,0.116034,82.4,11,10.5025,6.49786,0.00,0.00,10.283,0.00,20.6342,17.1342,0.361723
1913,"Internal",225,693,0.00,147969.00,57.4315,27.2727,15.2958,20,66,54,56,22,4,3,0.00,0.00,0.00,,22,,0.00,0.00,0.00,123,80,29,143,207,0.00,20,0.00,575,1,2,1,20,0.00,68,0.00,0.00,1,6,6,0.00,0.00,0.00,,,,,,,1095.50,129.5,0.3,30.7,26,0.00,57.9251,0,1282,4096.28,"Suburban",1,1940.74,11,"Palomina-NorthVa",460.931,634.569,54.487,75.013,10.9395,15.0605,12.917,17.783,0.126225,0.173775,4762.30,1462.50,1923.00,3176.00,6561.50,0.630137,6.05534,9933.03,1658.41,-0.325246,1.15404,-0.148936,1.83236,0.139311,31.345,0.00,0.00,3.62209,178.597,4762.30,868.8,1.20309,4762.30,1282.00,10.9165,7.32214,1.07815,0.00,10.4945,0.00,17.3845,13.8845,9.88682
1914,"Internal",100,256,0.00,167617.00,54.6875,21.875,23.4375,11,56,9,16,6,2,0.00,0.00,0.00,0.00,,9,,0.00,0.00,0.00,0.00,0.00,0.00,0.00,0.00,0.00,0.00,0.00,0.00,0.00,0.00,0.00,0.00,0.00,0.00,0.00,0.00,0.00,0.00,0.00,0.00,0.00,0.00,,,,,,,0.00,0.00,0.00,0.00,0.00,0.00,45.0082,0,0,409.762,"Suburban",1,0.00,11,"Palomina-NorthVa",0.00,0.00,0.00,0.00,0.00,0.00,0.00,0.00,0.00,0.00,190,650,0.00,190,840,0.350057,0.00,1344.53,0.00,-0.362952,-0.294607,-0.167781,-0.621652,0.105217,10.5217,0.00,0.00,0.00,0.00,190,50,0.395016,190,0.00,10.9071,7.14115,0.436271,0.00,10.5069,0.00,17.4521,13.9521,1.74747
1915,"Internal",57,154,0.00,167617.00,56.4935,16.8831,26.6234,7,21,17,7,4,1,0.00,0.00,0.00,0.00,,5,,0.00,0.00,0.00,0.00,117,0.00,0.00,0.00,0.00,0.00,0.00,0.00,0.00,0.00,0.00,0.00,0.00,0.00,0.00,0.00,0.00,0.00,0.00,0.00,0.00,0.00,,,,,,,117,0.00,0.00,0.00,0.00,0.00,50,0,117,207.011,"Rural",,71.7202,11,"Palomina-NorthVa",58.5,58.5,0.00,0.00,0.00,0.00,0.00,0.00,0.00,0.00,459.3,370.5,175.5,283.8,829.8,0.638942,0.00,508.662,71.7202,-0.362952,-0.231958,-0.169615,1.90951,0.139166,7.93244,0.00,0.00,0.00,16.2824,459.3,87,0.297808,459.3,117,10.6484,6.63213,0.00,0.00,10.3752,0.00,19.4214,15.9214,1.50115
1916,"Internal",4,11,0.00,136369.00,54.5455,27.2727,18.1818,0.00,2,1,1,0.00,0.00,0.00,0.00,0.00,0.00,,0.00,,0.00,30,0.00,0.00,0.00,22,41,504,0.00,166,0.00,25,0.00,0.00,31,0.00,0.00,0.00,0.00,0.00,0.00,0.00,0.00,0.00,0.00,0.00,,,,,,,622,0.00,0.00,31,166,0.00,45.0082,0,819,1223.75,"Suburban",1,772.79,11,"Palomina-NorthVa",342.049,279.951,0.00,0.00,91.2864,74.7136,17.0475,13.9525,0.00,0.00,5151.40,26,1228.50,3922.90,5177.40,0.369568,0.00,4885.28,586.905,-0.362952,0.218064,-0.160012,-0.4507,0.107435,0.429739,0.00,0.00,17.8342,87.9891,5151.40,1030.80,0.145663,5151.40,819,10.783,7.00011,0.00,0.00,10.4357,0.00,18.3687,14.8687,3.31935
1917,"Internal",445,1193.00,0.00,167617.00,57.7536,21.8776,20.3688,43,238,55,56,39,8,6,0.00,0.00,0.00,,30,,0.00,18,0.00,0.00,0.00,0.00,0.00,0.00,0.00,0.00,0.00,0.00,0.00,0.00,5,1,0.00,0.00,0.00,0.00,0.00,0.00,1,0.00,0.00,0.00,,,,,,,18,0.00,0.00,7,0.00,0.00,25,0,25,1321.12,"Suburban",1,26.8029,11,"Palomina-NorthVa",13.5,4.5,0.00,0.00,0.00,0.00,5.25,1.75,0.00,0.00,938.7,2892.50,37.5,901.2,3831.20,0.37457,0.00,4107.49,19.2981,-0.362952,-0.27775,-0.161718,-0.406874,0.107927,48.0274,0.00,0.00,0.00,2.69817,938.7,239.9,1.80309,938.7,25,10.8531,7.11175,0.00,0.00,10.4731,0.00,17.8447,14.3447,8.73071
1918,"Internal",14,34,0.00,167617.00,55.8824,20.5882,23.5294,2,8,1,2,1,0.00,0.00,0.00,0.00,0.00,,1,,0.00,0.00,0.00,1,0.00,0.00,0.00,0.00,0.00,0.00,0.00,0.00,0.00,0.00,0.00,0.00,0.00,0.00,0.00,0.00,0.00,0.00,0.00,0.00,0.00,0.00,,,,,,,0.5,0.5,0.00,0.00,0.00,0.00,60.7143,0,1,28.9469,"Rural",,0.813798,11,"Palomina-NorthVa",0.196429,0.303571,0.196429,0.303571,0.00,0.00,0.00,0.00,0.00,0.00,29.6,91,1.5,29.4,121.9,0.384398,0.00,99.2019,0.406899,-0.362952,-0.294251,-0.170513,-0.320763,0.108776,1.52286,0.00,0.00,0.00,0.108776,29.6,7.5,0.0571729,29.6,1,10.6104,6.65798,0.00,0.00,10.3468,0.00,19.7301,16.2301,0.238796
1919,"Internal",382,1146.00,0.00,136369.00,50.8726,24.6946,24.4328,23,168,61,70,42,12,6,0.00,0.00,0.00,,30,,0.00,0.00,0.00,65,0.00,0.00,0.00,0.00,0.00,0.00,1,0.00,1,0.00,0.00,0.00,0.00,24,1,0.00,0.00,0.00,0.00,0.00,0.00,0.00,,,,,,,33.5,56.5,0.4,1.6,0.00,0.00,55.3306,0,92,435.97,"Rural",,31.0816,11,"Palomina-NorthVa",14.9642,18.5358,25.2382,31.2618,0.00,0.00,0.71471,0.88529,0.178677,0.221323,1007.00,2483.00,138,1015.90,3636.90,0.454422,0.00,1228.70,11.3178,-0.362952,-0.284721,-0.168035,0.292775,0.116555,44.5241,0.00,0.00,0.00,10.7231,1007.00,238.4,1.67157,1007.00,92,10.6912,6.803,0.00,0.00,10.3895,0.00,19.0798,15.5798,7.49825
1920,"Internal",0.00,0.00,0.00,89930.00,,,,0.00,0.00,0.00,0.00,0.00,0.00,0.00,0.00,0.00,0.00,,0.00,,0.00,0.00,0.00,0.00,0.00,0.00,0.00,0.00,0.00,0.00,0.00,0.00,0.00,0.00,0.00,0.00,0.00,0.00,0.00,0.00,0.00,0.00,0.00,0.00,0.00,0.00,,,,,,,0.00,0.00,0.00,0.00,0.00,0.00,45.0082,0,0,0.00,"Rural",,0.00,11,"Palomina-NorthVa",0.00,0.00,0.00,0.00,0.00,0.00,0.00,0.00,0.00,0.00,0.00,0.00,0.00,0.00,0.00,,0.00,0.00,0.00,-0.362952,-0.294607,-0.170731,,0.00,0.00,0.00,0.00,0.00,0.00,0.00,0.00,0.00,0.00,0.00,10.1031,5.84017,0.00,0.00,10.0531,0.00,24.3838,20.8838,
1921,"Internal",49,137,0.00,167617.00,46.7153,21.8978,31.3869,5,24,7,6,4,2,1,0.00,0.00,0.00,,2,,0.00,0.00,0.00,0.00,0.00,0.00,0.00,0.00,0.00,0.00,0.00,0.00,0.00,0.00,0.00,1,0.00,0.00,0.00,0.00,0.00,0.00,0.00,0.00,0.00,0.00,,,,,,,0.00,0.00,0.00,1,0.00,0.00,45.0082,0,1,45.2722,"Rural",,0.32671,11,"Palomina-NorthVa",0.00,0.00,0.00,0.00,0.00,0.00,0.549918,0.450082,0.00,0.00,98.7,318.5,1.5,97.2,417.2,0.362892,0.00,136.303,0.00,-0.362952,-0.294607,-0.170432,-0.50919,0.106499,5.21844,0.00,0.00,0.00,0.106499,98.7,25.7,0.195916,98.7,1,10.4649,6.3903,0.00,0.00,10.2677,0.00,20.9596,17.4596,0.800995
1922,"Internal",149,433,0.00,166420.00,53.1178,18.2448,28.6374,17,56,32,24,11,6,3,0.00,0.00,0.00,,10,,1,0.00,0.00,5,0.00,0.00,0.00,0.00,0.00,0.00,0.00,0.00,0.00,0.00,1,14,0.00,2,0.00,0.00,0.00,0.00,0.00,0.00,0.00,0.00,,,,,,,3.5,4.5,0.00,15,0.00,0.00,50,0,23,44.813,"Rural",,2.19712,11,"Palomina-NorthVa",1.75,1.75,2.25,2.25,0.00,0.00,7.5,7.5,0.00,0.00,391.1,968.5,34.5,368.3,1371.30,0.428424,0.00,130.996,0.334345,-0.362952,-0.294315,-0.170443,0.06499,0.113577,16.923,0.00,0.00,0.00,2.61228,391.1,96.5,0.63534,391.1,23,10.057,5.75592,0.00,0.00,10.0373,0.00,24.8603,21.3603,2.90633
1923,"Internal",12,38,0.00,136369.00,55.2632,23.6842,21.0526,1,4,2,3,1,1,0.00,0.00,0.00,0.00,,1,,0.00,0.00,0.00,0.00,0.00,0.00,0.00,0.00,0.00,0.00,0.00,0.00,0.00,0.00,0.00,0.00,0.00,0.00,0.00,0.00,0.00,0.00,0.00,0.00,0.00,0.00,,,,,,,0.00,0.00,0.00,0.00,0.00,0.00,45.0082,0,0,55.3497,"Rural",,0.00,11,"Palomina-NorthVa",0.00,0.00,0.00,0.00,0.00,0.00,0.00,0.00,0.00,0.00,22.8,78,0.00,22.8,100.8,0.350057,0.00,146.822,0.00,-0.362952,-0.294607,-0.170409,-0.621652,0.105159,1.26191,0.00,0.00,0.00,0.00,22.8,6,0.0473758,22.8,0.00,10.49,6.44228,0.00,0.00,10.2803,0.00,20.742,17.242,0.262121
1924,"Internal",6,17,0.00,78462.00,58.8235,35.2941,5.88235,1,2,1,1,1,0.00,0.00,0.00,0.00,0.00,,6,,0.00,0.00,0.00,0.00,0.00,0.00,0.00,0.00,0.00,0.00,0.00,0.00,0.00,0.00,0.00,0.00,0.00,0.00,0.00,0.00,0.00,0.00,0.00,0.00,0.00,0.00,,,,,,,0.00,0.00,0.00,0.00,0.00,0.00,45.0082,0,0,0.411421,"Rural",,0.00,11,"Palomina-NorthVa",0.00,0.00,0.00,0.00,0.00,0.00,0.00,0.00,0.00,0.00,11.4,39,0.00,11.4,50.4,0.350057,0.00,1.21974,0.00,-0.362952,-0.294607,-0.170728,-0.621652,0.105152,0.630912,0.00,0.00,0.00,0.00,11.4,3,0.0236863,11.4,0.00,10.0159,5.674,0.00,0.00,10.0119,0.00,25.2933,21.7933,0.12482
1925,"Internal",0.00,0.00,0.00,89930.00,,,,0.00,0.00,0.00,0.00,0.00,0.00,0.00,0.00,0.00,0.00,,0.00,,0.00,0.00,0.00,0.00,0.00,0.00,0.00,0.00,0.00,0.00,0.00,0.00,0.00,0.00,0.00,0.00,0.00,0.00,0.00,0.00,0.00,0.00,0.00,0.00,0.00,0.00,,,,,,,0.00,0.00,0.00,0.00,0.00,0.00,45.0082,0,0,0.00,"Rural",,0.00,11,"Palomina-NorthVa",0.00,0.00,0.00,0.00,0.00,0.00,0.00,0.00,0.00,0.00,0.00,0.00,0.00,0.00,0.00,,0.00,0.00,0.00,-0.362952,-0.294607,-0.170731,,0.00,0.00,0.00,0.00,0.00,0.00,0.00,0.00,0.00,0.00,0.00,9.52237,5.09507,0.00,0.00,9.70857,0.00,31.1668,27.6668,
1926,"Internal",329,794,0.00,78462.00,53.2746,15.7431,30.9824,85,141,40,28,17,16,2,0.00,0.00,0.00,,13,,13,5,0.00,49,0.00,0.00,0.00,0.00,0.00,0.00,0.00,0.00,60,0.00,7,5,0.00,52,0.00,17,5,26,21,0.00,0.00,0.00,,,,,,,42.5,76.5,4.9,110.1,26,0.00,45.122,0,260,26.401,"Rural",,5.7096,11,"Palomina-NorthVa",23.3232,19.1768,41.9817,34.5183,14.2683,11.7317,60.4207,49.6793,2.68902,2.21098,2112.30,2138.50,390,1921.20,4449.70,0.574931,0.00,97.7154,0.9333,-0.362952,-0.293792,-0.170516,1.34866,0.130894,43.0642,0.00,0.00,3.40325,34.0325,2112.30,468.6,1.64148,2112.30,260,10.0116,5.75964,0.00,0.00,10.0014,0.00,25.3398,21.8398,5.29396
1927,"Internal",73,186,0.00,78462.00,66.6667,12.3656,20.9677,19,25,15,5,4,3,2,0.00,0.00,0.00,,6,,0.00,0.00,0.00,0.00,0.00,0.00,0.00,0.00,0.00,0.00,0.00,0.00,0.00,0.00,2,1,0.00,0.00,0.00,0.00,0.00,0.00,0.00,0.00,0.00,0.00,,,,,,,0.00,0.00,0.00,3,0.00,0.00,50,0,3,21.0762,"Rural",,0.331543,11,"Palomina-NorthVa",0.00,0.00,0.00,0.00,0.00,0.00,1.5,1.5,0.00,0.00,155.5,474.5,4.5,151,630,0.375229,0.00,69.624,0.00,-0.362952,-0.294607,-0.170578,-0.401095,0.107798,7.86923,0.00,0.00,0.00,0.323393,155.5,40.1,0.295434,155.5,3,9.9992,5.71335,0.00,0.00,9.99659,0.00,25.4722,21.9722,1.54405
1928,"Internal",35,86,0.00,78462.00,60.4651,18.6047,20.9302,3,22,3,5,2,0.00,0.00,0.00,0.00,0.00,,2,,14,0.00,0.00,0.00,0.00,0.00,0.00,0.00,0.00,0.00,0.00,0.00,0.00,0.00,0.00,0.00,0.00,0.00,0.00,0.00,0.00,0.00,0.00,0.00,0.00,0.00,,,,,,,14,0.00,0.00,0.00,0.00,0.00,31.8182,0,14,22.0822,"Rural",,2.86299,11,"Palomina-NorthVa",9.54545,4.45455,0.00,0.00,0.00,0.00,0.00,0.00,0.00,0.00,108.5,227.5,21,87.5,336,0.469835,0.00,68.7118,2.86299,-0.362952,-0.292106,-0.17058,0.427824,0.118256,4.13895,0.00,0.00,0.00,1.65558,108.5,24.5,0.155389,108.5,14,9.56894,5.17829,0.00,0.00,9.73217,0.00,30.5557,27.0557,0.647353
1929,"Internal",94,261,0.00,78462.00,50.5747,20.6897,28.7356,24,27,15,14,6,4,4,0.00,0.00,0.00,,4,,0.00,0.00,0.00,0.00,0.00,0.00,0.00,1,0.00,0.00,0.00,0.00,0.00,0.00,0.00,1,0.00,0.00,0.00,0.00,0.00,1,0.00,0.00,0.00,0.00,,,,,,,1,0.00,0.00,1,1,0.00,42.8571,0,3,11.6512,"Rural",,0.131548,11,"Palomina-NorthVa",0.571429,0.428571,0.00,0.00,0.571429,0.428571,0.571429,0.428571,0.00,0.00,205.9,611,4.5,201.4,816.9,0.379758,0.00,35.8206,0.0438494,-0.362952,-0.294569,-0.170652,-0.361413,0.108278,10.1781,0.00,0.00,0.108278,0.324833,205.9,52.8,0.382902,205.9,3,9.27525,4.83788,0.00,0.00,9.54628,0.00,34.6331,31.1331,1.63565
1930,"Internal",0.00,0.00,0.00,89930.00,,,,0.00,0.00,0.00,0.00,0.00,0.00,0.00,0.00,0.00,0.00,,0.00,,0.00,0.00,0.00,0.00,0.00,0.00,0.00,0.00,0.00,0.00,0.00,0.00,0.00,0.00,0.00,0.00,0.00,0.00,0.00,0.00,0.00,0.00,0.00,0.00,0.00,0.00,,,,,,,0.00,0.00,0.00,0.00,0.00,0.00,45.0082,0,0,0.00,"Rural",,0.00,11,"Palomina-NorthVa",0.00,0.00,0.00,0.00,0.00,0.00,0.00,0.00,0.00,0.00,0.00,0.00,0.00,0.00,0.00,,0.00,0.00,0.00,-0.362952,-0.294607,-0.170731,,0.00,0.00,0.00,0.00,0.00,0.00,0.00,0.00,0.00,0.00,0.00,11.3692,7.391,0.00,0.00,10.853,0.0128362,14.447,10.947,
1931,"Internal",1,2,0.00,94118.00,0.00,50,50,0.00,1,0.00,0.00,0.00,0.00,0.00,0.00,0.00,0.00,,0.00,,0.00,0.00,0.00,0.00,0.00,0.00,0.00,0.00,0.00,0.00,0.00,0.00,0.00,0.00,0.00,0.00,0.00,0.00,0.00,0.00,0.00,0.00,0.00,0.00,0.00,0.00,,,,,,,0.00,0.00,0.00,0.00,0.00,0.00,45.0082,0,0,0.49859,"Rural",,0.00,11,"Palomina-NorthVa",0.00,0.00,0.00,0.00,0.00,0.00,0.00,0.00,0.00,0.00,1.9,6.5,0.00,1.9,8.4,0.350057,0.00,2.09408,0.00,-0.362952,-0.294607,-0.170726,-0.621652,0.105152,0.105152,0.00,0.00,0.00,0.00,1.9,0.5,0.00394772,1.9,0.00,11.1622,7.08348,0.00,0.00,10.7312,0.00,15.7181,12.2181,0.00
1932,"Internal",4,8,0.00,69940.00,50,0.00,50,0.00,4,0.00,0.00,0.00,0.00,0.00,0.00,0.00,0.00,,0.00,,0.00,0.00,0.00,0.00,0.00,0.00,0.00,0.00,0.00,0.00,0.00,0.00,0.00,0.00,0.00,0.00,0.00,0.00,0.00,0.00,0.00,0.00,0.00,0.00,0.00,0.00,,,,,,,0.00,0.00,0.00,0.00,0.00,0.00,45.0082,0,0,1.25758,"Rural",,0.00,11,"Palomina-NorthVa",0.00,0.00,0.00,0.00,0.00,0.00,0.00,0.00,0.00,0.00,7.6,26,0.00,7.6,33.6,0.350057,0.00,5.28183,0.00,-0.362952,-0.294607,-0.170719,-0.621652,0.105152,0.420609,0.00,0.00,0.00,0.00,7.6,2,0.0157909,7.6,0.00,10.8454,6.67633,0.00,0.00,10.5717,0.00,17.9019,14.4019,0.0499278
2001,"Internal",21,32,0.00,94350.00,62.5,9.375,28.125,13,3,4,1,0.00,0.00,0.00,0.00,0.00,0.00,,1,,0.00,0.00,0.00,0.00,0.00,0.00,0.00,0.00,0.00,0.00,0.00,0.00,0.00,0.00,0.00,0.00,0.00,0.00,0.00,0.00,0.00,0.00,0.00,0.00,0.00,0.00,,,,,,,0.00,0.00,0.00,0.00,0.00,0.00,45.0082,0,0,10.2045,"Rural",,0.00,15,"Rural Reno - Spr",0.00,0.00,0.00,0.00,0.00,0.00,0.00,0.00,0.00,0.00,39.9,136.5,0.00,39.9,176.4,0.350057,0.00,56.2522,0.00,-0.362952,-0.294607,-0.170607,-0.621652,0.105155,2.20825,0.00,0.00,0.00,0.00,39.9,10.5,0.0829043,39.9,0.00,9.5995,5.14815,0.00,0.00,9.8143,0.00,30.1615,26.6615,0.249639
2002,"Internal",0.00,0.00,0.00,89930.00,,,,0.00,0.00,0.00,0.00,0.00,0.00,0.00,0.00,0.00,0.00,,0.00,,0.00,0.00,0.00,0.00,0.00,0.00,0.00,0.00,0.00,0.00,0.00,0.00,0.00,0.00,0.00,0.00,0.00,0.00,0.00,0.00,0.00,0.00,0.00,0.00,0.00,0.00,,,,,,,0.00,0.00,0.00,0.00,0.00,0.00,45.0082,0,0,0.00,"Rural",,0.00,15,"Rural Reno - Spr",0.00,0.00,0.00,0.00,0.00,0.00,0.00,0.00,0.00,0.00,0.00,0.00,0.00,0.00,0.00,,0.00,0.00,0.00,-0.362952,-0.294607,-0.170731,,0.00,0.00,0.00,0.00,0.00,0.00,0.00,0.00,0.00,0.00,0.00,9.62483,5.20661,0.00,0.00,9.83033,0.00,29.839,26.339,
2003,"Internal",6,14,0.00,115234.00,64.2857,21.4286,14.2857,1,3,1,1,0.00,0.00,0.00,0.00,0.00,0.00,,0.00,,0.00,0.00,0.00,0.00,0.00,0.00,0.00,0.00,0.00,0.00,0.00,0.00,0.00,0.00,0.00,0.00,0.00,0.00,0.00,0.00,0.00,0.00,0.00,0.00,0.00,0.00,,,,,,,0.00,0.00,0.00,0.00,0.00,0.00,58.3333,0,0,4.06194,"Rural",,0.00,15,"Rural Reno - Spr",0.00,0.00,0.00,0.00,0.00,0.00,0.00,0.00,0.00,0.00,11.4,39,0.00,11.4,50.4,0.350057,0.00,14.623,0.00,-0.362952,-0.294607,-0.170699,-0.621652,0.105153,0.630916,0.00,0.00,0.00,0.00,11.4,3,0.0236865,11.4,0.00,10.2449,6.13738,0.00,0.00,10.174,0.00,22.9763,19.4763,0.112338
2004,"Internal",150,375,0.00,98611.00,61.6,10.6667,27.7333,47,46,30,9,3,10,5,0.00,0.00,0.00,,9,,8,0.00,0.00,6,0.00,0.00,0.00,0.00,0.00,0.00,0.00,0.00,0.00,0.00,0.00,3,0.00,0.00,0.00,0.00,2,13,0.00,0.00,0.00,0.00,,,,,,,11,3,0.6,4.4,13,0.00,66.6667,0,32,24.9828,"Rural",,1.87998,15,"Rural Reno - Spr",3.66667,7.33333,1,2,4.33333,8.66667,1.46667,2.93333,0.2,0.4,598.1,975,48,557.9,1580.90,0.494175,0.00,92.877,0.646244,-0.362952,-0.294042,-0.170527,0.641082,0.121086,18.1629,0.00,0.00,1.57412,3.87476,598.1,141.3,0.693324,598.1,32,9.13804,4.64396,0.00,0.00,9.51326,0.00,36.7317,33.2317,2.70654
2005,"Internal",184,426,0.00,97853.00,54.9296,20.6573,24.4131,58,70,21,21,5,7,2,0.00,0.00,0.00,,11,,2,0.00,0.00,3,0.00,0.00,0.00,0.00,0.00,0.00,2,0.00,0.00,0.00,0.00,1,0.00,6,0.00,0.00,0.00,0.00,0.00,0.00,0.00,0.00,,,,,,,5.5,7.5,0.00,1,0.00,0.00,50,0,14,25.1361,"Rural",,0.785534,15,"Rural Reno - Spr",2.75,2.75,3.75,3.75,0.00,0.00,0.5,0.5,0.00,0.00,394.2,1196.00,21,392.7,1609.70,0.388272,0.00,90.3195,0.308603,-0.362952,-0.294337,-0.170533,-0.28682,0.109191,20.0911,0.00,0.00,0.00,1.52867,394.2,99.7,0.754279,394.2,14,8.89058,4.37194,0.00,0.00,9.35139,0.00,40.8656,37.3656,2.8653
2006,"Internal",0.00,0.00,0.00,89930.00,,,,0.00,0.00,0.00,0.00,0.00,0.00,0.00,0.00,0.00,0.00,,0.00,,0.00,0.00,0.00,0.00,0.00,0.00,0.00,0.00,0.00,0.00,0.00,0.00,0.00,0.00,0.00,0.00,0.00,0.00,0.00,0.00,0.00,0.00,0.00,0.00,0.00,0.00,,,,,,,0.00,0.00,0.00,0.00,0.00,0.00,45.0082,0,0,0.00,"Rural",,0.00,15,"Rural Reno - Spr",0.00,0.00,0.00,0.00,0.00,0.00,0.00,0.00,0.00,0.00,0.00,0.00,0.00,0.00,0.00,,0.00,0.00,0.00,-0.362952,-0.294607,-0.170731,,0.00,0.00,0.00,0.00,0.00,0.00,0.00,0.00,0.00,0.00,0.00,7.90163,3.36083,0.00,0.00,8.6831,0.00,63.1124,59.6124,
2007,"Internal",1,2,0.00,98611.00,100,0.00,0.00,0.00,1,0.00,0.00,0.00,0.00,0.00,0.00,0.00,0.00,,0.00,,0.00,0.00,0.00,0.00,0.00,0.00,0.00,0.00,0.00,0.00,0.00,0.00,0.00,0.00,0.00,0.00,0.00,0.00,0.00,0.00,0.00,0.00,0.00,0.00,0.00,0.00,,,,,,,0.00,0.00,0.00,0.00,0.00,0.00,0.00,0,0,0.0315151,"Rural",,0.00,15,"Rural Reno - Spr",0.00,0.00,0.00,0.00,0.00,0.00,0.00,0.00,0.00,0.00,1.9,6.5,0.00,1.9,8.4,0.350057,0.00,0.132363,0.00,-0.362952,-0.294607,-0.170731,-0.621652,0.105152,0.105152,0.00,0.00,0.00,0.00,1.9,0.5,0.00394772,1.9,0.00,8.47893,3.95429,0.00,0.00,9.02983,0.00,48.8822,45.3822,0.0249639
2009,"Internal",379,959,0.00,98611.00,59.2284,14.7028,26.0688,81,169,48,30,32,17,2,0.00,0.00,0.00,,18,,0.00,2,0.00,8,0.00,0.00,0.00,0.00,0.00,0.00,0.00,0.00,2,0.00,0.00,0.00,0.00,0.00,0.00,0.00,0.00,2,1,0.00,0.00,0.00,,,,,,,6,4,0.00,3,2,0.00,45.4545,0,15,37.4103,"Rural",,0.571119,15,"Rural Reno - Spr",3.27273,2.72727,2.18182,1.81818,1.09091,0.909091,1.63636,1.36364,0.00,0.00,804.3,2463.50,22.5,792.2,3278.20,0.376833,0.00,124.816,0.228448,-0.362952,-0.294407,-0.170457,-0.38704,0.107971,40.9209,0.00,0.00,0.215941,1.61956,804.3,206.3,1.53786,804.3,15,7.57237,3.04713,0.00,0.00,8.44594,0.00,73.2127,69.7127,6.84219
2010,"Internal",9,28,0.00,93185.00,92.8571,3.57143,3.57143,0.00,6,0.00,0.00,2,1,0.00,0.00,0.00,0.00,,0.00,,0.00,0.00,0.00,0.00,0.00,0.00,0.00,0.00,0.00,0.00,0.00,0.00,0.00,0.00,0.00,0.00,0.00,0.00,0.00,0.00,0.00,0.00,0.00,0.00,0.00,0.00,,,,,,,0.00,0.00,0.00,0.00,0.00,0.00,0.00,0,0,0.456022,"Rural",,0.00,15,"Rural Reno - Spr",0.00,0.00,0.00,0.00,0.00,0.00,0.00,0.00,0.00,0.00,17.1,58.5,0.00,17.1,75.6,0.350057,0.00,1.23126,0.00,-0.362952,-0.294607,-0.170728,-0.621652,0.105152,0.946368,0.00,0.00,0.00,0.00,17.1,4.5,0.0355295,17.1,0.00,7.63631,3.10424,0.00,0.00,8.47021,0.00,71.1197,67.6197,0.324531
2101,"Internal",1,2,39,78462.00,100,0.00,0.00,0.00,1,0.00,0.00,0.00,0.00,0.00,0.00,0.00,0.00,,0.00,,0.00,0.00,0.00,9,0.00,40,0.00,0.00,0.00,0.00,0.00,0.00,0.00,0.00,1,0.00,0.00,8,0.00,0.00,0.00,0.00,0.00,0.00,0.00,0.00,,,,,,,44.5,12.5,0.00,1,0.00,0.00,85.5422,0,58,11.4417,"Rural",,7.13051,13,"East Truckee Riv",6.43373,38.0663,1.80723,10.6928,0.00,0.00,0.144578,0.855422,0.00,0.00,178.5,6.5,87,124,217.5,0.514076,0.00,26.7394,5.47082,-0.362952,-0.289828,-0.170672,0.815453,0.123439,0.123439,0.00,0.00,0.00,7.15946,178.5,30.2,0.00463427,178.5,58,11.7278,7.92399,0.00,0.00,11.1438,0.00,12.5032,9.0032,0.471372
2102,"Internal",509,1542.00,0.00,66154.00,52.3346,17.38,30.2853,132,130,64,66,45,35,37,45,0.00,0.00,,5,,7,12,7,221,0.00,0.00,0.00,28,4,3,114,0.00,0.00,0.00,0.00,0.00,0.00,36,0.00,0.00,3,19,2,0.00,0.00,0.00,,,,,,,278.5,146.5,0.9,4.1,26,45,79.3043,0,456,161.119,"Rural",,32.5381,13,"East Truckee Riv",57.6374,220.863,30.3191,116.181,5.38087,20.6191,0.848522,3.25148,0.186261,0.713739,2823.80,3308.50,751.5,2453.20,6513.20,0.58679,0.00,464.752,19.8725,-0.362952,-0.277248,-0.169711,1.45256,0.132411,67.3974,5.95851,0.00,3.4427,60.3796,2823.80,579.6,2.58589,2823.80,456,11.7434,7.94291,0.00,0.00,11.1508,0.00,12.4255,8.92547,13.6664
2103,"Internal",0.00,0.00,0.00,89930.00,,,,0.00,0.00,0.00,0.00,0.00,0.00,0.00,0.00,0.00,0.00,,0.00,,0.00,0.00,0.00,0.00,0.00,0.00,0.00,0.00,0.00,0.00,205,745,0.00,0.00,0.00,0.00,0.00,0.00,0.00,0.00,0.00,0.00,0.00,0.00,0.00,0.00,,,,,,,950,0.00,0.00,0.00,0.00,0.00,26.9122,0,950,3131.77,"Suburban",1,1994.60,13,"East Truckee Riv",694.334,255.666,0.00,0.00,0.00,0.00,0.00,0.00,0.00,0.00,2850.00,0.00,1425.00,1425.00,2850.00,0.5,0.00,5983.80,1994.60,-0.362952,1.44771,-0.157601,0.692123,0.122095,0.00,0.00,0.00,0.00,115.991,2850.00,475,0.00,2850.00,950,11.6187,7.75697,0.00,0.00,11.0955,0.00,13.0623,9.56235,
2104,"Internal",0.00,0.00,0.00,89930.00,,,,0.00,0.00,0.00,0.00,0.00,0.00,0.00,0.00,0.00,0.00,,0.00,,0.00,0.00,0.00,165,0.00,0.00,0.00,0.00,0.00,0.00,0.00,0.00,0.00,0.00,3,0.00,0.00,0.00,0.00,0.00,2,9,1,0.00,0.00,0.00,,,,,,,82.5,82.5,0.6,5.4,9,0.00,45.0082,0,180,103.518,"Rural",,65.93,13,"East Truckee Riv",45.3682,37.1318,45.3682,37.1318,4.94926,4.05074,2.96956,2.43044,0.329951,0.270049,696.9,0.00,270,641.4,911.4,0.41697,0.00,333.826,30.2179,-0.362952,-0.268211,-0.169998,-0.0353715,0.112321,0.00,0.00,0.00,1.01089,20.2178,696.9,126.6,0.00734211,696.9,180,11.413,7.44359,0.00,0.00,10.9815,0.00,14.1929,10.6929,
2105,"Internal",2,7,0.00,132587.00,42.8571,42.8571,14.2857,0.00,1,0.00,0.00,1,0.00,0.00,0.00,0.00,0.00,,0.00,,0.00,0.00,0.00,0.00,0.00,0.00,0.00,0.00,0.00,0.00,0.00,0.00,0.00,0.00,0.00,0.00,0.00,0.00,0.00,0.00,2,14,0.00,0.00,0.00,0.00,,,,,,,0.00,0.00,0.6,1.4,14,0.00,14.2857,0,16,2.2244,"Rural",,1.10798,13,"East Truckee Riv",0.00,0.00,0.00,0.00,12,2,1.2,0.2,0.514286,0.0857143,276.8,13,24,252.8,289.8,0.230177,0.00,20.0682,0.00,-0.362952,-0.294607,-0.170687,-1.67202,0.0933408,0.186682,0.00,0.00,1.30677,1.49345,276.8,60.8,0.0164997,276.8,16,10.469,6.33583,0.00,0.00,10.2874,0.00,20.9239,17.4239,0.133076
2107,"Internal",3,6,0.00,78462.00,33.3333,50,16.6667,0.00,3,0.00,0.00,0.00,0.00,0.00,0.00,0.00,0.00,,0.00,,0.00,0.00,0.00,0.00,0.00,0.00,0.00,0.00,0.00,0.00,0.00,0.00,0.00,0.00,0.00,0.00,0.00,0.00,0.00,0.00,0.00,0.00,0.00,0.00,0.00,0.00,,,,,,,0.00,0.00,0.00,0.00,0.00,0.00,45.0082,0,0,2.05694,"Rural",,0.00,13,"East Truckee Riv",0.00,0.00,0.00,0.00,0.00,0.00,0.00,0.00,0.00,0.00,5.7,19.5,0.00,5.7,25.2,0.350057,0.00,8.63913,0.00,-0.362952,-0.294607,-0.170712,-0.621652,0.105152,0.315457,0.00,0.00,0.00,0.00,5.7,1.5,0.0118432,5.7,0.00,11.1919,7.10618,0.00,0.00,10.8572,0.00,15.5285,12.0285,0.0249639
2108,"Internal",0.00,0.00,0.00,89930.00,,,,0.00,0.00,0.00,0.00,0.00,0.00,0.00,0.00,0.00,0.00,,0.00,,0.00,0.00,0.00,0.00,0.00,0.00,0.00,0.00,0.00,0.00,0.00,0.00,0.00,0.00,0.00,0.00,0.00,0.00,0.00,0.00,0.00,0.00,0.00,0.00,0.00,0.00,,,,,,,0.00,0.00,0.00,0.00,0.00,0.00,45.0082,0,0,0.00,"Rural",,0.00,13,"East Truckee Riv",0.00,0.00,0.00,0.00,0.00,0.00,0.00,0.00,0.00,0.00,0.00,0.00,0.00,0.00,0.00,,0.00,0.00,0.00,-0.362952,-0.294607,-0.170731,,0.00,0.00,0.00,0.00,0.00,0.00,0.00,0.00,0.00,0.00,0.00,9.59906,5.19828,0.00,0.00,9.94385,0.00,30.1672,26.6672,
2109,"Internal",0.00,0.00,0.00,89930.00,,,,0.00,0.00,0.00,0.00,0.00,0.00,0.00,0.00,0.00,0.00,,0.00,,0.00,0.00,0.00,0.00,0.00,0.00,0.00,0.00,0.00,0.00,0.00,0.00,0.00,0.00,0.00,0.00,0.00,0.00,0.00,0.00,0.00,0.00,0.00,0.00,0.00,0.00,,,,,,,0.00,0.00,0.00,0.00,0.00,0.00,45.0082,0,0,0.00,"Rural",,0.00,13,"East Truckee Riv",0.00,0.00,0.00,0.00,0.00,0.00,0.00,0.00,0.00,0.00,0.00,0.00,0.00,0.00,0.00,,0.00,0.00,0.00,-0.362952,-0.294607,-0.170731,,0.00,0.00,0.00,0.00,0.00,0.00,0.00,0.00,0.00,0.00,0.00,10.9465,6.81099,0.00,0.00,10.7551,0.00,17.1715,13.6715,
2110,"Internal",4,15,0.00,74053.00,46.6667,33.3333,20,1,1,0.00,0.00,1,0.00,1,0.00,0.00,0.00,,0.00,,0.00,16,74,121,0.00,460,144,220,0.00,0.00,106,750,46,0.00,32,40,23,30,0.00,0.00,12,60,55,15,0.00,0.00,,,,,,,1830.50,128.5,3.6,181.4,60,0.00,72.0226,0,2204,27.2414,"Rural",,17.275,13,"East Truckee Riv",512.126,1318.37,35.9509,92.5491,16.7864,43.2136,50.751,130.649,1.00719,2.59281,8042.60,26,3306.00,5070.70,8402.70,0.481027,0.023514,65.8604,14.3475,-0.362805,-0.282074,-0.170586,0.525881,0.119552,0.478207,0.00,0.00,7.17311,263.492,8042.60,1449.50,0.0700516,8042.60,2204.00,10.9799,8.13652,0.00,0.00,10.6404,0.00,16.9371,13.4371,0.00
2111,"Internal",1,2,0.00,78462.00,100,0.00,0.00,0.00,1,0.00,0.00,0.00,0.00,0.00,0.00,0.00,0.00,,0.00,,0.00,0.00,0.00,0.00,0.00,0.00,0.00,0.00,0.00,0.00,0.00,0.00,0.00,0.00,0.00,0.00,0.00,0.00,0.00,0.00,0.00,0.00,0.00,0.00,0.00,0.00,,,,,,,0.00,0.00,0.00,0.00,0.00,0.00,45.0082,0,0,2.78104,"Rural",,0.00,13,"East Truckee Riv",0.00,0.00,0.00,0.00,0.00,0.00,0.00,0.00,0.00,0.00,1.9,6.5,0.00,1.9,8.4,0.350057,0.00,11.6804,0.00,-0.362952,-0.294607,-0.170705,-0.621652,0.105153,0.105153,0.00,0.00,0.00,0.00,1.9,0.5,0.00394774,1.9,0.00,10.5514,6.64325,0.00,0.00,10.5088,0.00,20.2193,16.7193,0.0249639
2112,"Internal",0.00,0.00,0.00,89930.00,,,,0.00,0.00,0.00,0.00,0.00,0.00,0.00,0.00,0.00,0.00,,0.00,,0.00,0.00,0.00,0.00,0.00,0.00,0.00,0.00,0.00,0.00,0.00,0.00,0.00,0.00,0.00,0.00,0.00,0.00,0.00,0.00,0.00,0.00,0.00,0.00,0.00,0.00,,,,,,,0.00,0.00,0.00,0.00,0.00,0.00,45.0082,0,0,0.00,"Rural",,0.00,13,"East Truckee Riv",0.00,0.00,0.00,0.00,0.00,0.00,0.00,0.00,0.00,0.00,0.00,0.00,0.00,0.00,0.00,,0.00,0.00,0.00,-0.362952,-0.294607,-0.170731,,0.00,0.00,0.00,0.00,0.00,0.00,0.00,0.00,0.00,0.00,0.00,10.3766,6.31634,0.00,0.00,10.4129,0.00,21.7455,18.2455,
2113,"Internal",0.00,0.00,0.00,89930.00,,,,0.00,0.00,0.00,0.00,0.00,0.00,0.00,0.00,0.00,0.00,,0.00,,0.00,0.00,0.00,0.00,0.00,0.00,0.00,0.00,0.00,0.00,0.00,0.00,0.00,0.00,0.00,0.00,0.00,0.00,0.00,0.00,0.00,0.00,0.00,0.00,0.00,0.00,,,,,,,0.00,0.00,0.00,0.00,0.00,0.00,45.0082,0,0,0.00,"Rural",,0.00,13,"East Truckee Riv",0.00,0.00,0.00,0.00,0.00,0.00,0.00,0.00,0.00,0.00,0.00,0.00,0.00,0.00,0.00,,0.00,0.00,0.00,-0.362952,-0.294607,-0.170731,,0.00,0.00,0.00,0.00,0.00,0.00,0.00,0.00,0.00,0.00,0.00,9.59908,5.18031,0.00,0.00,9.9299,0.00,30.1669,26.6669,
2114,"Internal",1,2,0.00,66154.00,100,0.00,0.00,0.00,1,0.00,0.00,0.00,0.00,0.00,0.00,0.00,0.00,,0.00,,15,74,0.00,428,0.00,221,14196.00,10,0.00,45,108,2110.00,110,0.00,0.00,27,0.00,37,0.00,107,11,56,32,0.00,0.00,91,,,,,,,16948.00,251,24.7,262.3,101,0.00,69.8355,0,17587,631.891,"Rural",,402.417,13,"East Truckee Riv",5112.29,11835.71,75.713,175.287,30.4662,70.5338,79.1216,183.178,7.45064,17.2494,55094.80,6.5,26380.50,29366.90,55753.90,0.498682,0.00,1275.73,387.796,-0.362952,0.0441395,-0.167932,0.680575,0.121681,0.121681,0.00,0.00,12.2898,2140.01,55094.80,9358.50,0.0938292,55094.80,17587.00,10.7438,7.44393,0.00,0.00,10.561,0.00,18.6687,15.1687,0.00
2115,"Internal",88,231,0.00,78462.00,48.9177,16.0173,35.0649,22,33,12,9,5,3,4,0.00,0.00,0.00,,3,,0.00,0.00,0.00,1,0.00,0.00,0.00,0.00,0.00,0.00,0.00,0.00,0.00,0.00,0.00,2,0.00,0.00,0.00,0.00,0.00,0.00,0.00,0.00,0.00,0.00,,,,,,,0.5,0.5,0.00,2,0.00,0.00,90,0,3,2.02841,"Rural",,0.0258165,13,"East Truckee Riv",0.05,0.45,0.05,0.45,0.00,0.00,0.2,1.8,0.00,0.00,181.4,572,4.5,178.2,754.7,0.369773,0.00,6.49457,0.00430275,-0.362952,-0.294603,-0.170717,-0.448898,0.107217,9.43509,0.00,0.00,0.00,0.321651,181.4,46.9,0.354222,181.4,3,8.10926,3.59798,0.00,0.00,8.84353,0.00,57.5341,54.0341,1.32421
2116,"Internal",70,187,0.00,78093.00,60.4278,12.2995,27.2727,8,36,13,3,7,0.00,3,0.00,0.00,0.00,,0.00,,0.00,0.00,0.00,0.00,0.00,0.00,0.00,0.00,0.00,0.00,0.00,0.00,0.00,0.00,0.00,0.00,0.00,0.00,0.00,0.00,0.00,0.00,0.00,0.00,0.00,0.00,,,,,,,0.00,0.00,0.00,0.00,0.00,0.00,45.0082,0,0,7.28721,"Rural",,0.00,13,"East Truckee Riv",0.00,0.00,0.00,0.00,0.00,0.00,0.00,0.00,0.00,0.00,133,455,0.00,133,588,0.350057,0.00,22.9138,0.00,-0.362952,-0.294607,-0.170681,-0.621652,0.105153,7.36071,0.00,0.00,0.00,0.00,133,35,0.276343,133,0.00,9.33492,5.04551,0.00,0.00,9.65222,0.00,33.7603,30.2603,1.41046
2117,"Internal",23,83,0.00,66154.00,55.4217,13.253,31.3253,4,4,4,4,1,4,2,0.00,0.00,0.00,,0.00,,0.00,0.00,0.00,0.00,0.00,0.00,0.00,0.00,0.00,0.00,0.00,0.00,0.00,0.00,1,0.00,0.00,0.00,0.00,0.00,0.00,0.00,0.00,0.00,0.00,0.00,,,,,,,0.00,0.00,0.00,1,0.00,0.00,0.00,0,1,11.9305,"Rural",,0.141073,13,"East Truckee Riv",0.00,0.00,0.00,0.00,0.00,0.00,1,0.00,0.00,0.00,49.3,149.5,1.5,47.8,198.8,0.376608,0.00,28.0452,0.00,-0.362952,-0.294607,-0.170669,-0.389012,0.107942,2.48267,0.00,0.00,0.00,0.107942,49.3,12.7,0.0932068,49.3,1,9.93204,5.65267,0.00,0.00,10.1024,0.00,26.203,22.703,0.580744
2118,"Internal",253,823,0.00,103951.00,55.5286,27.4605,17.0109,37,77,34,43,29,18,15,0.00,0.00,0.00,,6,,0.00,0.00,0.00,6,0.00,0.00,0.00,0.00,0.00,0.00,0.00,0.00,0.00,0.00,1,0.00,1,0.00,0.00,0.00,0.00,0.00,0.00,0.00,0.00,0.00,,,,,,,3,4,0.00,1,0.00,0.00,25,0,8,14.9235,"Rural",,0.142884,13,"East Truckee Riv",2.25,0.75,3,1,0.00,0.00,0.75,0.25,0.00,0.00,507.3,1644.50,12,505.7,2162.20,0.366805,0.0535814,38.6179,0.0535814,-0.362618,-0.29456,-0.170646,-0.474909,0.106911,27.0484,0.00,0.00,0.00,0.855284,507.3,131.2,1.01548,507.3,8,9.34014,5.61722,0.00,0.00,9.32441,0.00,33.6851,30.1851,5.66929
2119,"Internal",177,554,0.00,103951.00,56.6787,18.4116,24.9097,34,61,18,17,20,13,14,0.00,0.00,0.00,,1,,0.00,0.00,0.00,22,0.00,0.00,0.00,0.00,0.00,0.00,0.00,0.00,0.00,0.00,0.00,1,0.00,0.00,0.00,0.00,0.00,0.00,4,0.00,0.00,0.00,,,,,,,11,11,0.00,5,0.00,0.00,88.8889,0,27,155.739,"Rural",,7.05063,13,"East Truckee Riv",1.22222,9.77778,1.22222,9.77778,0.00,0.00,0.555556,4.44444,0.00,0.00,430.3,1150.50,40.5,418.4,1609.40,0.420752,0.00,420.27,2.87248,-0.362952,-0.292098,-0.169809,-0.00223047,0.112743,19.9554,0.00,0.00,0.00,3.04405,430.3,105.5,0.749187,430.3,27,8.9058,4.87585,0.00,0.00,9.11909,0.00,40.5975,37.0975,3.04257
2120,"Internal",182,416,14,51912.00,54.3269,19.9519,25.7212,74,47,27,17,6,8,3,104,0.00,0.00,,6,,0.00,14,0.00,0.00,0.00,0.00,0.00,0.00,0.00,17,0.00,2,0.00,0.00,2,1,0.00,0.00,39,18,1,5,1,0.00,0.00,0.00,,,,,,,16,0.00,19.5,42.5,22,104,60.5263,0,100,15.8956,"Rural",,2.77404,13,"East Truckee Riv",6.31579,9.68421,0.00,0.00,8.68421,13.3158,16.7763,25.7237,7.69737,11.8026,1308.40,1183.00,306,1002.40,2491.40,0.597567,0.0832213,69.1125,0.443847,-0.362433,-0.294219,-0.170579,1.54699,0.13377,24.3461,13.912,0.00,2.94293,13.377,1308.40,263.6,1.00681,1308.40,100,9.27524,5.04841,0.00,0.00,9.57498,0.00,34.6331,31.1331,1.20609
2121,"Internal",493,1477.00,0.00,78750.00,53.5545,21.8687,24.5768,99,167,65,61,36,30,35,0.00,0.00,0.00,,10,,3,0.00,0.00,19,0.00,0.00,0.00,0.00,10,213,23,0.00,0.00,13,16,10,0.00,6,0.00,26,22,114,122,0.00,0.00,128,,,,,,,35.5,15.5,11.8,197.2,337,0.00,24.8804,0,597,965.294,"Rural",,238.688,13,"East Truckee Riv",26.6675,8.83254,11.6435,3.85646,253.153,83.8469,148.136,49.0641,8.86411,2.93589,8562.00,3204.50,895.5,7706.80,11806.80,0.49451,3.59832,4720.51,14.1934,-0.340545,-0.282209,-0.160373,0.644025,0.121765,60.0304,0.00,0.00,41.035,72.694,8562.00,1904.50,2.55176,8562.00,597,9.97132,6.72328,0.00,0.00,9.74855,0.00,25.7729,22.2729,8.1231
2122,"Internal",716,2034.00,0.00,68012.00,57.8171,25.6146,16.5683,202,189,88,101,64,38,34,0.00,0.00,0.00,,6,,1,23,0.00,74,0.00,157,157,0.00,9,76,6,0.00,6,6,26,1,0.00,149,0.00,41,48,245,28,48,0.00,49,,,,,,,381,234,22.6,133.4,330,0.00,39.2925,0,1101,2856.59,"Suburban",1,835.864,13,"East Truckee Riv",231.295,149.705,142.055,91.9446,200.335,129.665,80.9837,52.4163,13.7199,8.88011,10250.00,4654.00,1651.50,9206.90,15512.40,0.54639,10.6286,11776.80,289.25,-0.296769,-0.0419423,-0.144891,1.09859,0.12922,92.5213,0.00,0.00,42.6425,142.271,10250.00,2205.70,3.78324,10250.00,1101.00,10.1455,7.13463,0.00,0.00,9.7176,0.00,23.9538,20.4538,3.86434
2123,"Internal",1652.00,4733.00,0.00,65962.00,59.3492,26.03,14.6207,431,476,242,182,127,97,97,1079.00,0.00,0.00,,17,,0.00,0.00,0.00,7,0.00,0.00,0.00,0.00,45,29,6,33,1,7,45,26,0.00,3,0.00,13,3,13,1,173,0.00,0.00,,,,,,,42.5,179.5,3.5,92.5,87,1079.00,49.8246,0,405,7605.22,"Suburban",1,573.696,13,"East Truckee Riv",21.3246,21.1754,90.0649,89.4351,43.6526,43.3474,46.4123,46.0877,1.75614,1.74386,7587.80,10738.00,2226.00,5828.50,18792.50,0.56328,11.3323,26620.18,60.2026,-0.292387,-0.242019,-0.112322,1.24657,0.132283,218.531,142.733,0.00,11.5086,53.5746,7587.80,1408.90,9.02056,7587.80,405,10.1881,7.39536,1.2628,0.00,9.67858,0.00,23.5297,20.0297,29.7808
2124,"Internal",1513.00,4763.00,0.00,80656.00,55.0913,27.6087,17.3,284,416,257,212,138,104,102,584,0.00,0.00,,21,,0.00,0.00,0.00,9,0.00,0.00,0.00,0.00,0.00,0.00,13,0.00,0.00,0.00,7,16,0.00,0.00,0.00,33,6,31,10,0.00,0.00,0.00,,,,,,,17.5,4.5,8.4,63.6,31,584,32.6923,0,125,4626.09,"Suburban",1,116.602,13,"East Truckee Riv",11.7788,5.72115,3.02885,1.47115,20.8654,10.1346,42.8077,20.7923,5.65385,2.74615,4799.60,9834.50,1063.50,3747.80,14645.80,0.478346,5.59691,13661.87,16.3243,-0.3281,-0.280347,-0.140755,0.502398,0.120569,182.42,70.4121,0.00,3.73763,15.0711,4799.60,981,7.23718,4799.60,125,10.1558,7.39213,1.29733,0.00,9.57501,0.00,23.8501,20.3501,31.9182
2125,"Internal",1,2,0.00,68012.00,50,50,0.00,0.00,1,0.00,0.00,0.00,0.00,0.00,0.00,0.00,0.00,,0.00,,0.00,0.00,0.00,0.00,0.00,0.00,0.00,0.00,0.00,44,0.00,0.00,0.00,0.00,0.00,0.00,0.00,0.00,0.00,0.00,23,118,15,0.00,0.00,0.00,,,,,,,0.00,0.00,6.9,31.1,162,0.00,26.4957,0,200,32.9457,"Rural",,20.8501,13,"East Truckee Riv",0.00,0.00,0.00,0.00,119.077,42.9231,22.8598,8.24017,5.07179,1.82821,3244.10,6.5,300,2944.10,3250.60,0.171168,0.00,338.876,0.00,-0.362952,-0.294607,-0.169987,-2.18904,0.0879878,0.0879878,0.00,0.00,14.254,17.5976,3244.10,710.3,0.10683,3244.10,200,10.0665,6.95012,0.00,0.00,9.74752,0.00,24.7617,21.2617,0.00
2126,"Internal",1997.00,6318.00,0.00,81534.00,54.6534,29.408,15.9386,374,546,317,294,197,143,126,783,0.00,0.00,,38,,6,1,0.00,114,84,77,35,12,128,149,1,0.00,0.00,26,38,44,0.00,198,0.00,182,58,299,92,9,0.00,0.00,,,,,,,273,264,53.8,386.2,576,783,58.1498,0,1553,3469.53,"Suburban",1,615.341,13,"East Truckee Riv",114.251,158.749,110.485,153.515,241.057,334.943,161.626,224.574,22.5154,31.2846,19815.00,12980.50,3504.00,16997.40,33481.90,0.581028,7.52832,13266.45,108.17,-0.316074,-0.200119,-0.141622,1.40208,0.133309,266.217,104.381,0.00,76.7858,207.028,19815.00,4156.60,11.0881,19815.00,1553.00,9.79632,6.57449,0.00,0.00,9.44099,0.00,27.748,24.248,12.8714
2127,"Internal",0.00,0.00,0.00,89930.00,,,,0.00,0.00,0.00,0.00,0.00,0.00,0.00,0.00,0.00,0.00,,0.00,,0.00,0.00,0.00,0.00,0.00,0.00,0.00,0.00,0.00,0.00,0.00,0.00,0.00,0.00,0.00,0.00,0.00,0.00,0.00,0.00,0.00,0.00,0.00,0.00,0.00,0.00,,,,,,,0.00,0.00,0.00,0.00,0.00,0.00,45.0082,0,0,0.00,"Rural",,0.00,13,"East Truckee Riv",0.00,0.00,0.00,0.00,0.00,0.00,0.00,0.00,0.00,0.00,0.00,0.00,0.00,0.00,0.00,,0.00,0.00,0.00,-0.362952,-0.294607,-0.170731,,0.00,0.00,0.00,0.00,0.00,0.00,0.00,0.00,0.00,0.00,0.00,8.85396,4.55508,0.00,0.00,9.27744,0.00,41.5182,38.0182,
2128,"Internal",659,2116.00,0.00,90492.00,56.1437,29.0643,14.7921,99,192,114,108,61,41,44,0.00,0.00,0.00,,7,,0.00,0.00,0.00,1,0.00,0.00,0.00,0.00,0.00,31,3,0.00,0.00,0.00,0.00,0.00,0.00,3,0.00,0.00,1,6,1,0.00,0.00,0.00,,,,,,,3.5,3.5,0.3,1.7,37,0.00,28.5714,0,46,1588.69,"Suburban",1,33.3968,13,"East Truckee Riv",2.5,1,2.5,1,26.4286,10.5714,1.21429,0.485714,0.214286,0.0857143,1976.20,4283.50,69,1916.30,6268.80,0.439528,9.43822,4551.25,2.54106,-0.304181,-0.292387,-0.160745,0.16228,0.116018,76.4561,0.00,0.00,4.29268,5.33684,1976.20,487.1,2.90157,1976.20,46,9.52278,6.09317,0.00,0.00,9.29819,0.00,31.1614,27.6614,14.515
2129,"Internal",285,921,0.00,103605.00,50.38,28.9902,20.6298,60,70,44,35,31,21,24,0.00,1230.00,0.00,,2,,0.00,0.00,0.00,4,0.00,0.00,0.00,0.00,0.00,0.00,0.00,0.00,0.00,0.00,0.00,0.00,0.00,26,0.00,0.00,1,4,4,0.00,0.00,0.00,,,,,,,2,28,0.3,4.7,4,1230.00,36.5854,0,39,18.2815,"Rural",,0.725873,13,"East Truckee Riv",1.26829,0.731707,17.7561,10.2439,2.53659,1.46341,2.98049,1.71951,0.190244,0.109756,2579.30,1852.50,1903.50,748.6,4504.60,0.624695,0.223346,83.8402,0.0372243,-0.361561,-0.294574,-0.170547,1.78468,0.137294,39.1288,168.871,0.00,0.549176,5.35446,2579.30,179.9,2.33982,2579.30,39,8.99888,5.13156,0.00,0.00,9.04579,0.00,38.9985,35.4985,5.37071
2130,"Internal",0.00,0.00,0.00,0.00,0.00,0.00,0.00,0.00,0.00,0.00,0.00,0.00,0.00,0.00,0.00,0.00,0.00,,0.00,,0.00,0.00,0.00,0.00,0.00,0.00,0.00,0.00,0.00,0.00,0.00,0.00,0.00,0.00,0.00,0.00,0.00,0.00,0.00,0.00,0.00,0.00,0.00,0.00,0.00,0.00,,,,,,,0.00,0.00,0.00,0.00,0.00,0.00,25,0,0,0.00,"Rural",,0.00,13,"East Truckee Riv",0.00,0.00,0.00,0.00,0.00,0.00,0.00,0.00,0.00,0.00,0.00,0.00,0.00,0.00,0.00,,0.00,0.00,0.00,-0.362952,-0.294607,-0.170731,,0.00,0.00,0.00,0.00,0.00,0.00,0.00,0.00,0.00,0.00,0.00,8.81591,4.67858,0.00,0.00,9.13427,0.00,42.2082,38.7082,0.00
2131,"Internal",961,2771.00,0.00,102191.00,51.2811,24.9729,23.7459,197,354,124,97,90,37,62,505,0.00,0.00,,9,,15,0.00,29,17,0.00,0.00,0.00,0.00,0.00,0.00,0.00,1,0.00,0.00,4,10,0.00,36,0.00,0.00,1,7,0.00,0.00,0.00,0.00,,,,,,,53.5,44.5,0.3,14.7,7,505,41.4894,0,120,1295.91,"Suburban",1,52.5474,13,"East Truckee Riv",31.3032,22.1968,26.0372,18.4628,4.09574,2.90426,8.60106,6.09894,0.175532,0.124468,3092.30,6246.50,937.5,2270.50,9454.50,0.495983,1.31369,4140.08,23.4274,-0.354771,-0.274143,-0.161647,0.656928,0.121661,116.917,61.439,0.00,0.85163,14.5994,3092.30,576.2,4.71095,3092.30,120,9.22042,5.50534,0.00,0.00,9.18902,0.00,35.456,31.956,16.0245
2132,"Internal",4,9,0.00,68012.00,55.5556,33.3333,11.1111,1,2,0.00,1,0.00,0.00,0.00,0.00,0.00,0.00,,0.00,,0.00,36,16,57,0.00,1031.00,277,22,280,542,66,482,0.00,22,1,12,41,84,0.00,71,35,182,15,0.00,0.00,66,,,,,,,1958.50,153.5,24.7,131.3,1004.00,0.00,60.0289,0,3272,137.203,"Rural",,87.2307,13,"East Truckee Riv",782.833,1175.67,61.3556,92.1444,401.31,602.69,52.482,78.818,9.87285,14.8271,25992.00,26,4908.00,21483.10,26417.10,0.304143,0.666494,704.274,52.2131,-0.358801,-0.248998,-0.169186,-1.02394,0.100573,0.402292,0.00,0.00,100.975,329.075,25992.00,5361.60,0.748486,25992.00,3272.00,9.71258,6.30616,0.00,0.00,9.51926,0.00,28.749,25.249,0.00
2133,"Internal",0.00,0.00,0.00,89930.00,,,,0.00,0.00,0.00,0.00,0.00,0.00,0.00,0.00,0.00,0.00,,0.00,,0.00,0.00,0.00,63,0.00,0.00,0.00,0.00,0.00,0.00,0.00,0.00,104,0.00,0.00,10,0.00,0.00,0.00,0.00,0.00,0.00,0.00,0.00,0.00,0.00,,,,,,,31.5,31.5,0.00,114,0.00,0.00,45.0082,0,177,848.44,"Rural",,540.365,13,"East Truckee Riv",17.3224,14.1776,17.3224,14.1776,0.00,0.00,62.6907,51.3093,0.00,0.00,827.4,0.00,265.5,643.8,909.3,0.413458,0.00,2776.01,96.1667,-0.362952,-0.210604,-0.16464,-0.0661442,0.11206,0.00,0.00,0.00,0.00,19.8346,827.4,168.3,0.00,827.4,177,11.6741,7.83013,0.00,0.00,11.0962,0.00,12.775,9.27503,
2134,"Internal",0.00,0.00,0.00,89930.00,,,,0.00,0.00,0.00,0.00,0.00,0.00,0.00,0.00,0.00,0.00,,0.00,,0.00,0.00,0.00,0.00,0.00,0.00,0.00,0.00,0.00,0.00,0.00,0.00,0.00,0.00,0.00,0.00,0.00,0.00,0.00,0.00,0.00,0.00,0.00,0.00,0.00,0.00,,,,,,,0.00,0.00,0.00,0.00,0.00,0.00,45.0082,0,0,0.00,"Rural",,0.00,13,"East Truckee Riv",0.00,0.00,0.00,0.00,0.00,0.00,0.00,0.00,0.00,0.00,0.00,0.00,0.00,0.00,0.00,,0.00,0.00,0.00,-0.362952,-0.294607,-0.170731,,0.00,0.00,0.00,0.00,0.00,0.00,0.00,0.00,0.00,0.00,0.00,11.5037,7.62301,0.00,0.218792,10.9822,0.00,13.6817,10.1817,
2135,"Internal",0.00,0.00,0.00,89930.00,,,,0.00,0.00,0.00,0.00,0.00,0.00,0.00,0.00,0.00,0.00,,0.00,,0.00,0.00,0.00,0.00,0.00,0.00,0.00,0.00,0.00,0.00,0.00,0.00,0.00,0.00,0.00,0.00,0.00,0.00,0.00,0.00,0.00,0.00,0.00,0.00,0.00,0.00,,,,,,,0.00,0.00,0.00,0.00,0.00,0.00,45.0082,0,0,0.00,"Rural",,0.00,13,"East Truckee Riv",0.00,0.00,0.00,0.00,0.00,0.00,0.00,0.00,0.00,0.00,0.00,0.00,0.00,0.00,0.00,,0.00,0.00,0.00,-0.362952,-0.294607,-0.170731,,0.00,0.00,0.00,0.00,0.00,0.00,0.00,0.00,0.00,0.00,0.00,11.1571,7.18119,0.00,0.00,10.7502,0.00,15.7506,12.2506,
3001,"External",,,,,,,,,,,,,,,,,,,,,,,,,,,,,,,,,,,,,,,,,,,,,,,32000,"Medium",4.7301,72.3818,1.45413,21.434,,,,,,,,,,,,,,,,,,,,,,,,,,0.00,0.00,0.00,0.00,,,,,,,,,,,,,,,,0.00,0.00,0.00,0.00,0.00,10.8941,6.79048,0.00,0.00,10.5611,,17.5459,14.0459,
3002,"External",,,,,,,,,,,,,,,,,,,,,,,,,,,,,,,,,,,,,,,,,,,,,,,4600,"Medium",3.80086,90.561,0.234904,5.4032,,,,,,,,,,,,,,,,,,,,,,,,,,0.00,0.00,0.00,0.00,,,,,,,,,,,,,,,,0.00,0.00,0.00,0.00,0.00,9.64139,5.18649,0.00,0.00,9.83403,,29.63,26.13,
3003,"External",,,,,,,,,,,,,,,,,,,,,,,,,,,,,,,,,,,,,,,,,,,,,,,6300,"Long",9.05849,78.395,1.33913,11.2074,,,,,,,,,,,,,,,,,,,,,,,,,,0.00,0.00,0.00,0.00,,,,,,,,,,,,,,,,0.00,0.00,0.00,0.00,0.00,8.24815,3.69672,0.00,0.00,8.91639,,54.1033,50.6033,
3004,"External",,,,,,,,,,,,,,,,,,,,,,,,,,,,,,,,,,,,,,,,,,,,,,,870,"Medium",2.47596,57.3197,1.62384,38.5805,,,,,,,,,,,,,,,,,,,,,,,,,,0.00,0.00,0.00,0.00,,,,,,,,,,,,,,,,0.00,0.00,0.00,0.00,0.00,9.04055,4.56665,0.00,0.00,9.39607,,38.3045,34.8045,
3005,"External",,,,,,,,,,,,,,,,,,,,,,,,,,,,,,,,,,,,,,,,,,,,,,,1250,"Medium",4.95787,80.0182,0.903018,14.1209,,,,,,,,,,,,,,,,,,,,,,,,,,0.00,0.00,0.00,0.00,,,,,,,,,,,,,,,,0.00,0.00,0.00,0.00,0.00,6.01342,1.57689,0.00,0.00,7.42005,,153.778,150.278,
3006,"External",,,,,,,,,,,,,,,,,,,,,,,,,,,,,,,,,,,,,,,,,,,,,,,9400,"Long",9.32794,45.5041,7.45448,37.7135,,,,,,,,,,,,,,,,,,,,,,,,,,0.00,0.00,0.00,0.00,,,,,,,,,,,,,,,,0.00,0.00,0.00,0.00,0.00,7.96133,3.56503,0.00,0.00,8.6392,,61.4504,57.9504,
3007,"External",,,,,,,,,,,,,,,,,,,,,,,,,,,,,,,,,,,,,,,,,,,,,,,11550,"Short",2.97718,87.1149,0.340115,9.56782,,,,,,,,,,,,,,,,,,,,,,,,,,0.00,0.00,0.00,0.00,,,,,,,,,,,,,,,,0.00,0.00,0.00,0.00,0.00,8.64684,4.60521,0.00,0.00,8.89404,,45.4254,41.9254,
3008,"External",,,,,,,,,,,,,,,,,,,,,,,,,,,,,,,,,,,,,,,,,,,,,,,4350,"Medium",8.61324,80.933,1.04582,9.40792,,,,,,,,,,,,,,,,,,,,,,,,,,0.00,0.00,0.00,0.00,,,,,,,,,,,,,,,,0.00,0.00,0.00,0.00,0.00,8.02791,3.67432,0.00,0.00,8.61842,,59.653,56.153,
3009,"External",,,,,,,,,,,,,,,,,,,,,,,,,,,,,,,,,,,,,,,,,,,,,,,5100,"Medium",2.56443,88.7232,0.251606,8.46072,,,,,,,,,,,,,,,,,,,,,,,,,,0.00,0.00,0.00,0.00,,,,,,,,,,,,,,,,0.00,0.00,0.00,0.00,0.00,9.07044,4.61804,0.00,0.00,9.60931,,37.8148,34.3148,
3010,"External",,,,,,,,,,,,,,,,,,,,,,,,,,,,,,,,,,,,,,,,,,,,,,,2450,"Medium",3.43303,85.4783,0.413671,10.675,,,,,,,,,,,,,,,,,,,,,,,,,,0.00,0.00,0.00,0.00,,,,,,,,,,,,,,,,0.00,0.00,0.00,0.00,0.00,9.03701,4.5659,0.00,0.00,9.43328,,38.363,34.863,
3011,"External",,,,,,,,,,,,,,,,,,,,,,,,,,,,,,,,,,,,,,,,,,,,,,,44000,"Long",3.36204,93.9391,0.096611,2.60223,,,,,,,,,,,,,,,,,,,,,,,,,,0.00,0.00,0.00,0.00,,,,,,,,,,,,,,,,0.00,0.00,0.00,0.00,0.00,9.97447,5.62582,0.00,0.00,10.0364,,25.7387,22.2387,
3012,"External",,,,,,,,,,,,,,,,,,,,,,,,,,,,,,,,,,,,,,,,,,,,,,,5350,"Medium",1.6805,97.292,0.016875,1.01059,,,,,,,,,,,,,,,,,,,,,,,,,,0.00,0.00,0.00,0.00,,,,,,,,,,,,,,,,0.00,0.00,0.00,0.00,0.00,9.18747,4.95828,0.00,0.00,9.46408,,35.9605,32.4605,
