"TAZ","Type","HH","HH_POP","GQPop","Median_Inc","Pct_Worker","Pct_Child","Pct_Senior","HHOF1","HHOF2","HHOF3","HHOF4","HHOF5","HHOF6","HHOF7","Elem","High","College","StudGQ_UNR","StudOff_UNR","BuildingS_UNR","NAICS11","NAICS21","NAICS22","NAICS23","NAICS31","NAICS32","NAICS33","NAICS42","NAICS44","NAICS45","NAICS48","NAICS49","NAICS51","NAICS52","NAICS53","NAICS54","NAICS55","NAICS56","NAICS61","NAICS62","NAICS71","NAICS72","NAICS81","NAICS92","NAICS99","HotelRms","AWDT","IEEI_Distance","PCT_AUTO_EE","PCT_AUTO_IEEI","PCT_TRK_EE","PCT_TRK_IEEI","Industry","Office","Service_RateHigh","Service_RateLow","Retail","K12","PctHighPay","Enplanements"
101,"Internal",0.00,0.00,0.00,89930.00,,,,0.00,0.00,0.00,0.00,0.00,0.00,0.00,0.00,0.00,0.00,,0.00,,0.00,0.00,0.00,0.00,0.00,0.00,0.00,0.00,2,1,0.00,0.00,0.00,0.00,1,0.00,0.00,0.00,0.00,0.00,155,800,0.00,0.00,0.00,0.00,,,,,,,0.00,0.00,46.5,109.5,803,0.00,21.7742,0
102,"Internal",0.00,0.00,0.00,89930.00,,,,0.00,0.00,0.00,0.00,0.00,0.00,0.00,0.00,0.00,0.00,,0.00,,0.00,0.00,0.00,0.00,0.00,0.00,0.00,0.00,0.00,0.00,0.00,0.00,0.00,0.00,0.00,0.00,0.00,0.00,0.00,0.00,778,4015.00,2,0.00,0.00,0.00,,,,,,,0.00,0.00,233.4,546.6,4015.00,0.00,37.931,0
103,"Internal",0.00,0.00,0.00,89930.00,,,,0.00,0.00,0.00,0.00,0.00,0.00,0.00,0.00,0.00,0.00,,0.00,,0.00,0.00,0.00,0.00,0.00,0.00,0.00,0.00,0.00,0.00,0.00,0.00,0.00,0.00,0.00,2,0.00,0.00,0.00,0.00,389,2012.00,0.00,0.00,0.00,0.00,,,,,,,0.00,0.00,116.7,274.3,2012.00,0.00,40.8367,0
104,"Internal",0.00,0.00,0.00,89930.00,,,,0.00,0.00,0.00,0.00,0.00,0.00,0.00,0.00,0.00,0.00,,0.00,,0.00,0.00,0.00,0.00,0.00,0.00,0.00,3,2,3,28,0.00,0.00,22,0.00,0.00,0.00,0.00,0.00,0.00,2,9,0.00,0.00,0.00,0.00,,,,,,,31,0.00,0.6,23.4,14,0.00,45.3125,0
105,"Internal",407,600,0.00,96406.00,68.8333,2.5,28.6667,263,114,15,11,4,0.00,0.00,0.00,0.00,0.00,,11,,0.00,0.00,0.00,0.00,0.00,0.00,0.00,0.00,0.00,0.00,0.00,0.00,2,1,13,7,0.00,0.00,0.00,1,1,8,21,0.00,0.00,234,,,,,,,0.00,0.00,0.5,45.5,8,0.00,64.9254,0
106,"Internal",0.00,0.00,0.00,89930.00,,,,0.00,0.00,0.00,0.00,0.00,0.00,0.00,0.00,0.00,0.00,,0.00,,0.00,0.00,0.00,0.00,0.00,0.00,0.00,0.00,0.00,0.00,0.00,0.00,0.00,0.00,0.00,0.00,0.00,0.00,0.00,0.00,1,6,0.00,0.00,0.00,921,,,,,,,0.00,0.00,0.3,0.7,6,0.00,0.00,0
107,"Internal",0.00,0.00,0.00,89930.00,,,,0.00,0.00,0.00,0.00,0.00,0.00,0.00,0.00,0.00,0.00,,0.00,,0.00,0.00,0.00,0.00,0.00,0.00,0.00,0.00,0.00,0.00,0.00,0.00,0.00,6,20,0.00,0.00,0.00,0.00,0.00,14,75,2,0.00,0.00,0.00,,,,,,,0.00,0.00,4.2,37.8,75,0.00,24.2424,0
108,"Internal",0.00,0.00,0.00,89930.00,,,,0.00,0.00,0.00,0.00,0.00,0.00,0.00,0.00,0.00,0.00,,0.00,,0.00,1,0.00,24,0.00,0.00,0.00,0.00,0.00,0.00,2,0.00,0.00,0.00,9,10,20,5,0.00,0.00,168,865,38,49,0.00,180,,,,,,,15,86,50.4,174.6,865,0.00,31.7191,0
109,"Internal",0.00,0.00,0.00,89930.00,,,,0.00,0.00,0.00,0.00,0.00,0.00,0.00,0.00,0.00,0.00,,0.00,,0.00,0.00,0.00,0.00,0.00,0.00,0.00,0.00,0.00,0.00,0.00,0.00,0.00,0.00,0.00,0.00,0.00,0.00,0.00,0.00,256,1321.00,2296.00,0.00,0.00,0.00,,,,,,,0.00,0.00,76.8,2475.20,1321.00,0.00,41.8546,0
110,"Internal",0.00,0.00,0.00,89930.00,,,,0.00,0.00,0.00,0.00,0.00,0.00,0.00,0.00,0.00,0.00,,0.00,,0.00,0.00,0.00,0.00,0.00,0.00,0.00,0.00,3,0.00,0.00,0.00,0.00,0.00,0.00,0.00,0.00,0.00,0.00,0.00,9,47,0.00,0.00,0.00,0.00,,,,,,,0.00,0.00,2.7,6.3,50,0.00,14.8148,0
111,"Internal",0.00,0.00,0.00,89930.00,,,,0.00,0.00,0.00,0.00,0.00,0.00,0.00,0.00,0.00,0.00,,0.00,,0.00,0.00,0.00,15,0.00,0.00,0.00,0.00,0.00,11,0.00,3,0.00,0.00,18,0.00,0.00,0.00,9,0.00,38,195,41,0.00,0.00,0.00,,,,,,,10.5,7.5,15,91,206,0.00,13.6364,0
112,"Internal",82,121,0.00,22146.00,65.2893,3.30579,31.405,56,17,5,4,0.00,0.00,0.00,0.00,0.00,0.00,,5,,3,0.00,0.00,42,0.00,0.00,0.00,0.00,15,1,0.00,0.00,47,2,24,62,5,9,0.00,0.00,181,934,29,0.00,0.00,0.00,,,,,,,24,35,54.3,290.7,950,0.00,24.1935,0
113,"Internal",64,97,0.00,96406.00,77.3196,4.12371,18.5567,39,20,3,1,1,0.00,0.00,0.00,0.00,0.00,,2,,0.00,0.00,0.00,0.00,0.00,0.00,0.00,0.00,2,0.00,0.00,0.00,0.00,0.00,15,0.00,0.00,2,0.00,0.00,11,62,0.00,0.00,0.00,0.00,,,,,,,0.00,2,3.3,22.7,64,0.00,14.876,0
114,"Internal",0.00,0.00,0.00,89930.00,,,,0.00,0.00,0.00,0.00,0.00,0.00,0.00,0.00,0.00,0.00,,0.00,,0.00,0.00,0.00,0.00,0.00,0.00,0.00,0.00,0.00,0.00,0.00,0.00,0.00,0.00,0.00,0.00,0.00,0.00,0.00,0.00,0.00,0.00,0.00,0.00,0.00,0.00,,,,,,,0.00,0.00,0.00,0.00,0.00,0.00,9.09091,0
115,"Internal",94,144,0.00,45625.00,81.9444,5.55556,12.5,56,31,2,5,0.00,0.00,0.00,0.00,0.00,0.00,,2,,0.00,0.00,0.00,0.00,0.00,0.00,0.00,0.00,0.00,0.00,0.00,0.00,0.00,0.00,3,8,0.00,0.00,0.00,0.00,88,453,0.00,0.00,0.00,0.00,,,,,,,0.00,0.00,26.4,72.6,453,0.00,72.2222,0
116,"Internal",12,19,0.00,40313.00,68.4211,10.5263,21.0526,7,3,2,0.00,0.00,0.00,0.00,0.00,0.00,0.00,,1,,0.00,0.00,0.00,0.00,0.00,0.00,0.00,0.00,0.00,6,0.00,0.00,0.00,0.00,2,0.00,0.00,0.00,0.00,0.00,3,20,5,0.00,0.00,91,,,,,,,0.00,0.00,0.9,9.1,26,0.00,50,0
117,"Internal",0.00,0.00,0.00,89930.00,,,,0.00,0.00,0.00,0.00,0.00,0.00,0.00,0.00,0.00,0.00,,0.00,,0.00,0.00,0.00,0.00,0.00,0.00,0.00,0.00,3,38,0.00,0.00,83,142,227,6,0.00,1,59,3,36,185,21,54,0.00,0.00,,,,,,,0.00,55,35,542,226,0.00,72.8916,0
118,"Internal",290,465,0.00,96406.00,63.2258,5.16129,31.6129,155,116,5,9,4,0.00,1,0.00,0.00,0.00,,6,,0.00,0.00,0.00,49,0.00,0.00,0.00,2,18,0.00,0.00,0.00,0.00,6,7,6,0.00,1,0.00,16,11,59,22,0.00,0.00,0.00,,,,,,,26.5,25.5,6.5,61.5,77,0.00,27.044,0
119,"Internal",160,282,0.00,47273.00,78.3688,2.83688,18.7943,77,58,14,9,1,1,0.00,0.00,0.00,0.00,,10,,0.00,0.00,0.00,0.00,0.00,0.00,0.00,0.00,0.00,0.00,0.00,0.00,0.00,0.00,5,0.00,0.00,0.00,0.00,0.00,0.00,0.00,0.00,0.00,0.00,1768.00,,,,,,,0.00,0.00,0.00,5,0.00,0.00,37.5,0
120,"Internal",0.00,0.00,0.00,89930.00,,,,0.00,0.00,0.00,0.00,0.00,0.00,0.00,0.00,0.00,0.00,,0.00,,0.00,0.00,0.00,0.00,0.00,0.00,0.00,0.00,0.00,0.00,0.00,0.00,0.00,0.00,6,3,2,0.00,0.00,0.00,16,85,1,0.00,0.00,0.00,,,,,,,0.00,2,4.8,21.2,85,0.00,10.7527,0
121,"Internal",0.00,0.00,0.00,89930.00,,,,0.00,0.00,0.00,0.00,0.00,0.00,0.00,0.00,0.00,0.00,,0.00,,0.00,0.00,0.00,0.00,0.00,0.00,0.00,0.00,2,3,0.00,0.00,6,0.00,1,0.00,0.00,0.00,0.00,0.00,0.00,3,0.00,16,0.00,0.00,,,,,,,0.00,16,0.00,7,8,0.00,40.9091,0
122,"Internal",0.00,0.00,0.00,89930.00,,,,0.00,0.00,0.00,0.00,0.00,0.00,0.00,0.00,0.00,0.00,,0.00,,0.00,0.00,0.00,0.00,0.00,0.00,0.00,0.00,6,0.00,0.00,0.00,0.00,0.00,5,0.00,0.00,0.00,0.00,1,6,30,30,3,0.00,0.00,,,,,,,0.00,3,2,40,36,0.00,45.0082,0
123,"Internal",0.00,0.00,0.00,89930.00,,,,0.00,0.00,0.00,0.00,0.00,0.00,0.00,0.00,0.00,0.00,,0.00,,0.00,0.00,0.00,0.00,0.00,0.00,0.00,0.00,0.00,0.00,0.00,0.00,0.00,0.00,0.00,0.00,0.00,0.00,0.00,9,204,1055.00,2,0.00,0.00,1572.00,,,,,,,0.00,0.00,63,152,1055.00,0.00,37.4332,0
124,"Internal",0.00,0.00,0.00,89930.00,,,,0.00,0.00,0.00,0.00,0.00,0.00,0.00,0.00,0.00,0.00,,0.00,,0.00,0.00,0.00,0.00,0.00,0.00,0.00,0.00,16,0.00,0.00,0.00,0.00,0.00,0.00,8,0.00,0.00,0.00,0.00,0.00,0.00,0.00,0.00,0.00,0.00,,,,,,,0.00,0.00,0.00,8,16,0.00,40,0
125,"Internal",215,278,0.00,40313.00,73.0216,1.79856,25.1799,172,31,8,2,1,0.00,1,0.00,0.00,0.00,,7,,0.00,0.00,0.00,0.00,0.00,0.00,0.00,0.00,0.00,0.00,0.00,0.00,0.00,0.00,8,0.00,0.00,0.00,0.00,39,0.00,0.00,1,0.00,0.00,28,,,,,,,0.00,0.00,7.8,40.2,0.00,0.00,19.6721,0
126,"Internal",24,39,0.00,14621.00,30.7692,10.2564,58.9744,13,8,2,1,0.00,0.00,0.00,0.00,0.00,0.00,,1,,0.00,0.00,0.00,0.00,0.00,0.00,0.00,0.00,0.00,30,0.00,0.00,0.00,0.00,11,0.00,0.00,0.00,0.00,0.00,30,155,0.00,0.00,0.00,214,,,,,,,0.00,0.00,9,32,185,0.00,45.0082,0
127,"Internal",17,19,0.00,45625.00,78.9474,10.5263,10.5263,15,2,0.00,0.00,0.00,0.00,0.00,0.00,0.00,0.00,,1,,0.00,0.00,0.00,1,0.00,0.00,0.00,0.00,0.00,0.00,0.00,0.00,0.00,0.00,0.00,0.00,0.00,0.00,0.00,0.00,0.00,0.00,2,0.00,0.00,79,,,,,,,0.5,0.5,0.00,2,0.00,0.00,45.0082,0
128,"Internal",0.00,0.00,0.00,89930.00,,,,0.00,0.00,0.00,0.00,0.00,0.00,0.00,0.00,0.00,0.00,,0.00,,0.00,0.00,0.00,0.00,0.00,0.00,0.00,0.00,0.00,0.00,0.00,0.00,0.00,0.00,0.00,0.00,0.00,0.00,0.00,0.00,85,440,0.00,0.00,0.00,0.00,,,,,,,0.00,0.00,25.5,59.5,440,0.00,29.085,0
129,"Internal",0.00,0.00,0.00,89930.00,,,,0.00,0.00,0.00,0.00,0.00,0.00,0.00,0.00,0.00,0.00,,0.00,,0.00,0.00,0.00,0.00,0.00,0.00,0.00,0.00,0.00,0.00,0.00,0.00,0.00,0.00,0.00,0.00,0.00,0.00,0.00,0.00,2,15,0.00,0.00,0.00,0.00,,,,,,,0.00,0.00,0.6,1.4,15,0.00,58.3333,0
130,"Internal",0.00,0.00,24,89930.00,,,,0.00,0.00,0.00,0.00,0.00,0.00,0.00,0.00,0.00,0.00,,0.00,,0.00,0.00,0.00,0.00,0.00,0.00,0.00,0.00,0.00,0.00,0.00,0.00,0.00,0.00,0.00,0.00,0.00,0.00,0.00,0.00,0.00,0.00,0.00,0.00,0.00,0.00,,,,,,,0.00,0.00,0.00,0.00,0.00,0.00,45.0082,0
131,"Internal",81,171,0.00,22146.00,81.8713,10.5263,7.60234,23,39,11,4,3,1,0.00,0.00,0.00,0.00,,2,,0.00,0.00,0.00,0.00,0.00,0.00,0.00,0.00,0.00,6,0.00,0.00,0.00,0.00,0.00,2,0.00,0.00,0.00,0.00,0.00,1,9,0.00,0.00,0.00,,,,,,,0.00,0.00,0.00,11,7,0.00,50,0
132,"Internal",82,168,4,52892.00,82.7381,2.97619,14.2857,38,28,3,8,1,0.00,4,215,0.00,0.00,,5,,0.00,0.00,0.00,0.00,0.00,0.00,0.00,0.00,0.00,0.00,0.00,0.00,0.00,0.00,3,6,0.00,0.00,29,5,0.00,0.00,0.00,0.00,0.00,0.00,,,,,,,0.00,0.00,12.6,30.4,0.00,215,51.5152,0
133,"Internal",1,2,0.00,47273.00,100,0.00,0.00,0.00,1,0.00,0.00,0.00,0.00,0.00,0.00,0.00,0.00,,0.00,,0.00,0.00,0.00,0.00,0.00,0.00,0.00,2,0.00,0.00,0.00,0.00,0.00,0.00,0.00,1,0.00,0.00,0.00,0.00,7,36,5,0.00,0.00,201,,,,,,,2,0.00,2.1,10.9,36,0.00,31.1111,0
134,"Internal",1,2,50,90071.00,100,0.00,0.00,0.00,1,0.00,0.00,0.00,0.00,0.00,0.00,0.00,0.00,,0.00,,0.00,0.00,0.00,0.00,0.00,0.00,0.00,0.00,0.00,0.00,0.00,0.00,0.00,0.00,0.00,0.00,0.00,0.00,0.00,0.00,63,329,0.00,0.00,0.00,0.00,,,,,,,0.00,0.00,18.9,44.1,329,0.00,37.6147,0
135,"Internal",35,38,0.00,22146.00,71.0526,15.7895,13.1579,32,3,0.00,0.00,0.00,0.00,0.00,0.00,0.00,0.00,,1,,0.00,0.00,0.00,0.00,0.00,0.00,0.00,0.00,0.00,0.00,0.00,0.00,0.00,40,39,3,0.00,3,0.00,0.00,16,84,6,0.00,0.00,0.00,,,,,,,0.00,3,4.8,99.2,84,0.00,45.5128,0
136,"Internal",10,34,6,40313.00,67.6471,26.4706,5.88235,0.00,3,0.00,7,0.00,0.00,0.00,0.00,0.00,0.00,,0.00,,0.00,0.00,0.00,41,17,1,0.00,2,0.00,0.00,0.00,0.00,0.00,0.00,5,0.00,0.00,0.00,0.00,0.00,13,64,26,88,0.00,0.00,,,,,,,40.5,108.5,3.9,40.1,64,0.00,64.3617,0
137,"Internal",0.00,0.00,0.00,89930.00,,,,0.00,0.00,0.00,0.00,0.00,0.00,0.00,0.00,0.00,0.00,,0.00,,0.00,0.00,0.00,0.00,0.00,0.00,0.00,0.00,0.00,11,0.00,0.00,0.00,0.00,0.00,0.00,0.00,0.00,0.00,0.00,0.00,0.00,8,0.00,0.00,0.00,,,,,,,0.00,0.00,0.00,8,11,0.00,36.3636,0
138,"Internal",271,334,0.00,14621.00,66.4671,3.59281,29.9401,227,37,2,1,1,3,0.00,0.00,0.00,0.00,,7,,0.00,0.00,0.00,0.00,0.00,0.00,0.00,0.00,0.00,0.00,0.00,0.00,0.00,0.00,7,7,0.00,24,0.00,0.00,7,37,0.00,0.00,0.00,0.00,,,,,,,0.00,24,2.1,18.9,37,0.00,32.4675,0
139,"Internal",0.00,0.00,0.00,89930.00,,,,0.00,0.00,0.00,0.00,0.00,0.00,0.00,0.00,0.00,0.00,,0.00,,0.00,18,0.00,3,0.00,0.00,0.00,7,0.00,0.00,1,0.00,26,124,24,180,6,30,6,8,7,36,6,41,0.00,0.00,,,,,,,27.5,78.5,6.1,374.9,36,0.00,54.4053,0
140,"Internal",204,410,0.00,28047.00,60.4878,24.6341,14.878,72,78,35,18,1,0.00,0.00,0.00,0.00,0.00,,9,,0.00,0.00,0.00,57,0.00,0.00,0.00,0.00,0.00,0.00,0.00,0.00,0.00,10,20,8,0.00,2,0.00,7,7,39,0.00,0.00,0.00,93,,,,,,,28.5,30.5,3.5,48.5,39,0.00,43.9024,0
141,"Internal",60,146,0.00,14621.00,80.137,18.4932,1.36986,27,11,7,6,4,3,2,0.00,0.00,0.00,,3,,0.00,0.00,0.00,0.00,0.00,0.00,0.00,0.00,0.00,1,0.00,0.00,0.00,0.00,1,3,0.00,0.00,0.00,1,9,49,0.00,0.00,0.00,0.00,,,,,,,0.00,0.00,2.9,11.1,50,0.00,44.6429,0
142,"Internal",1,2,0.00,47273.00,50,0.00,50,0.00,1,0.00,0.00,0.00,0.00,0.00,0.00,0.00,0.00,,0.00,,0.00,0.00,0.00,8,0.00,0.00,0.00,0.00,0.00,0.00,0.00,0.00,0.00,0.00,6,18,0.00,90,0.00,2035.00,10,56,24,0.00,0.00,29,,,,,,,4,94,410,1683.00,56,0.00,56.3014,0
143,"Internal",98,127,0.00,22146.00,61.4173,18.1102,20.4724,87,0.00,4,7,0.00,0.00,0.00,0.00,0.00,0.00,,3,,0.00,3,0.00,23,0.00,0.00,0.00,3,37,13,0.00,0.00,13,55,83,118,0.00,6,6,94,16,84,17,0.00,0.00,93,,,,,,,17.5,17.5,26,376,134,0.00,64.006,0
144,"Internal",8,10,0.00,45625.00,70,10,20,6,2,0.00,0.00,0.00,0.00,0.00,0.00,0.00,0.00,,1,,0.00,0.00,0.00,0.00,0.00,0.00,0.00,0.00,0.00,0.00,0.00,0.00,0.00,0.00,9,3,0.00,18,51,0.00,0.00,0.00,0.00,0.00,0.00,0.00,,,,,,,0.00,18,20.4,42.6,0.00,0.00,41.1765,0
145,"Internal",272,318,0.00,45625.00,71.0692,3.14465,25.7862,234,33,3,1,1,0.00,0.00,0.00,0.00,0.00,,15,,0.00,0.00,0.00,0.00,0.00,0.00,0.00,0.00,0.00,0.00,0.00,0.00,0.00,0.00,22,0.00,0.00,0.00,0.00,0.00,0.00,2,0.00,0.00,0.00,911,,,,,,,0.00,0.00,0.00,22,2,0.00,57.1429,0
146,"Internal",56,89,0.00,14621.00,77.5281,13.4831,8.98876,32,18,3,3,0.00,0.00,0.00,0.00,0.00,0.00,,2,,0.00,0.00,5,8,0.00,0.00,0.00,0.00,0.00,0.00,0.00,0.00,7,21,22,47,0.00,0.00,0.00,8,0.00,0.00,14,0.00,0.00,0.00,,,,,,,9,4,1.6,117.4,0.00,0.00,66.1157,0
147,"Internal",219,282,0.00,52892.00,79.078,6.02837,14.8936,182,21,6,10,0.00,0.00,0.00,0.00,0.00,0.00,,14,,0.00,0.00,0.00,5,36,0.00,0.00,5,8,10,0.00,0.00,11,9,29,29,0.00,0.00,0.00,55,5,22,79,0.00,2,0.00,,,,,,,43.5,4.5,12.5,204.5,40,0.00,45.283,0
148,"Internal",120,188,0.00,31865.00,81.9149,9.57447,8.51064,75,34,2,7,1,1,0.00,0.00,0.00,0.00,,5,,0.00,0.00,0.00,0.00,0.00,11,0.00,0.00,11,0.00,0.00,0.00,0.00,7,26,5,0.00,0.00,0.00,42,3,18,13,0.00,0.00,0.00,,,,,,,11,0.00,9.3,86.7,29,0.00,30.2326,0
149,"Internal",53,75,0.00,47273.00,86.6667,5.33333,8,36,14,1,2,0.00,0.00,0.00,0.00,0.00,0.00,,3,,0.00,0.00,0.00,0.00,0.00,0.00,0.00,0.00,0.00,0.00,0.00,0.00,0.00,0.00,2,0.00,0.00,0.00,0.00,234,1,5,0.00,0.00,0.00,0.00,,,,,,,0.00,0.00,47.1,189.9,5,0.00,85.9551,0
150,"Internal",0.00,0.00,0.00,89930.00,,,,0.00,0.00,0.00,0.00,0.00,0.00,0.00,0.00,0.00,0.00,,0.00,,0.00,0.00,0.00,16,0.00,2,64,0.00,5,0.00,0.00,0.00,0.00,0.00,0.00,7,0.00,0.00,0.00,155,0.00,0.00,9,0.00,0.00,0.00,,,,,,,74,8,31,140,5,0.00,36.5696,0
151,"Internal",188,302,115,31865.00,74.1722,5.29801,20.5298,128,29,20,5,1,4,1,0.00,0.00,0.00,,5,,0.00,0.00,0.00,0.00,0.00,0.00,0.00,0.00,2,0.00,0.00,0.00,0.00,0.00,10,7,0.00,5,0.00,0.00,0.00,2,9,0.00,0.00,0.00,,,,,,,0.00,5,0.00,26,4,0.00,35.2941,0
152,"Internal",369,559,0.00,28047.00,56.5295,5.36673,38.1038,244,90,15,14,3,2,1,0.00,0.00,0.00,,14,,0.00,0.00,0.00,0.00,0.00,0.00,0.00,0.00,0.00,0.00,0.00,0.00,0.00,0.00,5,0.00,0.00,0.00,0.00,44,0.00,0.00,3,0.00,0.00,0.00,,,,,,,0.00,0.00,8.8,43.2,0.00,0.00,51.2821,0
153,"Internal",65,122,0.00,56759.00,58.1967,5.73771,36.0656,34,15,7,5,4,0.00,0.00,0.00,0.00,0.00,,2,,2,0.00,0.00,11,0.00,0.00,0.00,7,0.00,0.00,0.00,0.00,3,8,51,153,0.00,14,0.00,104,8,42,25,0.00,0.00,0.00,,,,,,,14.5,19.5,23.2,328.8,42,0.00,59.25,0
154,"Internal",39,56,0.00,47273.00,89.2857,5.35714,5.35714,31,2,4,1,1,0.00,0.00,0.00,0.00,0.00,,2,,0.00,0.00,0.00,0.00,0.00,0.00,0.00,0.00,0.00,0.00,0.00,0.00,0.00,3,5,0.00,14,0.00,0.00,70,8,45,36,0.00,0.00,0.00,,,,,,,0.00,14,16.4,105.6,45,0.00,36.5591,0
155,"Internal",138,199,0.00,31865.00,56.2814,8.54271,35.1759,93,32,10,3,0.00,0.00,0.00,0.00,0.00,0.00,,3,,7,5,0.00,409,0.00,0.00,8,5,5,2,16,0.00,0.00,52,24,133,1,69,5,17,6,29,20,0.00,0.00,0.00,,,,,,,245.5,274.5,7.2,249.8,36,0.00,50.4587,0
156,"Internal",9,26,53,25437.00,76.9231,15.3846,7.69231,4,1,2,0.00,0.00,0.00,2,0.00,0.00,0.00,,0.00,,0.00,0.00,0.00,0.00,2,16,0.00,16,6,0.00,0.00,0.00,0.00,0.00,0.00,0.00,6,0.00,16,140,1,5,15,0.00,0.00,0.00,,,,,,,34,6,34.7,137.3,11,0.00,51.3966,0
157,"Internal",103,181,42,52892.00,73.4807,12.1547,14.3646,46,43,11,1,1,0.00,1,0.00,0.00,0.00,,7,,0.00,0.00,0.00,10,0.00,0.00,0.00,0.00,24,7,0.00,0.00,0.00,2,22,91,8,13,0.00,69,52,264,26,0.00,0.00,0.00,,,,,,,5,26,29.4,232.6,295,0.00,44.5783,0
158,"Internal",0.00,0.00,0.00,89930.00,,,,0.00,0.00,0.00,0.00,0.00,0.00,0.00,0.00,0.00,0.00,,0.00,,0.00,0.00,0.00,0.00,0.00,0.00,0.00,0.00,0.00,0.00,0.00,0.00,0.00,0.00,0.00,0.00,0.00,47,0.00,0.00,9,46,10,0.00,0.00,0.00,,,,,,,0.00,47,2.7,16.3,46,0.00,47.0588,0
159,"Internal",8,10,0.00,45625.00,80,20,0.00,6,2,0.00,0.00,0.00,0.00,0.00,0.00,0.00,0.00,,0.00,,0.00,0.00,0.00,39,0.00,0.00,0.00,3,1,0.00,0.00,0.00,0.00,0.00,0.00,0.00,0.00,31,0.00,45,1,3,39,0.00,0.00,0.00,,,,,,,22.5,50.5,9.3,75.7,4,0.00,48.4848,0
160,"Internal",68,90,0.00,52892.00,72.2222,8.88889,18.8889,51,14,1,2,0.00,0.00,0.00,0.00,0.00,0.00,,4,,0.00,0.00,0.00,0.00,0.00,0.00,0.00,3,0.00,0.00,0.00,0.00,0.00,0.00,15,14,0.00,3,0.00,0.00,2,14,2,0.00,0.00,0.00,,,,,,,3,3,0.6,32.4,14,0.00,43.3333,0
161,"Internal",53,71,0.00,47273.00,69.0141,11.2676,19.7183,40,9,3,1,0.00,0.00,0.00,0.00,0.00,0.00,,4,,0.00,0.00,0.00,31,0.00,0.00,0.00,0.00,0.00,2,0.00,0.00,3,1,9,11,0.00,2,0.00,14,0.00,0.00,33,0.00,0.00,0.00,,,,,,,15.5,17.5,2.8,68.2,2,0.00,54.902,0
162,"Internal",86,228,0.00,25437.00,75.4386,19.7368,4.82456,17,38,12,6,5,6,2,0.00,0.00,0.00,,6,,0.00,0.00,0.00,20,0.00,0.00,0.00,0.00,10,14,0.00,0.00,0.00,0.00,10,0.00,0.00,0.00,0.00,0.00,10,54,5,0.00,0.00,138,,,,,,,10,10,3,22,78,0.00,46.25,0
163,"Internal",8,9,0.00,37172.00,66.6667,22.2222,11.1111,7,1,0.00,0.00,0.00,0.00,0.00,0.00,0.00,0.00,,0.00,,0.00,0.00,0.00,0.00,0.00,0.00,0.00,33,0.00,0.00,0.00,0.00,0.00,0.00,25,0.00,0.00,0.00,0.00,258,2,14,26,0.00,0.00,0.00,,,,,,,33,0.00,52.2,258.8,14,0.00,55.3846,0
164,"Internal",2,8,0.00,47273.00,62.5,0.00,37.5,0.00,0.00,0.00,2,0.00,0.00,0.00,0.00,0.00,0.00,,0.00,,0.00,0.00,0.00,0.00,0.00,0.00,0.00,0.00,6,0.00,0.00,0.00,0.00,8,0.00,0.00,0.00,0.00,0.00,0.00,64,329,2,0.00,0.00,27,,,,,,,0.00,0.00,19.2,54.8,335,0.00,19.8795,0
165,"Internal",397,793,0.00,37172.00,66.7087,16.6456,16.6456,164,151,40,19,9,12,2,0.00,0.00,0.00,,14,,0.00,0.00,0.00,0.00,0.00,0.00,0.00,0.00,0.00,0.00,0.00,0.00,0.00,0.00,54,0.00,0.00,0.00,0.00,0.00,1,8,0.00,0.00,0.00,0.00,,,,,,,0.00,0.00,0.3,54.7,8,0.00,46.6667,0
166,"Internal",72,160,0.00,37172.00,75,11.875,13.125,28,27,3,8,2,1,3,0.00,0.00,0.00,,8,,0.00,0.00,0.00,1,0.00,0.00,2,0.00,2,0.00,0.00,0.00,33,0.00,0.00,8,0.00,40,0.00,86,3,15,11,0.00,0.00,0.00,,,,,,,2.5,40.5,18.1,122.9,17,0.00,51.8325,0
167,"Internal",0.00,0.00,111,89930.00,,,,0.00,0.00,0.00,0.00,0.00,0.00,0.00,0.00,0.00,0.00,,0.00,,0.00,0.00,0.00,383,0.00,53,0.00,5,7,13,0.00,0.00,0.00,0.00,0.00,0.00,0.00,57,0.00,0.00,5,25,21,0.00,0.00,0.00,,,,,,,249.5,248.5,1.5,24.5,45,0.00,59.9424,0
168,"Internal",110,235,47,37172.00,71.0638,12.766,16.1702,49,23,20,13,2,3,0.00,0.00,0.00,0.00,,6,,0.00,0.00,0.00,8,0.00,0.00,0.00,0.00,0.00,0.00,0.00,0.00,0.00,0.00,3,8,0.00,23,0.00,318,2,9,8,16,0.00,0.00,,,,,,,4,43,64.2,274.8,9,0.00,48.423,0
169,"Internal",403,723,14,44753.00,62.9322,13.0014,24.0664,220,104,47,16,8,6,2,0.00,0.00,0.00,,25,,0.00,0.00,0.00,7,0.00,0.00,0.00,0.00,0.00,0.00,0.00,0.00,0.00,2,15,5,36,21,0.00,157,2,15,8,0.00,3,0.00,,,,,,,3.5,63.5,32,157,15,0.00,25.7895,0
170,"Internal",90,236,0.00,25437.00,71.6102,20.339,8.05085,30,24,14,7,6,5,4,0.00,0.00,0.00,,5,,0.00,0.00,0.00,0.00,0.00,0.00,0.00,0.00,2,0.00,93,0.00,0.00,0.00,0.00,0.00,5,0.00,0.00,0.00,8,42,5,0.00,0.00,97,,,,,,,93,5,2.4,10.6,44,0.00,0.00,0
171,"Internal",122,150,0.00,25437.00,66,13.3333,20.6667,96,25,0.00,1,0.00,0.00,0.00,0.00,0.00,0.00,,4,,0.00,0.00,0.00,93,7,0.00,0.00,41,26,14,18,0.00,0.00,0.00,0.00,91,0.00,2,0.00,1,107,552,59,0.00,0.00,283,,,,,,,112.5,48.5,32.3,225.7,592,0.00,40.678,0
172,"Internal",287,569,7,33364.00,71.1775,14.2355,14.587,146,73,26,24,9,5,4,0.00,0.00,0.00,,19,,0.00,0.00,0.00,117,0.00,0.00,0.00,23,7,18,6,0.00,2,18,45,33,0.00,152,0.00,118,5,22,10,36,0.00,0.00,,,,,,,87.5,246.5,25.1,205.9,47,0.00,30.9091,0
173,"Internal",0.00,0.00,0.00,89930.00,,,,0.00,0.00,0.00,0.00,0.00,0.00,0.00,0.00,0.00,0.00,,0.00,,0.00,0.00,0.00,0.00,0.00,0.00,0.00,0.00,0.00,21,0.00,0.00,0.00,0.00,5,3470.00,0.00,130,0.00,4904.00,49,253,17,0.00,0.00,0.00,,,,,,,0.00,130,995.5,7449.50,274,0.00,61.1963,0
174,"Internal",0.00,0.00,100,89930.00,,,,0.00,0.00,0.00,0.00,0.00,0.00,0.00,0.00,0.00,0.00,,0.00,,0.00,0.00,0.00,0.00,0.00,0.00,9,0.00,23,18,0.00,0.00,37,0.00,0.00,0.00,0.00,5,0.00,103,0.00,3,5,0.00,0.00,0.00,,,,,,,9,5,20.6,124.4,44,0.00,51.2397,0
175,"Internal",180,349,0.00,24313.00,63.0372,18.9112,18.0516,78,70,13,7,8,4,0.00,0.00,0.00,0.00,,11,,0.00,2,24,108,3,0.00,0.00,0.00,68,2,0.00,0.00,0.00,21,20,6,0.00,101,0.00,18,57,298,54,0.00,0.00,0.00,,,,,,,83,155,20.7,155.3,368,0.00,38.1346,0
176,"Internal",0.00,0.00,0.00,89930.00,,,,0.00,0.00,0.00,0.00,0.00,0.00,0.00,0.00,0.00,0.00,,0.00,,0.00,0.00,0.00,0.00,0.00,0.00,0.00,0.00,0.00,14,0.00,0.00,0.00,0.00,0.00,2,0.00,3,0.00,36,0.00,1,53,0.00,0.00,0.00,,,,,,,0.00,3,7.2,83.8,15,0.00,59.7561,0
177,"Internal",1,2,219,25437.00,100,0.00,0.00,0.00,1,0.00,0.00,0.00,0.00,0.00,0.00,0.00,0.00,,0.00,,0.00,0.00,0.00,11,0.00,0.00,5,20,10,0.00,0.00,0.00,0.00,0.00,0.00,0.00,0.00,259,0.00,5,5,22,20,0.00,0.00,0.00,,,,,,,30.5,264.5,2.5,27.5,32,0.00,81.8182,0
178,"Internal",227,468,187,67816.00,50.4273,15.1709,34.4017,123,39,32,13,6,9,5,0.00,0.00,0.00,,11,,9,0.00,0.00,197,230,0.00,0.00,0.00,11,0.00,0.00,0.00,7,0.00,3,0.00,0.00,0.00,13,197,15,75,29,0.00,0.00,0.00,,,,,,,337.5,98.5,49.1,214.9,86,0.00,64.784,0
179,"Internal",52,76,0.00,25437.00,65.7895,5.26316,28.9474,37,9,4,1,1,0.00,0.00,0.00,0.00,0.00,,3,,0.00,0.00,0.00,123,0.00,0.00,0.00,0.00,0.00,16,0.00,0.00,0.00,0.00,5,0.00,0.00,0.00,0.00,0.00,1,3,15,0.00,0.00,0.00,,,,,,,61.5,61.5,0.3,20.7,19,0.00,45.6954,0
180,"Internal",3,6,109,25000.00,,,,1,1,1,0.00,0.00,0.00,0.00,0.00,0.00,0.00,,10,,0.00,0.00,0.00,261,0.00,0.00,3,8,25,20,10,0.00,0.00,5,7,69,0.00,14,0.00,0.00,0.00,0.00,32,0.00,0.00,0.00,,,,,,,151.5,144.5,0.00,113,45,0.00,65.6642,0
181,"Internal",4,7,0.00,25000.00,57.1429,28.5714,14.2857,1,3,0.00,0.00,0.00,0.00,0.00,0.00,0.00,0.00,,0.00,,0.00,0.00,0.00,0.00,0.00,0.00,0.00,0.00,5,6,28,0.00,0.00,0.00,0.00,0.00,7,0.00,0.00,0.00,0.00,0.00,30,255,0.00,0.00,,,,,,,28,262,0.00,30,11,0.00,62.3188,0
182,"Internal",8,22,28,25000.00,59.0909,18.1818,22.7273,1,3,3,0.00,0.00,1,0.00,0.00,0.00,0.00,,0.00,,0.00,0.00,0.00,0.00,0.00,0.00,0.00,0.00,0.00,0.00,0.00,0.00,0.00,0.00,0.00,5,0.00,0.00,0.00,114,0.00,0.00,2,1,0.00,0.00,,,,,,,0.00,1,22.8,98.2,0.00,0.00,56.25,0
183,"Internal",5,10,0.00,25000.00,50,30,20,1,3,1,0.00,0.00,0.00,0.00,0.00,0.00,0.00,,0.00,,0.00,0.00,0.00,102,0.00,0.00,2,0.00,16,13,0.00,0.00,0.00,0.00,2,1,0.00,0.00,0.00,0.00,5,22,23,0.00,0.00,0.00,,,,,,,53,51,1.5,29.5,51,0.00,59.6491,0
201,"Internal",0.00,0.00,0.00,89930.00,,,,0.00,0.00,0.00,0.00,0.00,0.00,0.00,0.00,0.00,0.00,,0.00,,0.00,0.00,0.00,0.00,0.00,0.00,0.00,0.00,0.00,51,0.00,0.00,0.00,0.00,0.00,0.00,0.00,0.00,0.00,0.00,0.00,0.00,0.00,0.00,0.00,0.00,,,,,,,0.00,0.00,0.00,0.00,51,0.00,26,0
202,"Internal",165,393,24,71506.00,57.7608,22.1374,20.1018,56,55,24,10,8,9,3,0.00,0.00,0.00,,11,,0.00,0.00,0.00,1,0.00,0.00,0.00,0.00,0.00,0.00,0.00,0.00,0.00,0.00,1,0.00,0.00,0.00,0.00,0.00,7,32,0.00,0.00,0.00,0.00,,,,,,,0.5,0.5,2.1,5.9,32,0.00,6.94444,0
203,"Internal",92,164,1143.00,71506.00,76.2195,9.14634,14.6341,54,18,10,6,4,0.00,0.00,0.00,0.00,0.00,,5,,0.00,0.00,0.00,0.00,0.00,0.00,0.00,0.00,0.00,34,0.00,0.00,1,0.00,0.00,2,0.00,0.00,0.00,0.00,57,296,1,0.00,0.00,27,,,,,,,0.00,0.00,17.1,43.9,330,0.00,18.4524,0
204,"Internal",88,168,0.00,27182.00,66.0714,14.2857,19.6429,34,37,11,3,3,0.00,0.00,0.00,0.00,0.00,,5,,0.00,0.00,0.00,29,0.00,0.00,0.00,0.00,0.00,0.00,0.00,0.00,0.00,0.00,0.00,14,0.00,0.00,2681.00,0.00,0.00,0.00,3,0.00,0.00,0.00,,,,,,,14.5,14.5,1072.40,1625.60,0.00,0.00,66.0583,0
205,"Internal",17,38,0.00,90071.00,73.6842,21.0526,5.26316,3,7,7,0.00,0.00,0.00,0.00,0.00,0.00,0.00,,3,,0.00,0.00,0.00,0.00,0.00,0.00,0.00,0.00,0.00,0.00,0.00,0.00,0.00,0.00,0.00,0.00,0.00,0.00,0.00,0.00,0.00,0.00,0.00,0.00,0.00,0.00,,,,,,,0.00,0.00,0.00,0.00,0.00,0.00,0.00,0
206,"Internal",1,2,752,90071.00,100,0.00,0.00,0.00,1,0.00,0.00,0.00,0.00,0.00,0.00,0.00,19536.00,3055.14,0.00,220,0.00,0.00,0.00,1,0.00,0.00,0.00,0.00,0.00,37,0.00,0.00,0.00,0.00,1,0.00,0.00,0.00,2829.00,0.00,5,26,1,0.00,0.00,0.00,,,,,,,0.5,0.5,1133.10,1702.90,63,0.00,34.7826,0
207,"Internal",0.00,0.00,0.00,89930.00,,,,0.00,0.00,0.00,0.00,0.00,0.00,0.00,0.00,0.00,0.00,,0.00,,0.00,0.00,0.00,0.00,0.00,0.00,0.00,0.00,0.00,0.00,0.00,0.00,0.00,0.00,0.00,0.00,0.00,0.00,0.00,0.00,0.00,0.00,0.00,32,0.00,0.00,,,,,,,0.00,32,0.00,0.00,0.00,0.00,92.8571,0
208,"Internal",77,217,0.00,30638.00,49.7696,22.5806,27.6498,19,18,13,16,7,4,0.00,0.00,0.00,0.00,,6,,0.00,0.00,0.00,0.00,0.00,0.00,0.00,0.00,0.00,0.00,0.00,0.00,0.00,0.00,2,0.00,16,0.00,0.00,73,3,18,0.00,0.00,0.00,142,,,,,,,0.00,16,15.5,62.5,18,0.00,25.4237,0
209,"Internal",62,167,0.00,90071.00,72.4551,17.9641,9.58084,10,29,3,15,2,1,2,0.00,0.00,0.00,,6,,0.00,0.00,0.00,3,0.00,0.00,0.00,0.00,0.00,0.00,0.00,0.00,0.00,0.00,0.00,0.00,0.00,0.00,0.00,0.00,0.00,0.00,0.00,0.00,0.00,0.00,,,,,,,1.5,1.5,0.00,0.00,0.00,0.00,33.3333,0
210,"Internal",505,890,0.00,30638.00,67.8652,15.9551,16.1798,327,85,29,34,15,10,5,0.00,0.00,0.00,,24,,0.00,0.00,0.00,0.00,0.00,0.00,0.00,0.00,0.00,0.00,0.00,0.00,0.00,0.00,11,0.00,0.00,0.00,0.00,0.00,7,33,6,0.00,0.00,0.00,,,,,,,0.00,0.00,2.1,21.9,33,0.00,15.3846,0
211,"Internal",132,261,0.00,23847.00,60.5364,30.2682,9.1954,57,36,26,12,0.00,1,0.00,579,0.00,0.00,,5,,0.00,0.00,0.00,0.00,0.00,0.00,0.00,0.00,0.00,0.00,0.00,0.00,0.00,0.00,0.00,0.00,0.00,2,60,0.00,0.00,0.00,1,0.00,0.00,0.00,,,,,,,0.00,2,24,37,0.00,579,71.3542,0
212,"Internal",354,871,1201.00,27182.00,51.6648,39.7245,8.61079,113,96,60,49,26,10,0.00,744,0.00,0.00,,22,,0.00,0.00,0.00,0.00,0.00,0.00,0.00,15,2,0.00,0.00,0.00,0.00,0.00,6,2,0.00,3,100,3,28,141,0.00,0.00,0.00,0.00,,,,,,,15,3,49,90,143,744,66.2162,0
213,"Internal",0.00,0.00,0.00,89930.00,,,,0.00,0.00,0.00,0.00,0.00,0.00,0.00,0.00,0.00,0.00,,0.00,,0.00,0.00,0.00,0.00,0.00,0.00,0.00,0.00,0.00,0.00,0.00,0.00,0.00,0.00,0.00,2,0.00,0.00,0.00,0.00,5,21,0.00,3478.00,0.00,0.00,,,,,,,0.00,3478.00,1.5,5.5,21,0.00,90.4762,0
214,"Internal",637,1352.00,0.00,90071.00,84.3935,11.7604,3.84615,306,128,95,41,61,6,0.00,0.00,0.00,0.00,,58,,1,0.00,0.00,16,0.00,0.00,0.00,0.00,0.00,3,0.00,0.00,46,2,40,16,0.00,60,30,24,77,397,13,0.00,0.00,73,,,,,,,9,68,39.9,208.1,400,0.00,36.338,0
215,"Internal",119,278,0.00,66276.00,56.4748,35.9712,7.55396,41,34,20,15,6,2,1,0.00,0.00,0.00,,12,,0.00,0.00,0.00,0.00,0.00,0.00,0.00,0.00,0.00,0.00,0.00,0.00,0.00,0.00,21,0.00,0.00,0.00,0.00,0.00,0.00,0.00,0.00,0.00,0.00,0.00,,,,,,,0.00,0.00,0.00,21,0.00,0.00,21.2121,0
216,"Internal",503,1232.00,8,23847.00,61.7695,23.2955,14.9351,228,85,53,50,56,22,9,0.00,0.00,0.00,,29,,0.00,0.00,0.00,0.00,0.00,0.00,0.00,0.00,0.00,0.00,0.00,0.00,0.00,0.00,7,0.00,0.00,6,0.00,1,0.00,0.00,23,0.00,0.00,0.00,,,,,,,0.00,6,0.2,30.8,0.00,0.00,0.00,0
217,"Internal",257,765,4,37361.00,48.2353,38.6928,13.0719,52,73,36,47,27,18,4,921,0.00,0.00,,14,,0.00,0.00,0.00,3,0.00,0.00,0.00,0.00,0.00,0.00,0.00,0.00,0.00,0.00,119,0.00,0.00,0.00,121,0.00,0.00,0.00,0.00,88,0.00,0.00,,,,,,,1.5,89.5,48.4,191.6,0.00,921,76.4706,0
218,"Internal",174,352,5,90071.00,69.8864,28.9773,1.13636,67,55,35,16,0.00,1,0.00,0.00,0.00,0.00,,14,330,0.00,0.00,1,2,0.00,0.00,0.00,0.00,0.00,0.00,0.00,1,84,7,13,0.00,0.00,56,2829.00,0.00,15,77,2,100,0.00,0.00,,,,,,,3,157,1136.10,1813.90,77,0.00,71.3504,0
219,"Internal",528,1359.00,0.00,66276.00,57.9102,33.6277,8.4621,145,142,109,86,26,11,9,0.00,0.00,0.00,,30,,0.00,0.00,0.00,26,7,21,11,1,23,10,0.00,0.00,0.00,0.00,17,0.00,0.00,0.00,48,0.00,3,18,30,0.00,0.00,0.00,,,,,,,53,13,20.1,77.9,51,0.00,22.449,0
220,"Internal",309,1017.00,17,62702.00,57.1288,32.2517,10.6195,53,68,60,51,34,27,16,0.00,0.00,0.00,,28,,0.00,0.00,0.00,34,0.00,0.00,0.00,0.00,0.00,0.00,0.00,0.00,0.00,0.00,0.00,0.00,0.00,0.00,0.00,0.00,0.00,0.00,0.00,0.00,0.00,0.00,,,,,,,17,17,0.00,0.00,0.00,0.00,52.6316,0
221,"Internal",256,679,15,67262.00,54.6392,32.6951,12.6657,68,75,44,38,13,14,4,0.00,0.00,0.00,,17,,0.00,0.00,0.00,44,0.00,0.00,2,0.00,11,0.00,0.00,0.00,0.00,0.00,5,0.00,0.00,8,0.00,0.00,2,11,10,0.00,0.00,0.00,,,,,,,24,30,0.6,16.4,22,0.00,18.75,0
222,"Internal",365,1028.00,0.00,45000.00,74.3191,22.3735,3.30739,74,81,91,90,18,8,3,0.00,0.00,0.00,,39,,14,0.00,0.00,64,0.00,0.00,0.00,47,0.00,5,1,0.00,0.00,0.00,24,20,0.00,3,0.00,0.00,7,34,39,0.00,0.00,0.00,,,,,,,94,35,2.1,87.9,39,0.00,48.7261,0
223,"Internal",536,1447.00,0.00,31250.00,61.161,33.1721,5.6669,148,159,85,60,43,16,25,0.00,0.00,0.00,,31,,0.00,0.00,0.00,2,0.00,0.00,0.00,0.00,11,1,0.00,0.00,0.00,0.00,9,0.00,0.00,1,0.00,0.00,0.00,0.00,20,0.00,0.00,0.00,,,,,,,1,2,0.00,29,12,0.00,33.3333,0
224,"Internal",108,291,0.00,67262.00,60.4811,22.6804,16.8385,33,31,9,12,17,6,0.00,0.00,0.00,0.00,,8,,0.00,0.00,0.00,0.00,0.00,0.00,0.00,0.00,0.00,0.00,0.00,0.00,0.00,0.00,0.00,0.00,0.00,0.00,0.00,0.00,0.00,0.00,0.00,0.00,0.00,0.00,,,,,,,0.00,0.00,0.00,0.00,0.00,0.00,0.00,0
225,"Internal",193,533,0.00,45000.00,63.4146,29.0807,7.50469,37,61,38,34,14,9,0.00,0.00,0.00,0.00,,12,,0.00,0.00,0.00,0.00,0.00,0.00,0.00,0.00,0.00,0.00,0.00,0.00,0.00,0.00,0.00,0.00,0.00,0.00,0.00,0.00,0.00,0.00,0.00,0.00,0.00,0.00,,,,,,,0.00,0.00,0.00,0.00,0.00,0.00,45.0082,0
226,"Internal",204,477,0.00,36648.00,71.6981,24.3187,3.98323,67,65,27,31,10,3,1,0.00,1696.00,0.00,,13,,0.00,0.00,0.00,0.00,0.00,0.00,0.00,0.00,7,10,0.00,0.00,0.00,0.00,1,0.00,0.00,0.00,0.00,0.00,6,31,23,0.00,0.00,0.00,,,,,,,0.00,0.00,1.8,28.2,48,1696.00,20.5882,0
301,"Internal",9,15,0.00,52188.00,86.6667,6.66667,6.66667,5,2,2,0.00,0.00,0.00,0.00,0.00,0.00,0.00,,0.00,,0.00,2,0.00,9,3,0.00,0.00,0.00,0.00,0.00,0.00,0.00,10,15,46,34,0.00,6,20,2,11,57,5,1963.00,0.00,0.00,,,,,,,9.5,1973.50,11.7,131.3,57,0.00,75.7249,0
302,"Internal",0.00,0.00,0.00,89930.00,,,,0.00,0.00,0.00,0.00,0.00,0.00,0.00,0.00,0.00,0.00,,2,,0.00,2,9,3,0.00,0.00,0.00,5,0.00,0.00,0.00,0.00,0.00,92,59,194,1,28,0.00,64,10,51,40,0.00,0.00,0.00,,,,,,,17.5,30.5,15.8,443.2,51,0.00,83.6149,0
303,"Internal",31,52,0.00,55938.00,75,19.2308,5.76923,19,7,3,1,0.00,1,0.00,0.00,0.00,0.00,,1,,0.00,0.00,0.00,0.00,0.00,0.00,0.00,0.00,0.00,11,0.00,0.00,7,251,20,170,147,1,0.00,26,14,73,63,0.00,0.00,0.00,,,,,,,0.00,148,9.4,541.6,84,0.00,74.5098,0
304,"Internal",0.00,0.00,0.00,89930.00,,,,0.00,0.00,0.00,0.00,0.00,0.00,0.00,0.00,0.00,0.00,,0.00,,0.00,0.00,0.00,0.00,0.00,0.00,0.00,0.00,0.00,0.00,0.00,0.00,0.00,0.00,2,2,0.00,20,0.00,0.00,11,59,0.00,0.00,0.00,0.00,,,,,,,0.00,20,3.3,11.7,59,0.00,47.0588,0
305,"Internal",132,206,0.00,52188.00,70.3884,16.0194,13.5922,85,31,9,3,4,0.00,0.00,0.00,0.00,0.00,,6,,0.00,0.00,0.00,0.00,0.00,0.00,0.00,5,0.00,9,0.00,0.00,0.00,22,7,56,0.00,1,0.00,0.00,1,9,26,0.00,0.00,0.00,,,,,,,5,1,0.3,111.7,18,0.00,48.0263,0
306,"Internal",150,311,0.00,52188.00,79.0997,7.71704,13.1833,54,68,12,7,3,0.00,6,0.00,0.00,0.00,,6,,2,0.00,0.00,0.00,0.00,2,0.00,0.00,0.00,0.00,0.00,0.00,0.00,0.00,5,7,0.00,0.00,0.00,67,5,25,22,0.00,0.00,0.00,,,,,,,4,0.00,14.9,91.1,25,0.00,37.8378,0
307,"Internal",81,100,0.00,52188.00,43,1,56,66,13,1,0.00,1,0.00,0.00,0.00,0.00,0.00,,2,,0.00,0.00,0.00,1,0.00,0.00,0.00,0.00,9,23,0.00,0.00,0.00,0.00,3,0.00,0.00,3,0.00,0.00,22,110,14,0.00,0.00,0.00,,,,,,,0.5,3.5,6.6,32.4,142,0.00,14.557,0
308,"Internal",276,550,0.00,55938.00,72.7273,13.8182,13.4545,144,69,28,10,10,11,4,0.00,0.00,0.00,,15,,0.00,1,0.00,20,0.00,0.00,0.00,1,0.00,0.00,0.00,0.00,0.00,24,13,102,0.00,30,1,14,3,15,21,0.00,0.00,0.00,,,,,,,12,40,4.1,173.9,15,0.00,54.3651,0
309,"Internal",26,45,0.00,39104.00,77.7778,11.1111,11.1111,17,3,5,0.00,0.00,0.00,1,0.00,0.00,0.00,,2,,0.00,0.00,0.00,0.00,0.00,0.00,0.00,0.00,3,7,0.00,0.00,7,5,1,24,0.00,0.00,0.00,1,37,193,23,0.00,0.00,0.00,,,,,,,0.00,0.00,11.3,86.7,203,0.00,23.75,0
310,"Internal",305,520,0.00,52188.00,81.1538,12.1154,6.73077,168,92,20,18,6,1,0.00,0.00,0.00,0.00,,15,,0.00,0.00,0.00,8,0.00,0.00,0.00,0.00,0.00,0.00,0.00,0.00,0.00,1,6,22,0.00,3,0.00,14,5,21,8,0.00,0.00,0.00,,,,,,,4,7,4.3,51.7,21,0.00,37.7358,0
311,"Internal",273,407,0.00,39104.00,86.9779,7.86241,5.1597,192,53,13,10,2,1,2,0.00,0.00,0.00,,14,,0.00,2,0.00,7,0.00,0.00,0.00,0.00,7,1,0.00,0.00,0.00,6,10,36,0.00,141,0.00,15,9,49,40,0.00,0.00,0.00,,,,,,,5.5,144.5,5.7,110.3,57,0.00,23.4127,0
312,"Internal",158,334,0.00,37172.00,78.4431,14.3713,7.18563,68,48,16,15,4,7,0.00,0.00,0.00,0.00,,9,,0.00,0.00,0.00,0.00,6,0.00,0.00,0.00,0.00,8,0.00,0.00,11,15,40,55,0.00,0.00,0.00,133,1,3,36,0.00,0.00,0.00,,,,,,,6,0.00,26.9,264.1,11,0.00,54.067,0
313,"Internal",170,273,17,55938.00,77.2894,4.0293,18.6813,106,42,7,13,2,0.00,0.00,0.00,0.00,0.00,,7,,0.00,0.00,0.00,2,0.00,0.00,0.00,0.00,0.00,0.00,0.00,0.00,8,10,9,48,0.00,2,0.00,23,7,33,13,0.00,0.00,0.00,,,,,,,1,3,6.7,111.3,33,0.00,61.0526,0
314,"Internal",46,111,0.00,56759.00,56.7568,12.6126,30.6306,22,8,3,5,5,2,1,0.00,0.00,0.00,,2,,0.00,0.00,0.00,0.00,0.00,0.00,0.00,0.00,0.00,0.00,0.00,0.00,0.00,0.00,0.00,0.00,0.00,0.00,0.00,0.00,0.00,0.00,0.00,0.00,0.00,0.00,,,,,,,0.00,0.00,0.00,0.00,0.00,0.00,71.4286,0
315,"Internal",302,588,0.00,56759.00,67.6871,13.7755,18.5374,137,92,40,22,8,2,1,0.00,0.00,0.00,,18,,0.00,1,0.00,30,0.00,0.00,0.00,0.00,0.00,0.00,0.00,0.00,0.00,8,49,59,0.00,3,3,11,1,5,7,0.00,0.00,0.00,,,,,,,16,18,3.7,134.3,5,0.00,64.2276,0
316,"Internal",51,62,0.00,37172.00,67.7419,14.5161,17.7419,45,3,2,0.00,1,0.00,0.00,0.00,0.00,0.00,,3,,0.00,0.00,0.00,0.00,0.00,0.00,6,0.00,0.00,0.00,0.00,0.00,0.00,0.00,3,0.00,239,21,0.00,98,0.00,0.00,1,0.00,0.00,0.00,,,,,,,6,260,19.6,82.4,0.00,0.00,51.938,0
317,"Internal",221,462,0.00,46650.00,78.7879,15.1515,6.06061,104,64,18,13,10,10,2,0.00,0.00,0.00,,11,,0.00,0.00,0.00,28,0.00,0.00,0.00,0.00,0.00,6,0.00,0.00,0.00,0.00,0.00,0.00,0.00,0.00,0.00,5,1,6,17,0.00,0.00,0.00,,,,,,,14,14,1.3,21.7,12,0.00,36.7347,0
318,"Internal",25,38,0.00,55938.00,84.2105,0.00,15.7895,17,5,2,0.00,1,0.00,0.00,404,0.00,0.00,,1,,0.00,0.00,0.00,0.00,0.00,0.00,0.00,0.00,0.00,0.00,0.00,0.00,0.00,0.00,0.00,0.00,0.00,0.00,0.00,6,0.00,0.00,0.00,0.00,0.00,0.00,,,,,,,0.00,0.00,1.2,4.8,0.00,404,20,0
319,"Internal",21,36,0.00,46650.00,86.1111,11.1111,2.77778,13,4,2,1,1,0.00,0.00,0.00,0.00,0.00,,0.00,,0.00,0.00,0.00,18,0.00,0.00,0.00,0.00,2,39,0.00,0.00,0.00,0.00,0.00,10,0.00,63,0.00,9,29,146,32,0.00,0.00,0.00,,,,,,,9,72,10.5,69.5,187,0.00,36.0465,0
320,"Internal",135,301,0.00,90071.00,64.4518,17.608,17.9402,57,39,11,14,7,7,0.00,0.00,0.00,0.00,,5,,0.00,0.00,0.00,0.00,0.00,0.00,0.00,0.00,0.00,0.00,0.00,0.00,0.00,0.00,0.00,0.00,0.00,0.00,0.00,44,0.00,0.00,0.00,0.00,0.00,0.00,,,,,,,0.00,0.00,8.8,35.2,0.00,0.00,73.0769,0
321,"Internal",112,259,0.00,59840.00,65.251,15.8301,18.9189,45,35,10,10,2,6,4,0.00,0.00,0.00,,5,,0.00,0.00,0.00,0.00,5,0.00,0.00,0.00,0.00,0.00,0.00,0.00,0.00,0.00,2,3,0.00,11,0.00,22,3,16,16,0.00,0.00,0.00,,,,,,,5,11,5.3,40.7,16,0.00,43.2432,0
322,"Internal",65,133,0.00,55938.00,72.9323,15.0376,12.0301,25,24,10,3,1,1,1,360,0.00,0.00,,3,,0.00,0.00,0.00,0.00,0.00,0.00,0.00,0.00,0.00,0.00,0.00,0.00,0.00,0.00,0.00,0.00,0.00,0.00,0.00,0.00,0.00,0.00,9,0.00,0.00,0.00,,,,,,,0.00,0.00,0.00,9,0.00,360,45.0082,0
323,"Internal",279,457,0.00,70962.00,75.4923,12.9103,11.5974,153,92,21,10,1,2,0.00,0.00,0.00,0.00,,14,,0.00,0.00,0.00,17,0.00,0.00,0.00,0.00,0.00,0.00,0.00,28,0.00,1,2,37,0.00,33,0.00,5,3,15,1,0.00,0.00,0.00,,,,,,,36.5,41.5,1.9,47.1,15,0.00,32.3529,0
324,"Internal",48,113,0.00,56759.00,55.7522,6.19469,38.0531,10,23,7,4,4,0.00,0.00,0.00,0.00,0.00,,2,,0.00,0.00,0.00,0.00,0.00,0.00,0.00,0.00,0.00,0.00,0.00,0.00,0.00,0.00,0.00,2,0.00,0.00,0.00,0.00,0.00,0.00,1,0.00,0.00,0.00,,,,,,,0.00,0.00,0.00,3,0.00,0.00,50,0
325,"Internal",103,186,0.00,59840.00,69.3548,10.2151,20.4301,56,26,11,5,5,0.00,0.00,0.00,0.00,0.00,,3,,0.00,0.00,0.00,0.00,0.00,0.00,0.00,0.00,0.00,0.00,0.00,0.00,0.00,0.00,0.00,0.00,0.00,0.00,0.00,9,0.00,0.00,0.00,0.00,0.00,0.00,,,,,,,0.00,0.00,1.8,7.2,0.00,0.00,40,0
326,"Internal",67,174,10,90071.00,62.6437,27.0115,10.3448,22,25,4,5,3,1,7,0.00,0.00,0.00,,3,,0.00,0.00,0.00,0.00,0.00,0.00,0.00,0.00,0.00,0.00,0.00,0.00,0.00,0.00,0.00,0.00,0.00,0.00,0.00,10,0.00,0.00,13,0.00,0.00,0.00,,,,,,,0.00,0.00,2,21,0.00,0.00,62.5,0
327,"Internal",90,160,0.00,70962.00,81.25,12.5,6.25,60,14,8,1,1,3,3,0.00,0.00,0.00,,3,,0.00,0.00,0.00,0.00,0.00,0.00,0.00,0.00,14,45,0.00,0.00,0.00,2,3,6,1,0.00,6,1,14,72,18,0.00,0.00,0.00,,,,,,,0.00,1,6.8,43.2,131,0.00,34.1772,0
328,"Internal",181,325,0.00,90071.00,71.0769,13.5385,15.3846,110,35,15,7,12,2,0.00,345,0.00,0.00,,5,,0.00,0.00,0.00,5,0.00,0.00,0.00,0.00,0.00,0.00,0.00,0.00,0.00,0.00,8,0.00,0.00,0.00,48,0.00,0.00,0.00,0.00,0.00,0.00,0.00,,,,,,,2.5,2.5,19.2,36.8,0.00,345,66.6667,0
329,"Internal",169,255,0.00,46650.00,75.2941,12.9412,11.7647,106,49,7,6,0.00,1,0.00,0.00,0.00,0.00,,5,,0.00,24,0.00,61,0.00,0.00,0.00,0.00,6,3,0.00,0.00,0.00,0.00,2,22,3,5,0.00,130,25,131,26,0.00,0.00,0.00,,,,,,,54.5,38.5,33.5,171.5,140,0.00,45.3782,0
330,"Internal",136,265,0.00,150714.00,64.5283,14.3396,21.1321,55,50,21,5,3,2,0.00,0.00,0.00,0.00,,7,,0.00,0.00,0.00,0.00,0.00,0.00,0.00,0.00,0.00,0.00,0.00,0.00,0.00,0.00,3,0.00,0.00,0.00,0.00,0.00,0.00,0.00,0.00,0.00,0.00,0.00,,,,,,,0.00,0.00,0.00,3,0.00,0.00,45.0082,0
331,"Internal",233,457,0.00,59840.00,71.116,17.7243,11.1597,105,77,23,17,8,0.00,3,0.00,0.00,0.00,,10,,0.00,0.00,0.00,0.00,0.00,0.00,0.00,0.00,0.00,14,0.00,0.00,0.00,5,0.00,5,0.00,5,0.00,0.00,8,40,29,0.00,0.00,0.00,,,,,,,0.00,5,2.4,44.6,54,0.00,23.3333,0
332,"Internal",189,376,0.00,98807.00,64.3617,22.0745,13.5638,89,52,27,6,13,1,1,0.00,0.00,0.00,,7,,0.00,0.00,0.00,5,0.00,0.00,0.00,0.00,0.00,0.00,0.00,0.00,1,0.00,0.00,0.00,0.00,0.00,0.00,1,0.00,0.00,2,0.00,0.00,0.00,,,,,,,2.5,2.5,0.2,3.8,0.00,0.00,0.00,0
333,"Internal",59,107,0.00,150714.00,42.0561,19.6262,38.3178,28,19,7,5,0.00,0.00,0.00,0.00,0.00,0.00,,4,,0.00,0.00,0.00,0.00,0.00,0.00,0.00,0.00,0.00,0.00,0.00,0.00,0.00,0.00,0.00,0.00,0.00,0.00,0.00,0.00,0.00,0.00,0.00,0.00,0.00,0.00,,,,,,,0.00,0.00,0.00,0.00,0.00,0.00,50,0
334,"Internal",49,121,76,59840.00,66.9421,11.5702,21.4876,7,27,7,5,0.00,2,1,291,0.00,0.00,,4,,0.00,0.00,0.00,0.00,0.00,0.00,0.00,0.00,0.00,0.00,0.00,0.00,0.00,0.00,0.00,9,0.00,7,42,2098.00,0.00,0.00,0.00,0.00,0.00,0.00,,,,,,,0.00,7,436.4,1712.60,0.00,291,86.3561,0
335,"Internal",102,222,0.00,60139.00,63.5135,18.018,18.4685,38,38,8,9,7,1,1,0.00,0.00,0.00,,6,,0.00,0.00,0.00,2,0.00,0.00,0.00,0.00,0.00,0.00,0.00,0.00,0.00,1,0.00,1,0.00,0.00,0.00,0.00,0.00,0.00,1,0.00,0.00,0.00,,,,,,,1,1,0.00,3,0.00,0.00,100,0
336,"Internal",171,307,0.00,60139.00,75.57,11.7264,12.7036,90,50,18,5,5,3,0.00,0.00,0.00,0.00,,9,,0.00,0.00,0.00,29,0.00,0.00,0.00,0.00,20,0.00,0.00,0.00,5,0.00,8,6,14,1,0.00,8,14,68,2,0.00,0.00,0.00,,,,,,,14.5,29.5,5.8,37.2,88,0.00,32.1429,0
337,"Internal",408,727,0.00,65071.00,74.6905,10.4539,14.8556,209,134,28,26,5,5,1,0.00,0.00,0.00,,26,,0.00,0.00,0.00,6,0.00,0.00,0.00,0.00,0.00,0.00,0.00,0.00,0.00,7,15,44,0.00,16,0.00,47,1,3,20,0.00,0.00,0.00,,,,,,,3,19,9.7,124.3,3,0.00,54.717,0
338,"Internal",0.00,0.00,0.00,89930.00,,,,0.00,0.00,0.00,0.00,0.00,0.00,0.00,0.00,0.00,0.00,,0.00,,0.00,0.00,0.00,6,2,0.00,0.00,24,5,18,0.00,0.00,0.00,0.00,0.00,16,17,0.00,0.00,0.00,6,28,3,0.00,0.00,0.00,,,,,,,29,20,1.8,23.2,51,0.00,48.4211,0
339,"Internal",168,369,0.00,90071.00,67.7507,17.8862,14.3631,70,52,17,14,7,3,5,0.00,0.00,0.00,,7,,0.00,0.00,0.00,0.00,112,0.00,0.00,3,67,3,0.00,0.00,0.00,0.00,5,0.00,0.00,0.00,0.00,279,3,21,6,0.00,0.00,0.00,,,,,,,115,0.00,56.7,236.3,91,0.00,50,0
340,"Internal",341,780,0.00,150714.00,56.1538,19.2308,24.6154,119,119,45,22,19,14,3,0.00,0.00,0.00,,14,,0.00,0.00,0.00,22,0.00,0.00,0.00,0.00,0.00,0.00,0.00,0.00,0.00,0.00,2,8,0.00,10,0.00,1,1,5,0.00,0.00,0.00,0.00,,,,,,,11,21,0.5,11.5,5,0.00,52,0
341,"Internal",50,90,0.00,47371.00,74.4444,24.4444,1.11111,24,20,2,2,1,0.00,1,0.00,0.00,0.00,,1,,0.00,0.00,0.00,8,0.00,0.00,0.00,0.00,0.00,7,0.00,0.00,0.00,0.00,38,25,0.00,0.00,20,78,13,62,47,0.00,0.00,0.00,,,,,,,4,4,27.5,193.5,69,0.00,45.9627,0
342,"Internal",19,25,0.00,65071.00,64,8,28,14,4,1,0.00,0.00,0.00,0.00,0.00,0.00,0.00,,1,,0.00,0.00,0.00,0.00,0.00,0.00,0.00,0.00,17,37,0.00,0.00,0.00,0.00,1,0.00,0.00,8,0.00,1,54,277,26,0.00,0.00,0.00,,,,,,,0.00,8,16.4,65.6,331,0.00,24.9221,0
343,"Internal",207,475,0.00,98807.00,70.3158,9.47368,20.2105,62,83,29,19,4,6,4,0.00,0.00,0.00,,6,,0.00,0.00,0.00,5,0.00,0.00,0.00,0.00,0.00,0.00,0.00,0.00,0.00,0.00,0.00,0.00,0.00,6,0.00,0.00,0.00,0.00,1,0.00,0.00,0.00,,,,,,,2.5,8.5,0.00,1,0.00,0.00,25,0
344,"Internal",204,388,0.00,47371.00,65.7216,19.8454,14.433,96,67,16,19,3,2,1,0.00,0.00,0.00,,7,,0.00,0.00,0.00,10,5,0.00,0.00,0.00,81,6,0.00,0.00,0.00,0.00,5,5,1,0.00,0.00,0.00,15,76,23,0.00,0.00,0.00,,,,,,,10,6,4.5,43.5,163,0.00,27.1845,0
345,"Internal",86,215,0.00,98807.00,56.7442,27.907,15.3488,21,33,12,11,6,3,0.00,0.00,0.00,0.00,,4,,0.00,0.00,0.00,3,0.00,0.00,0.00,0.00,216,0.00,0.00,0.00,0.00,0.00,0.00,0.00,0.00,0.00,0.00,0.00,5,21,0.00,0.00,0.00,0.00,,,,,,,1.5,1.5,1.5,3.5,237,0.00,47.3684,0
346,"Internal",213,576,0.00,47371.00,67.7083,25.1736,7.11806,51,81,20,28,17,6,10,0.00,0.00,0.00,,12,,0.00,0.00,0.00,1,0.00,0.00,0.00,0.00,0.00,0.00,0.00,0.00,0.00,0.00,0.00,0.00,0.00,1,0.00,0.00,0.00,0.00,1,0.00,0.00,0.00,,,,,,,0.5,1.5,0.00,1,0.00,0.00,66.6667,0
347,"Internal",187,355,0.00,65071.00,66.7606,16.338,16.9014,79,77,14,10,4,1,2,0.00,0.00,0.00,,8,,0.00,0.00,0.00,6,0.00,6,0.00,3,0.00,2,0.00,0.00,0.00,18,23,30,0.00,28,0.00,101,76,394,31,0.00,0.00,0.00,,,,,,,12,31,43,236,396,0.00,68.7943,0
348,"Internal",136,231,0.00,60139.00,68.3983,12.1212,19.4805,69,48,14,2,2,1,0.00,0.00,0.00,0.00,,7,,2,0.00,0.00,0.00,0.00,0.00,0.00,0.00,0.00,0.00,7,0.00,0.00,0.00,5,11,0.00,1,0.00,45,0.00,0.00,3,0.00,0.00,0.00,,,,,,,9,1,9,55,0.00,0.00,49.6124,0
349,"Internal",149,376,20,98807.00,60.1064,21.2766,18.617,41,47,27,16,14,2,2,777,0.00,0.00,,6,,0.00,0.00,0.00,0.00,0.00,0.00,0.00,0.00,156,2,0.00,0.00,0.00,1,0.00,7,0.00,0.00,72,13,17,90,17,0.00,0.00,0.00,,,,,,,0.00,0.00,36.5,90.5,248,777,12.5,0
350,"Internal",169,452,0.00,73750.00,60.6195,29.646,9.73451,59,39,22,21,12,7,9,0.00,0.00,0.00,,18,,0.00,0.00,0.00,0.00,0.00,0.00,0.00,0.00,0.00,0.00,0.00,0.00,0.00,0.00,0.00,0.00,0.00,3,0.00,18,0.00,0.00,0.00,0.00,0.00,0.00,,,,,,,0.00,3,3.6,14.4,0.00,0.00,14.2857,0
351,"Internal",111,288,0.00,150714.00,55.9028,20.4861,23.6111,17,56,13,13,5,6,1,0.00,0.00,0.00,,5,,0.00,0.00,0.00,0.00,0.00,0.00,8,0.00,0.00,0.00,0.00,0.00,0.00,3,3,65,0.00,0.00,0.00,0.00,0.00,0.00,16,0.00,0.00,0.00,,,,,,,8,0.00,0.00,87,0.00,0.00,66.9118,0
352,"Internal",9,17,0.00,65071.00,82.3529,5.88235,11.7647,6,0.00,2,0.00,1,0.00,0.00,0.00,0.00,0.00,,0.00,,0.00,0.00,0.00,60,0.00,0.00,0.00,0.00,87,26,0.00,0.00,0.00,9,11,39,0.00,20,1,72,24,125,14,0.00,0.00,103,,,,,,,30,50,22,148,238,0.00,38.6842,0
353,"Internal",226,488,0.00,47371.00,73.1557,20.9016,5.94262,90,66,41,15,4,7,3,0.00,0.00,0.00,,12,,0.00,0.00,0.00,0.00,0.00,0.00,7,0.00,10,3,0.00,0.00,0.00,16,0.00,2,0.00,7,0.00,13,11,56,26,0.00,0.00,0.00,,,,,,,7,7,5.9,62.1,69,0.00,32.0755,0
354,"Internal",203,505,0.00,102759.00,58.4158,20.5941,20.9901,42,67,64,19,7,2,2,0.00,0.00,0.00,,9,,7,0.00,0.00,0.00,0.00,0.00,0.00,0.00,0.00,0.00,2,0.00,0.00,0.00,0.00,1,0.00,0.00,0.00,0.00,0.00,0.00,0.00,0.00,0.00,0.00,,,,,,,9,0.00,0.00,1,0.00,0.00,57.6923,0
355,"Internal",232,556,0.00,25000.00,57.9137,23.9209,18.1655,77,77,35,15,12,12,4,0.00,0.00,0.00,,8,,0.00,0.00,0.00,0.00,6,0.00,0.00,0.00,88,13,0.00,0.00,0.00,17,6,0.00,0.00,0.00,0.00,26,13,68,59,0.00,0.00,211,,,,,,,6,0.00,9.1,111.9,169,0.00,51.0129,0
356,"Internal",0.00,0.00,0.00,89930.00,,,,0.00,0.00,0.00,0.00,0.00,0.00,0.00,0.00,0.00,0.00,,0.00,,0.00,0.00,0.00,0.00,0.00,0.00,0.00,0.00,86,118,0.00,1,0.00,13,10,0.00,0.00,10,0.00,0.00,23,117,17,0.00,0.00,0.00,,,,,,,1,10,6.9,56.1,321,0.00,25.3165,0
357,"Internal",188,349,0.00,47679.00,66.4756,13.7536,19.7708,44,136,5,1,0.00,0.00,2,0.00,0.00,0.00,,5,,0.00,0.00,0.00,5,0.00,0.00,1,0.00,0.00,40,0.00,0.00,0.00,0.00,0.00,0.00,0.00,0.00,0.00,0.00,10,52,25,0.00,0.00,117,,,,,,,3.5,2.5,3,32,92,0.00,27.451,0
358,"Internal",118,328,0.00,73750.00,64.0244,21.0366,14.939,15,56,16,15,6,7,3,0.00,0.00,0.00,,6,,0.00,0.00,0.00,0.00,0.00,0.00,0.00,0.00,0.00,0.00,0.00,0.00,0.00,0.00,0.00,0.00,0.00,0.00,0.00,0.00,0.00,0.00,0.00,0.00,0.00,0.00,,,,,,,0.00,0.00,0.00,0.00,0.00,0.00,45.0082,0
359,"Internal",0.00,0.00,0.00,89930.00,,,,0.00,0.00,0.00,0.00,0.00,0.00,0.00,0.00,0.00,0.00,,0.00,,0.00,0.00,0.00,0.00,0.00,0.00,0.00,0.00,52,16,0.00,0.00,0.00,0.00,14,0.00,0.00,0.00,0.00,0.00,14,75,18,0.00,0.00,0.00,,,,,,,0.00,0.00,4.2,41.8,143,0.00,14.6154,0
360,"Internal",86,199,0.00,104583.00,66.3317,13.5678,20.1005,25,24,27,8,0.00,1,1,0.00,0.00,0.00,,6,,0.00,0.00,0.00,6,0.00,0.00,0.00,0.00,10,24,0.00,0.00,0.00,3,2,48,0.00,7,0.00,44,10,52,3,0.00,0.00,0.00,,,,,,,3,10,11.8,98.2,86,0.00,46.9136,0
361,"Internal",237,659,0.00,73750.00,60.091,27.9211,11.9879,64,61,48,21,23,10,10,0.00,0.00,0.00,,15,,0.00,0.00,0.00,7,0.00,0.00,0.00,0.00,0.00,0.00,0.00,0.00,0.00,0.00,0.00,0.00,0.00,349,0.00,0.00,0.00,0.00,5,0.00,0.00,0.00,,,,,,,3.5,352.5,0.00,5,0.00,0.00,48.4848,0
362,"Internal",90,193,0.00,73750.00,61.1399,25.3886,13.4715,38,26,10,11,3,0.00,2,0.00,0.00,0.00,,2,,0.00,0.00,0.00,0.00,0.00,0.00,0.00,9,0.00,3,0.00,0.00,40,0.00,1,0.00,0.00,0.00,0.00,0.00,5,23,39,0.00,0.00,0.00,,,,,,,9,0.00,1.5,83.5,26,0.00,37.3333,0
363,"Internal",255,610,0.00,104583.00,57.8689,16.7213,25.4098,67,104,34,21,27,0.00,2,0.00,0.00,0.00,,15,,0.00,0.00,0.00,0.00,0.00,0.00,0.00,0.00,0.00,0.00,0.00,0.00,0.00,0.00,3,5,0.00,0.00,0.00,0.00,1,6,0.00,0.00,0.00,0.00,,,,,,,0.00,0.00,0.3,8.7,6,0.00,62.5,0
364,"Internal",186,283,0.00,25000.00,64.311,1.76678,33.9223,144,10,19,8,2,1,2,0.00,0.00,0.00,,6,,0.00,0.00,0.00,3,0.00,0.00,0.00,0.00,80,61,0.00,0.00,0.00,578,13,326,0.00,16,11,30,11,62,64,0.00,0.00,98,,,,,,,1.5,17.5,13.7,1019.30,203,0.00,60.3393,0
365,"Internal",242,467,0.00,47679.00,62.3126,14.561,23.1263,119,77,17,13,6,9,1,0.00,0.00,0.00,,14,,0.00,0.00,0.00,0.00,0.00,0.00,0.00,0.00,0.00,13,0.00,0.00,0.00,8,1,2,6,0.00,7,30,16,80,44,0.00,0.00,0.00,,,,,,,0.00,6,13.6,94.4,93,0.00,35.1145,0
366,"Internal",273,671,0.00,133417.00,54.5455,18.0328,27.4218,73,80,68,30,18,4,0.00,581,0.00,0.00,,18,,0.00,0.00,0.00,15,0.00,0.00,0.00,0.00,0.00,0.00,0.00,0.00,0.00,0.00,22,1,0.00,11,51,62,8,41,37,0.00,0.00,0.00,,,,,,,7.5,18.5,35.2,145.8,41,581,41.3333,0
367,"Internal",462,964,0.00,24787.00,64.2116,27.4896,8.29875,181,148,92,17,6,13,5,0.00,0.00,0.00,,16,,0.00,0.00,0.00,0.00,0.00,0.00,0.00,0.00,0.00,7,0.00,0.00,51,49,8,52,0.00,2,0.00,1,8,40,8,0.00,0.00,0.00,,,,,,,0.00,2,2.6,174.4,47,0.00,46.5909,0
368,"Internal",45,124,0.00,44209.00,61.2903,34.6774,4.03226,14,7,8,10,5,0.00,1,0.00,0.00,0.00,,3,,0.00,0.00,0.00,100,0.00,0.00,0.00,0.00,17,2,53,14,2,47,10,41,3,22,0.00,14,2,15,16,0.00,0.00,0.00,,,,,,,117,75,3.4,128.6,34,0.00,41.791,0
369,"Internal",105,285,0.00,133417.00,53.6842,27.3684,18.9474,9,53,16,15,10,2,0.00,0.00,0.00,0.00,,4,,0.00,0.00,0.00,0.00,0.00,0.00,0.00,0.00,0.00,0.00,0.00,0.00,0.00,0.00,0.00,8,0.00,0.00,0.00,0.00,0.00,0.00,0.00,0.00,0.00,0.00,,,,,,,0.00,0.00,0.00,8,0.00,0.00,76.9231,0
370,"Internal",0.00,0.00,0.00,89930.00,,,,0.00,0.00,0.00,0.00,0.00,0.00,0.00,332,0.00,0.00,,0.00,,0.00,0.00,0.00,0.00,0.00,0.00,0.00,0.00,0.00,0.00,0.00,0.00,2,0.00,8,0.00,0.00,8,0.00,17,0.00,0.00,7,0.00,0.00,0.00,,,,,,,0.00,8,3.4,30.6,0.00,332,26.4069,0
371,"Internal",188,600,0.00,81116.00,58.6667,29.6667,11.6667,35,45,33,35,14,16,10,0.00,0.00,0.00,,13,,0.00,0.00,0.00,3,0.00,0.00,0.00,0.00,16,0.00,0.00,0.00,0.00,0.00,0.00,0.00,0.00,0.00,0.00,0.00,2,15,3,0.00,0.00,0.00,,,,,,,1.5,1.5,0.6,4.4,31,0.00,68.6486,0
372,"Internal",123,305,0.00,81116.00,66.8852,30.4918,2.62295,45,28,17,19,9,3,2,394,0.00,0.00,,6,,1,0.00,0.00,7,0.00,0.00,0.00,0.00,0.00,0.00,0.00,529,96,0.00,10,16,0.00,2,47,0.00,2,13,45,0.00,0.00,130,,,,,,,533.5,5.5,19.4,196.6,13,394,29.4118,0
373,"Internal",62,191,0.00,44209.00,60.2094,30.8901,8.90052,11,18,11,7,9,4,2,0.00,0.00,0.00,,5,,0.00,0.00,0.00,0.00,0.00,0.00,3,0.00,0.00,0.00,0.00,0.00,34,0.00,0.00,25,0.00,0.00,0.00,0.00,13,63,10,0.00,0.00,0.00,,,,,,,3,0.00,3.9,78.1,63,0.00,35.0993,0
374,"Internal",261,758,0.00,44209.00,61.6095,34.1689,4.22164,38,82,64,37,27,10,3,0.00,0.00,0.00,,9,,0.00,0.00,0.00,11,0.00,0.00,0.00,0.00,7,0.00,10,0.00,0.00,0.00,22,7,1,0.00,0.00,10,0.00,0.00,6,0.00,0.00,0.00,,,,,,,15.5,6.5,2,43,7,0.00,31.1111,0
375,"Internal",103,171,0.00,47679.00,66.0819,7.60234,26.3158,55,37,5,3,3,0.00,0.00,0.00,0.00,0.00,,5,,0.00,0.00,0.00,0.00,0.00,0.00,0.00,0.00,53,0.00,0.00,0.00,0.00,0.00,2,6,98,0.00,0.00,0.00,2,9,22,0.00,0.00,0.00,,,,,,,0.00,98,0.6,31.4,62,0.00,39.2593,0
376,"Internal",286,660,0.00,24787.00,66.2121,27.1212,6.66667,89,100,58,19,4,11,5,0.00,0.00,0.00,,10,,0.00,0.00,0.00,64,17,0.00,0.00,0.00,17,7,0.00,0.00,0.00,5,11,0.00,0.00,0.00,0.00,0.00,1,3,24,0.00,0.00,0.00,,,,,,,49,32,0.3,40.7,27,0.00,56.5657,0
377,"Internal",657,1403.00,0.00,56099.00,65.9301,19.4583,14.6115,279,197,80,50,26,15,10,0.00,0.00,0.00,,33,,0.00,0.00,0.00,101,0.00,0.00,0.00,0.00,0.00,0.00,0.00,0.00,0.00,0.00,6,2,0.00,117,0.00,0.00,0.00,1,0.00,0.00,0.00,0.00,,,,,,,50.5,167.5,0.00,8,1,0.00,20.9559,0
378,"Internal",360,791,0.00,44209.00,63.9697,24.7788,11.2516,138,122,33,39,18,6,4,492,0.00,0.00,,12,,0.00,0.00,0.00,0.00,0.00,0.00,0.00,0.00,0.00,0.00,0.00,0.00,0.00,0.00,10,0.00,0.00,0.00,48,7,6,26,79,0.00,0.00,0.00,,,,,,,0.00,0.00,22.4,127.6,26,492,23.9437,0
379,"Internal",343,547,0.00,39375.00,63.2541,12.9799,23.766,204,95,29,12,1,1,1,0.00,0.00,0.00,,17,,0.00,0.00,0.00,0.00,0.00,0.00,0.00,0.00,0.00,0.00,0.00,0.00,0.00,0.00,25,0.00,0.00,0.00,0.00,0.00,0.00,0.00,5,0.00,0.00,0.00,,,,,,,0.00,0.00,0.00,30,0.00,0.00,52.381,0
380,"Internal",341,535,0.00,44964.00,68.0374,11.215,20.7477,220,74,28,15,2,1,1,0.00,0.00,0.00,,14,,0.00,0.00,0.00,1,0.00,0.00,0.00,0.00,0.00,0.00,0.00,0.00,0.00,0.00,8,0.00,0.00,0.00,0.00,0.00,0.00,0.00,0.00,0.00,0.00,0.00,,,,,,,0.5,0.5,0.00,8,0.00,0.00,0.00,0
381,"Internal",0.00,0.00,0.00,89930.00,,,,0.00,0.00,0.00,0.00,0.00,0.00,0.00,0.00,1497.00,0.00,,0.00,,0.00,0.00,0.00,0.00,0.00,0.00,0.00,0.00,0.00,0.00,261,0.00,0.00,0.00,0.00,0.00,0.00,0.00,142,6,0.00,0.00,7,0.00,0.00,0.00,,,,,,,261,0.00,58,97,0.00,1497.00,81.2808,0
382,"Internal",0.00,0.00,0.00,89930.00,,,,0.00,0.00,0.00,0.00,0.00,0.00,0.00,0.00,0.00,0.00,,0.00,,0.00,0.00,0.00,0.00,0.00,0.00,0.00,0.00,0.00,0.00,0.00,0.00,2,0.00,16,0.00,2,1,0.00,24,1011.00,5224.00,53,0.00,0.00,1635.00,,,,,,,0.00,3,308.1,797.9,5224.00,0.00,36.2218,0
383,"Internal",0.00,0.00,0.00,89930.00,,,,0.00,0.00,0.00,0.00,0.00,0.00,0.00,0.00,0.00,0.00,,0.00,,0.00,0.00,0.00,0.00,0.00,0.00,0.00,3,645,119,0.00,0.00,0.00,3,0.00,0.00,2,13,0.00,0.00,0.00,0.00,78,0.00,0.00,0.00,,,,,,,3,15,0.00,81,764,0.00,62.0035,0
384,"Internal",265,603,9,24787.00,59.204,32.0066,8.78939,104,76,37,19,19,5,5,0.00,0.00,0.00,,9,,0.00,0.00,0.00,44,0.00,0.00,0.00,0.00,2,0.00,0.00,0.00,0.00,0.00,11,2,6,0.00,0.00,0.00,2,9,24,0.00,0.00,0.00,,,,,,,22,28,0.6,38.4,11,0.00,37.037,0
385,"Internal",184,374,0.00,24787.00,59.893,21.123,18.984,100,38,16,11,11,5,3,0.00,0.00,0.00,,8,,0.00,0.00,0.00,0.00,0.00,0.00,0.00,1,18,0.00,0.00,0.00,0.00,6,10,0.00,0.00,3,0.00,0.00,15,76,48,0.00,0.00,0.00,,,,,,,1,3,4.5,74.5,94,0.00,15.0538,0
386,"Internal",0.00,0.00,0.00,89930.00,,,,0.00,0.00,0.00,0.00,0.00,0.00,0.00,0.00,0.00,0.00,,0.00,,0.00,0.00,0.00,20,0.00,0.00,0.00,18,45,541,0.00,0.00,0.00,10,5,40,0.00,11,0.00,39,36,181,17,0.00,0.00,59,,,,,,,28,21,18.6,128.4,767,0.00,58.4646,0
387,"Internal",171,457,0.00,44924.00,59.081,32.8228,8.09628,40,54,37,15,14,9,2,0.00,0.00,0.00,,8,,0.00,0.00,0.00,0.00,0.00,0.00,0.00,0.00,0.00,0.00,0.00,0.00,0.00,0.00,6,0.00,0.00,0.00,0.00,0.00,0.00,0.00,0.00,0.00,0.00,0.00,,,,,,,0.00,0.00,0.00,6,0.00,0.00,0.00,0
388,"Internal",196,388,0.00,44924.00,64.433,19.5876,15.9794,89,63,19,14,8,1,2,388,0.00,0.00,,12,,0.00,0.00,0.00,0.00,0.00,0.00,0.00,0.00,0.00,0.00,0.00,0.00,0.00,0.00,2,57,0.00,0.00,44,2,0.00,0.00,0.00,0.00,0.00,0.00,,,,,,,0.00,0.00,18,87,0.00,388,7.69231,0
389,"Internal",455,1181.00,0.00,33906.00,61.1346,32.5148,6.35055,128,127,88,62,23,17,10,0.00,0.00,0.00,,23,,0.00,0.00,0.00,0.00,0.00,0.00,0.00,0.00,0.00,0.00,0.00,0.00,0.00,0.00,33,0.00,0.00,0.00,0.00,0.00,0.00,0.00,0.00,0.00,0.00,0.00,,,,,,,0.00,0.00,0.00,33,0.00,0.00,39.1304,0
390,"Internal",754,2151.00,0.00,32179.00,57.0432,40.0279,2.92887,212,162,127,105,98,26,24,0.00,0.00,0.00,,35,,0.00,0.00,0.00,0.00,0.00,0.00,0.00,1,131,16,44,0.00,0.00,0.00,9,14,0.00,15,0.00,0.00,0.00,3,24,0.00,0.00,0.00,,,,,,,45,15,0.00,47,150,0.00,28.0193,0
391,"Internal",207,657,0.00,53469.00,62.7093,27.8539,9.43683,26,61,35,51,12,14,8,0.00,0.00,0.00,,11,,0.00,0.00,0.00,23,0.00,0.00,0.00,0.00,0.00,0.00,0.00,0.00,0.00,0.00,9,0.00,0.00,0.00,0.00,0.00,0.00,0.00,1,0.00,0.00,0.00,,,,,,,11.5,11.5,0.00,10,0.00,0.00,27.7778,0
392,"Internal",590,1119.00,0.00,44293.00,69.2583,19.0349,11.7069,301,170,51,32,22,11,3,0.00,0.00,0.00,,33,,0.00,0.00,0.00,5,0.00,0.00,0.00,0.00,0.00,14,9,0.00,13,11,29,0.00,1,0.00,0.00,59,0.00,1,9,0.00,0.00,0.00,,,,,,,11.5,3.5,11.8,109.2,15,0.00,41.3174,0
393,"Internal",198,403,0.00,22083.00,54.5906,15.8809,29.5285,106,31,35,11,5,9,1,0.00,0.00,0.00,,8,,0.00,5,0.00,40,0.00,0.00,0.00,0.00,14,30,0.00,0.00,8,23,52,29,6,606,0.00,213,18,95,108,21,0.00,0.00,,,,,,,25,653,48,403,139,0.00,29.9751,0
394,"Internal",395,996,0.00,38937.00,55.0201,37.3494,7.63052,144,101,49,38,39,12,12,0.00,0.00,0.00,,16,,0.00,0.00,0.00,6,0.00,0.00,0.00,0.00,0.00,18,0.00,0.00,0.00,77,86,38,14,16,2,104,1,8,45,0.00,0.00,131,,,,,,,3,33,21.9,331.1,26,0.00,50.5455,0
395,"Internal",198,446,0.00,53469.00,63.9013,22.87,13.2287,79,52,33,20,6,2,6,0.00,0.00,0.00,,6,,0.00,0.00,0.00,0.00,0.00,0.00,0.00,0.00,20,0.00,0.00,0.00,0.00,0.00,8,0.00,0.00,0.00,0.00,0.00,0.00,2,0.00,0.00,0.00,0.00,,,,,,,0.00,0.00,0.00,8,22,0.00,68.1159,0
396,"Internal",6,18,0.00,61487.00,61.1111,38.8889,0.00,1,2,1,1,0.00,1,0.00,196,0.00,0.00,,0.00,,0.00,0.00,0.00,143,0.00,26,0.00,8,45,16,0.00,0.00,0.00,20,3,0.00,24,28,30,0.00,15,75,71,0.00,0.00,0.00,,,,,,,105.5,123.5,16.5,122.5,136,196,72.7763,0
397,"Internal",110,336,0.00,61487.00,55.6548,34.2262,10.119,21,25,23,21,12,4,4,0.00,0.00,0.00,,7,,0.00,0.00,0.00,0.00,0.00,0.00,0.00,0.00,11,62,0.00,0.00,0.00,0.00,5,0.00,0.00,0.00,0.00,1,6,32,23,0.00,0.00,0.00,,,,,,,0.00,0.00,2,33,105,0.00,38.9381,0
398,"Internal",68,226,0.00,61487.00,62.3894,36.7257,0.884956,11,15,11,10,15,5,1,0.00,0.00,0.00,,8,,0.00,0.00,0.00,0.00,0.00,0.00,0.00,0.00,42,8,0.00,0.00,0.00,1,10,10,1,0.00,0.00,0.00,6,28,16,0.00,0.00,0.00,,,,,,,0.00,1,1.8,41.2,78,0.00,39.3939,0
399,"Internal",194,429,0.00,53469.00,53.6131,37.5291,8.85781,86,23,64,0.00,21,0.00,0.00,0.00,0.00,0.00,,0.00,,0.00,0.00,0.00,0.00,0.00,0.00,0.00,0.00,0.00,0.00,0.00,0.00,0.00,0.00,2,0.00,0.00,0.00,0.00,0.00,0.00,0.00,0.00,0.00,0.00,0.00,,,,,,,0.00,0.00,0.00,2,0.00,0.00,0.00,0
401,"Internal",274,575,45,30625.00,85.913,10.9565,3.13043,97,106,42,16,6,3,4,0.00,0.00,0.00,,24,,0.00,0.00,0.00,0.00,0.00,0.00,0.00,0.00,0.00,0.00,0.00,0.00,0.00,0.00,5,0.00,0.00,0.00,0.00,10,3,18,0.00,0.00,0.00,0.00,,,,,,,0.00,0.00,2.9,15.1,18,0.00,28.125,0
402,"Internal",356,760,12,68598.00,81.4474,10.2632,8.28947,132,126,42,37,13,5,1,0.00,0.00,0.00,,21,,0.00,0.00,0.00,0.00,0.00,0.00,0.00,0.00,0.00,0.00,0.00,0.00,0.00,0.00,7,0.00,0.00,0.00,0.00,0.00,5,24,0.00,0.00,0.00,0.00,,,,,,,0.00,0.00,1.5,10.5,24,0.00,40,0
403,"Internal",337,652,0.00,68598.00,73.3129,16.411,10.2761,139,128,43,13,11,0.00,3,0.00,0.00,0.00,,23,,0.00,0.00,0.00,0.00,0.00,0.00,0.00,0.00,0.00,2,0.00,0.00,6,8,15,2,0.00,2,0.00,150,3,20,31,0.00,0.00,0.00,,,,,,,0.00,2,30.9,184.1,22,0.00,31.6964,0
404,"Internal",400,937,0.00,43573.00,85.1654,10.5656,4.26894,149,112,61,37,17,20,4,0.00,0.00,0.00,,31,,0.00,0.00,0.00,2,0.00,0.00,0.00,0.00,0.00,0.00,0.00,0.00,0.00,0.00,6,2,0.00,0.00,0.00,5,0.00,2,20,0.00,0.00,0.00,,,,,,,1,1,1,32,2,0.00,26.3158,0
405,"Internal",0.00,0.00,0.00,89930.00,,,,0.00,0.00,0.00,0.00,0.00,0.00,0.00,0.00,0.00,0.00,,0.00,,0.00,0.00,0.00,1,0.00,0.00,0.00,0.00,92,18,0.00,0.00,0.00,0.00,0.00,5,11,0.00,0.00,40,22,110,25,0.00,0.00,225,,,,,,,0.5,11.5,14.6,77.4,220,0.00,15.3558,0
406,"Internal",211,525,0.00,115691.00,60.5714,21.3333,18.0952,44,93,30,28,7,5,4,0.00,0.00,0.00,,18,,0.00,0.00,0.00,6,0.00,0.00,0.00,0.00,0.00,0.00,0.00,0.00,0.00,0.00,5,2,0.00,11,0.00,0.00,0.00,3,1,0.00,0.00,0.00,,,,,,,3,14,0.00,8,3,0.00,51.8519,0
407,"Internal",472,1136.00,19,71520.00,62.6761,27.6408,9.6831,139,95,181,36,10,7,4,0.00,0.00,0.00,,32,,0.00,0.00,0.00,11,0.00,0.00,0.00,0.00,1,11,0.00,52,0.00,0.00,3,2,0.00,42,0.00,23,3,21,15,0.00,0.00,0.00,,,,,,,57.5,47.5,5.5,40.5,33,0.00,34.8315,0
408,"Internal",223,521,0.00,71520.00,69.2898,17.6583,13.0518,64,78,44,25,7,1,4,0.00,0.00,0.00,,14,,0.00,0.00,0.00,10,0.00,0.00,0.00,0.00,0.00,0.00,0.00,0.00,0.00,0.00,15,3,0.00,0.00,0.00,7,0.00,0.00,13,0.00,0.00,0.00,,,,,,,5,5,1.4,36.6,0.00,0.00,68.5714,0
409,"Internal",169,360,0.00,71520.00,59.4444,19.4444,21.1111,64,67,10,16,6,4,2,0.00,0.00,0.00,,10,,0.00,0.00,0.00,0.00,0.00,0.00,0.00,0.00,0.00,0.00,0.00,0.00,0.00,0.00,0.00,0.00,0.00,0.00,0.00,0.00,0.00,0.00,0.00,0.00,0.00,0.00,,,,,,,0.00,0.00,0.00,0.00,0.00,0.00,45.0082,0
410,"Internal",100,240,0.00,80464.00,76.6667,15.8333,7.5,25,42,18,3,9,1,2,0.00,0.00,0.00,,7,,0.00,0.00,0.00,20,0.00,0.00,0.00,3,9,23,0.00,0.00,7,0.00,13,1,0.00,9,1,0.00,34,177,15,0.00,0.00,0.00,,,,,,,13,19,10.6,60.4,209,0.00,66.6667,0
411,"Internal",116,242,0.00,115691.00,63.6364,19.0083,17.3554,39,46,17,12,1,0.00,1,0.00,0.00,0.00,,6,,0.00,0.00,0.00,0.00,0.00,0.00,0.00,0.00,0.00,0.00,0.00,0.00,0.00,0.00,0.00,6,0.00,0.00,0.00,0.00,0.00,0.00,0.00,0.00,0.00,0.00,,,,,,,0.00,0.00,0.00,6,0.00,0.00,60,0
412,"Internal",168,428,0.00,115691.00,51.8692,20.5607,27.5701,33,64,33,28,5,4,1,369,0.00,0.00,,12,,0.00,0.00,0.00,0.00,0.00,0.00,0.00,0.00,0.00,0.00,0.00,0.00,0.00,0.00,0.00,0.00,0.00,0.00,42,0.00,0.00,0.00,1,0.00,0.00,0.00,,,,,,,0.00,0.00,16.8,26.2,0.00,369,45.0082,0
413,"Internal",266,599,0.00,115691.00,71.9533,13.3556,14.6912,49,151,37,15,7,7,0.00,0.00,0.00,0.00,,21,,0.00,0.00,0.00,0.00,0.00,0.00,0.00,0.00,0.00,0.00,0.00,0.00,0.00,0.00,3,2,0.00,0.00,0.00,0.00,0.00,0.00,0.00,0.00,0.00,0.00,,,,,,,0.00,0.00,0.00,5,0.00,0.00,77.2727,0
414,"Internal",227,623,13,77446.00,62.2793,19.7432,17.9775,37,92,33,35,18,11,1,0.00,0.00,0.00,,15,,6,0.00,0.00,3,0.00,0.00,0.00,0.00,0.00,0.00,3,0.00,0.00,0.00,0.00,0.00,0.00,0.00,0.00,1,0.00,0.00,0.00,0.00,0.00,0.00,,,,,,,10.5,1.5,0.2,0.8,0.00,0.00,33.3333,0
415,"Internal",171,407,0.00,77446.00,66.3391,16.7076,16.9533,42,71,24,22,10,1,1,316,0.00,0.00,,12,,0.00,0.00,0.00,7,0.00,0.00,0.00,0.00,0.00,0.00,0.00,0.00,0.00,0.00,5,0.00,0.00,0.00,46,9,0.00,0.00,6,0.00,0.00,0.00,,,,,,,3.5,3.5,20.2,45.8,0.00,316,13.3333,0
416,"Internal",182,460,0.00,80464.00,66.087,16.3043,17.6087,36,72,45,12,8,6,3,0.00,0.00,0.00,,14,,0.00,0.00,0.00,9,0.00,0.00,0.00,0.00,0.00,0.00,0.00,0.00,0.00,0.00,0.00,2,0.00,0.00,0.00,0.00,0.00,0.00,0.00,0.00,0.00,0.00,,,,,,,4.5,4.5,0.00,2,0.00,0.00,50,0
417,"Internal",379,973,13,77446.00,62.3844,20.0411,17.5745,88,122,91,38,28,8,4,290,0.00,0.00,,32,,0.00,0.00,0.00,11,0.00,0.00,0.00,0.00,0.00,0.00,0.00,0.00,0.00,0.00,0.00,0.00,0.00,0.00,0.00,15,0.00,0.00,2,0.00,0.00,0.00,,,,,,,5.5,5.5,3,14,0.00,290,20,0
418,"Internal",311,450,0.00,24313.00,39.1111,43.7778,17.1111,207,69,35,0.00,0.00,0.00,0.00,0.00,0.00,0.00,,18,,0.00,0.00,0.00,0.00,0.00,0.00,0.00,0.00,11,0.00,0.00,0.00,0.00,0.00,0.00,0.00,0.00,0.00,0.00,0.00,0.00,0.00,26,0.00,0.00,0.00,,,,,,,0.00,0.00,0.00,26,11,0.00,47.9167,0
419,"Internal",477,825,0.00,63750.00,75.6364,6.78788,17.5758,271,115,56,23,9,2,1,0.00,0.00,0.00,,29,,0.00,6,0.00,26,0.00,16,10,3,6,8,0.00,0.00,0.00,0.00,33,0.00,0.00,0.00,0.00,0.00,1,8,17,0.00,0.00,0.00,,,,,,,48,13,0.3,50.7,22,0.00,45.7364,0
420,"Internal",427,1042.00,59,80464.00,66.6987,14.1075,19.1939,139,127,72,41,23,21,4,0.00,0.00,0.00,,33,,0.00,0.00,0.00,0.00,0.00,0.00,0.00,0.00,0.00,0.00,0.00,0.00,0.00,0.00,0.00,0.00,0.00,34,0.00,48,0.00,2,1,0.00,0.00,0.00,,,,,,,0.00,34,9.6,39.4,2,0.00,37.3333,0
421,"Internal",195,428,0.00,85556.00,64.9533,21.2617,13.785,52,82,38,17,6,0.00,0.00,0.00,0.00,0.00,,14,,0.00,0.00,0.00,5,0.00,0.00,0.00,0.00,0.00,0.00,0.00,0.00,0.00,0.00,0.00,6,0.00,0.00,0.00,0.00,0.00,0.00,0.00,0.00,0.00,0.00,,,,,,,2.5,2.5,0.00,6,0.00,0.00,60,0
422,"Internal",392,851,0.00,46713.00,70.7403,22.6792,6.58049,155,109,72,30,17,6,3,0.00,0.00,0.00,,31,,0.00,0.00,0.00,0.00,0.00,0.00,0.00,0.00,0.00,0.00,0.00,0.00,0.00,0.00,17,0.00,0.00,0.00,0.00,0.00,0.00,0.00,6,0.00,0.00,0.00,,,,,,,0.00,0.00,0.00,23,0.00,0.00,23.0769,0
423,"Internal",85,231,7,43292.00,56.71,23.3766,19.9134,12,28,27,12,3,2,1,1029.00,0.00,0.00,,6,,0.00,0.00,0.00,8,0.00,0.00,0.00,0.00,0.00,0.00,0.00,0.00,0.00,0.00,0.00,0.00,0.00,0.00,122,0.00,7,32,0.00,0.00,0.00,0.00,,,,,,,4,4,50.9,78.1,32,1029.00,45.0082,0
424,"Internal",629,1577.00,0.00,95607.00,60.8751,19.9112,19.2137,166,204,133,62,41,10,13,0.00,0.00,0.00,,50,,0.00,0.00,0.00,13,0.00,0.00,0.00,0.00,0.00,0.00,0.00,0.00,0.00,0.00,3,0.00,0.00,2,9,0.00,0.00,0.00,1,0.00,0.00,0.00,,,,,,,6.5,8.5,3.6,9.4,0.00,0.00,43.75,0
425,"Internal",345,920,1,85556.00,62.8261,19.2391,17.9348,46,142,72,60,18,5,2,0.00,0.00,0.00,,25,,0.00,0.00,0.00,1,0.00,0.00,0.00,0.00,0.00,0.00,0.00,0.00,0.00,0.00,0.00,1,0.00,0.00,0.00,0.00,0.00,0.00,13,0.00,0.00,0.00,,,,,,,0.5,0.5,0.00,14,0.00,0.00,42.8571,0
426,"Internal",234,529,19,85556.00,58.4121,21.7391,19.8488,63,104,33,19,9,4,2,0.00,0.00,0.00,,23,,0.00,0.00,0.00,11,0.00,0.00,0.00,0.00,0.00,0.00,0.00,0.00,0.00,0.00,6,0.00,0.00,0.00,0.00,7,0.00,0.00,1,0.00,0.00,0.00,,,,,,,5.5,5.5,1.4,12.6,0.00,0.00,18.1818,0
427,"Internal",267,461,0.00,49545.00,51.41,26.898,21.692,167,45,30,18,2,3,2,0.00,0.00,0.00,,20,,0.00,0.00,0.00,0.00,0.00,0.00,0.00,0.00,0.00,0.00,0.00,0.00,0.00,0.00,11,0.00,0.00,0.00,0.00,25,0.00,0.00,2,0.00,0.00,0.00,,,,,,,0.00,0.00,5,33,0.00,0.00,20,0
428,"Internal",143,344,0.00,71250.00,66.5698,17.4419,15.9884,40,37,39,22,5,0.00,0.00,0.00,0.00,0.00,,10,,0.00,0.00,0.00,0.00,0.00,0.00,0.00,0.00,0.00,0.00,0.00,0.00,0.00,0.00,0.00,2,0.00,0.00,0.00,0.00,2,11,8,0.00,0.00,0.00,,,,,,,0.00,0.00,0.6,11.4,11,0.00,43.0894,0
429,"Internal",613,1503.00,0.00,64841.00,63.0739,21.4238,15.5023,132,248,117,73,29,11,3,471,0.00,0.00,,54,,0.00,0.00,0.00,0.00,0.00,0.00,0.00,0.00,0.00,0.00,0.00,0.00,0.00,2,5,3,0.00,0.00,62,0.00,1,3,9,0.00,0.00,0.00,,,,,,,0.00,0.00,25.1,56.9,3,471,27.3453,0
430,"Internal",472,993,0.00,49545.00,75.2266,15.1057,9.66767,191,152,59,41,19,8,2,0.00,0.00,0.00,,35,,0.00,0.00,0.00,1,0.00,0.00,0.00,8,0.00,0.00,0.00,0.00,0.00,0.00,10,0.00,0.00,55,0.00,0.00,0.00,0.00,0.00,0.00,0.00,0.00,,,,,,,8.5,55.5,0.00,10,0.00,0.00,52.5424,0
431,"Internal",605,1435.00,0.00,46713.00,76.5157,17.4216,6.06272,119,305,80,63,25,2,11,0.00,0.00,0.00,,44,,0.00,0.00,0.00,5,0.00,0.00,5,0.00,0.00,0.00,0.00,0.00,0.00,0.00,18,31,0.00,0.00,0.00,77,7,39,0.00,0.00,0.00,0.00,,,,,,,7.5,2.5,17.5,115.5,39,0.00,71.7949,0
432,"Internal",233,522,0.00,71250.00,63.9847,18.7739,17.2414,77,63,62,23,7,1,0.00,0.00,0.00,0.00,,19,,0.00,0.00,0.00,0.00,0.00,0.00,0.00,0.00,0.00,0.00,0.00,0.00,0.00,0.00,7,0.00,0.00,0.00,0.00,0.00,6,32,0.00,0.00,0.00,0.00,,,,,,,0.00,0.00,1.8,11.2,32,0.00,45.0082,0
433,"Internal",262,653,0.00,43292.00,56.8147,26.6462,16.5391,69,86,58,26,10,7,6,0.00,0.00,0.00,,20,,0.00,0.00,0.00,0.00,0.00,0.00,0.00,0.00,0.00,0.00,0.00,0.00,1,0.00,0.00,0.00,0.00,3,0.00,0.00,0.00,0.00,0.00,0.00,0.00,0.00,,,,,,,0.00,3,0.00,1,0.00,0.00,28.5714,0
434,"Internal",58,161,58,71250.00,60.8696,24.8447,14.2857,10,18,15,10,2,1,2,0.00,0.00,0.00,,4,,0.00,0.00,0.00,0.00,0.00,0.00,0.00,0.00,0.00,2,0.00,0.00,0.00,0.00,0.00,0.00,0.00,0.00,0.00,47,0.00,1,0.00,0.00,0.00,0.00,,,,,,,0.00,0.00,9.4,37.6,3,0.00,21.875,0
435,"Internal",28,63,0.00,71250.00,63.4921,19.0476,17.4603,9,8,7,3,1,0.00,0.00,0.00,0.00,0.00,,2,,0.00,0.00,0.00,33,0.00,0.00,0.00,0.00,0.00,11,0.00,0.00,0.00,21,22,7,0.00,0.00,16,84,9,45,51,0.00,0.00,0.00,,,,,,,16.5,16.5,25.9,184.1,56,0.00,45.0082,0
436,"Internal",0.00,0.00,0.00,89930.00,,,,0.00,0.00,0.00,0.00,0.00,0.00,0.00,0.00,0.00,0.00,,0.00,,0.00,0.00,0.00,0.00,0.00,0.00,0.00,0.00,10,2,0.00,0.00,0.00,0.00,0.00,0.00,0.00,0.00,0.00,0.00,17,86,13,0.00,0.00,0.00,,,,,,,0.00,0.00,5.1,24.9,98,0.00,45.0082,0
437,"Internal",926,2342.00,0.00,97333.00,65.5423,18.7447,15.7131,237,313,183,94,55,29,15,0.00,0.00,0.00,,70,,0.00,0.00,0.00,23,0.00,0.00,0.00,0.00,0.00,17,0.00,0.00,0.00,0.00,10,23,0.00,8,10,29,8,40,18,0.00,0.00,0.00,,,,,,,11.5,19.5,12.2,85.8,57,0.00,31.2865,0
438,"Internal",469,936,0.00,43292.00,50.2137,30.1282,19.6581,230,109,60,45,22,3,0.00,0.00,0.00,0.00,,31,,0.00,0.00,0.00,0.00,0.00,0.00,0.00,0.00,0.00,0.00,0.00,0.00,0.00,0.00,9,0.00,0.00,0.00,0.00,0.00,0.00,0.00,1,0.00,0.00,0.00,,,,,,,0.00,0.00,0.00,10,0.00,0.00,35.2273,0
439,"Internal",0.00,0.00,0.00,89930.00,,,,0.00,0.00,0.00,0.00,0.00,0.00,0.00,0.00,0.00,0.00,,0.00,,0.00,5,0.00,6,0.00,8,0.00,0.00,129,91,0.00,0.00,0.00,28,1,18,0.00,10,0.00,7,47,241,37,0.00,0.00,0.00,,,,,,,16,13,15.5,122.5,461,0.00,45.0082,0
441,"Internal",249,683,0.00,129643.00,60.4685,29.429,10.1025,27,117,33,44,23,3,2,0.00,0.00,0.00,,20,,0.00,0.00,0.00,0.00,0.00,0.00,0.00,0.00,0.00,0.00,0.00,0.00,0.00,1,0.00,1,0.00,0.00,0.00,0.00,0.00,0.00,0.00,0.00,0.00,0.00,,,,,,,0.00,0.00,0.00,2,0.00,0.00,75,0
458,"Internal",0.00,0.00,0.00,89930.00,,,,0.00,0.00,0.00,0.00,0.00,0.00,0.00,0.00,0.00,0.00,,0.00,,0.00,0.00,0.00,0.00,0.00,0.00,0.00,0.00,24,1,0.00,0.00,0.00,0.00,0.00,0.00,0.00,0.00,0.00,0.00,14,75,17,0.00,0.00,0.00,,,,,,,0.00,0.00,4.2,26.8,100,0.00,25,0
501,"Internal",83,282,0.00,73646.00,54.9645,36.5248,8.51064,11,18,20,9,14,8,3,489,0.00,0.00,,5,,0.00,0.00,0.00,0.00,0.00,0.00,0.00,0.00,0.00,0.00,0.00,0.00,0.00,0.00,0.00,3,0.00,0.00,68,518,0.00,1,3,0.00,0.00,0.00,,,,,,,0.00,0.00,130.8,461.2,1,489,20.0658,0
502,"Internal",397,1231.00,0.00,73646.00,56.7831,36.1495,7.06743,95,76,64,70,57,18,17,0.00,0.00,0.00,,34,,0.00,0.00,0.00,0.00,0.00,0.00,0.00,0.00,0.00,91,0.00,0.00,0.00,0.00,10,0.00,0.00,0.00,0.00,0.00,8,45,0.00,0.00,0.00,0.00,,,,,,,0.00,0.00,2.4,15.6,136,0.00,12.5,0
503,"Internal",14,46,0.00,73646.00,60.8696,32.6087,6.52174,2,4,3,1,2,1,1,0.00,0.00,0.00,,0.00,,0.00,0.00,0.00,0.00,0.00,0.00,0.00,0.00,0.00,0.00,0.00,0.00,0.00,0.00,0.00,0.00,0.00,0.00,0.00,0.00,2,9,10,0.00,0.00,0.00,,,,,,,0.00,0.00,0.6,11.4,9,0.00,50,0
504,"Internal",338,681,45,23239.00,45.0808,15.4185,39.5007,188,65,28,27,14,11,5,480,0.00,0.00,,22,,0.00,0.00,0.00,0.00,0.00,0.00,0.00,0.00,5,0.00,0.00,0.00,0.00,0.00,17,0.00,0.00,0.00,54,11,0.00,0.00,15,0.00,0.00,0.00,,,,,,,0.00,0.00,23.8,73.2,5,480,20,0
505,"Internal",92,339,0.00,23239.00,53.6873,43.3628,2.94985,6,11,29,19,17,7,3,0.00,0.00,0.00,,7,,0.00,0.00,0.00,0.00,0.00,0.00,0.00,0.00,0.00,0.00,0.00,0.00,17,0.00,0.00,0.00,0.00,0.00,0.00,0.00,0.00,1,0.00,0.00,0.00,0.00,,,,,,,0.00,0.00,0.00,17,1,0.00,6.25,0
506,"Internal",267,694,0.00,49073.00,57.0605,36.3112,6.62824,90,64,45,22,30,9,7,0.00,0.00,0.00,,17,,0.00,0.00,0.00,0.00,0.00,0.00,0.00,0.00,0.00,0.00,0.00,0.00,0.00,0.00,7,0.00,0.00,0.00,0.00,0.00,3,21,0.00,0.00,0.00,92,,,,,,,0.00,0.00,0.9,9.1,21,0.00,45.0082,0
507,"Internal",463,1103.00,73,48687.00,49.592,27.9238,22.4841,129,159,88,57,21,4,5,786,0.00,0.00,,18,,0.00,0.00,0.00,0.00,0.00,0.00,0.00,0.00,41,10,0.00,0.00,0.00,5,10,0.00,0.00,0.00,48,148,9,48,5,0.00,0.00,0.00,,,,,,,0.00,0.00,51.5,173.5,99,786,23.0769,0
508,"Internal",72,157,0.00,58025.00,66.242,21.0191,12.7389,32,19,8,4,8,0.00,1,0.00,0.00,0.00,,6,,0.00,0.00,0.00,0.00,0.00,0.00,0.00,0.00,33,0.00,0.00,0.00,0.00,0.00,5,0.00,0.00,0.00,0.00,2,13,63,0.00,0.00,0.00,0.00,,,,,,,0.00,0.00,4.3,15.7,96,0.00,30,0
509,"Internal",0.00,0.00,0.00,89930.00,,,,0.00,0.00,0.00,0.00,0.00,0.00,0.00,0.00,0.00,0.00,,0.00,,0.00,0.00,0.00,0.00,10,0.00,0.00,0.00,2,10,0.00,0.00,0.00,0.00,3,0.00,0.00,0.00,0.00,0.00,92,474,24,0.00,0.00,96,,,,,,,10,0.00,27.6,91.4,486,0.00,16.6667,0
510,"Internal",323,688,0.00,49073.00,64.8256,22.093,13.0814,133,95,42,33,14,5,1,0.00,0.00,0.00,,11,,0.00,0.00,0.00,0.00,0.00,0.00,0.00,0.00,6,0.00,0.00,0.00,0.00,0.00,16,0.00,0.00,0.00,0.00,0.00,1,7,1,0.00,0.00,0.00,,,,,,,0.00,0.00,0.3,17.7,13,0.00,22.2222,0
511,"Internal",50,139,0.00,58025.00,43.8849,18.705,37.4101,14,14,4,12,2,1,3,0.00,0.00,0.00,,1,,0.00,0.00,0.00,0.00,0.00,0.00,0.00,0.00,10,131,0.00,0.00,0.00,5,6,0.00,0.00,0.00,0.00,5,1,8,9,0.00,0.00,0.00,,,,,,,0.00,0.00,1.3,24.7,149,0.00,18.1818,0
512,"Internal",380,1064.00,0.00,51541.00,56.5789,30.8271,12.594,107,98,61,45,29,27,13,0.00,0.00,0.00,,19,,0.00,0.00,0.00,0.00,0.00,0.00,0.00,0.00,0.00,10,0.00,0.00,0.00,0.00,17,0.00,0.00,0.00,0.00,0.00,0.00,3,7,0.00,0.00,0.00,,,,,,,0.00,0.00,0.00,24,13,0.00,66.6667,0
513,"Internal",104,301,0.00,58025.00,61.794,26.5781,11.6279,22,26,21,20,9,3,3,0.00,0.00,0.00,,9,,0.00,0.00,0.00,0.00,0.00,0.00,0.00,0.00,0.00,0.00,0.00,0.00,0.00,0.00,0.00,0.00,0.00,0.00,0.00,0.00,0.00,0.00,0.00,0.00,0.00,0.00,,,,,,,0.00,0.00,0.00,0.00,0.00,0.00,11.1111,0
514,"Internal",71,154,0.00,51541.00,62.3377,28.5714,9.09091,28,22,9,8,2,1,1,0.00,0.00,0.00,,5,,0.00,0.00,0.00,0.00,0.00,0.00,0.00,0.00,0.00,0.00,0.00,0.00,0.00,0.00,5,0.00,0.00,0.00,0.00,0.00,0.00,0.00,9,0.00,0.00,0.00,,,,,,,0.00,0.00,0.00,14,0.00,0.00,26.8939,0
515,"Internal",217,482,11,48687.00,73.444,18.8797,7.67635,64,99,17,23,9,3,2,0.00,0.00,0.00,,11,,0.00,0.00,0.00,0.00,0.00,0.00,0.00,0.00,180,145,0.00,0.00,0.00,9,10,2,0.00,223,0.00,0.00,29,152,18,0.00,0.00,0.00,,,,,,,0.00,223,8.7,59.3,477,0.00,17.459,0
516,"Internal",182,472,0.00,51541.00,59.7458,27.9661,12.2881,53,54,28,26,9,6,6,0.00,0.00,0.00,,7,,0.00,0.00,0.00,0.00,0.00,0.00,0.00,0.00,52,30,0.00,0.00,0.00,26,14,3,0.00,0.00,0.00,33,13,63,14,0.00,0.00,0.00,,,,,,,0.00,0.00,10.5,92.5,145,0.00,45.0082,0
517,"Internal",607,1550.00,0.00,58025.00,63.6129,28.9677,7.41936,181,171,99,87,45,11,13,0.00,0.00,0.00,,26,,0.00,0.00,0.00,2,0.00,0.00,0.00,0.00,0.00,0.00,0.00,0.00,0.00,0.00,21,0.00,0.00,0.00,0.00,7,0.00,0.00,0.00,0.00,0.00,0.00,,,,,,,1,1,1.4,26.6,0.00,0.00,21.875,0
518,"Internal",288,701,0.00,53625.00,43.6519,39.6576,16.6904,110,88,21,21,27,14,7,0.00,0.00,0.00,,12,,0.00,0.00,0.00,0.00,0.00,0.00,0.00,0.00,0.00,0.00,0.00,0.00,0.00,1,6,0.00,0.00,0.00,0.00,28,13,64,7,0.00,0.00,0.00,,,,,,,0.00,0.00,9.5,45.5,64,0.00,12.6316,0
519,"Internal",123,231,0.00,44038.00,60.6061,27.2727,12.1212,62,34,17,5,2,1,2,0.00,0.00,0.00,,4,,0.00,0.00,0.00,0.00,0.00,0.00,0.00,0.00,18,16,0.00,0.00,0.00,0.00,1,0.00,0.00,0.00,0.00,0.00,65,336,15,0.00,0.00,0.00,,,,,,,0.00,0.00,19.5,61.5,370,0.00,32.3009,0
520,"Internal",98,208,0.00,44038.00,75.4808,15.3846,9.13462,44,25,14,8,2,5,0.00,218,0.00,0.00,,4,,0.00,0.00,0.00,0.00,0.00,0.00,0.00,0.00,0.00,0.00,0.00,0.00,0.00,0.00,1,0.00,0.00,0.00,38,17,0.00,0.00,10,0.00,0.00,0.00,,,,,,,0.00,0.00,18.6,47.4,0.00,218,14.2857,0
521,"Internal",46,92,0.00,44038.00,72.8261,14.1304,13.0435,25,11,2,4,2,1,1,0.00,0.00,0.00,,2,,0.00,0.00,0.00,22,6,0.00,0.00,0.00,110,0.00,0.00,0.00,0.00,0.00,0.00,17,0.00,9,0.00,0.00,2,14,16,0.00,0.00,0.00,,,,,,,17,20,0.6,34.4,124,0.00,24.026,0
522,"Internal",255,617,9,44038.00,58.1848,29.8217,11.9935,81,87,28,34,14,5,6,0.00,0.00,0.00,,9,,0.00,0.00,0.00,0.00,0.00,0.00,0.00,0.00,0.00,3,0.00,0.00,0.00,0.00,0.00,1,0.00,0.00,0.00,10,0.00,0.00,0.00,0.00,0.00,0.00,,,,,,,0.00,0.00,2,9,3,0.00,58.8235,0
523,"Internal",165,448,0.00,45568.00,61.1607,27.2321,11.6071,43,56,24,14,12,7,9,0.00,0.00,0.00,,11,,0.00,0.00,0.00,6,0.00,0.00,0.00,0.00,0.00,0.00,0.00,0.00,0.00,0.00,0.00,0.00,0.00,0.00,0.00,0.00,0.00,1,0.00,0.00,0.00,0.00,,,,,,,3,3,0.00,0.00,1,0.00,21.6216,0
524,"Internal",341,964,13,53625.00,63.0705,29.2531,7.67635,58,116,69,52,26,11,9,0.00,0.00,0.00,,18,,0.00,0.00,0.00,6,2,0.00,0.00,0.00,17,5,0.00,0.00,0.00,0.00,18,0.00,0.00,10,0.00,72,2,14,29,0.00,0.00,0.00,,,,,,,5,13,15,106,36,0.00,31.4286,0
525,"Internal",21,54,0.00,48687.00,64.8148,18.5185,16.6667,5,7,5,1,2,1,0.00,0.00,0.00,0.00,,3,,0.00,0.00,0.00,0.00,0.00,0.00,0.00,0.00,0.00,0.00,0.00,0.00,0.00,0.00,0.00,0.00,0.00,0.00,0.00,0.00,0.00,0.00,0.00,0.00,0.00,0.00,,,,,,,0.00,0.00,0.00,0.00,0.00,0.00,50,0
526,"Internal",40,120,0.00,60139.00,70.8333,25,4.16667,11,6,10,4,4,4,1,0.00,0.00,0.00,,1,,0.00,0.00,0.00,0.00,0.00,0.00,0.00,0.00,28,0.00,0.00,0.00,0.00,0.00,0.00,0.00,0.00,0.00,0.00,0.00,2,14,0.00,0.00,0.00,0.00,,,,,,,0.00,0.00,0.6,1.4,42,0.00,45.0082,0
527,"Internal",193,377,0.00,43273.00,67.6393,9.28382,23.0769,112,42,10,8,10,8,3,0.00,0.00,0.00,,8,,0.00,0.00,0.00,0.00,0.00,0.00,0.00,0.00,0.00,13,0.00,0.00,0.00,0.00,8,0.00,0.00,17,0.00,0.00,5,23,7,3,0.00,129,,,,,,,0.00,20,1.5,18.5,36,0.00,19.1489,0
528,"Internal",427,964,0.00,45568.00,60.3734,24.2739,15.3527,159,134,57,45,15,8,9,0.00,0.00,0.00,,21,,0.00,0.00,0.00,0.00,0.00,0.00,0.00,0.00,3,3,0.00,0.00,0.00,7,28,0.00,0.00,0.00,0.00,0.00,7,37,8,0.00,0.00,0.00,,,,,,,0.00,0.00,2.1,47.9,43,0.00,59.4982,0
529,"Internal",117,351,0.00,53625.00,54.9858,25.0712,19.943,19,35,25,16,13,5,4,0.00,0.00,0.00,,6,,0.00,0.00,0.00,1,0.00,0.00,0.00,0.00,0.00,0.00,0.00,0.00,0.00,0.00,1,0.00,0.00,0.00,0.00,8,0.00,0.00,5,0.00,0.00,0.00,,,,,,,0.5,0.5,1.6,12.4,0.00,0.00,18.1818,0
530,"Internal",119,279,0.00,45568.00,63.7993,23.2975,12.9032,42,39,18,8,4,3,5,0.00,0.00,0.00,,4,,0.00,0.00,0.00,0.00,0.00,0.00,0.00,0.00,0.00,17,0.00,0.00,0.00,2,0.00,0.00,0.00,0.00,0.00,0.00,0.00,0.00,24,0.00,0.00,0.00,,,,,,,0.00,0.00,0.00,26,17,0.00,40,0
531,"Internal",193,418,0.00,43273.00,66.5072,25.1196,8.37321,80,59,26,12,6,6,4,0.00,0.00,0.00,,12,,0.00,0.00,0.00,6,0.00,0.00,0.00,0.00,7,5,0.00,0.00,0.00,0.00,0.00,15,0.00,0.00,0.00,0.00,6,32,14,0.00,0.00,0.00,,,,,,,3,3,1.8,33.2,44,0.00,20,0
532,"Internal",364,917,0.00,51449.00,60.0872,27.2628,12.6499,82,141,63,41,27,5,5,0.00,0.00,0.00,,20,,0.00,0.00,0.00,30,0.00,0.00,0.00,0.00,24,0.00,0.00,0.00,0.00,6,5,0.00,0.00,1,0.00,0.00,7,38,10,0.00,0.00,0.00,,,,,,,15,16,2.1,25.9,62,0.00,36.1446,0
533,"Internal",627,1881.00,0.00,60139.00,57.2568,34.2371,8.50611,139,132,130,119,56,25,26,0.00,0.00,0.00,,37,,0.00,0.00,0.00,7,0.00,0.00,0.00,0.00,1,0.00,0.00,0.00,0.00,0.00,14,0.00,2,0.00,0.00,226,1,8,0.00,0.00,0.00,0.00,,,,,,,3.5,5.5,45.5,195.5,9,0.00,28.5714,0
534,"Internal",33,106,0.00,81639.00,71.6981,25.4717,2.83019,8,7,4,5,4,3,2,1068.00,0.00,0.00,,1,,0.00,0.00,0.00,0.00,0.00,0.00,0.00,0.00,0.00,0.00,0.00,0.00,0.00,0.00,0.00,0.00,0.00,0.00,155,10,9,48,0.00,0.00,0.00,0.00,,,,,,,0.00,0.00,66.7,107.3,48,1068.00,28.5714,0
535,"Internal",359,616,0.00,70991.00,79.7078,12.987,7.3052,207,103,16,19,8,3,3,0.00,0.00,0.00,,19,,0.00,0.00,0.00,0.00,0.00,0.00,0.00,0.00,0.00,0.00,0.00,0.00,47,0.00,10,0.00,0.00,0.00,0.00,7,3,15,0.00,0.00,0.00,157,,,,,,,0.00,0.00,2.3,64.7,15,0.00,23.2143,0
536,"Internal",64,137,0.00,51449.00,51.8248,29.927,18.2482,29,21,1,5,5,3,0.00,322,1301.00,0.00,,6,,0.00,0.00,0.00,0.00,0.00,0.00,0.00,0.00,11,0.00,0.00,0.00,0.00,0.00,18,0.00,0.00,0.00,170,0.00,5,22,7,0.00,0.00,0.00,,,,,,,0.00,0.00,69.5,130.5,33,1623.00,14.0351,0
537,"Internal",95,259,0.00,81639.00,54.4402,35.1351,10.4247,28,21,19,12,10,1,4,0.00,0.00,0.00,,7,,0.00,0.00,0.00,0.00,0.00,0.00,0.00,0.00,0.00,0.00,0.00,0.00,0.00,0.00,0.00,0.00,0.00,0.00,0.00,3,0.00,0.00,1,0.00,0.00,0.00,,,,,,,0.00,0.00,0.6,3.4,0.00,0.00,40,0
538,"Internal",217,535,0.00,53625.00,63.3645,28.4112,8.2243,78,47,45,21,19,0.00,7,0.00,0.00,0.00,,10,,0.00,0.00,0.00,0.00,0.00,0.00,0.00,0.00,0.00,0.00,0.00,0.00,0.00,0.00,9,0.00,0.00,0.00,0.00,0.00,0.00,0.00,5,0.00,0.00,0.00,,,,,,,0.00,0.00,0.00,14,0.00,0.00,45.0082,0
539,"Internal",304,813,0.00,81639.00,58.1796,23.8622,17.9582,97,69,50,42,25,12,9,0.00,0.00,0.00,,20,,0.00,0.00,0.00,0.00,0.00,0.00,0.00,0.00,2,0.00,0.00,0.00,0.00,0.00,0.00,0.00,0.00,0.00,0.00,0.00,0.00,0.00,0.00,0.00,0.00,0.00,,,,,,,0.00,0.00,0.00,0.00,2,0.00,0.00,0
540,"Internal",353,772,0.00,54745.00,67.3575,18.7824,13.8601,151,96,41,41,9,8,7,0.00,0.00,0.00,,16,,0.00,0.00,0.00,3,0.00,0.00,0.00,0.00,0.00,0.00,0.00,0.00,0.00,0.00,3,6,0.00,0.00,0.00,23,0.00,0.00,7,0.00,0.00,0.00,,,,,,,1.5,1.5,4.6,34.4,0.00,0.00,48,0
541,"Internal",321,711,0.00,70991.00,79.0436,3.65682,17.2996,127,105,39,17,13,16,4,0.00,0.00,0.00,,13,,0.00,0.00,0.00,0.00,0.00,0.00,17,0.00,2,2,0.00,0.00,0.00,0.00,9,41,0.00,13,0.00,0.00,94,489,7,0.00,0.00,0.00,,,,,,,17,13,28.2,122.8,493,0.00,34.7826,0
542,"Internal",297,841,0.00,58750.00,54.5779,29.2509,16.1712,89,61,41,57,27,10,12,0.00,0.00,0.00,,21,,0.00,0.00,0.00,0.00,0.00,0.00,0.00,0.00,0.00,0.00,0.00,0.00,0.00,0.00,5,0.00,0.00,0.00,0.00,0.00,0.00,0.00,3,0.00,0.00,0.00,,,,,,,0.00,0.00,0.00,8,0.00,0.00,50,0
543,"Internal",106,310,0.00,53182.00,66.7742,21.9355,11.2903,18,45,7,6,25,3,2,0.00,0.00,0.00,,13,,0.00,0.00,0.00,0.00,0.00,0.00,0.00,0.00,0.00,0.00,0.00,0.00,0.00,0.00,0.00,0.00,0.00,0.00,0.00,0.00,0.00,0.00,2,0.00,0.00,0.00,,,,,,,0.00,0.00,0.00,2,0.00,0.00,0.00,0
544,"Internal",265,646,0.00,65745.00,65.9443,24.613,9.44272,68,97,48,30,16,2,4,0.00,0.00,0.00,,15,,0.00,0.00,0.00,75,0.00,0.00,0.00,14,0.00,15,11,9,0.00,3,9,6,0.00,18,0.00,30,3,20,15,0.00,0.00,0.00,,,,,,,71.5,55.5,6.9,59.1,35,0.00,48.1481,0
545,"Internal",126,267,0.00,65745.00,76.4045,15.7303,7.86517,60,20,29,9,6,0.00,2,0.00,0.00,0.00,,6,,0.00,0.00,0.00,0.00,0.00,0.00,0.00,0.00,0.00,5,0.00,0.00,0.00,0.00,1,0.00,0.00,0.00,0.00,24,0.00,0.00,34,0.00,0.00,0.00,,,,,,,0.00,0.00,4.8,54.2,5,0.00,36.1111,0
546,"Internal",300,779,0.00,53182.00,60.4621,23.4917,16.0462,101,74,40,40,29,7,9,0.00,0.00,0.00,,19,,0.00,0.00,0.00,6,0.00,0.00,0.00,0.00,0.00,0.00,0.00,0.00,0.00,5,7,0.00,0.00,0.00,0.00,5,0.00,0.00,1,0.00,0.00,0.00,,,,,,,3,3,1,17,0.00,0.00,42.8571,0
547,"Internal",155,506,0.00,78625.00,61.0672,27.4704,11.4625,28,39,20,30,20,6,12,405,0.00,0.00,,17,,0.00,0.00,0.00,0.00,0.00,0.00,0.00,0.00,0.00,0.00,0.00,0.00,0.00,0.00,0.00,0.00,0.00,10,48,0.00,0.00,0.00,0.00,0.00,0.00,0.00,,,,,,,0.00,10,19.2,28.8,0.00,405,33.3333,0
548,"Internal",193,415,0.00,36696.00,55.1807,25.5422,19.2771,72,75,17,12,10,5,2,0.00,0.00,0.00,,7,,0.00,0.00,0.00,0.00,0.00,0.00,0.00,1,2,7,0.00,0.00,0.00,0.00,5,0.00,0.00,0.00,6,9,21,106,52,0.00,0.00,0.00,,,,,,,1,0.00,10.5,82.5,115,0.00,16.129,0
549,"Internal",175,522,0.00,58750.00,56.8966,32.3755,10.728,21,61,39,28,12,8,6,0.00,0.00,0.00,,15,,0.00,0.00,0.00,0.00,0.00,0.00,0.00,0.00,0.00,0.00,0.00,0.00,0.00,0.00,0.00,0.00,0.00,0.00,0.00,0.00,0.00,0.00,0.00,0.00,0.00,0.00,,,,,,,0.00,0.00,0.00,0.00,0.00,0.00,45.0082,0
550,"Internal",11,35,0.00,92841.00,45.7143,20,34.2857,0.00,3,5,1,2,0.00,0.00,0.00,0.00,0.00,,0.00,,0.00,0.00,0.00,6,0.00,0.00,0.00,1,0.00,0.00,0.00,0.00,0.00,0.00,0.00,8,0.00,23,0.00,9,0.00,0.00,2,0.00,0.00,0.00,,,,,,,4,26,1.8,17.2,0.00,0.00,47.619,0
551,"Internal",257,468,0.00,36696.00,55.9829,13.4615,30.5556,166,39,16,14,15,4,3,0.00,0.00,0.00,,8,,0.00,0.00,0.00,55,0.00,0.00,0.00,0.00,0.00,0.00,0.00,0.00,0.00,0.00,3,0.00,0.00,0.00,0.00,26,0.00,0.00,2,783,0.00,0.00,,,,,,,27.5,810.5,5.2,25.8,0.00,0.00,76.0309,0
552,"Internal",243,637,0.00,78625.00,53.5322,26.6876,19.7802,70,75,40,21,17,12,8,0.00,0.00,0.00,,11,,0.00,0.00,0.00,1,0.00,0.00,2,0.00,0.00,2,0.00,0.00,0.00,1,0.00,0.00,0.00,10,0.00,114,5,26,0.00,23,0.00,0.00,,,,,,,2.5,33.5,24.3,95.7,28,0.00,47.541,0
553,"Internal",130,350,0.00,88056.00,53.4286,25.7143,20.8571,37,37,19,15,11,10,1,0.00,0.00,0.00,,4,,0.00,0.00,0.00,7,0.00,0.00,0.00,0.00,0.00,0.00,0.00,0.00,0.00,6,0.00,0.00,1,33,0.00,2,0.00,0.00,0.00,0.00,0.00,0.00,,,,,,,3.5,37.5,0.4,7.6,0.00,0.00,32.2034,0
554,"Internal",158,403,0.00,88056.00,60.0496,26.3027,13.6476,49,59,9,15,13,7,6,0.00,0.00,0.00,,7,,0.00,0.00,0.00,0.00,0.00,0.00,0.00,0.00,0.00,0.00,0.00,0.00,0.00,0.00,0.00,0.00,0.00,0.00,0.00,5,7,34,11,0.00,0.00,0.00,,,,,,,0.00,0.00,3.1,19.9,34,0.00,11.4754,0
555,"Internal",37,129,0.00,58750.00,65.1163,20.9302,13.9535,7,5,7,5,9,2,2,0.00,0.00,0.00,,3,,0.00,0.00,0.00,17,0.00,0.00,0.00,5,112,8,0.00,0.00,0.00,7,42,73,0.00,0.00,0.00,80,30,153,31,0.00,0.00,0.00,,,,,,,13.5,8.5,25,238,273,0.00,25.1131,0
556,"Internal",278,589,0.00,45078.00,60.781,25.6367,13.5823,116,79,38,32,7,4,2,0.00,0.00,0.00,,12,,0.00,0.00,0.00,0.00,0.00,0.00,0.00,0.00,1,0.00,0.00,0.00,0.00,0.00,7,0.00,0.00,0.00,0.00,1,0.00,2,7,0.00,0.00,21,,,,,,,0.00,0.00,0.2,14.8,3,0.00,14.2857,0
557,"Internal",222,623,0.00,88750.00,50.7223,32.9053,16.3724,66,56,32,26,19,11,12,0.00,0.00,0.00,,12,,0.00,0.00,0.00,0.00,0.00,0.00,0.00,0.00,0.00,0.00,0.00,0.00,0.00,0.00,3,0.00,0.00,0.00,0.00,0.00,3,15,26,0.00,0.00,0.00,,,,,,,0.00,0.00,0.9,31.1,15,0.00,45.0082,0
558,"Internal",60,139,0.00,45078.00,73.3813,20.8633,5.7554,19,22,8,6,3,1,1,415,0.00,0.00,,2,,0.00,0.00,0.00,0.00,0.00,0.00,0.00,0.00,0.00,0.00,0.00,0.00,0.00,0.00,0.00,0.00,0.00,0.00,51,0.00,0.00,0.00,0.00,0.00,0.00,0.00,,,,,,,0.00,0.00,20.4,30.6,0.00,415,70,0
559,"Internal",79,198,0.00,66341.00,58.0808,18.1818,23.7374,23,22,15,11,7,0.00,1,629,0.00,0.00,,2,,0.00,0.00,0.00,29,0.00,0.00,0.00,0.00,0.00,0.00,0.00,68,0.00,0.00,5,2,0.00,5,73,0.00,0.00,0.00,18,0.00,0.00,0.00,,,,,,,82.5,19.5,29.2,68.8,0.00,629,100,0
560,"Internal",104,301,0.00,63269.00,67.1096,23.2558,9.63455,27,36,6,13,7,8,7,0.00,0.00,0.00,,7,,0.00,0.00,0.00,0.00,0.00,0.00,0.00,0.00,0.00,0.00,1,0.00,0.00,0.00,0.00,0.00,0.00,0.00,0.00,0.00,0.00,0.00,0.00,0.00,0.00,0.00,,,,,,,1,0.00,0.00,0.00,0.00,0.00,0.00,0
561,"Internal",77,174,0.00,92841.00,50.5747,10.3448,39.0805,15,44,9,4,2,3,0.00,0.00,0.00,0.00,,5,,0.00,0.00,0.00,6,0.00,0.00,0.00,0.00,0.00,0.00,0.00,0.00,0.00,0.00,0.00,1,0.00,0.00,0.00,0.00,0.00,0.00,0.00,0.00,0.00,0.00,,,,,,,3,3,0.00,1,0.00,0.00,66.6667,0
562,"Internal",192,550,9,92841.00,56.3636,22.7273,20.9091,30,68,38,27,17,7,5,0.00,0.00,0.00,,16,,0.00,0.00,0.00,0.00,0.00,0.00,0.00,0.00,0.00,0.00,0.00,0.00,0.00,0.00,0.00,0.00,0.00,8,0.00,1,0.00,0.00,6,0.00,0.00,0.00,,,,,,,0.00,8,0.2,6.8,0.00,0.00,24.3243,0
563,"Internal",200,586,0.00,63269.00,59.5563,25.7679,14.6758,48,46,37,36,16,8,9,0.00,0.00,0.00,,15,,0.00,0.00,0.00,13,0.00,0.00,0.00,0.00,0.00,0.00,0.00,0.00,0.00,0.00,0.00,0.00,0.00,0.00,0.00,0.00,0.00,0.00,3,0.00,0.00,0.00,,,,,,,6.5,6.5,0.00,3,0.00,0.00,46.1538,0
564,"Internal",103,314,0.00,88750.00,56.6879,30.8917,12.4204,17,32,18,18,8,3,7,218,0.00,0.00,,6,,0.00,0.00,0.00,2,0.00,0.00,0.00,0.00,0.00,0.00,0.00,0.00,0.00,0.00,0.00,1,0.00,0.00,39,0.00,0.00,0.00,0.00,0.00,0.00,0.00,,,,,,,1,1,15.6,24.4,0.00,218,14.0625,0
565,"Internal",175,458,0.00,66341.00,57.8603,27.9476,14.1921,54,50,20,23,19,6,3,0.00,0.00,0.00,,8,,0.00,0.00,0.00,0.00,0.00,0.00,0.00,0.00,0.00,0.00,0.00,0.00,0.00,0.00,3,0.00,0.00,0.00,0.00,0.00,0.00,0.00,0.00,0.00,0.00,0.00,,,,,,,0.00,0.00,0.00,3,0.00,0.00,45.0082,0
566,"Internal",615,1149.00,0.00,37337.00,70.322,12.2715,17.4064,308,180,61,46,10,6,4,0.00,0.00,0.00,,20,,0.00,0.00,0.00,0.00,0.00,0.00,0.00,0.00,0.00,7,0.00,0.00,0.00,0.00,41,0.00,0.00,0.00,0.00,5,10,52,0.00,0.00,0.00,309,,,,,,,0.00,0.00,4,52,59,0.00,38.9831,0
567,"Internal",399,1041.00,0.00,103328.00,60.6148,22.7666,16.6186,122,120,47,50,33,16,11,336,0.00,0.00,,33,,0.00,0.00,0.00,3,0.00,0.00,0.00,0.00,0.00,0.00,0.00,0.00,0.00,0.00,0.00,0.00,0.00,3,44,0.00,0.00,0.00,6,0.00,0.00,0.00,,,,,,,1.5,4.5,17.6,32.4,0.00,336,50,0
568,"Internal",197,523,0.00,146330.00,56.2141,28.6807,15.1052,45,73,29,21,18,6,5,0.00,0.00,0.00,,16,,0.00,0.00,0.00,1,0.00,0.00,0.00,0.00,0.00,0.00,0.00,0.00,0.00,0.00,3,0.00,0.00,0.00,0.00,0.00,0.00,0.00,2,0.00,0.00,0.00,,,,,,,0.5,0.5,0.00,5,0.00,0.00,100,0
569,"Internal",213,599,0.00,98816.00,58.2638,23.7062,18.03,37,64,56,32,11,8,5,0.00,0.00,0.00,,10,,0.00,0.00,0.00,11,0.00,0.00,0.00,0.00,0.00,0.00,0.00,0.00,0.00,1,40,0.00,0.00,0.00,0.00,5,0.00,0.00,5,1,0.00,0.00,,,,,,,5.5,6.5,1,50,0.00,0.00,38.8889,0
570,"Internal",0.00,0.00,0.00,89930.00,,,,0.00,0.00,0.00,0.00,0.00,0.00,0.00,0.00,0.00,0.00,,2,,0.00,0.00,0.00,0.00,0.00,0.00,0.00,0.00,3,69,0.00,0.00,0.00,0.00,1,0.00,0.00,0.00,0.00,0.00,18,95,0.00,0.00,0.00,132,,,,,,,0.00,0.00,5.4,13.6,167,0.00,45.0082,0
571,"Internal",207,627,0.00,73333.00,57.5758,22.6475,19.7767,31,59,48,33,21,8,7,0.00,0.00,0.00,,16,,0.00,0.00,0.00,0.00,0.00,0.00,0.00,0.00,0.00,0.00,0.00,0.00,0.00,0.00,0.00,0.00,0.00,0.00,0.00,6,0.00,0.00,0.00,0.00,0.00,0.00,,,,,,,0.00,0.00,1.2,4.8,0.00,0.00,50,0
572,"Internal",188,533,0.00,66341.00,64.728,23.8274,11.4447,41,66,20,28,16,11,6,0.00,0.00,0.00,,11,,0.00,0.00,0.00,0.00,0.00,0.00,0.00,0.00,0.00,0.00,0.00,0.00,0.00,0.00,0.00,0.00,0.00,0.00,0.00,0.00,5,25,7,0.00,0.00,0.00,,,,,,,0.00,0.00,1.5,10.5,25,0.00,45.0082,0
573,"Internal",0.00,0.00,0.00,89930.00,,,,0.00,0.00,0.00,0.00,0.00,0.00,0.00,0.00,0.00,0.00,,0.00,,0.00,0.00,0.00,0.00,0.00,0.00,0.00,0.00,132,60,0.00,0.00,0.00,5,7,0.00,0.00,149,0.00,10,51,261,40,0.00,0.00,0.00,,,,,,,0.00,149,17.3,95.7,453,0.00,16.4021,0
574,"Internal",230,476,0.00,58880.00,69.958,21.8487,8.19328,94,84,20,16,9,4,3,0.00,0.00,0.00,,7,,0.00,0.00,0.00,0.00,0.00,0.00,0.00,0.00,0.00,10,0.00,0.00,0.00,17,11,0.00,0.00,0.00,0.00,0.00,118,613,21,0.00,0.00,147,,,,,,,0.00,0.00,35.4,131.6,623,0.00,22.5,0
575,"Internal",121,354,0.00,73333.00,61.0169,29.3785,9.60452,26,36,21,16,7,11,4,0.00,0.00,0.00,,5,,0.00,0.00,0.00,0.00,0.00,0.00,0.00,0.00,0.00,0.00,0.00,0.00,0.00,0.00,0.00,0.00,0.00,0.00,0.00,0.00,0.00,0.00,0.00,0.00,0.00,0.00,,,,,,,0.00,0.00,0.00,0.00,0.00,0.00,45.0082,0
576,"Internal",203,612,0.00,146330.00,58.1699,26.4706,15.3595,35,78,28,20,15,7,20,0.00,0.00,0.00,,13,,0.00,0.00,0.00,5,0.00,0.00,0.00,0.00,0.00,0.00,0.00,0.00,0.00,15,0.00,30,0.00,3,0.00,59,0.00,0.00,0.00,0.00,0.00,0.00,,,,,,,2.5,5.5,11.8,92.2,0.00,0.00,50,0
577,"Internal",3,8,0.00,146330.00,50,25,25,0.00,2,0.00,1,0.00,0.00,0.00,0.00,0.00,0.00,,0.00,,0.00,0.00,0.00,0.00,0.00,0.00,0.00,0.00,78,33,0.00,0.00,0.00,23,5,0.00,0.00,0.00,0.00,56,41,216,21,0.00,0.00,0.00,,,,,,,0.00,0.00,23.5,122.5,327,0.00,19.2825,0
578,"Internal",340,925,0.00,74844.00,61.2973,25.6216,13.0811,54,148,54,45,12,16,11,412,0.00,0.00,,22,,0.00,0.00,0.00,2,0.00,0.00,0.00,0.00,0.00,0.00,0.00,0.00,0.00,0.00,0.00,0.00,0.00,0.00,45,0.00,0.00,0.00,0.00,0.00,0.00,0.00,,,,,,,1,1,18,27,0.00,412,27.9141,0
579,"Internal",201,610,1,101875.00,62.7869,26.3934,10.8197,36,51,43,35,19,11,6,0.00,0.00,0.00,,15,,0.00,0.00,0.00,21,0.00,0.00,0.00,0.00,0.00,0.00,0.00,0.00,0.00,6,11,0.00,9,3,0.00,24,0.00,0.00,0.00,0.00,0.00,0.00,,,,,,,10.5,22.5,4.8,36.2,0.00,0.00,40.2597,0
580,"Internal",0.00,0.00,0.00,89930.00,,,,0.00,0.00,0.00,0.00,0.00,0.00,0.00,0.00,0.00,0.00,,0.00,,0.00,0.00,0.00,0.00,0.00,0.00,0.00,0.00,41,78,0.00,0.00,0.00,10,3,31,0.00,0.00,0.00,20,22,116,7,0.00,0.00,0.00,,,,,,,0.00,0.00,10.6,82.4,235,0.00,34.0909,0
581,"Internal",138,416,0.00,98816.00,59.6154,22.3558,18.0288,31,33,24,19,18,10,3,0.00,0.00,0.00,,9,,0.00,0.00,0.00,7,0.00,0.00,0.00,0.00,0.00,0.00,0.00,0.00,0.00,0.00,0.00,0.00,0.00,0.00,0.00,0.00,0.00,0.00,7,0.00,0.00,0.00,,,,,,,3.5,3.5,0.00,7,0.00,0.00,45.0082,0
582,"Internal",122,373,0.00,74844.00,54.1555,27.6139,18.2306,25,32,22,16,13,9,5,0.00,0.00,0.00,,12,,0.00,0.00,0.00,0.00,0.00,0.00,0.00,0.00,0.00,0.00,0.00,0.00,0.00,0.00,0.00,0.00,0.00,0.00,0.00,0.00,1,8,0.00,0.00,0.00,0.00,,,,,,,0.00,0.00,0.3,0.7,8,0.00,0.00,0
583,"Internal",191,528,0.00,101875.00,53.9773,24.8106,21.2121,41,69,32,16,15,12,6,0.00,0.00,0.00,,11,,0.00,0.00,0.00,1,0.00,0.00,0.00,0.00,0.00,0.00,0.00,0.00,0.00,0.00,0.00,0.00,0.00,0.00,0.00,7,0.00,0.00,1,0.00,0.00,0.00,,,,,,,0.5,0.5,1.4,6.6,0.00,0.00,30.4348,0
584,"Internal",442,1215.00,0.00,84280.00,57.5309,27.2428,15.2263,89,142,98,58,28,13,14,0.00,0.00,0.00,,24,,0.00,0.00,0.00,0.00,0.00,0.00,0.00,0.00,0.00,0.00,0.00,0.00,0.00,0.00,1,0.00,0.00,10,0.00,0.00,5,22,2,0.00,0.00,0.00,,,,,,,0.00,10,1.5,6.5,22,0.00,29.1667,0
585,"Internal",208,354,0.00,51449.00,75.1412,20.6215,4.23729,129,51,10,8,3,3,4,0.00,0.00,0.00,,0.00,,0.00,0.00,0.00,0.00,0.00,0.00,0.00,0.00,0.00,0.00,0.00,0.00,0.00,0.00,8,0.00,0.00,0.00,0.00,5,0.00,0.00,0.00,0.00,0.00,0.00,,,,,,,0.00,0.00,1,12,0.00,0.00,45.0082,0
586,"Internal",9,22,0.00,88133.00,59.0909,31.8182,9.09091,3,4,0.00,0.00,1,1,0.00,0.00,0.00,0.00,,0.00,,0.00,0.00,0.00,20,0.00,0.00,6,0.00,54,22,0.00,0.00,0.00,2,1,1,0.00,0.00,3,0.00,11,62,9,34,0.00,0.00,,,,,,,16,44,4.5,22.5,138,0.00,30.0493,0
587,"Internal",78,170,0.00,37337.00,62.9412,24.7059,12.3529,40,15,6,9,5,0.00,3,0.00,0.00,0.00,,0.00,,0.00,0.00,0.00,0.00,0.00,0.00,0.00,0.00,0.00,0.00,0.00,0.00,0.00,0.00,0.00,0.00,0.00,0.00,0.00,0.00,0.00,0.00,0.00,0.00,0.00,0.00,,,,,,,0.00,0.00,0.00,0.00,0.00,0.00,23.7624,0
601,"Internal",651,1340.00,0.00,55200.00,70.8209,16.4179,12.7612,266,225,71,48,32,4,5,0.00,1950.00,0.00,,33,,0.00,0.00,0.00,0.00,0.00,0.00,0.00,0.00,2,0.00,0.00,0.00,0.00,0.00,20,0.00,0.00,18,179,0.00,5,24,13,86,0.00,0.00,,,,,,,0.00,104,73.1,143.9,26,1950.00,53.3333,0
602,"Internal",234,418,0.00,102759.00,65.311,23.445,11.244,113,81,18,21,1,0.00,0.00,0.00,78,0.00,,11,,0.00,0.00,0.00,0.00,24,0.00,0.00,0.00,0.00,62,0.00,0.00,1,6,0.00,3,0.00,6,21,31,9,48,23,0.00,0.00,0.00,,,,,,,24,6,17.3,76.7,110,78,24.3902,0
603,"Internal",257,509,0.00,78047.00,51.277,14.3418,34.3811,98,105,30,18,1,1,4,0.00,0.00,0.00,,12,,0.00,0.00,0.00,17,0.00,0.00,0.00,0.00,0.00,0.00,0.00,0.00,0.00,0.00,0.00,0.00,0.00,6,0.00,0.00,0.00,0.00,0.00,0.00,0.00,0.00,,,,,,,8.5,14.5,0.00,0.00,0.00,0.00,0.00,0
604,"Internal",334,741,0.00,102759.00,53.0364,21.1876,25.776,102,141,40,33,6,9,3,0.00,0.00,0.00,,14,,0.00,0.00,0.00,6,0.00,0.00,0.00,0.00,0.00,0.00,0.00,0.00,0.00,0.00,14,9,0.00,0.00,0.00,0.00,7,39,0.00,0.00,0.00,0.00,,,,,,,3,3,2.1,27.9,39,0.00,26.9231,0
605,"Internal",200,483,0.00,78047.00,61.6977,20.7039,17.5983,43,91,28,23,10,3,2,0.00,0.00,0.00,,8,,0.00,0.00,0.00,2,0.00,0.00,0.00,1,0.00,0.00,0.00,0.00,0.00,0.00,0.00,1,0.00,0.00,0.00,0.00,0.00,0.00,0.00,0.00,0.00,0.00,,,,,,,2,1,0.00,1,0.00,0.00,46.875,0
606,"Internal",278,701,0.00,100938.00,51.9258,25.8203,22.2539,43,132,43,42,11,7,0.00,369,0.00,0.00,,15,,0.00,0.00,0.00,17,0.00,0.00,0.00,0.00,95,2,0.00,0.00,0.00,0.00,0.00,9,0.00,0.00,39,0.00,0.00,0.00,5,0.00,0.00,0.00,,,,,,,8.5,8.5,15.6,37.4,97,369,27.9793,0
607,"Internal",396,766,0.00,71322.00,48.8251,11.3577,39.8172,178,134,39,28,12,4,1,0.00,0.00,0.00,,18,,0.00,0.00,0.00,17,0.00,0.00,0.00,0.00,0.00,0.00,0.00,0.00,0.00,0.00,0.00,0.00,0.00,0.00,0.00,5,0.00,0.00,2,0.00,0.00,0.00,,,,,,,8.5,8.5,1,6,0.00,0.00,68.75,0
608,"Internal",101,256,0.00,100938.00,57.8125,16.0156,26.1719,30,33,15,13,2,3,5,0.00,0.00,0.00,,8,,0.00,0.00,0.00,0.00,0.00,0.00,0.00,0.00,0.00,0.00,0.00,0.00,0.00,0.00,0.00,7,0.00,6,0.00,0.00,0.00,0.00,0.00,0.00,0.00,0.00,,,,,,,0.00,6,0.00,7,0.00,0.00,62.5,0
609,"Internal",0.00,0.00,0.00,89930.00,,,,0.00,0.00,0.00,0.00,0.00,0.00,0.00,0.00,0.00,0.00,,0.00,,0.00,0.00,0.00,0.00,0.00,0.00,0.00,0.00,0.00,0.00,0.00,0.00,0.00,0.00,0.00,0.00,0.00,0.00,0.00,0.00,1,5,0.00,0.00,0.00,0.00,,,,,,,0.00,0.00,0.3,0.7,5,0.00,62.5,0
610,"Internal",65,133,0.00,133417.00,49.6241,29.3233,21.0526,21,28,10,4,2,0.00,0.00,0.00,0.00,0.00,,3,,0.00,0.00,0.00,0.00,0.00,0.00,0.00,0.00,0.00,0.00,0.00,0.00,0.00,0.00,5,1,0.00,0.00,0.00,0.00,0.00,0.00,0.00,0.00,0.00,0.00,,,,,,,0.00,0.00,0.00,6,0.00,0.00,100,0
611,"Internal",74,181,0.00,160938.00,45.8564,20.442,33.7017,21,32,3,9,5,2,2,0.00,0.00,0.00,,4,,0.00,0.00,0.00,0.00,0.00,0.00,0.00,0.00,0.00,0.00,0.00,0.00,0.00,0.00,0.00,0.00,0.00,0.00,0.00,1,0.00,0.00,1,0.00,0.00,0.00,,,,,,,0.00,0.00,0.2,1.8,0.00,0.00,40,0
612,"Internal",40,98,0.00,103839.00,42.8571,22.449,34.6939,10,9,15,5,1,0.00,0.00,0.00,0.00,0.00,,5,,0.00,0.00,0.00,0.00,0.00,0.00,0.00,0.00,0.00,0.00,0.00,0.00,0.00,0.00,0.00,0.00,0.00,0.00,0.00,0.00,0.00,0.00,0.00,0.00,0.00,0.00,,,,,,,0.00,0.00,0.00,0.00,0.00,0.00,100,0
613,"Internal",90,239,0.00,172105.00,49.3724,25.1046,25.523,22,21,23,19,0.00,5,0.00,0.00,0.00,0.00,,5,,0.00,0.00,0.00,0.00,0.00,0.00,0.00,0.00,0.00,0.00,0.00,0.00,0.00,0.00,5,0.00,0.00,0.00,0.00,0.00,0.00,0.00,1,0.00,0.00,0.00,,,,,,,0.00,0.00,0.00,6,0.00,0.00,100,0
614,"Internal",138,347,0.00,90071.00,42.6513,23.9193,33.4294,18,74,9,33,3,0.00,1,0.00,0.00,0.00,,8,,0.00,0.00,0.00,0.00,0.00,0.00,0.00,0.00,0.00,0.00,0.00,0.00,0.00,0.00,0.00,0.00,0.00,0.00,3,160,5,25,26,0.00,0.00,0.00,,,,,,,0.00,0.00,34.7,159.3,25,0.00,52.6316,0
615,"Internal",132,287,0.00,100938.00,50.8711,20.9059,28.223,41,51,22,14,3,0.00,1,635,0.00,0.00,,9,,0.00,0.00,0.00,0.00,0.00,0.00,0.00,0.00,0.00,0.00,0.00,0.00,0.00,0.00,0.00,0.00,0.00,0.00,86,0.00,0.00,0.00,0.00,0.00,0.00,0.00,,,,,,,0.00,0.00,34.4,51.6,0.00,635,45.0082,0
616,"Internal",92,175,130,90071.00,28.5714,5.14286,66.2857,54,17,7,6,7,0.00,1,0.00,0.00,0.00,,5,,0.00,0.00,0.00,0.00,0.00,0.00,0.00,0.00,0.00,0.00,0.00,0.00,0.00,0.00,0.00,0.00,0.00,0.00,0.00,138,0.00,0.00,2,0.00,0.00,0.00,,,,,,,0.00,0.00,27.6,112.4,0.00,0.00,37.9845,0
617,"Internal",48,97,0.00,103839.00,47.4227,15.4639,37.1134,14,28,1,3,0.00,2,0.00,0.00,0.00,0.00,,4,,0.00,0.00,0.00,0.00,0.00,0.00,8,0.00,0.00,0.00,0.00,0.00,0.00,0.00,0.00,0.00,0.00,0.00,0.00,0.00,0.00,0.00,0.00,0.00,0.00,0.00,,,,,,,8,0.00,0.00,0.00,0.00,0.00,71.4286,0
618,"Internal",318,747,0.00,103839.00,51.8072,17.2691,30.9237,115,87,53,28,24,10,1,0.00,0.00,0.00,,16,,0.00,0.00,0.00,0.00,0.00,0.00,0.00,1,0.00,0.00,0.00,0.00,0.00,2,0.00,2,3,0.00,0.00,0.00,0.00,0.00,0.00,0.00,0.00,0.00,,,,,,,1,3,0.00,4,0.00,0.00,33.3333,0
619,"Internal",286,734,0.00,160938.00,56.267,20.5722,23.1608,44,129,54,36,15,5,3,0.00,0.00,0.00,,19,,0.00,0.00,0.00,7,0.00,0.00,0.00,0.00,0.00,0.00,0.00,1,0.00,0.00,0.00,1,0.00,57,0.00,0.00,0.00,0.00,0.00,0.00,0.00,0.00,,,,,,,4.5,60.5,0.00,1,0.00,0.00,32.4324,0
620,"Internal",191,434,0.00,103839.00,47.9263,28.1106,23.9631,67,59,27,24,12,2,0.00,0.00,0.00,0.00,,9,,11,0.00,0.00,30,0.00,0.00,0.00,0.00,0.00,0.00,3,0.00,0.00,2,1,10,6,0.00,0.00,0.00,0.00,0.00,0.00,0.00,0.00,0.00,,,,,,,29,21,0.00,13,0.00,0.00,72.7273,0
621,"Internal",177,446,0.00,172105.00,51.7937,21.3004,26.9058,42,66,34,17,7,10,1,0.00,0.00,0.00,,11,,0.00,0.00,0.00,0.00,0.00,0.00,0.00,0.00,0.00,0.00,0.00,0.00,0.00,0.00,0.00,0.00,0.00,5,0.00,0.00,0.00,0.00,0.00,0.00,0.00,0.00,,,,,,,0.00,5,0.00,0.00,0.00,0.00,0.00,0
622,"Internal",322,803,14,172105.00,50.0623,20.1743,29.7634,64,144,40,48,17,9,0.00,0.00,0.00,0.00,,25,,0.00,0.00,0.00,10,0.00,0.00,0.00,0.00,0.00,0.00,0.00,0.00,1,8,2,1,0.00,0.00,0.00,17,3,18,16,0.00,0.00,0.00,,,,,,,5,5,4.3,43.7,18,0.00,18.6441,0
623,"Internal",370,894,0.00,113417.00,49.5526,19.9105,30.5369,86,153,49,60,18,3,1,0.00,0.00,0.00,,19,,0.00,0.00,0.00,18,0.00,0.00,0.00,0.00,0.00,0.00,0.00,0.00,0.00,5,0.00,20,0.00,0.00,6,0.00,2,10,1,0.00,0.00,0.00,,,,,,,9,9,3,31,10,0.00,32.5,0
624,"Internal",207,480,0.00,90071.00,49.375,20.8333,29.7917,51,106,14,19,8,4,5,0.00,0.00,0.00,,20,,3,0.00,0.00,17,0.00,0.00,0.00,2,0.00,0.00,0.00,0.00,0.00,0.00,7,1,0.00,0.00,0.00,0.00,0.00,0.00,0.00,0.00,0.00,0.00,,,,,,,13.5,8.5,0.00,8,0.00,0.00,63.6364,0
625,"Internal",243,632,0.00,98962.00,51.4241,26.5823,21.9937,61,85,33,39,8,13,4,0.00,0.00,0.00,,13,,0.00,0.00,0.00,0.00,0.00,0.00,0.00,0.00,8,6,0.00,0.00,0.00,6,0.00,0.00,0.00,6,17,0.00,3,15,15,0.00,0.00,0.00,,,,,,,0.00,6,7.7,33.3,29,0.00,16.6667,0
626,"Internal",53,138,0.00,160938.00,49.2754,21.7391,28.9855,9,21,12,5,5,1,0.00,0.00,0.00,0.00,,2,,0.00,0.00,0.00,0.00,0.00,0.00,0.00,0.00,0.00,0.00,0.00,0.00,0.00,0.00,0.00,1,0.00,0.00,0.00,0.00,0.00,0.00,0.00,0.00,0.00,0.00,,,,,,,0.00,0.00,0.00,1,0.00,0.00,20,0
627,"Internal",81,188,0.00,146917.00,47.8723,23.4043,28.7234,31,19,10,16,5,0.00,0.00,0.00,0.00,0.00,,3,,0.00,0.00,0.00,0.00,0.00,0.00,0.00,0.00,0.00,0.00,0.00,0.00,0.00,0.00,7,0.00,0.00,0.00,0.00,0.00,0.00,0.00,0.00,0.00,0.00,0.00,,,,,,,0.00,0.00,0.00,7,0.00,0.00,45.0082,0
628,"Internal",95,256,0.00,219276.00,55.0781,13.2812,31.6406,17,34,17,17,9,0.00,1,439,0.00,0.00,,6,,0.00,5,0.00,0.00,0.00,0.00,0.00,0.00,0.00,9,0.00,0.00,0.00,0.00,1,25,0.00,20,48,71,14,72,11,0.00,0.00,0.00,,,,,,,5,20,37.6,132.4,81,439,14.4068,0
629,"Internal",151,376,0.00,146917.00,49.734,18.883,31.383,20,76,29,17,6,2,1,0.00,0.00,0.00,,12,,0.00,0.00,0.00,0.00,0.00,0.00,0.00,0.00,0.00,0.00,0.00,0.00,0.00,0.00,0.00,0.00,0.00,0.00,0.00,0.00,0.00,0.00,0.00,0.00,0.00,0.00,,,,,,,0.00,0.00,0.00,0.00,0.00,0.00,45.0082,0
630,"Internal",0.00,0.00,0.00,89930.00,,,,0.00,0.00,0.00,0.00,0.00,0.00,0.00,0.00,0.00,0.00,,0.00,,0.00,0.00,0.00,0.00,0.00,0.00,0.00,0.00,0.00,0.00,0.00,0.00,0.00,0.00,0.00,0.00,0.00,0.00,0.00,0.00,0.00,0.00,0.00,0.00,0.00,0.00,,,,,,,0.00,0.00,0.00,0.00,0.00,0.00,45.0082,0
631,"Internal",139,345,0.00,110764.00,50.1449,19.1304,30.7246,27,58,25,23,3,1,2,0.00,0.00,0.00,,12,,0.00,0.00,0.00,1,0.00,0.00,0.00,0.00,0.00,0.00,0.00,0.00,0.00,0.00,15,0.00,0.00,5,0.00,0.00,0.00,0.00,0.00,0.00,0.00,0.00,,,,,,,0.5,5.5,0.00,15,0.00,0.00,25,0
632,"Internal",260,588,0.00,214074.00,38.9456,10.5442,50.5102,61,130,31,25,7,3,3,0.00,0.00,0.00,,15,,0.00,0.00,0.00,5,0.00,0.00,0.00,0.00,0.00,0.00,0.00,0.00,0.00,3,263,1,0.00,0.00,0.00,13,0.00,0.00,20,0.00,0.00,0.00,,,,,,,2.5,2.5,2.6,297.4,0.00,0.00,53.2189,0
633,"Internal",265,635,0.00,146917.00,51.811,18.7402,29.4488,37,150,35,27,13,1,2,0.00,0.00,0.00,,16,,0.00,0.00,0.00,0.00,0.00,0.00,0.00,0.00,0.00,0.00,0.00,0.00,0.00,0.00,0.00,0.00,0.00,1,0.00,0.00,0.00,0.00,0.00,0.00,0.00,0.00,,,,,,,0.00,1,0.00,0.00,0.00,0.00,62.5,0
634,"Internal",187,443,0.00,110764.00,55.5305,18.9616,25.5079,41,84,29,22,7,4,0.00,0.00,0.00,0.00,,9,,0.00,0.00,0.00,1,0.00,0.00,0.00,0.00,0.00,0.00,0.00,0.00,0.00,0.00,2,0.00,0.00,0.00,0.00,2,0.00,0.00,0.00,0.00,0.00,0.00,,,,,,,0.5,0.5,0.4,3.6,0.00,0.00,36.3636,0
635,"Internal",134,359,0.00,98962.00,49.0251,19.4986,31.4763,21,62,11,29,6,0.00,5,0.00,0.00,0.00,,14,,0.00,0.00,0.00,0.00,0.00,0.00,0.00,1,0.00,0.00,0.00,0.00,0.00,0.00,0.00,0.00,0.00,0.00,0.00,0.00,8,42,0.00,0.00,0.00,0.00,,,,,,,1,0.00,2.4,5.6,42,0.00,11.7647,0
636,"Internal",291,647,0.00,110764.00,47.2952,16.5379,36.1669,103,95,41,34,15,1,2,0.00,0.00,0.00,,13,,0.00,3,0.00,6,0.00,0.00,0.00,0.00,0.00,0.00,0.00,0.00,0.00,17,5,0.00,0.00,0.00,0.00,1,8,41,5,0.00,0.00,0.00,,,,,,,6,3,2.6,33.4,41,0.00,92.8571,0
637,"Internal",260,542,0.00,90071.00,59.4096,16.2362,24.3542,106,74,50,18,8,2,2,0.00,0.00,0.00,,18,,0.00,0.00,0.00,0.00,0.00,0.00,0.00,0.00,0.00,0.00,0.00,0.00,0.00,0.00,15,0.00,0.00,2,0.00,0.00,0.00,0.00,0.00,0.00,0.00,0.00,,,,,,,0.00,2,0.00,15,0.00,0.00,50,0
638,"Internal",301,813,0.00,219276.00,49.0775,24.8462,26.0763,32,138,56,50,17,4,4,0.00,0.00,0.00,,22,,0.00,5,0.00,7,0.00,0.00,0.00,0.00,0.00,0.00,0.00,0.00,0.00,1,2,10,0.00,2,0.00,0.00,0.00,0.00,3,0.00,0.00,0.00,,,,,,,8.5,5.5,0.00,16,0.00,0.00,64.7059,0
639,"Internal",765,2056.00,0.00,213577.00,52.4805,24.2218,23.2977,168,280,91,133,51,26,16,534,0.00,0.00,,55,,6,0.00,0.00,41,3,0.00,0.00,8,72,0.00,1,0.00,6,70,47,141,7,18,68,104,15,77,16,0.00,0.00,0.00,,,,,,,38.5,45.5,52.5,414.5,149,534,51.7774,0
640,"Internal",69,154,0.00,219276.00,50.6494,27.9221,21.4286,12,39,11,5,1,1,0.00,0.00,0.00,0.00,,4,,0.00,0.00,0.00,46,0.00,0.00,0.00,0.00,0.00,0.00,0.00,0.00,0.00,0.00,0.00,0.00,0.00,0.00,0.00,0.00,0.00,0.00,0.00,0.00,0.00,0.00,,,,,,,23,23,0.00,0.00,0.00,0.00,61.1111,0
641,"Internal",81,220,0.00,214074.00,53.1818,26.3636,20.4545,10,38,13,10,5,5,0.00,0.00,0.00,0.00,,4,,0.00,0.00,0.00,18,0.00,0.00,0.00,0.00,0.00,0.00,0.00,0.00,0.00,0.00,3,0.00,0.00,0.00,0.00,0.00,0.00,0.00,0.00,0.00,0.00,0.00,,,,,,,9,9,0.00,3,0.00,0.00,45.0082,0
642,"Internal",3,5,0.00,99028.00,60,40,0.00,1,2,0.00,0.00,0.00,0.00,0.00,0.00,0.00,0.00,,0.00,,0.00,0.00,0.00,0.00,0.00,0.00,0.00,0.00,0.00,0.00,0.00,0.00,0.00,0.00,0.00,0.00,0.00,0.00,0.00,0.00,0.00,0.00,0.00,0.00,0.00,0.00,,,,,,,0.00,0.00,0.00,0.00,0.00,0.00,45.0082,0
643,"Internal",234,565,0.00,214074.00,46.9027,19.292,33.8053,62,93,38,20,7,10,4,0.00,0.00,0.00,,16,,0.00,0.00,0.00,1,0.00,0.00,0.00,0.00,0.00,0.00,0.00,0.00,0.00,0.00,0.00,9,0.00,0.00,1,0.00,14,69,8,0.00,0.00,0.00,,,,,,,0.5,0.5,4.6,27.4,69,0.00,70.5882,0
644,"Internal",0.00,0.00,0.00,89930.00,,,,0.00,0.00,0.00,0.00,0.00,0.00,0.00,0.00,0.00,0.00,,0.00,,0.00,0.00,0.00,0.00,0.00,0.00,0.00,0.00,0.00,0.00,0.00,0.00,0.00,0.00,0.00,0.00,0.00,0.00,0.00,0.00,0.00,0.00,0.00,0.00,0.00,0.00,,,,,,,0.00,0.00,0.00,0.00,0.00,0.00,45.0082,0
645,"Internal",73,176,0.00,110764.00,49.4318,18.1818,32.3864,12,39,8,11,0.00,3,0.00,0.00,0.00,0.00,,0.00,,0.00,0.00,0.00,0.00,0.00,0.00,1,0.00,0.00,0.00,0.00,0.00,0.00,0.00,0.00,0.00,0.00,11,0.00,0.00,0.00,0.00,0.00,0.00,0.00,0.00,,,,,,,1,11,0.00,0.00,0.00,0.00,0.00,0
646,"Internal",83,224,0.00,219276.00,41.9643,16.0714,41.9643,24,24,7,15,8,4,1,0.00,0.00,0.00,,0.00,,0.00,0.00,0.00,0.00,0.00,0.00,0.00,0.00,0.00,0.00,0.00,0.00,2,0.00,0.00,0.00,0.00,0.00,0.00,2,0.00,0.00,0.00,0.00,0.00,0.00,,,,,,,0.00,0.00,0.4,3.6,0.00,0.00,58.8235,0
701,"Internal",0.00,0.00,36,89930.00,,,,0.00,0.00,0.00,0.00,0.00,0.00,0.00,0.00,0.00,0.00,,0.00,,0.00,0.00,0.00,0.00,0.00,59,0.00,30,54,2,0.00,0.00,0.00,0.00,0.00,0.00,0.00,0.00,0.00,0.00,0.00,0.00,2,187,0.00,0.00,,,,,,,89,187,0.00,2,56,0.00,85.1064,0
702,"Internal",24,46,0.00,25437.00,50,23.913,26.087,15,2,4,0.00,3,0.00,0.00,0.00,0.00,0.00,,2,,34,0.00,0.00,79,0.00,6,8,0.00,0.00,2,112,0.00,0.00,0.00,5,0.00,0.00,55,5,0.00,3,18,188,0.00,0.00,0.00,,,,,,,199.5,94.5,2.9,198.1,20,0.00,55.6338,0
703,"Internal",0.00,0.00,0.00,89930.00,,,,0.00,0.00,0.00,0.00,0.00,0.00,0.00,0.00,0.00,0.00,,0.00,,0.00,0.00,0.00,0.00,0.00,0.00,0.00,0.00,0.00,0.00,0.00,0.00,0.00,0.00,2,0.00,0.00,0.00,0.00,0.00,0.00,0.00,18,13,0.00,0.00,,,,,,,0.00,13,0.00,20,0.00,0.00,32.8612,0
704,"Internal",1,2,0.00,90071.00,100,0.00,0.00,0.00,1,0.00,0.00,0.00,0.00,0.00,0.00,0.00,0.00,,0.00,,0.00,0.00,0.00,0.00,0.00,0.00,0.00,0.00,0.00,0.00,0.00,0.00,0.00,0.00,0.00,0.00,0.00,0.00,0.00,186,0.00,0.00,0.00,196,0.00,0.00,,,,,,,0.00,196,37.2,148.8,0.00,0.00,94.5813,0
705,"Internal",0.00,0.00,0.00,89930.00,,,,0.00,0.00,0.00,0.00,0.00,0.00,0.00,0.00,0.00,0.00,,1,,0.00,0.00,0.00,57,0.00,0.00,0.00,0.00,8,376,0.00,0.00,8,7,2,0.00,13,5,0.00,37,611,3152.00,37,0.00,0.00,2000.00,,,,,,,28.5,46.5,190.7,511.3,3536.00,0.00,43.6137,0
706,"Internal",1,2,0.00,90071.00,100,0.00,0.00,0.00,1,0.00,0.00,0.00,0.00,0.00,0.00,0.00,0.00,,1,,0.00,6,0.00,51,0.00,45,10,62,0.00,7,0.00,0.00,39,0.00,14,7,0.00,143,3,26,1,8,20,0.00,0.00,0.00,,,,,,,148.5,168.5,6.7,103.3,15,0.00,39.5161,0
707,"Internal",0.00,0.00,107,89930.00,,,,0.00,0.00,0.00,0.00,0.00,0.00,0.00,0.00,0.00,0.00,,0.00,,0.00,0.00,0.00,0.00,0.00,0.00,0.00,0.00,0.00,0.00,0.00,0.00,0.00,0.00,5,0.00,0.00,0.00,0.00,303,2,13,0.00,212,0.00,0.00,,,,,,,0.00,212,61.2,248.8,13,0.00,68.3616,0
708,"Internal",0.00,0.00,0.00,89930.00,,,,0.00,0.00,0.00,0.00,0.00,0.00,0.00,0.00,0.00,0.00,,0.00,,30,5,0.00,56,1,5,22,129,17,0.00,26,0.00,0.00,14,25,181,0.00,21,16,274,41,212,49,122,0.00,0.00,,,,,,,246,171,73.5,526.5,229,0.00,44.3609,0
709,"Internal",0.00,0.00,0.00,89930.00,,,,0.00,0.00,0.00,0.00,0.00,0.00,0.00,0.00,0.00,0.00,,0.00,,0.00,5,0.00,34,0.00,0.00,0.00,13,51,9,16,1,0.00,77,63,60,29,135,9,280,2,15,7,5,0.00,0.00,,,,,,,52,186,60.2,437.8,75,0.00,32.5153,0
710,"Internal",1,2,0.00,90071.00,100,0.00,0.00,0.00,1,0.00,0.00,0.00,0.00,0.00,0.00,0.00,0.00,,0.00,,7,0.00,2,725,0.00,38,0.00,116,10,28,16,0.00,0.00,0.00,5,18,16,8,0.00,21,36,185,147,0.00,0.00,0.00,,,,,,,541.5,386.5,15,212,223,0.00,79.6703,0
711,"Internal",0.00,0.00,0.00,89930.00,,,,0.00,0.00,0.00,0.00,0.00,0.00,0.00,0.00,0.00,0.00,,0.00,,0.00,0.00,0.00,21,0.00,17,18,163,0.00,0.00,20,30,0.00,37,11,21,0.00,278,3,26,0.00,0.00,64,0.00,0.00,0.00,,,,,,,258.5,288.5,6.4,155.6,0.00,0.00,44.9905,0
712,"Internal",0.00,0.00,0.00,89930.00,,,,0.00,0.00,0.00,0.00,0.00,0.00,0.00,0.00,0.00,0.00,,0.00,,0.00,0.00,0.00,25,0.00,22,11,10,137,0.00,15,0.00,3,0.00,39,0.00,0.00,20,0.00,44,5,24,108,0.00,0.00,0.00,,,,,,,70.5,32.5,10.3,188.7,161,0.00,56.25,0
713,"Internal",0.00,0.00,0.00,89930.00,,,,0.00,0.00,0.00,0.00,0.00,0.00,0.00,0.00,0.00,0.00,,0.00,,0.00,0.00,0.00,32,0.00,0.00,0.00,0.00,0.00,0.00,0.00,0.00,0.00,11,13,16,0.00,69,0.00,6,8,40,22,63,0.00,270,,,,,,,16,148,3.6,72.4,40,0.00,61.032,0
714,"Internal",0.00,0.00,0.00,89930.00,,,,0.00,0.00,0.00,0.00,0.00,0.00,0.00,0.00,0.00,0.00,,0.00,,0.00,0.00,0.00,32,0.00,0.00,0.00,0.00,0.00,3,25,0.00,0.00,0.00,2,0.00,0.00,0.00,0.00,0.00,22,110,1,0.00,0.00,0.00,,,,,,,41,16,6.6,18.4,113,0.00,45.0082,0
715,"Internal",0.00,0.00,0.00,89930.00,,,,0.00,0.00,0.00,0.00,0.00,0.00,0.00,0.00,216,0.00,,0.00,,0.00,0.00,0.00,98,5,15,0.00,8,0.00,0.00,0.00,61,0.00,0.00,5,2,0.00,22,24,26,0.00,3,30,0.00,0.00,0.00,,,,,,,138,71,14.8,72.2,3,216,45.0082,0
716,"Internal",32,49,0.00,90071.00,51.0204,32.6531,16.3265,23,4,2,2,0.00,0.00,1,0.00,0.00,0.00,,2,,0.00,0.00,0.00,688,31,87,0.00,0.00,3,55,0.00,48,0.00,6,21,1,38,86,0.00,137,7,33,41,0.00,0.00,0.00,,,,,,,510,468,29.5,183.5,91,0.00,70.3336,0
717,"Internal",0.00,0.00,0.00,89930.00,,,,0.00,0.00,0.00,0.00,0.00,0.00,0.00,0.00,0.00,0.00,,0.00,,0.00,0.00,0.00,0.00,0.00,0.00,0.00,0.00,0.00,0.00,0.00,0.00,0.00,0.00,0.00,0.00,0.00,0.00,0.00,0.00,23,117,0.00,2,0.00,126,,,,,,,0.00,2,6.9,16.1,117,0.00,45.0082,0
718,"Internal",1,2,16,90071.00,100,0.00,0.00,0.00,1,0.00,0.00,0.00,0.00,0.00,0.00,0.00,0.00,,0.00,,0.00,0.00,0.00,0.00,0.00,0.00,5,0.00,0.00,0.00,0.00,0.00,0.00,0.00,7,0.00,3,0.00,0.00,0.00,0.00,0.00,80,0.00,0.00,0.00,,,,,,,5,3,0.00,87,0.00,0.00,73.1343,0
719,"Internal",0.00,0.00,0.00,89930.00,,,,0.00,0.00,0.00,0.00,0.00,0.00,0.00,0.00,0.00,0.00,,0.00,,0.00,0.00,0.00,60,0.00,0.00,7,0.00,5,2,0.00,0.00,0.00,0.00,5,0.00,0.00,0.00,0.00,0.00,0.00,0.00,8,0.00,0.00,0.00,,,,,,,37,30,0.00,13,7,0.00,75,0
720,"Internal",0.00,0.00,0.00,89930.00,,,,0.00,0.00,0.00,0.00,0.00,0.00,0.00,0.00,0.00,0.00,,0.00,,2,1,0.00,154,0.00,0.00,0.00,3,38,244,941,78,0.00,11,956,20,6,15,0.00,8,20,101,63,458,0.00,0.00,,,,,,,1102.00,556,7.6,1070.40,383,0.00,38.5827,5843
721,"Internal",5,12,0.00,90071.00,58.3333,25,16.6667,1,2,1,1,0.00,0.00,0.00,0.00,0.00,0.00,,0.00,,0.00,42,0.00,464,61,13,253,106,422,30,22,21,17,0.00,71,13,34,84,0.00,6,5,26,143,0.00,0.00,0.00,,,,,,,750,350,2.7,252.3,478,0.00,63.3578,0
722,"Internal",0.00,0.00,0.00,89930.00,,,,0.00,0.00,0.00,0.00,0.00,0.00,0.00,0.00,0.00,0.00,,0.00,,0.00,0.00,0.00,0.00,0.00,0.00,0.00,0.00,0.00,0.00,0.00,0.00,0.00,0.00,0.00,0.00,0.00,0.00,0.00,0.00,0.00,0.00,0.00,0.00,0.00,0.00,,,,,,,0.00,0.00,0.00,0.00,0.00,0.00,45.0082,0
723,"Internal",9,21,0.00,90071.00,61.9048,23.8095,14.2857,3,3,1,1,1,0.00,0.00,0.00,0.00,0.00,,0.00,,109,0.00,0.00,561,26,18,77,61,61,23,129,38,0.00,0.00,14,81,10,223,5,0.00,2,10,41,0.00,0.00,0.00,,,,,,,738.5,513.5,2.6,140.4,94,0.00,50.7803,0
724,"Internal",0.00,0.00,0.00,89930.00,,,,0.00,0.00,0.00,0.00,0.00,0.00,0.00,0.00,0.00,0.00,,0.00,,0.00,30,0.00,460,0.00,22,93,239,15,5,213,84,0.00,0.00,11,65,8,0.00,0.00,6,1,3,141,0.00,0.00,0.00,,,,,,,911,238,1.5,222.5,23,0.00,66.0297,0
725,"Internal",0.00,0.00,0.00,89930.00,,,,0.00,0.00,0.00,0.00,0.00,0.00,0.00,0.00,0.00,0.00,,0.00,,0.00,0.00,0.00,98,0.00,16,0.00,85,15,46,51,0.00,0.00,0.00,135,80,0.00,0.00,34,0.00,0.00,0.00,23,0.00,0.00,0.00,,,,,,,201,49,13.6,258.4,61,0.00,70.8723,0
726,"Internal",0.00,0.00,0.00,89930.00,,,,0.00,0.00,0.00,0.00,0.00,0.00,0.00,0.00,0.00,0.00,,0.00,,0.00,0.00,0.00,0.00,0.00,0.00,0.00,0.00,0.00,0.00,13,0.00,0.00,0.00,0.00,0.00,0.00,0.00,0.00,0.00,574,2964.00,7,0.00,0.00,1382.00,,,,,,,13,0.00,172.2,408.8,2964.00,0.00,35.4779,0
727,"Internal",3,18,0.00,90071.00,0.00,0.00,100,0.00,-1,2,0.00,0.00,0.00,2,0.00,0.00,0.00,,0.00,,0.00,23,414,239,37,20,8,227,5,0.00,60,1,78,0.00,21,93,10,679,56,0.00,10,52,31,0.00,0.00,0.00,,,,,,,909.5,808.5,25.4,263.6,57,0.00,67.0213,0
728,"Internal",3,12,11,90071.00,50,0.00,50,0.00,0.00,0.00,3,0.00,0.00,0.00,0.00,0.00,0.00,,0.00,,171,0.00,0.00,0.00,0.00,0.00,0.00,76,0.00,0.00,131,0.00,0.00,0.00,0.00,26,0.00,37,0.00,5,0.00,1,6,0.00,0.00,0.00,,,,,,,378,37,1,36,1,0.00,44.9375,0
729,"Internal",1,2,0.00,90071.00,100,0.00,0.00,0.00,1,0.00,0.00,0.00,0.00,0.00,57,0.00,1068.00,,0.00,,0.00,7,0.00,84,51,0.00,946,135,8,52,2,28,230,0.00,13,213,1,24,28,150,2,15,21,0.00,0.00,0.00,,,,,,,1211.00,67,41.8,615.2,75,57,68.7163,0
730,"Internal",0.00,0.00,0.00,89930.00,,,,0.00,0.00,0.00,0.00,0.00,0.00,0.00,0.00,0.00,0.00,,0.00,,0.00,0.00,0.00,81,0.00,0.00,131,202,7,0.00,8,150,0.00,0.00,3,3,0.00,8,0.00,5,0.00,0.00,36,0.00,0.00,0.00,,,,,,,531.5,48.5,1,46,7,0.00,61.6794,0
731,"Internal",1,2,44,90071.00,100,0.00,0.00,1,-1,1,0.00,0.00,0.00,0.00,0.00,0.00,0.00,,0.00,,7,0.00,0.00,15,0.00,0.00,0.00,0.00,0.00,0.00,0.00,0.00,0.00,0.00,0.00,0.00,0.00,2,0.00,0.00,0.00,0.00,15,0.00,0.00,0.00,,,,,,,14.5,9.5,0.00,15,0.00,0.00,31.25,0
732,"Internal",1,1,0.00,90071.00,100,0.00,0.00,1,0.00,0.00,0.00,0.00,0.00,0.00,0.00,0.00,0.00,,0.00,,57,0.00,0.00,94,0.00,0.00,0.00,455,59,8,6,18,0.00,0.00,42,1,0.00,0.00,0.00,0.00,0.00,0.00,37,0.00,0.00,0.00,,,,,,,583,47,0.00,80,67,0.00,71.1409,0
733,"Internal",0.00,0.00,0.00,89930.00,,,,0.00,0.00,0.00,0.00,0.00,0.00,0.00,0.00,0.00,0.00,,0.00,,6,0.00,0.00,720,44,362,147,254,20,83,177,23,7,0.00,41,15,0.00,81,10,3,13,64,153,0.00,0.00,0.00,,,,,,,1373.00,441,8.5,233.5,167,0.00,61.3887,0
734,"Internal",1,2,54,90071.00,100,0.00,0.00,0.00,1,0.00,0.00,0.00,0.00,0.00,0.00,842,0.00,,0.00,,9,0.00,0.00,224,25,8,101,79,33,6,8,0.00,163,7,24,280,86,702,124,865,2,10,104,345,0.00,0.00,,,,,,,342,1245.00,223.2,1345.80,49,842,64.7736,0
735,"Internal",0.00,0.00,1,89930.00,,,,0.00,0.00,0.00,0.00,0.00,0.00,0.00,0.00,0.00,0.00,,0.00,,2,0.00,0.00,0.00,56,0.00,0.00,20,0.00,0.00,64,57,0.00,0.00,34,0.00,0.00,0.00,0.00,0.00,16,85,0.00,0.00,0.00,0.00,,,,,,,199,0.00,4.8,45.2,85,0.00,39.0756,0
736,"Internal",0.00,0.00,19,89930.00,,,,0.00,0.00,0.00,0.00,0.00,0.00,0.00,30,0.00,0.00,,0.00,,2,0.00,0.00,102,115,39,40,100,24,0.00,8,356,0.00,2,17,1172.00,36,32,0.00,249,0.00,0.00,73,0.00,0.00,0.00,,,,,,,711,119,49.8,1463.20,24,30,69.0967,0
737,"Internal",0.00,0.00,0.00,89930.00,,,,0.00,0.00,0.00,0.00,0.00,0.00,0.00,0.00,0.00,0.00,,0.00,,3,5,0.00,1336.00,25,184,96,328,56,38,47,7,2,11,9,36,6,102,7,73,8,40,157,0.00,0.00,0.00,,,,,,,1363.00,776,19.8,283.2,134,0.00,55.3143,0
738,"Internal",0.00,0.00,0.00,89930.00,,,,0.00,0.00,0.00,0.00,0.00,0.00,0.00,0.00,0.00,0.00,,0.00,,0.00,0.00,0.00,278,0.00,3,23,7,3,84,46,86,0.00,0.00,0.00,1,0.00,160,0.00,0.00,0.00,2,25,0.00,0.00,0.00,,,,,,,304,299,0.00,26,89,0.00,62.6087,0
739,"Internal",1,2,0.00,90071.00,100,0.00,0.00,0.00,1,0.00,0.00,0.00,0.00,0.00,0.00,0.00,0.00,,0.00,,0.00,1,0.00,611,0.00,257,448,415,39,9,0.00,76,15,0.00,60,45,64,110,20,3,11,60,147,0.00,0.00,0.00,,,,,,,1502.50,479.5,11.9,289.1,108,0.00,63.3433,0
740,"Internal",0.00,0.00,0.00,89930.00,,,,0.00,0.00,0.00,0.00,0.00,0.00,0.00,0.00,0.00,0.00,,0.00,,0.00,0.00,0.00,0.00,0.00,0.00,0.00,0.00,0.00,0.00,0.00,0.00,0.00,0.00,0.00,0.00,0.00,0.00,0.00,0.00,7,32,0.00,0.00,0.00,0.00,,,,,,,0.00,0.00,2.1,4.9,32,0.00,45.0082,0
741,"Internal",0.00,0.00,0.00,89930.00,,,,0.00,0.00,0.00,0.00,0.00,0.00,0.00,0.00,0.00,0.00,,0.00,,7,8,0.00,300,62,279,271,356,40,10,25,327,15,13,8,98,26,255,17,0.00,25,133,174,0.00,0.00,0.00,,,,,,,1485.00,431,14.3,335.7,183,0.00,66.9129,0
742,"Internal",0.00,0.00,0.00,89930.00,,,,0.00,0.00,0.00,0.00,0.00,0.00,0.00,0.00,0.00,0.00,,0.00,,0.00,0.00,0.00,0.00,0.00,0.00,0.00,0.00,6,10,0.00,0.00,0.00,5,0.00,6,0.00,7,0.00,0.00,5,24,3,0.00,0.00,0.00,,,,,,,0.00,7,1.5,17.5,40,0.00,25,0
743,"Internal",54,131,0.00,90071.00,42.7481,38.9313,18.3206,16,21,2,8,7,0.00,0.00,0.00,0.00,0.00,,6,,7,0.00,0.00,84,191,104,30,0.00,0.00,0.00,38,7,0.00,0.00,16,56,0.00,65,0.00,0.00,1,6,33,0.00,0.00,0.00,,,,,,,419,107,0.3,105.7,6,0.00,60.0164,0
744,"Internal",460,907,0.00,58880.00,77.839,10.5843,11.5766,193,180,37,22,16,9,3,0.00,0.00,0.00,,4,,0.00,0.00,0.00,1,0.00,0.00,0.00,0.00,0.00,0.00,16,0.00,0.00,3,13,6,0.00,1,0.00,0.00,14,71,0.00,0.00,0.00,0.00,,,,,,,16.5,1.5,4.2,31.8,71,0.00,24.2031,0
745,"Internal",0.00,0.00,26,89930.00,,,,0.00,0.00,0.00,0.00,0.00,0.00,0.00,0.00,0.00,0.00,,0.00,,0.00,0.00,0.00,490,0.00,95,59,458,87,2,328,368,0.00,0.00,5,104,10,56,18,1,11,62,95,0.00,2,0.00,,,,,,,1553.00,313,10.7,223.3,151,0.00,66.8647,0
746,"Internal",1,2,0.00,90071.00,100,0.00,0.00,0.00,1,0.00,0.00,0.00,0.00,0.00,0.00,0.00,0.00,,0.00,,0.00,0.00,0.00,0.00,0.00,0.00,0.00,0.00,0.00,0.00,0.00,0.00,0.00,0.00,2,0.00,0.00,0.00,0.00,0.00,0.00,0.00,0.00,0.00,0.00,0.00,,,,,,,0.00,0.00,0.00,2,0.00,0.00,45.0082,0
747,"Internal",1,2,0.00,90071.00,100,0.00,0.00,0.00,1,0.00,0.00,0.00,0.00,0.00,0.00,0.00,0.00,,0.00,,33,0.00,0.00,502,0.00,23,193,124,83,3,448,234,0.00,0.00,3,3,0.00,118,0.00,0.00,2,11,28,0.00,5,0.00,,,,,,,1306.00,374,0.6,35.4,97,0.00,62.1783,0
748,"Internal",0.00,0.00,0.00,89930.00,,,,0.00,0.00,0.00,0.00,0.00,0.00,0.00,0.00,0.00,0.00,,0.00,,0.00,0.00,0.00,0.00,0.00,0.00,0.00,0.00,0.00,0.00,0.00,0.00,0.00,0.00,0.00,0.00,0.00,0.00,0.00,0.00,28,145,0.00,0.00,0.00,0.00,,,,,,,0.00,0.00,8.4,19.6,145,0.00,75,0
749,"Internal",0.00,0.00,0.00,89930.00,,,,0.00,0.00,0.00,0.00,0.00,0.00,0.00,0.00,0.00,0.00,,0.00,,0.00,0.00,0.00,0.00,0.00,0.00,0.00,0.00,154,1137.00,0.00,0.00,84,0.00,9,0.00,0.00,2,0.00,0.00,112,580,23,0.00,0.00,800,,,,,,,0.00,2,33.6,194.4,1871.00,0.00,45.0082,0
750,"Internal",0.00,0.00,0.00,89930.00,,,,0.00,0.00,0.00,0.00,0.00,0.00,0.00,0.00,0.00,0.00,,0.00,,0.00,0.00,0.00,0.00,0.00,0.00,0.00,0.00,6,332,0.00,0.00,0.00,0.00,0.00,0.00,0.00,0.00,0.00,0.00,42,218,23,0.00,0.00,0.00,,,,,,,0.00,0.00,12.6,52.4,556,0.00,18.0791,0
751,"Internal",0.00,0.00,0.00,89930.00,,,,0.00,0.00,0.00,0.00,0.00,0.00,0.00,0.00,0.00,0.00,,0.00,,0.00,0.00,0.00,0.00,0.00,2,0.00,0.00,1,14,0.00,0.00,0.00,33,0.00,0.00,0.00,0.00,0.00,0.00,78,406,24,0.00,0.00,0.00,,,,,,,2,0.00,23.4,111.6,421,0.00,13.2258,0
752,"Internal",0.00,0.00,0.00,89930.00,,,,0.00,0.00,0.00,0.00,0.00,0.00,0.00,0.00,0.00,0.00,,0.00,,0.00,0.00,0.00,110,0.00,6,225,62,29,0.00,2,96,0.00,0.00,3,6,0.00,10,0.00,0.00,5,24,44,0.00,0.00,0.00,,,,,,,446,65,1.5,56.5,53,0.00,80.4734,0
753,"Internal",0.00,0.00,0.00,89930.00,,,,0.00,0.00,0.00,0.00,0.00,0.00,0.00,0.00,0.00,0.00,,0.00,,0.00,0.00,0.00,0.00,0.00,3,0.00,46,16,0.00,0.00,5,0.00,1,0.00,9,0.00,11,41,0.00,88,459,1,0.00,0.00,0.00,,,,,,,54,11,42.8,97.2,475,0.00,33.4204,0
754,"Internal",1,3,0.00,58880.00,66.6667,33.3333,0.00,0.00,0.00,1,0.00,0.00,0.00,0.00,0.00,142,0.00,,0.00,,0.00,57,0.00,42,0.00,56,14,147,31,0.00,1,332,0.00,14,3,376,0.00,16,18,42,0.00,1,10,0.00,0.00,0.00,,,,,,,628,37,15.6,447.4,32,142,56.2745,0
755,"Internal",0.00,0.00,0.00,89930.00,,,,0.00,0.00,0.00,0.00,0.00,0.00,0.00,0.00,0.00,0.00,,0.00,,0.00,0.00,0.00,246,28,0.00,17,59,8,101,236,14,0.00,0.00,22,16,0.00,44,0.00,0.00,48,251,30,0.00,0.00,0.00,,,,,,,477,167,14.4,101.6,360,0.00,70.9881,0
756,"Internal",0.00,0.00,0.00,89930.00,,,,0.00,0.00,0.00,0.00,0.00,0.00,0.00,0.00,0.00,0.00,,0.00,,0.00,0.00,0.00,71,0.00,311,332,585,0.00,0.00,308,1878.00,0.00,0.00,5,2,5,242,0.00,111,0.00,0.00,11,0.00,0.00,0.00,,,,,,,3449.50,282.5,22.2,106.8,0.00,0.00,63.3304,0
757,"Internal",0.00,0.00,0.00,89930.00,,,,0.00,0.00,0.00,0.00,0.00,0.00,0.00,0.00,0.00,0.00,,0.00,,0.00,0.00,0.00,0.00,24,0.00,2,80,0.00,7,0.00,51,0.00,0.00,10,0.00,0.00,8,0.00,0.00,18,92,0.00,0.00,0.00,88,,,,,,,157,8,5.4,22.6,99,0.00,15.7407,0
758,"Internal",0.00,0.00,55,89930.00,,,,0.00,0.00,0.00,0.00,0.00,0.00,0.00,0.00,0.00,0.00,,0.00,,0.00,0.00,0.00,0.00,0.00,14,370,46,0.00,14,5,521,0.00,6,16,28,137,0.00,0.00,53,5,21,0.00,0.00,0.00,0.00,,,,,,,956,137,12.1,95.9,35,0.00,67.9492,0
759,"Internal",0.00,0.00,42,89930.00,,,,0.00,0.00,0.00,0.00,0.00,0.00,0.00,0.00,0.00,0.00,,0.00,,0.00,0.00,0.00,522,0.00,10,5,200,0.00,0.00,84,0.00,0.00,0.00,8,6,0.00,3,0.00,0.00,0.00,0.00,2,0.00,0.00,0.00,,,,,,,560,264,0.00,16,0.00,0.00,75.8242,0
760,"Internal",0.00,0.00,0.00,89930.00,,,,0.00,0.00,0.00,0.00,0.00,0.00,0.00,0.00,0.00,0.00,,0.00,,0.00,0.00,0.00,0.00,0.00,0.00,0.00,0.00,0.00,0.00,0.00,0.00,0.00,0.00,0.00,0.00,0.00,0.00,0.00,0.00,6,26,0.00,0.00,0.00,0.00,,,,,,,0.00,0.00,1.8,4.2,26,0.00,45.0082,0
761,"Internal",0.00,0.00,0.00,89930.00,,,,0.00,0.00,0.00,0.00,0.00,0.00,0.00,0.00,0.00,0.00,,0.00,,0.00,0.00,0.00,0.00,0.00,0.00,31,0.00,0.00,0.00,0.00,0.00,0.00,0.00,0.00,0.00,0.00,0.00,0.00,0.00,0.00,0.00,0.00,0.00,0.00,0.00,,,,,,,31,0.00,0.00,0.00,0.00,0.00,45.0082,0
762,"Internal",0.00,0.00,0.00,89930.00,,,,0.00,0.00,0.00,0.00,0.00,0.00,0.00,0.00,0.00,0.00,,0.00,,0.00,0.00,0.00,0.00,0.00,0.00,0.00,0.00,0.00,0.00,0.00,0.00,0.00,0.00,0.00,0.00,0.00,0.00,0.00,0.00,0.00,0.00,0.00,0.00,0.00,0.00,,,,,,,0.00,0.00,0.00,0.00,0.00,0.00,45.0082,0
763,"Internal",0.00,0.00,0.00,89930.00,,,,0.00,0.00,0.00,0.00,0.00,0.00,0.00,0.00,0.00,0.00,,0.00,,0.00,0.00,0.00,0.00,0.00,0.00,0.00,0.00,0.00,0.00,0.00,0.00,0.00,0.00,0.00,0.00,0.00,0.00,0.00,0.00,0.00,0.00,0.00,0.00,0.00,0.00,,,,,,,0.00,0.00,0.00,0.00,0.00,0.00,45.0082,0
801,"Internal",0.00,0.00,0.00,89930.00,,,,0.00,0.00,0.00,0.00,0.00,0.00,0.00,0.00,0.00,0.00,,1,,0.00,0.00,0.00,6,9,0.00,0.00,0.00,143,193,0.00,0.00,7,22,0.00,22,3,8,25,26,45,232,79,0.00,0.00,0.00,,,,,,,12,14,28.7,197.3,568,0.00,26.3868,0
802,"Internal",389,705,0.00,55250.00,60.7092,12.766,26.5248,179,147,40,8,11,3,1,0.00,0.00,0.00,,29,,0.00,0.00,0.00,8,0.00,0.00,0.00,0.00,181,7,0.00,0.00,0.00,1,21,0.00,0.00,0.00,0.00,109,0.00,0.00,0.00,0.00,0.00,0.00,,,,,,,4,4,21.8,109.2,188,0.00,18.8552,0
803,"Internal",242,599,0.00,64821.00,67.1119,19.8664,13.0217,54,100,39,25,18,4,2,0.00,0.00,0.00,,15,,0.00,0.00,0.00,0.00,0.00,0.00,0.00,0.00,13,0.00,0.00,0.00,0.00,3,7,0.00,0.00,0.00,0.00,0.00,9,45,2,0.00,0.00,0.00,,,,,,,0.00,0.00,2.7,18.3,58,0.00,24.6154,0
804,"Internal",32,103,0.00,68696.00,69.9029,20.3883,9.70874,4,10,3,7,6,2,0.00,0.00,0.00,0.00,,2,,0.00,0.00,0.00,0.00,0.00,0.00,0.00,0.00,6,513,0.00,0.00,0.00,13,5,1,0.00,2,0.00,0.00,24,127,30,0.00,0.00,0.00,,,,,,,0.00,2,7.2,65.8,646,0.00,29.2308,0
805,"Internal",462,1214.00,0.00,132308.00,61.285,22.6524,16.0626,106,150,99,59,26,9,13,0.00,0.00,0.00,,42,,0.00,0.00,0.00,11,0.00,0.00,0.00,0.00,5,5,0.00,0.00,0.00,5,1,2,0.00,3,0.00,34,11,62,6,0.00,0.00,0.00,,,,,,,5.5,8.5,10.1,48.9,72,0.00,83.3333,0
806,"Internal",873,2269.00,0.00,67151.00,65.1829,25.606,9.21111,205,300,157,125,47,15,24,0.00,0.00,0.00,,61,,0.00,0.00,0.00,9,0.00,0.00,0.00,0.00,0.00,0.00,0.00,0.00,0.00,0.00,18,0.00,0.00,1,0.00,0.00,1,8,0.00,0.00,0.00,0.00,,,,,,,4.5,5.5,0.3,18.7,8,0.00,65.5172,0
807,"Internal",40,72,0.00,64821.00,70.8333,13.8889,15.2778,22,12,1,3,1,1,0.00,0.00,0.00,0.00,,3,,0.00,0.00,0.00,0.00,0.00,0.00,0.00,0.00,0.00,0.00,0.00,0.00,0.00,0.00,3,0.00,0.00,0.00,0.00,0.00,0.00,0.00,0.00,0.00,0.00,0.00,,,,,,,0.00,0.00,0.00,3,0.00,0.00,45.0082,0
808,"Internal",36,98,0.00,129643.00,60.2041,22.449,17.3469,7,11,10,4,2,1,1,0.00,0.00,0.00,,4,,0.00,0.00,0.00,0.00,0.00,0.00,0.00,0.00,0.00,0.00,0.00,0.00,0.00,0.00,0.00,0.00,0.00,0.00,8,0.00,0.00,0.00,0.00,0.00,0.00,0.00,,,,,,,0.00,0.00,3.2,4.8,0.00,0.00,45.0082,0
809,"Internal",365,800,0.00,68696.00,61.375,21.875,16.75,142,103,55,48,10,4,3,0.00,0.00,0.00,,28,,0.00,0.00,0.00,0.00,0.00,0.00,0.00,0.00,0.00,0.00,0.00,0.00,0.00,0.00,13,2,0.00,0.00,0.00,31,11,62,22,0.00,0.00,0.00,,,,,,,0.00,0.00,9.5,69.5,62,0.00,36.7521,0
810,"Internal",135,322,0.00,64821.00,64.9068,19.5652,15.528,40,43,26,18,4,2,2,0.00,0.00,0.00,,10,,0.00,0.00,0.00,0.00,0.00,0.00,0.00,0.00,0.00,0.00,0.00,0.00,0.00,0.00,0.00,0.00,0.00,14,0.00,0.00,0.00,0.00,0.00,0.00,0.00,0.00,,,,,,,0.00,14,0.00,0.00,0.00,0.00,80.9524,0
811,"Internal",0.00,0.00,0.00,89930.00,,,,0.00,0.00,0.00,0.00,0.00,0.00,0.00,0.00,0.00,0.00,,0.00,,0.00,0.00,0.00,0.00,0.00,0.00,0.00,0.00,0.00,0.00,0.00,0.00,0.00,0.00,0.00,0.00,0.00,0.00,0.00,0.00,0.00,0.00,0.00,0.00,0.00,0.00,,,,,,,0.00,0.00,0.00,0.00,0.00,0.00,45.0082,0
812,"Internal",2,3,0.00,63274.00,66.6667,33.3333,0.00,1,1,0.00,0.00,0.00,0.00,0.00,0.00,0.00,0.00,,0.00,,0.00,0.00,0.00,1,0.00,0.00,0.00,0.00,8,0.00,0.00,0.00,0.00,0.00,5,0.00,0.00,5,0.00,0.00,0.00,0.00,0.00,0.00,0.00,0.00,,,,,,,0.5,5.5,0.00,5,8,0.00,33.3333,0
813,"Internal",0.00,0.00,0.00,89930.00,,,,0.00,0.00,0.00,0.00,0.00,0.00,0.00,45,0.00,0.00,,0.00,,0.00,0.00,0.00,0.00,0.00,0.00,0.00,0.00,0.00,0.00,0.00,0.00,0.00,0.00,0.00,0.00,0.00,0.00,0.00,0.00,0.00,0.00,2,0.00,0.00,0.00,,,,,,,0.00,0.00,0.00,2,0.00,45,80,0
814,"Internal",142,401,8,68696.00,59.1022,25.6858,15.212,28,45,26,24,8,8,3,0.00,0.00,0.00,,14,,0.00,0.00,0.00,5,0.00,0.00,0.00,0.00,0.00,0.00,8,0.00,0.00,0.00,0.00,31,0.00,0.00,0.00,0.00,0.00,0.00,15,0.00,0.00,0.00,,,,,,,10.5,2.5,0.00,46,0.00,0.00,58.4906,0
815,"Internal",99,240,0.00,97979.00,54.1667,30,15.8333,37,28,9,14,6,1,4,0.00,0.00,0.00,,10,,0.00,0.00,0.00,8,3,0.00,0.00,0.00,122,14,0.00,55,0.00,18,8,2,0.00,2,0.00,0.00,37,193,26,0.00,0.00,0.00,,,,,,,62,6,11.1,79.9,329,0.00,18.1507,0
816,"Internal",198,502,0.00,68696.00,64.5418,23.7052,11.753,40,85,27,26,15,3,2,0.00,0.00,0.00,,12,,0.00,0.00,0.00,8,0.00,0.00,0.00,0.00,0.00,0.00,0.00,0.00,0.00,0.00,0.00,0.00,0.00,0.00,0.00,0.00,0.00,0.00,0.00,0.00,0.00,0.00,,,,,,,4,4,0.00,0.00,0.00,0.00,49.1228,0
817,"Internal",284,768,0.00,102250.00,57.9427,22.2656,19.7917,48,107,61,32,25,7,4,0.00,0.00,0.00,,21,,0.00,0.00,0.00,0.00,0.00,0.00,0.00,0.00,0.00,0.00,0.00,0.00,0.00,0.00,1,1,0.00,0.00,0.00,0.00,0.00,0.00,0.00,0.00,0.00,0.00,,,,,,,0.00,0.00,0.00,2,0.00,0.00,50,0
818,"Internal",124,330,1,107000.00,67.2727,22.4242,10.303,17,59,15,21,7,4,1,0.00,0.00,0.00,,11,,0.00,0.00,0.00,0.00,0.00,0.00,0.00,0.00,0.00,0.00,0.00,0.00,0.00,0.00,2,0.00,0.00,0.00,0.00,2,0.00,0.00,1,0.00,0.00,0.00,,,,,,,0.00,0.00,0.4,4.6,0.00,0.00,0.00,0
819,"Internal",270,692,0.00,97979.00,55.0578,25.4335,19.5087,39,126,45,41,13,5,1,507,0.00,0.00,,21,,0.00,0.00,0.00,1,0.00,0.00,0.00,0.00,6,16,0.00,0.00,0.00,14,3,7,0.00,0.00,52,100,10,52,51,0.00,0.00,0.00,,,,,,,0.5,0.5,43.8,193.2,74,507,37.6471,0
820,"Internal",227,671,0.00,107000.00,63.9344,23.994,12.0715,32,66,62,30,25,8,4,0.00,0.00,0.00,,18,,0.00,0.00,0.00,0.00,0.00,0.00,0.00,0.00,0.00,0.00,0.00,0.00,0.00,0.00,0.00,0.00,0.00,0.00,0.00,0.00,0.00,0.00,0.00,0.00,0.00,0.00,,,,,,,0.00,0.00,0.00,0.00,0.00,0.00,50,0
821,"Internal",108,274,0.00,89231.00,75.5474,18.9781,5.47445,34,29,10,28,3,3,1,0.00,0.00,0.00,,7,,0.00,0.00,0.00,0.00,0.00,0.00,0.00,0.00,0.00,0.00,0.00,0.00,0.00,0.00,0.00,0.00,0.00,0.00,0.00,0.00,0.00,0.00,0.00,0.00,0.00,0.00,,,,,,,0.00,0.00,0.00,0.00,0.00,0.00,45.0082,0
822,"Internal",44,123,0.00,71406.00,69.1057,21.9512,8.94309,7,13,10,11,2,1,0.00,0.00,0.00,0.00,,2,,0.00,0.00,0.00,192,0.00,0.00,0.00,0.00,11,56,0.00,0.00,0.00,14,2,2,0.00,0.00,36,181,26,139,40,7,0.00,0.00,,,,,,,96,103,58.4,242.6,206,0.00,25.0559,0
823,"Internal",590,1386.00,0.00,71406.00,64.5022,24.0981,11.3997,169,223,96,50,36,9,7,0.00,0.00,0.00,,48,,0.00,0.00,0.00,0.00,0.00,0.00,0.00,0.00,0.00,0.00,0.00,0.00,0.00,0.00,6,2,0.00,70,0.00,29,0.00,0.00,0.00,0.00,0.00,0.00,,,,,,,0.00,70,5.8,31.2,0.00,0.00,26.4706,0
824,"Internal",170,511,0.00,129643.00,56.5558,24.8532,18.591,24,41,42,46,10,4,3,0.00,0.00,0.00,,18,,0.00,0.00,0.00,0.00,0.00,0.00,0.00,0.00,0.00,0.00,0.00,0.00,0.00,0.00,0.00,0.00,0.00,1,0.00,1,0.00,0.00,0.00,0.00,0.00,0.00,,,,,,,0.00,1,0.2,0.8,0.00,0.00,31.8182,0
825,"Internal",150,400,0.00,133611.00,64.5,24.75,10.75,22,58,33,28,5,2,2,0.00,0.00,0.00,,10,,0.00,0.00,0.00,3,0.00,0.00,0.00,0.00,0.00,0.00,0.00,0.00,0.00,0.00,0.00,0.00,0.00,2,0.00,0.00,0.00,0.00,0.00,0.00,0.00,0.00,,,,,,,1.5,3.5,0.00,0.00,0.00,0.00,38.4615,0
826,"Internal",114,197,0.00,63274.00,57.3604,13.198,29.4416,74,16,13,3,8,0.00,0.00,0.00,0.00,0.00,,10,,0.00,0.00,0.00,0.00,0.00,0.00,0.00,0.00,0.00,0.00,0.00,0.00,0.00,0.00,0.00,0.00,0.00,0.00,0.00,0.00,0.00,0.00,0.00,0.00,0.00,0.00,,,,,,,0.00,0.00,0.00,0.00,0.00,0.00,33.3333,0
827,"Internal",460,1053.00,0.00,89231.00,68.9459,18.3286,12.7255,160,160,57,42,24,5,12,544,1647.00,0.00,,36,,0.00,0.00,0.00,17,0.00,0.00,0.00,41,0.00,0.00,0.00,0.00,0.00,0.00,8,8,0.00,0.00,188,0.00,0.00,0.00,0.00,0.00,0.00,0.00,,,,,,,49.5,8.5,75.2,128.8,0.00,2191.00,68.3673,0
828,"Internal",234,639,0.00,133611.00,53.2081,31.4554,15.3365,28,90,55,48,5,7,1,481,0.00,0.00,,24,,0.00,0.00,0.00,59,0.00,0.00,0.00,13,0.00,7,2,0.00,0.00,0.00,8,6,0.00,3,53,0.00,3,18,23,0.00,0.00,0.00,,,,,,,44.5,32.5,22.1,70.9,25,481,60,0
829,"Internal",273,657,0.00,105278.00,59.0563,26.6362,14.3075,92,80,34,45,12,7,3,968,0.00,0.00,,29,,9,0.00,0.00,1,0.00,0.00,0.00,0.00,0.00,0.00,0.00,0.00,0.00,0.00,0.00,3,0.00,0.00,81,0.00,0.00,0.00,0.00,0.00,0.00,0.00,,,,,,,9.5,0.5,32.4,51.6,0.00,968,47.8261,0
830,"Internal",281,576,0.00,76071.00,67.8819,17.1875,14.9306,134,75,29,24,12,0.00,7,0.00,0.00,0.00,,20,,0.00,0.00,0.00,0.00,0.00,0.00,0.00,0.00,8,24,0.00,0.00,0.00,0.00,20,0.00,0.00,0.00,0.00,0.00,9,47,14,0.00,0.00,0.00,,,,,,,0.00,0.00,2.7,40.3,79,0.00,32.2222,0
831,"Internal",99,260,0.00,107000.00,59.2308,29.2308,11.5385,27,33,11,13,10,3,2,0.00,0.00,0.00,,7,,0.00,0.00,0.00,6,0.00,0.00,0.00,0.00,0.00,0.00,0.00,0.00,0.00,0.00,10,5,0.00,0.00,0.00,0.00,0.00,0.00,0.00,0.00,0.00,0.00,,,,,,,3,3,0.00,15,0.00,0.00,40,0
832,"Internal",229,602,0.00,133611.00,53.1561,25.5814,21.2625,61,73,32,34,13,14,2,0.00,0.00,0.00,,21,,0.00,0.00,0.00,0.00,0.00,0.00,0.00,0.00,0.00,0.00,0.00,0.00,0.00,0.00,0.00,6,0.00,0.00,0.00,8,0.00,0.00,6,0.00,0.00,0.00,,,,,,,0.00,0.00,1.6,18.4,0.00,0.00,52,0
833,"Internal",89,230,0.00,63274.00,52.1739,25.6522,22.1739,33,17,17,10,4,4,4,0.00,0.00,0.00,,9,,0.00,0.00,0.00,2,0.00,0.00,0.00,0.00,0.00,0.00,0.00,0.00,0.00,0.00,5,1,0.00,1,0.00,0.00,0.00,0.00,0.00,0.00,0.00,0.00,,,,,,,1,2,0.00,6,0.00,0.00,50,0
834,"Internal",6,18,0.00,63274.00,61.1111,33.3333,5.55556,0.00,2,2,2,0.00,0.00,0.00,0.00,0.00,0.00,,1,,0.00,0.00,0.00,14,0.00,0.00,0.00,0.00,0.00,0.00,0.00,0.00,0.00,0.00,0.00,0.00,0.00,5,0.00,0.00,1,5,0.00,0.00,0.00,0.00,,,,,,,7,12,0.3,0.7,5,0.00,65.2568,0
835,"Internal",426,870,12,105278.00,60.6897,29.6552,9.65517,222,104,35,32,11,2,20,0.00,0.00,0.00,,30,,0.00,0.00,0.00,1,0.00,0.00,0.00,0.00,0.00,0.00,0.00,0.00,0.00,0.00,10,5,0.00,0.00,0.00,0.00,0.00,0.00,0.00,0.00,0.00,0.00,,,,,,,0.5,0.5,0.00,15,0.00,0.00,9.52381,0
836,"Internal",233,624,0.00,101721.00,57.2115,27.4038,15.3846,32,102,35,48,8,5,3,0.00,0.00,0.00,,20,,0.00,0.00,0.00,22,0.00,0.00,0.00,0.00,0.00,0.00,0.00,0.00,0.00,0.00,0.00,0.00,0.00,0.00,0.00,0.00,0.00,0.00,0.00,0.00,0.00,0.00,,,,,,,11,11,0.00,0.00,0.00,0.00,66.6667,0
837,"Internal",32,70,0.00,89231.00,70,15.7143,14.2857,12,11,4,3,1,0.00,1,0.00,0.00,0.00,,3,,0.00,0.00,0.00,0.00,0.00,0.00,0.00,0.00,0.00,0.00,0.00,0.00,0.00,0.00,0.00,0.00,0.00,0.00,0.00,0.00,0.00,0.00,0.00,0.00,0.00,0.00,,,,,,,0.00,0.00,0.00,0.00,0.00,0.00,45.0082,0
838,"Internal",652,1300.00,0.00,60745.00,74.6923,18,7.30769,278,235,55,53,16,10,5,0.00,0.00,0.00,,40,,3,0.00,0.00,0.00,0.00,0.00,0.00,1,0.00,0.00,0.00,0.00,0.00,0.00,13,1,0.00,0.00,0.00,0.00,0.00,0.00,6,0.00,0.00,0.00,,,,,,,4,0.00,0.00,20,0.00,0.00,70,0
839,"Internal",193,633,0.00,142843.00,57.9779,24.9605,17.0616,12,51,42,57,22,8,1,0.00,0.00,0.00,,20,,0.00,0.00,0.00,2,0.00,0.00,0.00,0.00,0.00,0.00,0.00,0.00,0.00,0.00,0.00,2,0.00,0.00,0.00,0.00,0.00,1,0.00,0.00,0.00,0.00,,,,,,,1,1,0.00,2,1,0.00,52,0
840,"Internal",141,406,0.00,129643.00,55.4187,25.3695,19.2118,16,53,27,27,14,3,1,0.00,0.00,0.00,,13,,0.00,0.00,0.00,11,0.00,0.00,0.00,0.00,7,0.00,0.00,0.00,0.00,0.00,0.00,0.00,0.00,0.00,0.00,2,1,3,2,0.00,0.00,0.00,,,,,,,5.5,5.5,0.7,4.3,10,0.00,25,0
841,"Internal",359,877,0.00,101721.00,62.5998,21.7788,15.6214,105,117,61,44,19,7,6,0.00,0.00,0.00,,29,,0.00,0.00,0.00,7,0.00,0.00,0.00,0.00,0.00,0.00,0.00,0.00,0.00,0.00,5,5,0.00,7,0.00,57,0.00,1,0.00,0.00,0.00,0.00,,,,,,,3.5,10.5,11.4,55.6,1,0.00,15.3846,0
842,"Internal",95,346,0.00,101721.00,61.8497,29.4798,8.67052,2,17,30,19,19,7,1,0.00,0.00,0.00,,12,,0.00,0.00,0.00,1,0.00,0.00,0.00,1,0.00,0.00,0.00,0.00,0.00,0.00,1,7,0.00,0.00,0.00,0.00,0.00,0.00,2,0.00,0.00,0.00,,,,,,,1.5,0.5,0.00,10,0.00,0.00,100,0
843,"Internal",32,79,0.00,99028.00,53.1646,12.6582,34.1772,2,21,4,3,1,1,0.00,0.00,0.00,0.00,,2,,0.00,0.00,0.00,0.00,0.00,0.00,0.00,0.00,0.00,0.00,0.00,0.00,0.00,0.00,2,0.00,0.00,0.00,0.00,0.00,0.00,0.00,1,0.00,0.00,0.00,,,,,,,0.00,0.00,0.00,3,0.00,0.00,9.91736,0
844,"Internal",8,22,0.00,99028.00,63.6364,27.2727,9.09091,0.00,4,2,2,0.00,0.00,0.00,0.00,0.00,0.00,,0.00,,0.00,7,0.00,427,33,186,25,14,9,5,9,679,0.00,0.00,0.00,34,60,438,32,30,3,15,17,0.00,0.00,0.00,,,,,,,1166.50,711.5,19.7,96.3,29,0.00,68.2283,0
845,"Internal",594,1616.00,0.00,142843.00,58.5396,26.7946,14.6658,85,245,106,93,42,14,9,0.00,0.00,0.00,,52,,1,0.00,0.00,3,0.00,0.00,0.00,1,0.00,0.00,0.00,0.00,0.00,0.00,0.00,5,0.00,16,0.00,0.00,2,9,1,0.00,0.00,0.00,,,,,,,3.5,17.5,0.6,7.4,9,0.00,40,0
847,"Internal",222,567,0.00,99028.00,61.7284,17.6367,20.6349,36,104,28,37,12,4,1,0.00,0.00,0.00,,15,,0.00,0.00,0.00,1,0.00,0.00,0.00,0.00,0.00,0.00,0.00,0.00,0.00,0.00,11,2,0.00,0.00,0.00,3,0.00,0.00,7,0.00,0.00,0.00,,,,,,,0.5,0.5,0.6,22.4,0.00,0.00,76.5957,0
848,"Internal",0.00,0.00,0.00,89930.00,,,,0.00,0.00,0.00,0.00,0.00,0.00,0.00,0.00,0.00,0.00,,0.00,,0.00,0.00,0.00,0.00,0.00,0.00,0.00,0.00,0.00,0.00,0.00,0.00,0.00,0.00,0.00,0.00,0.00,0.00,0.00,0.00,0.00,0.00,5,0.00,0.00,0.00,,,,,,,0.00,0.00,0.00,5,0.00,0.00,45.0082,0
901,"Internal",158,289,0.00,85417.00,79.2388,12.1107,8.65052,77,55,13,7,1,5,0.00,0.00,0.00,0.00,,8,,0.00,0.00,1,8,3,0.00,47,0.00,10,26,0.00,0.00,0.00,41,143,78,65,182,8,468,25,131,56,0.00,0.00,0.00,,,,,,,55,251,104.3,714.7,167,0.00,44.8498,0
902,"Internal",74,155,0.00,85417.00,45.8065,17.4194,36.7742,33,22,2,14,2,1,0.00,0.00,0.00,0.00,,4,,0.00,52,0.00,9,0.00,0.00,0.00,0.00,55,0.00,0.00,0.00,0.00,10,0.00,9,20,107,1,52,0.00,0.00,64,0.00,0.00,0.00,,,,,,,56.5,131.5,10.8,125.2,55,0.00,47.3896,0
903,"Internal",119,300,0.00,90071.00,47,25,28,38,38,16,12,5,5,5,0.00,0.00,0.00,,6,,0.00,0.00,0.00,0.00,0.00,0.00,0.00,0.00,0.00,0.00,0.00,0.00,0.00,0.00,5,2,0.00,0.00,0.00,1,0.00,0.00,0.00,0.00,0.00,0.00,,,,,,,0.00,0.00,0.2,7.8,0.00,0.00,72.7273,0
904,"Internal",0.00,0.00,0.00,89930.00,,,,0.00,0.00,0.00,0.00,0.00,0.00,0.00,0.00,0.00,0.00,,0.00,,0.00,0.00,0.00,0.00,0.00,0.00,0.00,0.00,0.00,1,0.00,0.00,0.00,8,83,0.00,30,91,0.00,29,298,1541.00,1,0.00,0.00,800,,,,,,,0.00,121,95.2,323.8,1542.00,0.00,33.1821,0
905,"Internal",0.00,0.00,0.00,89930.00,,,,0.00,0.00,0.00,0.00,0.00,0.00,0.00,0.00,0.00,0.00,,0.00,,0.00,0.00,0.00,25,0.00,0.00,0.00,8,250,117,0.00,0.00,0.00,5,6,0.00,0.00,145,0.00,0.00,17,92,28,0.00,0.00,0.00,,,,,,,20.5,157.5,5.1,50.9,459,0.00,48.3871,0
906,"Internal",251,694,0.00,73514.00,54.3228,38.9049,6.77233,58,72,44,39,26,10,2,0.00,0.00,0.00,,11,,0.00,0.00,0.00,62,0.00,0.00,0.00,0.00,1,0.00,154,0.00,0.00,1,23,3,0.00,13,1,0.00,11,57,7,0.00,0.00,0.00,,,,,,,185,44,3.7,42.3,58,0.00,46.8254,0
907,"Internal",5,12,0.00,64375.00,66.6667,25,8.33333,1,2,1,1,0.00,0.00,0.00,0.00,0.00,0.00,,0.00,,5,0.00,0.00,13,0.00,0.00,0.00,0.00,20,80,0.00,0.00,0.00,6,0.00,14,0.00,117,0.00,114,26,138,34,147,0.00,0.00,,,,,,,11.5,270.5,30.6,163.4,238,0.00,53.3719,0
908,"Internal",288,606,0.00,85417.00,46.8647,14.6865,38.4488,94,120,40,25,3,5,1,0.00,0.00,0.00,,15,,0.00,0.00,0.00,1,0.00,0.00,0.00,0.00,0.00,0.00,0.00,0.00,0.00,0.00,0.00,7,0.00,2,0.00,24,0.00,1,3,0.00,0.00,0.00,,,,,,,0.5,2.5,4.8,29.2,1,0.00,28.8889,0
909,"Internal",0.00,0.00,0.00,89930.00,,,,0.00,0.00,0.00,0.00,0.00,0.00,0.00,0.00,0.00,0.00,,0.00,,0.00,0.00,0.00,14,0.00,0.00,0.00,0.00,98,117,0.00,0.00,0.00,8,5,0.00,0.00,0.00,0.00,0.00,6,29,3,0.00,0.00,0.00,,,,,,,7,7,1.8,20.2,244,0.00,31.0881,0
910,"Internal",64,153,0.00,90071.00,56.2092,21.5686,22.2222,13,30,8,9,4,0.00,0.00,0.00,0.00,0.00,,4,,0.00,0.00,0.00,0.00,0.00,0.00,0.00,0.00,0.00,0.00,0.00,0.00,0.00,0.00,0.00,0.00,1,1,0.00,0.00,0.00,0.00,0.00,0.00,0.00,0.00,,,,,,,0.00,2,0.00,0.00,0.00,0.00,100,0
911,"Internal",184,433,0.00,64375.00,63.2794,28.8684,7.85219,63,61,20,21,13,3,3,0.00,0.00,0.00,,11,,0.00,0.00,0.00,0.00,0.00,0.00,0.00,0.00,3,0.00,0.00,0.00,0.00,3,14,0.00,0.00,0.00,0.00,0.00,5,24,5,0.00,0.00,0.00,,,,,,,0.00,0.00,1.5,25.5,27,0.00,22.2222,0
912,"Internal",505,1439.00,0.00,63419.00,60.5976,35.0243,4.37804,110,126,125,63,44,29,8,0.00,0.00,0.00,,21,,0.00,0.00,0.00,0.00,0.00,0.00,0.00,0.00,0.00,0.00,0.00,0.00,0.00,0.00,6,21,0.00,2,0.00,0.00,0.00,0.00,0.00,0.00,0.00,0.00,,,,,,,0.00,2,0.00,27,0.00,0.00,27.2727,0
913,"Internal",0.00,0.00,0.00,89930.00,,,,0.00,0.00,0.00,0.00,0.00,0.00,0.00,0.00,0.00,0.00,,0.00,,0.00,0.00,0.00,0.00,0.00,0.00,0.00,0.00,0.00,16,0.00,0.00,0.00,0.00,0.00,0.00,0.00,0.00,0.00,0.00,16,81,0.00,0.00,0.00,0.00,,,,,,,0.00,0.00,4.8,11.2,97,0.00,34.5679,0
914,"Internal",182,492,0.00,73514.00,54.878,40.8537,4.26829,44,61,26,25,12,10,4,0.00,0.00,0.00,,8,,0.00,0.00,0.00,3,0.00,0.00,0.00,0.00,0.00,0.00,0.00,0.00,0.00,0.00,1,0.00,0.00,3,0.00,0.00,0.00,0.00,0.00,0.00,0.00,0.00,,,,,,,1.5,4.5,0.00,1,0.00,0.00,36.3636,0
915,"Internal",310,779,0.00,58338.00,62.2593,32.6059,5.13479,93,91,56,31,26,9,4,0.00,0.00,0.00,,13,,0.00,0.00,0.00,11,0.00,0.00,0.00,0.00,61,0.00,0.00,0.00,0.00,0.00,18,0.00,0.00,0.00,0.00,28,1,8,2,0.00,0.00,0.00,,,,,,,5.5,5.5,5.9,43.1,69,0.00,38.75,0
916,"Internal",199,479,0.00,107000.00,41.1273,12.5261,46.3466,63,62,26,34,8,4,2,0.00,0.00,0.00,,11,,0.00,0.00,0.00,3,0.00,0.00,0.00,0.00,0.00,0.00,0.00,0.00,2,0.00,0.00,0.00,0.00,0.00,0.00,0.00,0.00,0.00,9,0.00,0.00,0.00,,,,,,,1.5,1.5,0.00,11,0.00,0.00,83.3333,0
917,"Internal",359,679,0.00,86818.00,60.972,13.1075,25.9205,166,127,37,8,13,5,3,0.00,0.00,0.00,,18,,0.00,0.00,0.00,0.00,0.00,0.00,0.00,0.00,0.00,0.00,0.00,0.00,0.00,0.00,8,10,0.00,0.00,0.00,0.00,0.00,0.00,0.00,0.00,0.00,0.00,,,,,,,0.00,0.00,0.00,18,0.00,0.00,41.9355,0
918,"Internal",126,280,0.00,107000.00,37.8571,20.7143,41.4286,41,43,25,11,3,2,1,0.00,0.00,0.00,,7,,0.00,0.00,0.00,1,0.00,0.00,0.00,0.00,0.00,0.00,0.00,0.00,0.00,0.00,0.00,1,9,0.00,0.00,0.00,0.00,0.00,1,0.00,0.00,0.00,,,,,,,0.5,9.5,0.00,2,0.00,0.00,76.9231,0
919,"Internal",187,375,0.00,107000.00,48.5333,17.6,33.8667,56,100,16,7,5,3,0.00,0.00,0.00,0.00,,12,,0.00,0.00,0.00,0.00,0.00,0.00,0.00,0.00,0.00,0.00,0.00,0.00,0.00,0.00,1,0.00,0.00,0.00,0.00,1,0.00,0.00,2,0.00,0.00,0.00,,,,,,,0.00,0.00,0.2,3.8,0.00,0.00,47.3684,0
920,"Internal",289,686,0.00,86818.00,51.7493,17.4927,30.758,61,132,51,29,8,4,4,0.00,0.00,0.00,,17,,1,0.00,0.00,5,0.00,0.00,0.00,0.00,0.00,0.00,0.00,0.00,0.00,0.00,28,0.00,2,0.00,0.00,7,7,32,2,0.00,0.00,0.00,,,,,,,3.5,4.5,3.5,40.5,32,0.00,64.7059,0
921,"Internal",32,79,0.00,64375.00,63.2911,29.1139,7.59494,11,10,3,4,2,1,1,0.00,0.00,0.00,,2,,0.00,0.00,0.00,0.00,1,0.00,0.00,0.00,68,914,0.00,0.00,0.00,8,0.00,0.00,0.00,0.00,0.00,29,22,114,45,0.00,0.00,0.00,,,,,,,1,0.00,12.4,91.6,1096.00,0.00,23.1788,0
922,"Internal",485,1077.00,0.00,61487.00,71.5877,20.8914,7.52089,178,173,42,57,21,4,10,0.00,0.00,0.00,,20,,0.00,6,0.00,0.00,0.00,0.00,13,0.00,0.00,5,0.00,0.00,3,25,42,86,7,142,53,69,38,195,30,147,0.00,0.00,,,,,,,19,296,46.4,299.6,200,0.00,35.1613,0
924,"Internal",353,827,0.00,51788.00,58.4039,24.3047,17.2914,141,84,50,39,26,9,4,175,0.00,0.00,,15,,0.00,0.00,0.00,78,0.00,0.00,1,0.00,1,5,0.00,0.00,0.00,3,20,0.00,0.00,70,41,1,1,9,29,0.00,0.00,0.00,,,,,,,40,109,16.9,78.1,15,175,46.4052,0
925,"Internal",663,1944.00,0.00,55541.00,58.2819,32.9733,8.74486,139,175,126,96,83,30,14,569,0.00,0.00,,39,,0.00,0.00,0.00,0.00,0.00,0.00,0.00,0.00,0.00,0.00,0.00,0.00,0.00,0.00,0.00,3,0.00,65,59,28,0.00,0.00,25,0.00,0.00,0.00,,,,,,,0.00,65,29.2,85.8,0.00,569,30,0
926,"Internal",0.00,0.00,0.00,89930.00,,,,0.00,0.00,0.00,0.00,0.00,0.00,0.00,0.00,0.00,0.00,,0.00,,0.00,0.00,0.00,0.00,9,0.00,0.00,0.00,0.00,81,7,0.00,0.00,3,9,9,0.00,0.00,0.00,80,92,477,134,0.00,0.00,0.00,,,,,,,16,0.00,43.6,283.4,558,0.00,30.4462,0
927,"Internal",176,408,0.00,64375.00,77.2059,12.7451,10.049,55,57,41,8,9,3,3,0.00,0.00,0.00,,8,,0.00,0.00,0.00,0.00,0.00,0.00,0.00,0.00,0.00,0.00,0.00,0.00,0.00,0.00,8,0.00,0.00,0.00,0.00,0.00,0.00,2,0.00,0.00,0.00,0.00,,,,,,,0.00,0.00,0.00,8,2,0.00,45.0082,0
928,"Internal",0.00,0.00,0.00,89930.00,,,,0.00,0.00,0.00,0.00,0.00,0.00,0.00,0.00,0.00,0.00,,0.00,,0.00,0.00,0.00,0.00,0.00,0.00,0.00,0.00,51,0.00,0.00,0.00,0.00,0.00,0.00,0.00,5,7,0.00,8,28,145,0.00,0.00,0.00,0.00,,,,,,,0.00,12,10,26,196,0.00,26.5455,0
929,"Internal",206,484,0.00,107000.00,49.1736,24.1736,26.6529,36,107,22,38,2,1,0.00,0.00,0.00,0.00,,9,,0.00,0.00,0.00,0.00,0.00,0.00,0.00,0.00,0.00,0.00,0.00,0.00,0.00,0.00,1,2,0.00,0.00,0.00,0.00,1,9,0.00,0.00,0.00,0.00,,,,,,,0.00,0.00,0.3,3.7,9,0.00,33.3333,0
930,"Internal",103,302,0.00,55541.00,70.1987,28.8079,0.993377,31,11,26,15,10,9,1,0.00,0.00,0.00,,4,,0.00,0.00,0.00,34,0.00,0.00,0.00,16,211,165,36,0.00,9,0.00,8,1,0.00,266,0.00,0.00,32,168,73,0.00,0.00,0.00,,,,,,,69,283,9.6,113.4,544,0.00,25.431,0
931,"Internal",247,518,0.00,142067.00,43.4363,13.7066,42.8571,57,135,32,17,4,1,1,0.00,0.00,0.00,,15,,2,0.00,0.00,0.00,0.00,0.00,0.00,0.00,0.00,3,0.00,0.00,0.00,0.00,0.00,1,0.00,0.00,0.00,0.00,0.00,0.00,5,0.00,0.00,0.00,,,,,,,2,0.00,0.00,6,3,0.00,75,0
932,"Internal",425,855,0.00,83929.00,67.7193,16.8421,15.4386,170,143,68,31,7,6,0.00,0.00,0.00,0.00,,29,,3,0.00,0.00,13,0.00,0.00,0.00,18,0.00,21,0.00,0.00,18,177,108,356,319,0.00,0.00,53,23,122,22,0.00,0.00,0.00,,,,,,,27.5,325.5,17.5,739.5,143,0.00,80.6373,0
933,"Internal",81,137,0.00,100645.00,32.8467,11.6788,55.4745,38,36,4,0.00,3,0.00,0.00,145,0.00,0.00,,7,,0.00,0.00,0.00,13,0.00,0.00,0.00,0.00,0.00,0.00,0.00,0.00,0.00,16,249,28,15,22,45,482,17,86,47,17,0.00,0.00,,,,,,,6.5,60.5,119.5,764.5,86,145,56.4565,0
934,"Internal",0.00,0.00,0.00,89930.00,,,,0.00,0.00,0.00,0.00,0.00,0.00,0.00,0.00,0.00,0.00,,0.00,,0.00,1,0.00,63,0.00,0.00,1,7,0.00,0.00,0.00,0.00,0.00,90,178,153,0.00,7,0.00,1137.00,24,125,22,21,0.00,0.00,,,,,,,40.5,59.5,234.6,1369.40,125,0.00,53.1866,0
935,"Internal",508,1287.00,0.00,42990.00,63.9472,24.7863,11.2665,177,128,59,87,27,16,14,907,0.00,0.00,,28,,0.00,0.00,0.00,0.00,0.00,0.00,0.00,0.00,0.00,9,0.00,0.00,0.00,11,8,0.00,0.00,0.00,86,31,1,9,15,0.00,0.00,0.00,,,,,,,0.00,0.00,40.9,111.1,18,907,13.8889,0
936,"Internal",0.00,0.00,0.00,89930.00,,,,0.00,0.00,0.00,0.00,0.00,0.00,0.00,0.00,0.00,0.00,,0.00,,0.00,0.00,0.00,0.00,0.00,0.00,0.00,0.00,181,6,0.00,0.00,0.00,2,0.00,0.00,0.00,0.00,0.00,0.00,64,332,0.00,86,0.00,0.00,,,,,,,0.00,86,19.2,46.8,519,0.00,15.2542,0
937,"Internal",228,552,0.00,100645.00,57.2464,20.8333,21.9203,64,64,66,19,6,7,2,345,0.00,0.00,,11,,0.00,0.00,0.00,0.00,0.00,0.00,0.00,0.00,0.00,0.00,0.00,0.00,0.00,1,0.00,6,0.00,0.00,46,9,0.00,0.00,1,0.00,0.00,0.00,,,,,,,0.00,0.00,20.2,42.8,0.00,345,0.00,0
938,"Internal",0.00,0.00,0.00,89930.00,,,,0.00,0.00,0.00,0.00,0.00,0.00,0.00,0.00,0.00,0.00,,0.00,,0.00,0.00,0.00,0.00,0.00,0.00,0.00,0.00,90,170,0.00,0.00,0.00,0.00,3,0.00,0.00,0.00,24,2,29,148,16,0.00,0.00,155,,,,,,,0.00,0.00,18.7,55.3,408,0.00,29.1971,0
939,"Internal",0.00,0.00,0.00,89930.00,,,,0.00,0.00,0.00,0.00,0.00,0.00,0.00,0.00,0.00,0.00,,0.00,,0.00,0.00,0.00,5,40,62,0.00,0.00,52,1030.00,0.00,0.00,62,30,81,8,39,137,122,17,129,666,149,0.00,0.00,0.00,,,,,,,104.5,178.5,90.9,507.1,1748.00,0.00,29.8625,0
940,"Internal",482,1091.00,0.00,142067.00,46.7461,16.5903,36.6636,127,220,53,59,14,4,5,0.00,0.00,0.00,,34,,0.00,0.00,0.00,8,0.00,0.00,0.00,3,0.00,0.00,0.00,0.00,0.00,0.00,0.00,23,0.00,2,1,0.00,17,91,3,0.00,0.00,0.00,,,,,,,7,6,5.5,38.5,91,0.00,56.1798,0
941,"Internal",340,645,0.00,83929.00,70.3876,16.7442,12.8682,140,141,28,20,8,2,1,0.00,0.00,0.00,,19,,0.00,0.00,0.00,0.00,0.00,0.00,0.00,0.00,0.00,0.00,0.00,0.00,0.00,0.00,13,1,0.00,0.00,0.00,0.00,0.00,0.00,0.00,0.00,0.00,0.00,,,,,,,0.00,0.00,0.00,14,0.00,0.00,88.785,0
942,"Internal",51,159,0.00,42990.00,52.8302,45.283,1.88679,15,15,0.00,6,0.00,15,0.00,0.00,0.00,297,,2,,0.00,30,0.00,127,5,0.00,13,5,0.00,0.00,0.00,0.00,0.00,94,34,79,112,110,7,78,2,9,17,0.00,0.00,0.00,,,,,,,116.5,285.5,19,292,9,0.00,64.5441,0
943,"Internal",201,317,154,100645.00,21.1356,2.83912,76.0252,132,44,14,0.00,11,0.00,0.00,0.00,0.00,0.00,,10,,0.00,0.00,0.00,0.00,7,0.00,0.00,0.00,2,10,2,0.00,0.00,150,71,207,46,0.00,0.00,44,20,103,2,0.00,0.00,0.00,,,,,,,9,46,14.8,479.2,115,0.00,53.8066,0
944,"Internal",0.00,0.00,0.00,89930.00,,,,0.00,0.00,0.00,0.00,0.00,0.00,0.00,0.00,0.00,0.00,,0.00,,0.00,32,0.00,3,0.00,0.00,0.00,0.00,0.00,0.00,0.00,0.00,0.00,565,24,40,22,231,0.00,0.00,0.00,0.00,0.00,28,0.00,0.00,,,,,,,33.5,282.5,0.00,629,0.00,0.00,65.7169,0
945,"Internal",0.00,0.00,0.00,89930.00,,,,0.00,0.00,0.00,0.00,0.00,0.00,0.00,0.00,0.00,0.00,,0.00,,0.00,0.00,0.00,21,7,0.00,0.00,0.00,213,87,0.00,0.00,0.00,16,36,2,0.00,0.00,0.00,7,22,112,39,0.00,0.00,0.00,,,,,,,17.5,10.5,8,114,412,0.00,21.5022,0
946,"Internal",50,116,0.00,142067.00,57.7586,15.5172,26.7241,11,27,5,2,2,3,0.00,0.00,0.00,0.00,,2,,0.00,0.00,0.00,0.00,0.00,0.00,0.00,0.00,0.00,0.00,0.00,0.00,0.00,0.00,0.00,1,0.00,0.00,0.00,0.00,0.00,0.00,0.00,0.00,0.00,0.00,,,,,,,0.00,0.00,0.00,1,0.00,0.00,0.00,0
947,"Internal",681,1280.00,0.00,54013.00,73.9844,15.5469,10.4688,325,231,52,44,16,10,3,0.00,0.00,0.00,,33,,0.00,0.00,0.00,0.00,0.00,0.00,0.00,0.00,13,11,0.00,0.00,0.00,5,26,0.00,0.00,61,0.00,0.00,5,26,9,0.00,0.00,0.00,,,,,,,0.00,61,1.5,43.5,50,0.00,71.2601,0
948,"Internal",0.00,0.00,0.00,89930.00,,,,0.00,0.00,0.00,0.00,0.00,0.00,0.00,0.00,0.00,0.00,,0.00,,0.00,0.00,0.00,0.00,0.00,0.00,0.00,0.00,1,0.00,0.00,0.00,1,0.00,0.00,11,0.00,0.00,0.00,0.00,0.00,0.00,2,0.00,0.00,0.00,,,,,,,0.00,0.00,0.00,14,1,0.00,45.0082,0
949,"Internal",261,632,0.00,125083.00,48.1013,19.462,32.4367,42,126,54,25,8,6,0.00,0.00,0.00,0.00,,22,,0.00,0.00,0.00,3,0.00,0.00,0.00,0.00,0.00,0.00,0.00,0.00,0.00,0.00,0.00,2,0.00,3,0.00,0.00,0.00,0.00,10,0.00,0.00,0.00,,,,,,,1.5,4.5,0.00,12,0.00,0.00,31.1111,0
950,"Internal",9,22,0.00,100645.00,68.1818,27.2727,4.54545,3,2,3,0.00,0.00,1,0.00,0.00,0.00,0.00,,0.00,,0.00,0.00,0.00,0.00,0.00,0.00,0.00,0.00,0.00,0.00,0.00,0.00,0.00,0.00,0.00,0.00,0.00,0.00,0.00,0.00,0.00,0.00,0.00,0.00,0.00,0.00,,,,,,,0.00,0.00,0.00,0.00,0.00,0.00,0.00,0
951,"Internal",16,52,0.00,125083.00,38.4615,23.0769,38.4615,0.00,5,5,3,3,0.00,0.00,0.00,0.00,0.00,,1,,0.00,0.00,0.00,0.00,0.00,0.00,0.00,0.00,0.00,0.00,0.00,0.00,0.00,0.00,0.00,0.00,0.00,0.00,0.00,0.00,0.00,0.00,0.00,0.00,0.00,0.00,,,,,,,0.00,0.00,0.00,0.00,0.00,0.00,45.0082,0
952,"Internal",130,309,0.00,42990.00,67.6375,21.3592,11.0032,43,39,21,16,6,4,1,0.00,0.00,0.00,,6,,15,7,0.00,55,16,0.00,14,7,0.00,20,0.00,0.00,13,240,101,70,9,197,0.00,93,0.00,3,56,0.00,0.00,0.00,,,,,,,86.5,233.5,18.6,554.4,23,0.00,58.1976,0
953,"Internal",0.00,0.00,0.00,89930.00,,,,0.00,0.00,0.00,0.00,0.00,0.00,0.00,287,376,0.00,,0.00,,0.00,0.00,0.00,0.00,0.00,0.00,0.00,0.00,0.00,0.00,0.00,0.00,1,0.00,0.00,0.00,0.00,0.00,91,69,8,45,0.00,0.00,0.00,0.00,,,,,,,0.00,0.00,52.6,116.4,45,663,45.3488,0
954,"Internal",16,49,0.00,100208.00,53.0612,32.6531,14.2857,0.00,9,1,4,1,0.00,1,0.00,0.00,0.00,,2,,1,5,0.00,23,0.00,0.00,1,1,0.00,0.00,14,0.00,10,65,83,194,60,224,68,592,5,21,16,38,0.00,96,,,,,,,33.5,333.5,147.1,885.9,21,0.00,61.9005,0
955,"Internal",1,2,0.00,42990.00,50,0.00,50,0.00,1,0.00,0.00,0.00,0.00,0.00,0.00,0.00,0.00,,0.00,,15,177,0.00,550,0.00,15,152,111,15,15,10,2,6,6,51,156,2,172,22,160,9,48,199,0.00,0.00,0.00,,,,,,,757,449,43.5,565.5,78,0.00,64.369,0
956,"Internal",0.00,0.00,0.00,89930.00,,,,0.00,0.00,0.00,0.00,0.00,0.00,0.00,0.00,0.00,0.00,,0.00,,0.00,0.00,0.00,0.00,0.00,0.00,0.00,1,0.00,0.00,0.00,0.00,254,22,13,278,512,1,0.00,0.00,14,72,10,0.00,0.00,0.00,,,,,,,1,513,4.2,586.8,72,0.00,53.5573,0
957,"Internal",0.00,0.00,0.00,89930.00,,,,0.00,0.00,0.00,0.00,0.00,0.00,0.00,0.00,0.00,0.00,,0.00,,0.00,0.00,0.00,0.00,0.00,0.00,0.00,0.00,0.00,0.00,0.00,0.00,0.00,0.00,5,2,0.00,0.00,0.00,0.00,1,8,0.00,0.00,0.00,0.00,,,,,,,0.00,0.00,0.3,7.7,8,0.00,72.3026,0
958,"Internal",26,77,0.00,100208.00,54.5455,24.6753,20.7792,3,15,2,1,0.00,1,4,0.00,0.00,0.00,,1,,0.00,0.00,0.00,0.00,0.00,0.00,0.00,0.00,0.00,0.00,0.00,0.00,0.00,0.00,0.00,0.00,7,0.00,0.00,0.00,0.00,0.00,0.00,0.00,0.00,0.00,,,,,,,0.00,7,0.00,0.00,0.00,0.00,55.5556,0
959,"Internal",1,2,0.00,100208.00,100,0.00,0.00,0.00,1,0.00,0.00,0.00,0.00,0.00,0.00,0.00,0.00,,0.00,,0.00,0.00,0.00,0.00,0.00,0.00,0.00,0.00,0.00,0.00,0.00,0.00,0.00,0.00,6,0.00,0.00,17,0.00,0.00,16,81,456,0.00,0.00,109,,,,,,,0.00,17,4.8,473.2,81,0.00,36.6071,0
960,"Internal",0.00,0.00,0.00,89930.00,,,,0.00,0.00,0.00,0.00,0.00,0.00,0.00,0.00,0.00,0.00,,0.00,,0.00,0.00,0.00,0.00,0.00,0.00,0.00,189,0.00,247,0.00,0.00,0.00,17,8,337,0.00,9,0.00,0.00,11,61,8,0.00,0.00,0.00,,,,,,,189,9,3.3,377.7,308,0.00,31.0722,0
961,"Internal",61,139,0.00,54013.00,48.2014,10.7914,41.0072,21,21,8,5,4,2,0.00,0.00,0.00,0.00,,3,,0.00,0.00,0.00,81,383,0.00,0.00,15,16,10,6,90,0.00,0.00,2,1039.00,0.00,42,0.00,44,1,9,1,0.00,0.00,0.00,,,,,,,534.5,82.5,9.1,1077.90,35,0.00,60.5303,0
962,"Internal",0.00,0.00,0.00,89930.00,,,,0.00,0.00,0.00,0.00,0.00,0.00,0.00,0.00,0.00,0.00,,0.00,,0.00,0.00,0.00,224,0.00,0.00,70,33,0.00,0.00,32,3,29,54,129,319,17,376,0.00,515,37,189,52,269,0.00,0.00,,,,,,,250,774,114.1,1020.90,189,0.00,58.1492,0
963,"Internal",38,95,0.00,100208.00,51.5789,12.6316,35.7895,9,16,1,9,3,0.00,0.00,0.00,0.00,0.00,,2,,0.00,0.00,0.00,1,0.00,0.00,0.00,0.00,0.00,0.00,0.00,0.00,0.00,0.00,0.00,0.00,0.00,0.00,0.00,0.00,0.00,0.00,1,0.00,0.00,0.00,,,,,,,0.5,0.5,0.00,1,0.00,0.00,76,0
964,"Internal",367,835,0.00,100208.00,58.8024,17.485,23.7126,108,149,45,43,14,4,4,0.00,0.00,0.00,,27,,0.00,0.00,0.00,5,0.00,0.00,0.00,8,0.00,0.00,31,0.00,0.00,0.00,14,28,1,10,15,62,1,9,38,0.00,0.00,0.00,,,,,,,41.5,13.5,18.7,139.3,9,0.00,42.0118,0
965,"Internal",112,273,0.00,125083.00,51.6484,16.1172,32.2344,24,47,17,20,2,0.00,2,0.00,0.00,0.00,,8,,0.00,0.00,0.00,22,0.00,0.00,0.00,0.00,0.00,0.00,0.00,0.00,0.00,0.00,0.00,9,0.00,0.00,0.00,0.00,0.00,0.00,1,0.00,0.00,0.00,,,,,,,11,11,0.00,10,0.00,0.00,71.875,0
966,"Internal",0.00,0.00,0.00,89930.00,,,,0.00,0.00,0.00,0.00,0.00,0.00,0.00,0.00,0.00,0.00,,0.00,,0.00,0.00,0.00,0.00,0.00,0.00,0.00,0.00,0.00,0.00,0.00,0.00,0.00,0.00,0.00,0.00,0.00,0.00,0.00,0.00,0.00,0.00,0.00,0.00,0.00,0.00,,,,,,,0.00,0.00,0.00,0.00,0.00,0.00,45.0082,0
967,"Internal",0.00,0.00,7,89930.00,,,,0.00,0.00,0.00,0.00,0.00,0.00,0.00,0.00,0.00,0.00,,1,,0.00,0.00,0.00,75,0.00,15,99,63,40,28,0.00,53,0.00,0.00,3,98,28,18,0.00,258,7,32,24,91,0.00,0.00,,,,,,,267.5,174.5,53.7,336.3,100,0.00,58.2173,0
968,"Internal",1,2,0.00,147778.00,100,0.00,0.00,0.00,1,0.00,0.00,0.00,0.00,0.00,0.00,0.00,0.00,,0.00,,0.00,0.00,0.00,642,0.00,70,5,789,34,62,10,59,3,6,8,60,0.00,23,20,15,2,15,7,0.00,0.00,0.00,,,,,,,1254.00,344,11.6,109.4,111,0.00,73.1107,0
969,"Internal",0.00,0.00,0.00,89930.00,,,,0.00,0.00,0.00,0.00,0.00,0.00,0.00,0.00,0.00,0.00,,0.00,,0.00,0.00,0.00,0.00,0.00,0.00,0.00,0.00,0.00,0.00,0.00,0.00,0.00,0.00,5,0.00,0.00,0.00,0.00,0.00,16,84,24,0.00,0.00,0.00,,,,,,,0.00,0.00,4.8,40.2,84,0.00,27.8788,0
970,"Internal",0.00,0.00,0.00,89930.00,,,,0.00,0.00,0.00,0.00,0.00,0.00,0.00,0.00,0.00,0.00,,0.00,,0.00,0.00,0.00,0.00,0.00,0.00,0.00,0.00,0.00,0.00,0.00,0.00,0.00,0.00,0.00,0.00,0.00,0.00,0.00,0.00,0.00,0.00,0.00,0.00,0.00,0.00,,,,,,,0.00,0.00,0.00,0.00,0.00,0.00,45.7627,0
971,"Internal",381,810,0.00,68424.00,72.2222,18.642,9.1358,136,122,79,29,13,2,0.00,0.00,34,0.00,,25,,0.00,0.00,0.00,6,0.00,0.00,0.00,0.00,15,29,0.00,0.00,0.00,0.00,24,81,0.00,0.00,3,23,5,21,0.00,0.00,0.00,0.00,,,,,,,3,3,7.3,128.7,65,34,37.0166,0
972,"Internal",0.00,0.00,0.00,89930.00,,,,0.00,0.00,0.00,0.00,0.00,0.00,0.00,0.00,0.00,0.00,,0.00,,0.00,0.00,0.00,80,0.00,0.00,0.00,0.00,0.00,0.00,0.00,0.00,0.00,16,37,32,10,3,0.00,6,18,95,2,0.00,0.00,0.00,,,,,,,40,53,6.6,104.4,95,0.00,19.4915,0
973,"Internal",208,510,0.00,68424.00,68.0392,21.7647,10.1961,53,78,32,31,6,5,3,0.00,0.00,0.00,,16,,0.00,0.00,0.00,17,0.00,0.00,0.00,0.00,0.00,0.00,0.00,0.00,0.00,0.00,0.00,0.00,0.00,2,0.00,0.00,0.00,0.00,3,0.00,0.00,0.00,,,,,,,8.5,10.5,0.00,3,0.00,0.00,55.5556,0
974,"Internal",449,1308.00,23,147778.00,65.367,23.0887,11.5443,80,139,91,70,33,20,16,0.00,0.00,0.00,,29,,0.00,0.00,0.00,7,0.00,0.00,0.00,0.00,0.00,0.00,0.00,0.00,0.00,0.00,0.00,0.00,0.00,9,0.00,0.00,1,6,0.00,0.00,0.00,0.00,,,,,,,3.5,12.5,0.3,0.7,6,0.00,48.6111,0
975,"Internal",312,718,0.00,81515.00,46.6574,14.624,38.7187,86,124,50,30,18,4,0.00,0.00,0.00,0.00,,21,,0.00,0.00,5,5,0.00,0.00,0.00,3,0.00,0.00,0.00,0.00,0.00,14,6,17,0.00,1,0.00,0.00,0.00,0.00,0.00,0.00,0.00,0.00,,,,,,,10.5,3.5,0.00,37,0.00,0.00,62.7737,0
976,"Internal",158,275,0.00,90071.00,73.4545,17.8182,8.72727,99,34,10,6,3,3,3,0.00,0.00,0.00,,8,,0.00,0.00,0.00,0.00,0.00,0.00,0.00,0.00,0.00,0.00,0.00,0.00,0.00,0.00,0.00,0.00,0.00,0.00,0.00,0.00,3,16,34,0.00,0.00,0.00,,,,,,,0.00,0.00,0.9,36.1,16,0.00,23.3766,0
977,"Internal",159,311,0.00,90071.00,61.7363,24.7588,13.5048,66,64,13,8,4,2,2,0.00,0.00,0.00,,8,,0.00,0.00,0.00,0.00,0.00,0.00,0.00,0.00,0.00,0.00,0.00,0.00,0.00,0.00,17,0.00,0.00,0.00,0.00,0.00,0.00,0.00,0.00,0.00,0.00,0.00,,,,,,,0.00,0.00,0.00,17,0.00,0.00,0.00,0
978,"Internal",108,263,0.00,81515.00,56.654,15.2091,28.1369,17,51,24,11,2,3,0.00,0.00,0.00,0.00,,5,,3,0.00,0.00,6,0.00,0.00,0.00,0.00,0.00,0.00,0.00,0.00,0.00,0.00,0.00,0.00,0.00,0.00,0.00,0.00,0.00,1,1,0.00,0.00,0.00,,,,,,,6,3,0.00,1,1,0.00,66.6667,0
979,"Internal",427,796,112,62132.00,58.9196,13.8191,27.2613,218,112,59,19,15,2,2,0.00,0.00,0.00,,29,,0.00,0.00,0.00,5,0.00,0.00,0.00,0.00,22,0.00,0.00,0.00,0.00,0.00,23,10,0.00,0.00,2,88,6,28,18,0.00,0.00,0.00,,,,,,,2.5,2.5,20.2,126.8,50,0.00,29.078,0
980,"Internal",516,1013.00,0.00,65261.00,75.7157,18.6575,5.62685,230,162,83,18,10,3,10,0.00,0.00,0.00,,38,,0.00,0.00,0.00,1,0.00,0.00,0.00,0.00,0.00,0.00,0.00,0.00,1,0.00,25,1,0.00,0.00,0.00,0.00,0.00,0.00,0.00,0.00,0.00,0.00,,,,,,,0.5,0.5,0.00,27,0.00,0.00,25,0
981,"Internal",0.00,0.00,61,89930.00,,,,0.00,0.00,0.00,0.00,0.00,0.00,0.00,0.00,0.00,0.00,,0.00,,0.00,0.00,0.00,0.00,0.00,0.00,0.00,0.00,0.00,0.00,0.00,0.00,0.00,0.00,0.00,0.00,0.00,0.00,0.00,203,0.00,0.00,29,0.00,0.00,0.00,,,,,,,0.00,0.00,40.6,191.4,0.00,0.00,55.414,0
982,"Internal",522,1296.00,0.00,99125.00,58.2562,20.5247,21.2191,154,186,66,48,36,24,8,0.00,0.00,0.00,,27,,2,0.00,0.00,38,0.00,0.00,5,8,0.00,3,0.00,0.00,0.00,6,10,15,28,230,47,61,1,3,39,0.00,2,0.00,,,,,,,34,279,31.3,147.7,6,0.00,44.086,0
983,"Internal",12,37,0.00,81515.00,13.5135,18.9189,67.5676,1,3,3,4,1,0.00,0.00,0.00,0.00,0.00,,1,,0.00,0.00,0.00,6,0.00,0.00,0.00,0.00,0.00,0.00,0.00,0.00,0.00,0.00,0.00,0.00,0.00,0.00,0.00,0.00,0.00,0.00,0.00,0.00,0.00,0.00,,,,,,,3,3,0.00,0.00,0.00,0.00,45.0082,0
984,"Internal",0.00,0.00,0.00,89930.00,,,,0.00,0.00,0.00,0.00,0.00,0.00,0.00,0.00,0.00,0.00,,0.00,,0.00,0.00,0.00,9,0.00,0.00,1435.00,0.00,0.00,0.00,0.00,0.00,103,0.00,13,16,1,1,0.00,31,317,1634.00,0.00,0.00,0.00,0.00,,,,,,,1439.50,6.5,101.3,378.7,1634.00,0.00,77.5379,0
985,"Internal",450,849,0.00,99125.00,70.7892,14.9588,14.2521,211,152,47,25,4,4,7,17,0.00,0.00,,34,,0.00,0.00,0.00,141,0.00,207,0.00,16,0.00,2,0.00,8,80,49,31,134,52,6,26,140,0.00,0.00,54,0.00,0.00,0.00,,,,,,,301.5,128.5,38.4,475.6,2,17,76.673,0
986,"Internal",0.00,0.00,0.00,89930.00,,,,0.00,0.00,0.00,0.00,0.00,0.00,0.00,0.00,0.00,0.00,,0.00,,0.00,0.00,0.00,0.00,0.00,0.00,0.00,0.00,0.00,0.00,29,0.00,0.00,0.00,3,8,0.00,482,0.00,53,9,51,6,0.00,0.00,0.00,,,,,,,29,482,13.3,65.7,51,0.00,45.0082,0
987,"Internal",0.00,0.00,0.00,89930.00,,,,0.00,0.00,0.00,0.00,0.00,0.00,0.00,0.00,0.00,0.00,,0.00,,0.00,5,0.00,30,0.00,0.00,181,40,0.00,22,0.00,0.00,0.00,13,15,95,21,29,16,8,7,36,16,0.00,0.00,0.00,,,,,,,241,65,10.1,159.9,58,0.00,57.1705,0
988,"Internal",2,4,0.00,65261.00,50,50,0.00,0.00,2,0.00,0.00,0.00,0.00,0.00,0.00,0.00,0.00,,0.00,,0.00,0.00,0.00,46,0.00,0.00,0.00,0.00,0.00,0.00,0.00,0.00,0.00,0.00,3,0.00,0.00,0.00,0.00,0.00,11,56,36,0.00,0.00,0.00,,,,,,,23,23,3.3,46.7,56,0.00,44.7011,0
989,"Internal",0.00,0.00,0.00,89930.00,,,,0.00,0.00,0.00,0.00,0.00,0.00,0.00,0.00,0.00,0.00,,0.00,,0.00,7,0.00,271,211,29,145,254,25,9,209,706,11,14,15,111,57,38,46,77,25,132,246,0.00,0.00,0.00,,,,,,,1696.50,230.5,41.3,503.7,166,0.00,53.3815,0
990,"Internal",0.00,0.00,0.00,89930.00,,,,0.00,0.00,0.00,0.00,0.00,0.00,0.00,55,0.00,0.00,,0.00,,0.00,0.00,0.00,506,107,0.00,261,403,9,41,0.00,0.00,0.00,0.00,38,414,18,46,24,1,1,3,76,0.00,0.00,135,,,,,,,1024.00,317,10.1,543.9,53,55,65.3538,0
991,"Internal",0.00,0.00,0.00,89930.00,,,,0.00,0.00,0.00,0.00,0.00,0.00,0.00,0.00,0.00,0.00,,0.00,,0.00,36,0.00,56,0.00,2,0.00,2,0.00,0.00,61,0.00,0.00,53,16,226,47,265,118,61,36,181,28,32,0.00,224,,,,,,,129,372,70.2,467.8,181,0.00,53.4447,0
992,"Internal",0.00,0.00,0.00,89930.00,,,,0.00,0.00,0.00,0.00,0.00,0.00,0.00,0.00,0.00,0.00,,0.00,,0.00,5,0.00,0.00,0.00,0.00,0.00,0.00,85,7,0.00,0.00,5,26,11,22,129,397,0.00,10,10,56,25,139,0.00,0.00,,,,,,,5,665,5,104,148,0.00,69.8337,0
993,"Internal",768,1821.00,0.00,70804.00,57.9352,37.1225,4.94234,272,205,123,106,38,12,12,0.00,0.00,0.00,,50,,0.00,0.00,0.00,0.00,0.00,0.00,0.00,0.00,0.00,6,0.00,0.00,0.00,0.00,22,0.00,0.00,3,0.00,117,14,72,5,0.00,0.00,0.00,,,,,,,0.00,3,27.6,130.4,78,0.00,42.3077,0
994,"Internal",46,120,0.00,125083.00,37.5,18.3333,44.1667,8,17,7,13,1,0.00,0.00,0.00,0.00,0.00,,0.00,,0.00,0.00,0.00,0.00,0.00,0.00,0.00,0.00,0.00,0.00,0.00,0.00,0.00,0.00,0.00,0.00,0.00,0.00,0.00,0.00,0.00,0.00,0.00,0.00,0.00,0.00,,,,,,,0.00,0.00,0.00,0.00,0.00,0.00,45.0082,0
995,"Internal",59,136,0.00,142067.00,41.9118,18.3824,39.7059,12,30,7,7,3,0.00,0.00,0.00,0.00,0.00,,0.00,,0.00,0.00,0.00,0.00,0.00,0.00,0.00,0.00,0.00,0.00,0.00,0.00,0.00,0.00,0.00,0.00,0.00,0.00,0.00,0.00,0.00,0.00,0.00,0.00,0.00,0.00,,,,,,,0.00,0.00,0.00,0.00,0.00,0.00,45.0082,0
1001,"Internal",20,35,0.00,88409.00,51.4286,0.00,48.5714,13,2,2,3,0.00,0.00,0.00,0.00,0.00,0.00,,2,,0.00,0.00,0.00,5,0.00,0.00,0.00,0.00,0.00,0.00,0.00,0.00,0.00,0.00,2,0.00,0.00,0.00,0.00,0.00,0.00,0.00,0.00,0.00,0.00,0.00,,,,,,,2.5,2.5,0.00,2,0.00,0.00,42.8571,0
1002,"Internal",0.00,0.00,0.00,89930.00,,,,0.00,0.00,0.00,0.00,0.00,0.00,0.00,0.00,0.00,0.00,,0.00,,0.00,0.00,0.00,26,0.00,0.00,0.00,0.00,0.00,0.00,0.00,0.00,0.00,0.00,13,0.00,0.00,0.00,10,0.00,0.00,0.00,7,0.00,0.00,0.00,,,,,,,13,13,4,26,0.00,0.00,45.0082,0
1003,"Internal",293,708,0.00,88409.00,60.1695,15.678,24.1525,57,127,63,27,14,5,0.00,0.00,0.00,0.00,,19,,0.00,2,0.00,3,0.00,0.00,0.00,0.00,0.00,0.00,0.00,0.00,0.00,0.00,5,1,0.00,0.00,0.00,0.00,0.00,0.00,0.00,0.00,0.00,0.00,,,,,,,3.5,1.5,0.00,6,0.00,0.00,33.3333,0
1004,"Internal",338,858,0.00,88698.00,56.993,16.8998,26.1072,64,159,44,34,23,5,9,0.00,0.00,0.00,,31,,0.00,0.00,0.00,1,0.00,0.00,0.00,1,0.00,5,3,0.00,0.00,3,3,2,0.00,0.00,0.00,88,0.00,0.00,0.00,0.00,0.00,0.00,,,,,,,4.5,0.5,17.6,78.4,5,0.00,24.8,0
1005,"Internal",2,6,0.00,55422.00,83.3333,16.6667,0.00,0.00,0.00,2,0.00,0.00,0.00,0.00,0.00,0.00,0.00,,0.00,,0.00,0.00,0.00,0.00,0.00,0.00,0.00,0.00,0.00,0.00,0.00,0.00,0.00,0.00,0.00,0.00,0.00,0.00,0.00,0.00,0.00,0.00,0.00,0.00,0.00,0.00,,,,,,,0.00,0.00,0.00,0.00,0.00,0.00,45.0082,0
1006,"Internal",0.00,0.00,0.00,89930.00,,,,0.00,0.00,0.00,0.00,0.00,0.00,0.00,0.00,0.00,0.00,,0.00,,0.00,0.00,0.00,0.00,0.00,0.00,0.00,0.00,0.00,0.00,0.00,0.00,0.00,0.00,0.00,0.00,0.00,0.00,0.00,0.00,0.00,0.00,0.00,0.00,0.00,0.00,,,,,,,0.00,0.00,0.00,0.00,0.00,0.00,45.0082,0
1007,"Internal",539,1153.00,0.00,68984.00,59.497,18.5603,21.9428,147,283,40,49,6,4,10,0.00,0.00,0.00,,28,,0.00,0.00,0.00,11,0.00,0.00,0.00,31,0.00,2,0.00,0.00,11,3,22,2,0.00,0.00,0.00,0.00,0.00,0.00,1,0.00,0.00,0.00,,,,,,,36.5,5.5,0.00,39,2,0.00,65.625,0
1008,"Internal",197,442,10,36648.00,74.6606,20.8145,4.52489,79,56,22,18,19,3,0.00,24,0.00,0.00,,10,,0.00,0.00,0.00,13,0.00,0.00,0.00,8,13,20,0.00,0.00,0.00,17,3,0.00,0.00,0.00,0.00,0.00,17,91,23,0.00,0.00,0.00,,,,,,,14.5,6.5,5.1,54.9,124,24,26.8519,0
1009,"Internal",227,604,0.00,68984.00,59.2715,36.4238,4.30464,55,72,44,28,16,3,9,0.00,0.00,0.00,,13,,0.00,0.00,0.00,52,0.00,0.00,0.00,0.00,0.00,0.00,14,0.00,0.00,0.00,10,0.00,0.00,215,0.00,0.00,2,9,6,0.00,0.00,0.00,,,,,,,40,241,0.6,17.4,9,0.00,11.7647,0
1010,"Internal",635,1542.00,0.00,55422.00,74.1894,20.2983,5.51232,180,211,112,81,31,15,5,0.00,0.00,0.00,,53,,0.00,0.00,0.00,2,0.00,0.00,0.00,0.00,0.00,0.00,0.00,0.00,0.00,0.00,2,0.00,0.00,1,0.00,0.00,0.00,0.00,0.00,0.00,0.00,0.00,,,,,,,1,2,0.00,2,0.00,0.00,32.4324,0
1011,"Internal",1,2,0.00,77768.00,100,0.00,0.00,0.00,1,0.00,0.00,0.00,0.00,0.00,0.00,0.00,0.00,,0.00,,0.00,0.00,0.00,0.00,0.00,0.00,0.00,0.00,218,48,0.00,0.00,0.00,0.00,1,0.00,0.00,0.00,0.00,0.00,11,61,2,0.00,0.00,0.00,,,,,,,0.00,0.00,3.3,10.7,327,0.00,45.0082,0
1012,"Internal",481,1361.00,0.00,41370.00,56.8699,38.7215,4.40852,81,157,101,82,35,15,10,0.00,0.00,0.00,,33,,0.00,0.00,0.00,0.00,0.00,0.00,0.00,0.00,0.00,0.00,0.00,0.00,0.00,0.00,13,0.00,0.00,0.00,0.00,0.00,0.00,0.00,0.00,0.00,0.00,0.00,,,,,,,0.00,0.00,0.00,13,0.00,0.00,44.6115,0
1013,"Internal",227,621,0.00,67524.00,63.4461,23.1884,13.3655,56,61,45,37,14,8,6,0.00,0.00,0.00,,10,,0.00,0.00,0.00,6,0.00,0.00,0.00,1,0.00,0.00,0.00,0.00,0.00,0.00,9,1,0.00,0.00,0.00,0.00,0.00,0.00,0.00,0.00,0.00,0.00,,,,,,,4,3,0.00,10,0.00,0.00,80,0
1014,"Internal",528,1264.00,0.00,77768.00,66.3766,16.5348,17.0886,146,213,59,64,23,17,6,0.00,0.00,0.00,,26,,0.00,0.00,0.00,11,0.00,0.00,0.00,0.00,0.00,6,0.00,0.00,0.00,0.00,5,0.00,0.00,0.00,0.00,42,5,23,8,0.00,0.00,0.00,,,,,,,5.5,5.5,9.9,50.1,29,0.00,24.3243,0
1015,"Internal",0.00,0.00,0.00,89930.00,,,,0.00,0.00,0.00,0.00,0.00,0.00,0.00,0.00,0.00,0.00,,0.00,,0.00,0.00,0.00,0.00,0.00,0.00,0.00,0.00,0.00,0.00,0.00,0.00,0.00,0.00,0.00,0.00,0.00,0.00,0.00,0.00,0.00,0.00,0.00,0.00,0.00,0.00,,,,,,,0.00,0.00,0.00,0.00,0.00,0.00,45.0082,0
1016,"Internal",4,7,0.00,77896.00,71.4286,14.2857,14.2857,1,3,0.00,0.00,0.00,0.00,0.00,0.00,0.00,0.00,,0.00,,0.00,0.00,0.00,345,0.00,107,226,201,116,5,76,100,0.00,0.00,26,30,0.00,62,0.00,3,1,5,103,0.00,0.00,0.00,,,,,,,882.5,234.5,0.9,162.1,126,0.00,60.0823,0
1017,"Internal",1,2,27,41370.00,0.00,100,0.00,0.00,1,0.00,0.00,0.00,0.00,0.00,0.00,0.00,0.00,,0.00,,0.00,0.00,0.00,163,0.00,0.00,0.00,0.00,10,10,39,0.00,0.00,0.00,0.00,0.00,0.00,40,0.00,117,0.00,3,11,1,0.00,0.00,,,,,,,120.5,122.5,23.4,104.6,23,0.00,50,0
1018,"Internal",400,885,0.00,48188.00,63.0508,24.1808,12.7684,128,164,37,48,16,3,4,0.00,0.00,0.00,,28,,0.00,0.00,0.00,0.00,0.00,0.00,0.00,0.00,0.00,0.00,0.00,0.00,0.00,0.00,5,0.00,0.00,16,0.00,0.00,0.00,0.00,0.00,0.00,0.00,0.00,,,,,,,0.00,16,0.00,5,0.00,0.00,0.00,0
1019,"Internal",183,620,0.00,90071.00,63.0645,30.1613,6.77419,29,31,33,42,32,10,6,0.00,0.00,0.00,,19,,0.00,0.00,0.00,0.00,0.00,0.00,0.00,0.00,0.00,0.00,0.00,0.00,0.00,3,0.00,0.00,0.00,0.00,0.00,0.00,3,21,8,0.00,0.00,0.00,,,,,,,0.00,0.00,0.9,13.1,21,0.00,28.9474,0
1020,"Internal",0.00,0.00,0.00,89930.00,,,,0.00,0.00,0.00,0.00,0.00,0.00,0.00,0.00,0.00,4198.00,,0.00,,0.00,0.00,0.00,0.00,0.00,0.00,0.00,0.00,0.00,2,0.00,0.00,0.00,0.00,0.00,296,0.00,0.00,1113.00,0.00,0.00,0.00,0.00,0.00,0.00,0.00,,,,,,,0.00,0.00,445.2,963.8,2,0.00,46.1312,0
1021,"Internal",270,659,0.00,92841.00,68.5888,21.6995,9.71168,82,80,53,37,6,4,8,0.00,0.00,0.00,,12,,0.00,0.00,0.00,0.00,0.00,0.00,0.00,24,0.00,0.00,5,0.00,3,13,5,7,14,2,0.00,160,1,5,11,0.00,0.00,0.00,,,,,,,29,16,32.3,167.7,5,0.00,37.2549,0
1022,"Internal",233,562,0.00,48538.00,70.2847,19.7509,9.96441,85,47,53,30,9,4,5,0.00,0.00,0.00,,14,,0.00,0.00,0.00,0.00,0.00,0.00,0.00,0.00,0.00,0.00,0.00,0.00,0.00,0.00,0.00,0.00,0.00,1,0.00,31,0.00,0.00,0.00,0.00,0.00,0.00,,,,,,,0.00,1,6.2,24.8,0.00,0.00,44.4444,0
1023,"Internal",147,313,0.00,69965.00,72.524,12.7796,14.6965,57,50,21,8,7,2,2,0.00,0.00,0.00,,7,,0.00,0.00,0.00,2,0.00,0.00,0.00,0.00,20,6,0.00,0.00,0.00,0.00,9,1,0.00,0.00,0.00,0.00,29,152,2,0.00,0.00,0.00,,,,,,,1,1,8.7,32.3,178,0.00,41.1765,0
1024,"Internal",48,74,0.00,90071.00,47.2973,37.8378,14.8649,27,16,5,0.00,0.00,0.00,0.00,0.00,0.00,0.00,,2,,0.00,0.00,0.00,0.00,0.00,0.00,0.00,0.00,7,1,0.00,0.00,0.00,0.00,0.00,0.00,3,13,0.00,0.00,30,155,5,0.00,0.00,0.00,,,,,,,0.00,16,9,26,163,0.00,16.9591,0
1025,"Internal",481,1112.00,0.00,69965.00,80.3058,13.4892,6.20504,155,181,70,19,31,21,4,0.00,0.00,0.00,,35,,0.00,0.00,0.00,1,0.00,0.00,0.00,0.00,0.00,0.00,0.00,0.00,0.00,0.00,0.00,0.00,0.00,0.00,0.00,0.00,0.00,0.00,0.00,0.00,0.00,0.00,,,,,,,0.5,0.5,0.00,0.00,0.00,0.00,14.2857,0
1026,"Internal",265,820,0.00,42917.00,49.7561,46.8293,3.41463,50,45,65,58,32,12,3,0.00,0.00,0.00,,17,,0.00,0.00,0.00,0.00,0.00,0.00,0.00,0.00,0.00,0.00,0.00,0.00,0.00,0.00,8,0.00,0.00,0.00,0.00,0.00,0.00,0.00,0.00,0.00,0.00,0.00,,,,,,,0.00,0.00,0.00,8,0.00,0.00,83.3333,0
1027,"Internal",8,32,857,90071.00,100,0.00,0.00,0.00,0.00,0.00,8,0.00,0.00,0.00,0.00,0.00,0.00,,0.00,,0.00,0.00,0.00,33,0.00,0.00,0.00,0.00,0.00,0.00,0.00,0.00,0.00,0.00,0.00,0.00,0.00,0.00,0.00,0.00,0.00,0.00,2,0.00,0.00,0.00,,,,,,,16.5,16.5,0.00,2,0.00,0.00,68.9977,0
1028,"Internal",197,582,0.00,90071.00,63.0584,24.055,12.8866,37,44,52,30,24,9,1,0.00,0.00,0.00,,14,,0.00,0.00,0.00,0.00,0.00,0.00,0.00,0.00,0.00,0.00,6,0.00,0.00,0.00,0.00,0.00,0.00,30,0.00,0.00,0.00,0.00,0.00,0.00,0.00,0.00,,,,,,,6,30,0.00,0.00,0.00,0.00,83.3333,0
1029,"Internal",28,86,0.00,42917.00,72.093,9.30233,18.6047,2,9,6,7,4,0.00,0.00,0.00,0.00,0.00,,2,,0.00,0.00,0.00,0.00,0.00,0.00,0.00,0.00,0.00,0.00,0.00,0.00,0.00,0.00,2,0.00,0.00,0.00,0.00,0.00,0.00,0.00,0.00,0.00,0.00,0.00,,,,,,,0.00,0.00,0.00,2,0.00,0.00,45.0082,0
1030,"Internal",0.00,0.00,0.00,89930.00,,,,0.00,0.00,0.00,0.00,0.00,0.00,0.00,0.00,2331.00,0.00,,0.00,,0.00,0.00,0.00,11,0.00,0.00,0.00,0.00,0.00,0.00,0.00,0.00,0.00,0.00,7,0.00,0.00,0.00,173,0.00,9,45,0.00,0.00,0.00,0.00,,,,,,,5.5,5.5,71.9,117.1,45,2331.00,37.5,0
1031,"Internal",0.00,0.00,0.00,89930.00,,,,0.00,0.00,0.00,0.00,0.00,0.00,0.00,0.00,0.00,0.00,,0.00,,0.00,0.00,0.00,0.00,0.00,0.00,0.00,0.00,0.00,0.00,0.00,0.00,0.00,0.00,0.00,0.00,0.00,0.00,0.00,0.00,0.00,0.00,44,0.00,0.00,0.00,,,,,,,0.00,0.00,0.00,44,0.00,0.00,45.0082,0
1032,"Internal",161,479,0.00,46282.00,59.499,29.4363,11.0647,35,49,26,17,13,12,9,0.00,0.00,0.00,,8,,0.00,0.00,0.00,5,0.00,0.00,0.00,0.00,24,20,0.00,0.00,0.00,0.00,0.00,1,0.00,0.00,0.00,16,18,98,5,0.00,0.00,0.00,,,,,,,2.5,2.5,8.6,31.4,142,0.00,18.8679,0
1033,"Internal",1,3,0.00,68299.00,33.3333,66.6667,0.00,0.00,0.00,1,0.00,0.00,0.00,0.00,0.00,0.00,0.00,,0.00,,0.00,0.00,0.00,2,0.00,0.00,0.00,0.00,0.00,0.00,0.00,0.00,0.00,0.00,0.00,0.00,0.00,0.00,0.00,0.00,0.00,0.00,15,0.00,0.00,0.00,,,,,,,1,1,0.00,15,0.00,0.00,45.0082,0
1034,"Internal",0.00,0.00,0.00,89930.00,,,,0.00,0.00,0.00,0.00,0.00,0.00,0.00,0.00,0.00,0.00,,0.00,,0.00,0.00,0.00,0.00,0.00,0.00,0.00,0.00,0.00,0.00,0.00,0.00,0.00,0.00,0.00,0.00,0.00,0.00,0.00,0.00,0.00,0.00,6,0.00,0.00,0.00,,,,,,,0.00,0.00,0.00,6,0.00,0.00,36.8421,0
1035,"Internal",344,1024.00,0.00,68299.00,60.6445,27.7344,11.6211,42,112,75,67,30,11,7,0.00,0.00,0.00,,29,,0.00,0.00,0.00,41,0.00,0.00,0.00,0.00,0.00,0.00,0.00,0.00,0.00,0.00,0.00,0.00,0.00,38,0.00,0.00,0.00,0.00,0.00,0.00,0.00,0.00,,,,,,,20.5,58.5,0.00,0.00,0.00,0.00,58.9286,0
1036,"Internal",0.00,0.00,0.00,89930.00,,,,0.00,0.00,0.00,0.00,0.00,0.00,0.00,0.00,0.00,0.00,,0.00,,0.00,0.00,0.00,0.00,0.00,0.00,0.00,0.00,0.00,0.00,0.00,0.00,0.00,0.00,0.00,0.00,0.00,0.00,0.00,0.00,0.00,0.00,0.00,0.00,0.00,0.00,,,,,,,0.00,0.00,0.00,0.00,0.00,0.00,45.0082,0
1037,"Internal",673,1981.00,0.00,75823.00,53.7607,27.6123,18.627,94,280,102,62,58,56,21,0.00,0.00,0.00,,52,,0.00,0.00,18,10,0.00,0.00,0.00,0.00,0.00,11,0.00,0.00,0.00,3,2,0.00,0.00,0.00,0.00,0.00,8,40,2,0.00,0.00,0.00,,,,,,,23,5,2.4,12.6,51,0.00,33.3333,0
1038,"Internal",2,9,0.00,68299.00,22.2222,77.7778,0.00,0.00,0.00,1,0.00,0.00,1,0.00,0.00,0.00,0.00,,1,,0.00,0.00,0.00,49,0.00,0.00,0.00,0.00,0.00,20,0.00,0.00,0.00,0.00,5,0.00,0.00,17,0.00,0.00,0.00,0.00,20,0.00,0.00,0.00,,,,,,,24.5,41.5,0.00,25,20,0.00,26.6667,0
1039,"Internal",53,152,0.00,69965.00,59.8684,17.1053,23.0263,8,23,7,5,5,3,2,0.00,0.00,0.00,,2,,0.00,0.00,0.00,0.00,0.00,0.00,0.00,0.00,0.00,0.00,0.00,0.00,0.00,0.00,1,0.00,0.00,0.00,0.00,0.00,0.00,0.00,0.00,0.00,0.00,0.00,,,,,,,0.00,0.00,0.00,1,0.00,0.00,20,0
1040,"Internal",211,573,0.00,130333.00,60.3839,22.3386,17.2775,47,73,34,28,16,5,8,0.00,0.00,0.00,,14,,2,0.00,0.00,10,0.00,0.00,0.00,0.00,0.00,0.00,0.00,0.00,0.00,0.00,6,0.00,0.00,0.00,0.00,0.00,0.00,3,0.00,0.00,0.00,0.00,,,,,,,7,5,0.00,6,3,0.00,29.4118,0
1041,"Internal",384,1134.00,0.00,46282.00,56.7019,30.6878,12.6102,82,96,77,54,43,26,6,434,0.00,0.00,,30,,0.00,0.00,0.00,7,0.00,0.00,0.00,0.00,9,30,6,0.00,0.00,5,2,0.00,0.00,5,52,33,26,137,2,0.00,0.00,0.00,,,,,,,9.5,8.5,35.2,84.8,176,434,20.098,0
1042,"Internal",86,255,5,52429.00,66.6667,16.8627,16.4706,20,17,19,16,7,4,3,0.00,0.00,0.00,,6,,0.00,0.00,0.00,0.00,0.00,0.00,0.00,0.00,0.00,0.00,14,7,0.00,0.00,0.00,0.00,0.00,0.00,0.00,0.00,0.00,0.00,1,0.00,0.00,0.00,,,,,,,21,0.00,0.00,1,0.00,0.00,66.6667,0
1043,"Internal",75,189,0.00,133393.00,58.7302,24.8677,16.4021,25,20,10,11,5,3,1,0.00,0.00,0.00,,6,,0.00,5,0.00,185,25,52,20,23,1,0.00,40,0.00,0.00,0.00,0.00,6,0.00,77,0.00,0.00,1,3,2,0.00,5,0.00,,,,,,,257.5,174.5,0.3,8.7,4,0.00,55.3684,0
1044,"Internal",50,122,0.00,133393.00,61.4754,22.1311,16.3934,16,13,11,7,1,0.00,2,0.00,0.00,0.00,,3,,0.00,1,0.00,3,0.00,0.00,0.00,0.00,0.00,0.00,2,0.00,0.00,0.00,0.00,0.00,0.00,0.00,0.00,0.00,0.00,0.00,9,0.00,0.00,0.00,,,,,,,4.5,1.5,0.00,9,0.00,0.00,0.00,0
1045,"Internal",164,490,0.00,70972.00,63.0612,25.9184,11.0204,47,38,22,21,12,11,13,0.00,0.00,0.00,,11,,0.00,0.00,0.00,0.00,0.00,0.00,0.00,0.00,20,20,0.00,0.00,0.00,0.00,0.00,0.00,0.00,0.00,0.00,0.00,0.00,2,0.00,0.00,0.00,0.00,,,,,,,0.00,0.00,0.00,0.00,42,0.00,13.5135,0
1046,"Internal",1,2,4,52429.00,100,0.00,0.00,0.00,1,0.00,0.00,0.00,0.00,0.00,0.00,0.00,0.00,,0.00,,8,0.00,0.00,0.00,0.00,7,1,10,0.00,0.00,0.00,0.00,0.00,0.00,0.00,67,0.00,0.00,0.00,0.00,0.00,0.00,5,0.00,0.00,0.00,,,,,,,26,0.00,0.00,72,0.00,0.00,73.5786,0
1047,"Internal",674,1678.00,3,52429.00,54.7676,28.1287,17.1037,173,245,111,81,31,28,5,0.00,0.00,0.00,,42,,21,0.00,0.00,11,0.00,0.00,0.00,0.00,0.00,0.00,1,0.00,0.00,0.00,3,1,0.00,2,0.00,1,1,8,18,0.00,0.00,0.00,,,,,,,27.5,7.5,0.5,23.5,8,0.00,33.3333,0
1048,"Internal",111,326,0.00,92083.00,69.9386,25.7669,4.29448,13,45,22,14,6,6,5,0.00,0.00,0.00,,10,,0.00,0.00,0.00,0.00,0.00,0.00,0.00,0.00,0.00,0.00,0.00,0.00,0.00,0.00,0.00,0.00,0.00,0.00,0.00,0.00,0.00,0.00,0.00,0.00,0.00,0.00,,,,,,,0.00,0.00,0.00,0.00,0.00,0.00,0.00,0
1049,"Internal",315,1052.00,0.00,70972.00,57.6996,28.9924,13.308,52,73,57,52,37,18,26,0.00,0.00,0.00,,27,,0.00,0.00,0.00,5,0.00,0.00,0.00,0.00,0.00,25,0.00,180,0.00,0.00,0.00,31,0.00,0.00,0.00,0.00,25,127,0.00,0.00,0.00,0.00,,,,,,,182.5,2.5,7.5,48.5,152,0.00,15.625,0
1050,"Internal",59,178,0.00,58684.00,53.3708,39.8876,6.74157,8,26,3,9,8,2,3,0.00,0.00,0.00,,5,,0.00,0.00,0.00,0.00,0.00,0.00,0.00,0.00,36,0.00,0.00,0.00,0.00,0.00,0.00,0.00,0.00,0.00,0.00,0.00,1,9,10,0.00,0.00,0.00,,,,,,,0.00,0.00,0.3,10.7,45,0.00,24.5902,0
1051,"Internal",272,769,16,133393.00,60.8583,22.8869,16.2549,40,109,44,37,25,13,4,0.00,0.00,0.00,,19,,0.00,0.00,0.00,7,0.00,0.00,0.00,1,0.00,0.00,0.00,0.00,0.00,0.00,0.00,0.00,0.00,0.00,0.00,2,0.00,0.00,0.00,0.00,0.00,0.00,,,,,,,4.5,3.5,0.4,1.6,0.00,0.00,23.4375,0
1052,"Internal",196,621,0.00,70972.00,50.8857,32.3672,16.7472,43,41,42,21,20,17,12,0.00,0.00,0.00,,14,,0.00,0.00,0.00,0.00,0.00,0.00,0.00,0.00,0.00,0.00,0.00,0.00,0.00,0.00,0.00,0.00,0.00,0.00,0.00,0.00,0.00,0.00,0.00,0.00,0.00,0.00,,,,,,,0.00,0.00,0.00,0.00,0.00,0.00,25,0
1053,"Internal",440,1395.00,0.00,91985.00,56.6308,29.5341,13.8351,85,103,72,73,62,29,16,0.00,0.00,0.00,,36,,0.00,0.00,0.00,13,0.00,0.00,0.00,0.00,15,18,0.00,1,0.00,0.00,5,0.00,0.00,0.00,0.00,7,8,45,1,0.00,0.00,0.00,,,,,,,7.5,6.5,3.8,17.2,78,0.00,25,0
1054,"Internal",69,209,0.00,58684.00,55.5024,33.4928,11.0048,12,24,7,13,5,5,3,512,0.00,0.00,,6,,0.00,0.00,0.00,0.00,0.00,0.00,0.00,0.00,0.00,0.00,0.00,0.00,0.00,0.00,0.00,0.00,0.00,0.00,54,0.00,0.00,0.00,0.00,0.00,0.00,0.00,,,,,,,0.00,0.00,21.6,32.4,0.00,512,37.5,0
1055,"Internal",205,543,0.00,129611.00,61.8785,25.9669,12.1547,56,55,46,18,17,9,4,0.00,0.00,0.00,,23,,0.00,0.00,0.00,0.00,0.00,0.00,0.00,1,0.00,0.00,0.00,0.00,0.00,0.00,0.00,1,0.00,0.00,0.00,0.00,0.00,3,0.00,0.00,0.00,0.00,,,,,,,1,0.00,0.00,1,3,0.00,100,0
1056,"Internal",0.00,0.00,0.00,89930.00,,,,0.00,0.00,0.00,0.00,0.00,0.00,0.00,0.00,0.00,0.00,,0.00,,0.00,0.00,0.00,0.00,0.00,0.00,0.00,284,0.00,0.00,0.00,135,0.00,0.00,22,0.00,0.00,76,15,0.00,2,11,0.00,0.00,0.00,0.00,,,,,,,419,76,6.6,32.4,11,0.00,45.0082,0
1057,"Internal",182,595,0.00,70250.00,57.1429,30.4202,12.437,32,46,35,26,10,19,14,0.00,0.00,0.00,,14,,0.00,0.00,0.00,0.00,0.00,0.00,0.00,0.00,0.00,0.00,0.00,0.00,0.00,0.00,0.00,0.00,0.00,0.00,0.00,0.00,0.00,0.00,1,0.00,0.00,0.00,,,,,,,0.00,0.00,0.00,1,0.00,0.00,45.0082,0
1058,"Internal",210,699,0.00,58684.00,56.9385,35.4793,7.58226,45,36,35,22,48,19,5,0.00,0.00,0.00,,21,,0.00,0.00,0.00,0.00,0.00,0.00,0.00,0.00,0.00,7,0.00,0.00,0.00,0.00,0.00,0.00,0.00,0.00,0.00,0.00,1,6,1,0.00,0.00,0.00,,,,,,,0.00,0.00,0.3,1.7,13,0.00,0.00,0
1059,"Internal",264,776,0.00,133393.00,61.4691,20.6186,17.9124,16,125,52,35,14,10,12,0.00,0.00,0.00,,19,,0.00,0.00,0.00,0.00,0.00,0.00,0.00,0.00,0.00,0.00,0.00,0.00,0.00,0.00,0.00,1,0.00,5,0.00,0.00,10,52,0.00,0.00,0.00,0.00,,,,,,,0.00,5,3,8,52,0.00,13.1579,0
1060,"Internal",198,642,0.00,58684.00,58.7227,31.3084,9.96885,18,59,45,34,25,9,8,0.00,0.00,0.00,,14,,0.00,0.00,0.00,5,0.00,0.00,0.00,0.00,0.00,0.00,0.00,0.00,2,0.00,1,5,0.00,20,0.00,0.00,0.00,3,25,1,0.00,0.00,,,,,,,2.5,23.5,0.00,33,3,0.00,15.3846,0
1061,"Internal",341,677,0.00,107222.00,51.6987,28.9513,19.3501,200,26,70,21,17,3,4,0.00,0.00,0.00,,23,,0.00,0.00,0.00,0.00,0.00,0.00,0.00,0.00,0.00,0.00,2,0.00,0.00,0.00,5,32,0.00,0.00,0.00,0.00,0.00,0.00,0.00,0.00,0.00,0.00,,,,,,,2,0.00,0.00,37,0.00,0.00,64,0
1062,"Internal",117,392,0.00,89545.00,58.1633,28.5714,13.2653,17,24,35,13,10,6,12,0.00,0.00,0.00,,9,,0.00,0.00,0.00,10,0.00,0.00,0.00,0.00,0.00,0.00,0.00,0.00,0.00,0.00,0.00,0.00,0.00,0.00,0.00,0.00,0.00,0.00,0.00,0.00,0.00,0.00,,,,,,,5,5,0.00,0.00,0.00,0.00,28.5714,0
1063,"Internal",375,1121.00,0.00,56944.00,56.4674,29.6164,13.9161,78,114,55,49,37,25,17,0.00,0.00,0.00,,25,,0.00,0.00,0.00,11,0.00,10,3,0.00,0.00,0.00,0.00,0.00,0.00,0.00,0.00,0.00,0.00,0.00,0.00,0.00,0.00,0.00,2,21,0.00,0.00,,,,,,,18.5,26.5,0.00,2,0.00,0.00,56,0
1064,"Internal",362,1179.00,0.00,70250.00,53.6896,31.3825,14.9279,47,117,55,50,47,24,22,0.00,0.00,0.00,,23,,0.00,0.00,0.00,0.00,0.00,0.00,0.00,0.00,0.00,0.00,0.00,0.00,0.00,0.00,0.00,0.00,0.00,10,0.00,0.00,0.00,1,0.00,0.00,0.00,0.00,,,,,,,0.00,10,0.00,0.00,1,0.00,75,0
1065,"Internal",54,146,0.00,133393.00,53.4247,26.0274,20.5479,12,19,7,10,2,3,1,0.00,2454.00,0.00,,3,,0.00,0.00,0.00,0.00,0.00,0.00,0.00,0.00,0.00,0.00,0.00,0.00,0.00,0.00,0.00,0.00,0.00,0.00,178,0.00,0.00,0.00,0.00,0.00,0.00,0.00,,,,,,,0.00,0.00,71.2,106.8,0.00,2454.00,100,0
1066,"Internal",373,1111.00,0.00,90071.00,57.4257,28.0828,14.4914,74,117,58,49,35,22,18,0.00,0.00,0.00,,27,,0.00,0.00,0.00,0.00,0.00,8,0.00,0.00,6,15,0.00,0.00,0.00,0.00,0.00,0.00,0.00,2,0.00,0.00,0.00,0.00,7,0.00,0.00,0.00,,,,,,,8,2,0.00,7,21,0.00,19.3548,0
1067,"Internal",60,160,0.00,97992.00,54.375,11.875,33.75,10,25,9,9,5,2,0.00,0.00,0.00,0.00,,2,,0.00,0.00,0.00,2,0.00,0.00,0.00,0.00,0.00,0.00,0.00,0.00,0.00,0.00,0.00,0.00,0.00,0.00,0.00,0.00,0.00,0.00,0.00,0.00,0.00,0.00,,,,,,,1,1,0.00,0.00,0.00,0.00,45.0082,0
1068,"Internal",171,626,0.00,76625.00,54.9521,29.8722,15.1757,15,41,27,35,24,15,14,0.00,0.00,0.00,,10,,0.00,0.00,0.00,0.00,0.00,0.00,0.00,0.00,0.00,0.00,0.00,0.00,0.00,0.00,0.00,0.00,0.00,0.00,0.00,0.00,0.00,0.00,0.00,0.00,0.00,0.00,,,,,,,0.00,0.00,0.00,0.00,0.00,0.00,45.0082,0
1069,"Internal",398,1242.00,0.00,89545.00,61.1111,27.6973,11.1916,72,110,69,55,49,23,20,0.00,0.00,0.00,,30,,0.00,0.00,0.00,10,0.00,0.00,0.00,0.00,0.00,0.00,0.00,0.00,0.00,0.00,0.00,3,0.00,13,0.00,0.00,0.00,0.00,3,0.00,0.00,0.00,,,,,,,5,18,0.00,6,0.00,0.00,60,0
1070,"Internal",542,1562.00,0.00,97973.00,63.4443,20.3585,16.1972,88,188,91,100,38,24,13,744,0.00,0.00,,37,,0.00,0.00,0.00,46,0.00,0.00,0.00,0.00,92,40,0.00,84,0.00,13,0.00,39,0.00,13,57,37,57,300,44,0.00,0.00,0.00,,,,,,,107,36,47.3,199.7,432,744,35.4478,0
1071,"Internal",181,502,0.00,76625.00,56.1753,32.6693,11.1554,50,47,26,25,22,7,4,0.00,0.00,0.00,,10,,7,0.00,0.00,0.00,0.00,0.00,0.00,0.00,0.00,0.00,0.00,0.00,0.00,0.00,0.00,0.00,0.00,6,0.00,0.00,0.00,0.00,0.00,0.00,0.00,0.00,,,,,,,7,6,0.00,0.00,0.00,0.00,11.1111,0
1072,"Internal",216,598,0.00,76625.00,61.5385,26.5886,11.8729,33,91,38,26,11,9,8,425,0.00,0.00,,21,,0.00,0.00,0.00,0.00,0.00,0.00,0.00,0.00,0.00,0.00,0.00,0.00,0.00,0.00,0.00,0.00,0.00,20,51,7,0.00,0.00,0.00,0.00,0.00,0.00,,,,,,,0.00,20,21.8,36.2,0.00,425,0.00,0
1073,"Internal",202,613,0.00,90071.00,53.6705,30.1794,16.1501,22,69,44,32,22,8,5,0.00,0.00,0.00,,16,,0.00,0.00,0.00,0.00,0.00,0.00,0.00,0.00,0.00,0.00,1,0.00,0.00,0.00,0.00,0.00,0.00,0.00,0.00,0.00,0.00,0.00,0.00,0.00,0.00,0.00,,,,,,,1,0.00,0.00,0.00,0.00,0.00,0.00,0
1074,"Internal",213,618,0.00,56944.00,54.0453,25.89,20.0647,52,54,32,39,19,8,9,402,0.00,0.00,,12,,0.00,0.00,0.00,0.00,0.00,0.00,0.00,0.00,0.00,0.00,0.00,0.00,0.00,0.00,0.00,3,0.00,0.00,62,0.00,0.00,0.00,0.00,0.00,0.00,0.00,,,,,,,0.00,0.00,24.8,40.2,0.00,402,75,0
1075,"Internal",474,1397.00,0.00,79659.00,62.6342,26.9864,10.3794,75,151,94,82,42,10,20,0.00,0.00,0.00,,40,,0.00,0.00,0.00,0.00,0.00,0.00,0.00,0.00,0.00,6,0.00,0.00,0.00,0.00,0.00,0.00,0.00,0.00,0.00,0.00,1,3,0.00,0.00,0.00,0.00,,,,,,,0.00,0.00,0.3,0.7,9,0.00,18.75,0
1077,"Internal",217,551,8,87229.00,55.5354,15.245,29.2196,61,78,30,17,15,11,5,0.00,0.00,0.00,,17,,0.00,0.00,0.00,13,0.00,0.00,0.00,0.00,0.00,0.00,0.00,0.00,0.00,0.00,1,1,0.00,0.00,0.00,1,0.00,0.00,8,0.00,0.00,0.00,,,,,,,6.5,6.5,0.2,10.8,0.00,0.00,62.963,0
1078,"Internal",242,554,0.00,97992.00,50,14.2599,35.7401,64,116,24,16,14,4,4,0.00,0.00,0.00,,12,,0.00,0.00,0.00,5,0.00,0.00,0.00,0.00,0.00,0.00,0.00,0.00,0.00,0.00,0.00,0.00,0.00,0.00,0.00,0.00,0.00,1,0.00,0.00,0.00,0.00,,,,,,,2.5,2.5,0.00,0.00,1,0.00,53.3333,0
1079,"Internal",308,936,0.00,94118.00,54.9145,29.8077,15.2778,36,108,61,46,33,16,8,0.00,0.00,0.00,,23,,0.00,0.00,0.00,8,0.00,0.00,0.00,0.00,0.00,0.00,0.00,0.00,0.00,0.00,0.00,1,0.00,0.00,0.00,36,0.00,0.00,0.00,0.00,0.00,0.00,,,,,,,4,4,7.2,29.8,0.00,0.00,27.027,0
1080,"Internal",287,911,0.00,94118.00,62.0198,28.5401,9.44018,52,70,40,60,38,20,7,1028.00,0.00,0.00,,19,,0.00,0.00,0.00,0.00,0.00,0.00,0.00,3,0.00,0.00,0.00,0.00,0.00,0.00,0.00,0.00,0.00,0.00,90,0.00,0.00,0.00,0.00,0.00,0.00,0.00,,,,,,,3,0.00,36,54,0.00,1028.00,100,0
1101,"Internal",306,773,0.00,90750.00,65.4592,26.0026,8.53816,87,101,54,28,17,8,11,0.00,0.00,0.00,,14,,0.00,0.00,0.00,51,3,129,0.00,286,17,7,38,44,0.00,0.00,33,6,0.00,92,0.00,55,5,22,7,0.00,0.00,0.00,,,,,,,525.5,117.5,12.5,93.5,46,0.00,57.5672,0
1102,"Internal",342,845,0.00,63900.00,64.0237,21.5385,14.4379,89,122,64,32,21,11,3,256,0.00,0.00,,20,,0.00,0.00,0.00,16,0.00,0.00,0.00,0.00,0.00,0.00,0.00,0.00,0.00,0.00,0.00,5,0.00,1,44,0.00,0.00,0.00,6,0.00,0.00,0.00,,,,,,,8,9,17.6,37.4,0.00,256,64.2857,0
1103,"Internal",316,878,0.00,88167.00,60.82,23.918,15.262,59,114,56,42,26,8,11,0.00,0.00,0.00,,19,,0.00,0.00,0.00,153,3,3,0.00,34,6,3,0.00,0.00,2,1,0.00,5,0.00,140,0.00,0.00,6,28,21,0.00,0.00,0.00,,,,,,,116.5,216.5,1.8,33.2,37,0.00,46.3855,0
1104,"Internal",4,12,14,90750.00,75,25,0.00,0.00,2,0.00,2,0.00,0.00,0.00,0.00,0.00,0.00,,0.00,,0.00,0.00,0.00,0.00,0.00,0.00,0.00,0.00,0.00,0.00,0.00,8,0.00,0.00,2,1,0.00,0.00,0.00,0.00,0.00,0.00,0.00,0.00,0.00,0.00,,,,,,,8,0.00,0.00,3,0.00,0.00,45.0082,0
1105,"Internal",534,1336.00,0.00,112679.00,53.2934,20.3593,26.3473,95,251,78,62,38,3,7,0.00,0.00,0.00,,27,,0.00,0.00,0.00,2,0.00,0.00,0.00,0.00,0.00,0.00,0.00,0.00,0.00,0.00,2,1,0.00,305,1,0.00,3,17,0.00,0.00,0.00,0.00,,,,,,,1,306,1.3,5.7,17,0.00,8.68762,0
1106,"Internal",71,200,0.00,90750.00,51,25.5,23.5,5,31,20,7,4,3,1,0.00,0.00,0.00,,4,,1,0.00,0.00,2,0.00,0.00,0.00,1,0.00,0.00,0.00,0.00,0.00,0.00,0.00,0.00,0.00,20,0.00,0.00,0.00,0.00,1,0.00,0.00,0.00,,,,,,,3,21,0.00,1,0.00,0.00,17.6471,0
1107,"Internal",399,1091.00,0.00,78417.00,56.7369,23.923,19.3401,58,168,68,64,21,8,12,0.00,0.00,0.00,,19,,0.00,0.00,0.00,7,0.00,0.00,0.00,0.00,0.00,0.00,0.00,0.00,0.00,0.00,0.00,0.00,0.00,0.00,0.00,0.00,0.00,0.00,0.00,0.00,0.00,0.00,,,,,,,3.5,3.5,0.00,0.00,0.00,0.00,33.3333,0
1108,"Internal",357,897,0.00,117875.00,57.0792,23.2999,19.621,83,134,62,42,26,8,2,0.00,0.00,0.00,,12,,0.00,0.00,0.00,0.00,0.00,0.00,0.00,0.00,0.00,0.00,0.00,0.00,1,0.00,5,0.00,0.00,0.00,0.00,0.00,0.00,0.00,0.00,0.00,0.00,0.00,,,,,,,0.00,0.00,0.00,6,0.00,0.00,46.1538,0
1109,"Internal",0.00,0.00,0.00,89930.00,,,,0.00,0.00,0.00,0.00,0.00,0.00,0.00,0.00,0.00,0.00,,0.00,,0.00,0.00,0.00,0.00,0.00,0.00,0.00,0.00,57,17,0.00,0.00,0.00,0.00,24,1,2,0.00,0.00,31,16,81,9,0.00,0.00,0.00,,,,,,,0.00,2,11,70,155,0.00,45.0082,0
1110,"Internal",387,833,0.00,58113.00,72.0288,19.928,8.04322,142,132,59,33,12,5,4,0.00,0.00,0.00,,13,,0.00,0.00,0.00,0.00,0.00,0.00,0.00,0.00,0.00,7,0.00,0.00,0.00,0.00,0.00,0.00,0.00,2,0.00,0.00,0.00,0.00,0.00,0.00,0.00,0.00,,,,,,,0.00,2,0.00,0.00,7,0.00,16.9643,0
1111,"Internal",498,1171.00,0.00,103514.00,57.7284,19.3851,22.8864,137,199,71,58,13,14,6,0.00,0.00,0.00,,19,,0.00,0.00,0.00,11,0.00,0.00,0.00,0.00,0.00,0.00,0.00,0.00,0.00,0.00,6,0.00,0.00,0.00,0.00,0.00,0.00,0.00,3,0.00,0.00,0.00,,,,,,,5.5,5.5,0.00,9,0.00,0.00,100,0
1112,"Internal",593,1197.00,0.00,60263.00,71.0944,10.5263,18.3793,250,203,64,49,14,8,5,0.00,0.00,0.00,,29,,0.00,0.00,0.00,1,0.00,0.00,0.00,0.00,0.00,0.00,0.00,0.00,0.00,0.00,0.00,2,0.00,0.00,0.00,2,0.00,0.00,1,0.00,0.00,0.00,,,,,,,0.5,0.5,0.4,4.6,0.00,0.00,55.5556,0
1113,"Internal",0.00,0.00,0.00,89930.00,,,,0.00,0.00,0.00,0.00,0.00,0.00,0.00,0.00,0.00,0.00,,0.00,,0.00,0.00,0.00,0.00,0.00,0.00,0.00,0.00,0.00,0.00,0.00,0.00,0.00,0.00,0.00,0.00,0.00,0.00,0.00,0.00,3,20,0.00,0.00,0.00,0.00,,,,,,,0.00,0.00,0.9,2.1,20,0.00,45.0082,0
1114,"Internal",0.00,0.00,0.00,89930.00,,,,0.00,0.00,0.00,0.00,0.00,0.00,0.00,0.00,0.00,0.00,,0.00,,0.00,0.00,0.00,0.00,0.00,0.00,0.00,0.00,0.00,0.00,0.00,0.00,0.00,0.00,0.00,0.00,0.00,0.00,0.00,0.00,0.00,0.00,0.00,0.00,0.00,0.00,,,,,,,0.00,0.00,0.00,0.00,0.00,0.00,45.0082,0
1115,"Internal",776,1797.00,0.00,51925.00,66.778,20.9794,12.2426,284,219,130,76,34,20,13,0.00,0.00,0.00,,32,,1,0.00,0.00,0.00,0.00,0.00,0.00,0.00,0.00,0.00,0.00,0.00,0.00,0.00,39,0.00,0.00,0.00,0.00,0.00,0.00,0.00,0.00,0.00,0.00,0.00,,,,,,,1,0.00,0.00,39,0.00,0.00,56.5217,0
1116,"Internal",2,7,0.00,90750.00,28.5714,28.5714,42.8571,0.00,0.00,1,1,0.00,0.00,0.00,0.00,0.00,0.00,,0.00,,0.00,0.00,0.00,0.00,0.00,0.00,0.00,0.00,0.00,0.00,0.00,0.00,0.00,0.00,0.00,0.00,0.00,0.00,0.00,0.00,0.00,0.00,0.00,0.00,0.00,0.00,,,,,,,0.00,0.00,0.00,0.00,0.00,0.00,0.00,0
1117,"Internal",5,10,0.00,103514.00,70,10,20,1,3,1,0.00,0.00,0.00,0.00,452,0.00,0.00,,0.00,,0.00,0.00,0.00,0.00,0.00,0.00,0.00,0.00,0.00,0.00,0.00,0.00,0.00,0.00,0.00,0.00,0.00,0.00,53,0.00,0.00,0.00,0.00,0.00,0.00,0.00,,,,,,,0.00,0.00,21.2,31.8,0.00,452,60,0
1118,"Internal",86,220,0.00,111250.00,46.8182,18.1818,35,13,36,24,8,1,2,2,0.00,0.00,0.00,,5,,0.00,0.00,0.00,62,0.00,0.00,0.00,0.00,0.00,0.00,0.00,0.00,0.00,0.00,0.00,0.00,0.00,0.00,0.00,0.00,5,24,0.00,0.00,0.00,0.00,,,,,,,31,31,1.5,3.5,24,0.00,90.9091,0
1119,"Internal",433,966,0.00,111250.00,41.2008,8.90269,49.8965,102,217,62,29,13,7,3,0.00,0.00,0.00,,17,,0.00,0.00,0.00,0.00,0.00,0.00,0.00,1,0.00,0.00,0.00,0.00,0.00,0.00,0.00,0.00,0.00,8,0.00,0.00,9,46,1,10,0.00,0.00,,,,,,,1,18,2.7,7.3,46,0.00,64.3678,0
1120,"Internal",0.00,0.00,0.00,89930.00,,,,0.00,0.00,0.00,0.00,0.00,0.00,0.00,0.00,0.00,0.00,,0.00,,0.00,0.00,0.00,0.00,0.00,0.00,0.00,0.00,0.00,0.00,0.00,0.00,0.00,0.00,0.00,0.00,0.00,0.00,0.00,0.00,0.00,0.00,0.00,0.00,0.00,0.00,,,,,,,0.00,0.00,0.00,0.00,0.00,0.00,45.0082,0
1121,"Internal",0.00,0.00,0.00,89930.00,,,,0.00,0.00,0.00,0.00,0.00,0.00,0.00,0.00,0.00,0.00,,0.00,,0.00,0.00,0.00,0.00,0.00,0.00,0.00,0.00,0.00,0.00,0.00,0.00,0.00,0.00,0.00,0.00,0.00,0.00,0.00,0.00,0.00,0.00,0.00,0.00,0.00,0.00,,,,,,,0.00,0.00,0.00,0.00,0.00,0.00,33.3333,0
1122,"Internal",0.00,0.00,0.00,89930.00,,,,0.00,0.00,0.00,0.00,0.00,0.00,0.00,0.00,0.00,0.00,,0.00,,0.00,0.00,0.00,0.00,0.00,0.00,0.00,0.00,0.00,0.00,0.00,0.00,0.00,0.00,0.00,0.00,0.00,0.00,0.00,0.00,0.00,0.00,0.00,0.00,0.00,0.00,,,,,,,0.00,0.00,0.00,0.00,0.00,0.00,45.0082,0
1123,"Internal",0.00,0.00,0.00,89930.00,,,,0.00,0.00,0.00,0.00,0.00,0.00,0.00,0.00,0.00,0.00,,0.00,,0.00,0.00,0.00,0.00,0.00,0.00,0.00,0.00,0.00,0.00,0.00,0.00,0.00,0.00,0.00,0.00,0.00,0.00,0.00,0.00,0.00,0.00,0.00,0.00,0.00,0.00,,,,,,,0.00,0.00,0.00,0.00,0.00,0.00,45.0082,0
1124,"Internal",223,546,0.00,91480.00,54.2125,14.4689,31.3187,38,126,16,25,5,8,5,247,0.00,0.00,,11,,0.00,0.00,0.00,0.00,0.00,0.00,0.00,0.00,0.00,0.00,0.00,0.00,0.00,0.00,0.00,2,0.00,0.00,39,0.00,0.00,0.00,13,0.00,0.00,0.00,,,,,,,0.00,0.00,15.6,38.4,0.00,247,70,0
1125,"Internal",0.00,0.00,0.00,89930.00,,,,0.00,0.00,0.00,0.00,0.00,0.00,0.00,0.00,0.00,0.00,,0.00,,0.00,0.00,0.00,0.00,0.00,0.00,0.00,0.00,0.00,0.00,0.00,0.00,0.00,0.00,0.00,0.00,0.00,0.00,0.00,0.00,0.00,0.00,0.00,0.00,0.00,0.00,,,,,,,0.00,0.00,0.00,0.00,0.00,0.00,45.0082,0
1126,"Internal",532,1242.00,0.00,117891.00,47.1014,14.5733,38.3253,84,301,75,46,12,11,3,0.00,0.00,0.00,,24,,0.00,0.00,0.00,3,0.00,0.00,0.00,0.00,0.00,0.00,0.00,0.00,0.00,0.00,0.00,14,0.00,0.00,0.00,3,0.00,1,22,0.00,0.00,0.00,,,,,,,1.5,1.5,0.6,38.4,1,0.00,63.4921,0
1127,"Internal",0.00,0.00,0.00,89930.00,,,,0.00,0.00,0.00,0.00,0.00,0.00,0.00,0.00,0.00,0.00,,0.00,,0.00,0.00,0.00,0.00,0.00,0.00,0.00,0.00,0.00,0.00,0.00,0.00,0.00,0.00,0.00,0.00,0.00,0.00,0.00,0.00,0.00,0.00,0.00,0.00,0.00,0.00,,,,,,,0.00,0.00,0.00,0.00,0.00,0.00,45.0082,0
1128,"Internal",13,32,0.00,117380.00,50,21.875,28.125,2,6,2,3,0.00,0.00,0.00,0.00,0.00,0.00,,0.00,,0.00,0.00,0.00,0.00,0.00,0.00,0.00,0.00,0.00,0.00,0.00,0.00,0.00,0.00,0.00,0.00,0.00,0.00,0.00,0.00,0.00,0.00,0.00,0.00,0.00,0.00,,,,,,,0.00,0.00,0.00,0.00,0.00,0.00,45.0082,0
1129,"Internal",0.00,0.00,0.00,89930.00,,,,0.00,0.00,0.00,0.00,0.00,0.00,0.00,0.00,0.00,0.00,,0.00,,0.00,0.00,0.00,0.00,0.00,0.00,0.00,0.00,0.00,0.00,0.00,0.00,0.00,0.00,0.00,0.00,0.00,0.00,0.00,0.00,0.00,0.00,0.00,0.00,0.00,0.00,,,,,,,0.00,0.00,0.00,0.00,0.00,0.00,45.0082,0
1130,"Internal",1,2,0.00,117891.00,100,0.00,0.00,0.00,1,0.00,0.00,0.00,0.00,0.00,0.00,0.00,0.00,,0.00,,0.00,0.00,0.00,0.00,0.00,0.00,0.00,0.00,0.00,0.00,0.00,0.00,0.00,0.00,0.00,0.00,0.00,0.00,0.00,0.00,0.00,0.00,0.00,0.00,0.00,0.00,,,,,,,0.00,0.00,0.00,0.00,0.00,0.00,45.0082,0
1131,"Internal",1,2,0.00,117891.00,50,50,0.00,0.00,1,0.00,0.00,0.00,0.00,0.00,0.00,0.00,0.00,,0.00,,0.00,0.00,0.00,0.00,0.00,0.00,0.00,0.00,0.00,0.00,0.00,0.00,0.00,0.00,0.00,0.00,0.00,0.00,0.00,0.00,0.00,0.00,0.00,0.00,0.00,0.00,,,,,,,0.00,0.00,0.00,0.00,0.00,0.00,45.0082,0
1201,"Internal",179,489,0.00,89145.00,60.1227,23.5174,16.3599,33,63,35,29,10,4,5,0.00,0.00,0.00,,5,,0.00,0.00,0.00,0.00,0.00,0.00,0.00,0.00,0.00,0.00,0.00,0.00,0.00,0.00,0.00,0.00,0.00,0.00,0.00,0.00,0.00,0.00,0.00,0.00,0.00,0.00,,,,,,,0.00,0.00,0.00,0.00,0.00,0.00,45.0082,0
1202,"Internal",180,482,0.00,90071.00,58.0913,27.3859,14.5228,54,45,25,35,11,2,8,0.00,0.00,0.00,,4,,0.00,0.00,0.00,0.00,0.00,0.00,0.00,0.00,0.00,0.00,0.00,0.00,0.00,0.00,26,0.00,0.00,0.00,0.00,0.00,0.00,0.00,0.00,0.00,0.00,0.00,,,,,,,0.00,0.00,0.00,26,0.00,0.00,75,0
1203,"Internal",98,200,0.00,90071.00,60.5,20,19.5,46,29,10,5,4,2,2,0.00,0.00,0.00,,3,,0.00,0.00,0.00,7,0.00,0.00,0.00,0.00,0.00,0.00,0.00,0.00,0.00,0.00,0.00,0.00,0.00,1,0.00,0.00,0.00,0.00,0.00,0.00,0.00,0.00,,,,,,,3.5,4.5,0.00,0.00,0.00,0.00,50,0
1204,"Internal",211,591,0.00,89145.00,59.5601,27.5804,12.8596,58,59,33,22,21,3,15,0.00,0.00,0.00,,9,,0.00,0.00,0.00,0.00,0.00,0.00,0.00,0.00,0.00,0.00,0.00,0.00,0.00,0.00,0.00,0.00,0.00,0.00,0.00,0.00,0.00,0.00,0.00,0.00,0.00,0.00,,,,,,,0.00,0.00,0.00,0.00,0.00,0.00,45.0082,0
1205,"Internal",318,941,0.00,67938.00,58.8735,27.7365,13.39,72,71,77,43,23,15,17,0.00,0.00,0.00,,16,,0.00,0.00,0.00,6,0.00,0.00,0.00,0.00,0.00,0.00,0.00,0.00,0.00,0.00,0.00,0.00,0.00,0.00,0.00,0.00,0.00,0.00,0.00,0.00,0.00,0.00,,,,,,,3,3,0.00,0.00,0.00,0.00,50,0
1206,"Internal",139,299,0.00,90071.00,57.5251,24.0803,18.3946,31,76,20,7,3,1,1,0.00,0.00,0.00,,0.00,,0.00,0.00,0.00,0.00,0.00,0.00,0.00,0.00,0.00,21,0.00,0.00,0.00,0.00,0.00,0.00,0.00,0.00,0.00,0.00,0.00,0.00,0.00,0.00,0.00,0.00,,,,,,,0.00,0.00,0.00,0.00,21,0.00,26.3158,0
1207,"Internal",313,907,0.00,88929.00,57.3319,28.4454,14.2227,40,109,79,43,24,6,12,0.00,0.00,0.00,,16,,0.00,0.00,0.00,13,0.00,0.00,0.00,0.00,0.00,0.00,0.00,0.00,0.00,0.00,0.00,0.00,0.00,11,0.00,1,0.00,0.00,2,0.00,0.00,0.00,,,,,,,6.5,17.5,0.2,2.8,0.00,0.00,12.5,0
1208,"Internal",1,2,0.00,90882.00,50,50,0.00,0.00,1,0.00,0.00,0.00,0.00,0.00,0.00,0.00,0.00,,0.00,,0.00,0.00,0.00,0.00,0.00,0.00,0.00,0.00,0.00,0.00,0.00,0.00,0.00,0.00,0.00,0.00,0.00,0.00,0.00,0.00,0.00,0.00,0.00,0.00,0.00,0.00,,,,,,,0.00,0.00,0.00,0.00,0.00,0.00,45.0082,0
1209,"Internal",46,154,0.00,94500.00,68.8312,17.5325,13.6364,2,15,11,6,8,3,1,0.00,0.00,0.00,,2,,0.00,0.00,0.00,0.00,0.00,0.00,0.00,0.00,0.00,0.00,0.00,0.00,0.00,0.00,0.00,0.00,0.00,0.00,0.00,0.00,0.00,0.00,0.00,0.00,0.00,0.00,,,,,,,0.00,0.00,0.00,0.00,0.00,0.00,45.0082,0
1210,"Internal",96,242,0.00,69968.00,57.438,27.6859,14.876,25,38,12,10,3,6,2,481,0.00,0.00,,4,,0.00,0.00,0.00,2,0.00,0.00,0.00,0.00,0.00,0.00,0.00,0.00,0.00,0.00,0.00,0.00,0.00,0.00,53,0.00,0.00,0.00,0.00,0.00,0.00,0.00,,,,,,,1,1,21.2,31.8,0.00,481,0.00,0
1211,"Internal",255,540,0.00,90071.00,64.2593,16.8519,18.8889,86,111,26,16,9,4,3,0.00,0.00,0.00,,4,,0.00,0.00,0.00,0.00,0.00,0.00,0.00,0.00,0.00,0.00,0.00,0.00,0.00,0.00,3,0.00,0.00,0.00,0.00,0.00,2,9,3,0.00,0.00,0.00,,,,,,,0.00,0.00,0.6,7.4,9,0.00,45.0082,0
1212,"Internal",201,608,0.00,118750.00,55.2632,29.9342,14.8026,39,58,23,48,17,5,11,0.00,0.00,0.00,,10,,0.00,0.00,0.00,0.00,0.00,0.00,0.00,0.00,0.00,0.00,0.00,0.00,0.00,0.00,0.00,0.00,0.00,0.00,0.00,1,0.00,0.00,0.00,0.00,0.00,0.00,,,,,,,0.00,0.00,0.2,0.8,0.00,0.00,0.00,0
1213,"Internal",217,516,0.00,73333.00,66.4729,16.4729,17.0543,59,90,31,17,7,10,3,207,0.00,0.00,,5,,0.00,0.00,0.00,7,0.00,0.00,0.00,3,0.00,0.00,0.00,0.00,0.00,2,0.00,86,0.00,0.00,0.00,20,1,6,8,0.00,0.00,0.00,,,,,,,6.5,3.5,4.3,112.7,6,207,36.9792,0
1214,"Internal",279,1062.00,0.00,45847.00,40.8663,59.1337,0.00,56,-1,0.00,112,112,0.00,0.00,0.00,0.00,0.00,,6,,0.00,0.00,0.00,21,0.00,0.00,0.00,0.00,0.00,0.00,0.00,0.00,0.00,0.00,11,0.00,0.00,0.00,0.00,0.00,0.00,0.00,0.00,0.00,0.00,0.00,,,,,,,10.5,10.5,0.00,11,0.00,0.00,45.0082,0
1215,"Internal",57,147,0.00,118750.00,60.5442,23.8095,15.6463,13,29,1,6,2,3,3,0.00,0.00,0.00,,4,,0.00,0.00,0.00,0.00,0.00,0.00,0.00,0.00,0.00,0.00,0.00,0.00,0.00,0.00,0.00,0.00,0.00,0.00,0.00,0.00,0.00,0.00,5,0.00,0.00,0.00,,,,,,,0.00,0.00,0.00,5,0.00,0.00,100,0
1216,"Internal",435,1157.00,0.00,72083.00,56.5255,25.6698,17.8047,127,118,69,61,32,13,15,0.00,0.00,0.00,,8,,0.00,0.00,0.00,3,0.00,0.00,0.00,0.00,0.00,0.00,0.00,0.00,0.00,0.00,0.00,0.00,0.00,0.00,60,0.00,2,13,8,0.00,0.00,0.00,,,,,,,1.5,1.5,24.6,45.4,13,0.00,53.8462,0
1217,"Internal",326,881,0.00,94500.00,59.9319,24.6311,15.437,73,107,61,45,14,21,5,0.00,0.00,0.00,,7,,0.00,0.00,0.00,0.00,0.00,0.00,0.00,0.00,0.00,8,0.00,0.00,0.00,3,0.00,1,0.00,25,0.00,3,1,7,0.00,0.00,0.00,0.00,,,,,,,0.00,25,0.9,7.1,15,0.00,80,0
1218,"Internal",269,796,0.00,118750.00,64.0704,22.3618,13.5678,55,70,53,48,22,7,14,0.00,0.00,0.00,,8,,0.00,0.00,0.00,3,0.00,0.00,0.00,0.00,0.00,0.00,0.00,0.00,0.00,0.00,0.00,0.00,0.00,0.00,0.00,0.00,0.00,0.00,3,0.00,0.00,0.00,,,,,,,1.5,1.5,0.00,3,0.00,0.00,60,0
1219,"Internal",418,1178.00,0.00,69968.00,62.0543,25.0424,12.9032,69,153,75,66,26,19,10,0.00,0.00,0.00,,11,,0.00,0.00,0.00,0.00,0.00,0.00,0.00,0.00,0.00,0.00,0.00,0.00,0.00,1,0.00,2,0.00,0.00,0.00,2,1,6,0.00,0.00,0.00,0.00,,,,,,,0.00,0.00,0.7,5.3,6,0.00,33.3333,0
1220,"Internal",752,1592.00,0.00,45847.00,72.2362,16.5201,11.2437,266,310,77,50,29,10,10,0.00,0.00,0.00,,11,,0.00,0.00,0.00,0.00,0.00,0.00,0.00,0.00,26,3,0.00,0.00,0.00,14,11,0.00,0.00,0.00,54,62,24,127,16,0.00,0.00,0.00,,,,,,,0.00,0.00,41.2,139.8,156,0.00,32.4607,0
1221,"Internal",246,672,0.00,73333.00,50.4464,22.7679,26.7857,47,93,32,42,19,11,2,0.00,0.00,0.00,,16,,0.00,0.00,0.00,0.00,0.00,0.00,0.00,1,0.00,15,0.00,0.00,0.00,0.00,0.00,0.00,0.00,0.00,0.00,0.00,0.00,0.00,0.00,0.00,0.00,0.00,,,,,,,1,0.00,0.00,0.00,15,0.00,29.4118,0
1222,"Internal",150,377,0.00,94500.00,64.9867,23.0769,11.9363,37,53,21,29,7,1,2,0.00,0.00,0.00,,1,,0.00,0.00,0.00,0.00,0.00,0.00,0.00,0.00,0.00,6,0.00,0.00,0.00,36,11,1,0.00,0.00,0.00,0.00,14,71,18,0.00,0.00,0.00,,,,,,,0.00,0.00,4.2,75.8,77,0.00,33.5526,0
1223,"Internal",377,804,0.00,79808.00,61.194,14.801,24.005,155,119,43,30,21,6,3,0.00,0.00,0.00,,3,,0.00,0.00,0.00,3,0.00,0.00,0.00,0.00,157,20,0.00,0.00,0.00,6,2,3,13,18,5,22,15,78,24,0.00,0.00,0.00,,,,,,,1.5,32.5,10.9,66.1,255,0.00,27.7389,0
1224,"Internal",0.00,0.00,0.00,89930.00,,,,0.00,0.00,0.00,0.00,0.00,0.00,0.00,0.00,2236.00,0.00,,0.00,,0.00,0.00,0.00,0.00,0.00,0.00,0.00,0.00,0.00,0.00,0.00,0.00,0.00,0.00,0.00,0.00,0.00,0.00,155,0.00,0.00,0.00,0.00,0.00,0.00,0.00,,,,,,,0.00,0.00,62,93,0.00,2236.00,0.00,0
1225,"Internal",3,6,0.00,90882.00,,,,1,1,1,0.00,0.00,0.00,0.00,0.00,0.00,0.00,,0.00,,0.00,0.00,0.00,0.00,0.00,0.00,0.00,0.00,0.00,0.00,0.00,0.00,0.00,0.00,0.00,0.00,0.00,0.00,0.00,0.00,0.00,0.00,0.00,0.00,0.00,0.00,,,,,,,0.00,0.00,0.00,0.00,0.00,0.00,45.0082,0
1226,"Internal",13,26,0.00,73333.00,57.6923,7.69231,34.6154,0.00,13,0.00,0.00,0.00,0.00,0.00,0.00,0.00,0.00,,1,,0.00,0.00,0.00,0.00,0.00,0.00,0.00,0.00,0.00,0.00,0.00,0.00,0.00,0.00,0.00,0.00,0.00,0.00,0.00,0.00,0.00,0.00,0.00,0.00,0.00,0.00,,,,,,,0.00,0.00,0.00,0.00,0.00,0.00,0.00,0
1227,"Internal",178,562,0.00,89906.00,57.1174,26.3345,16.548,22,58,42,19,14,9,14,0.00,0.00,0.00,,3,,0.00,0.00,0.00,0.00,0.00,0.00,0.00,0.00,0.00,0.00,0.00,0.00,0.00,0.00,0.00,0.00,0.00,0.00,0.00,0.00,0.00,0.00,0.00,0.00,0.00,0.00,,,,,,,0.00,0.00,0.00,0.00,0.00,0.00,100,0
1228,"Internal",261,659,0.00,89906.00,58.5736,23.9757,17.4507,76,92,23,35,23,9,3,379,0.00,0.00,,7,,0.00,0.00,0.00,7,0.00,0.00,0.00,0.00,0.00,0.00,0.00,0.00,0.00,0.00,0.00,0.00,0.00,0.00,44,1,0.00,0.00,0.00,0.00,0.00,0.00,,,,,,,3.5,3.5,17.8,27.2,0.00,379,72.7273,0
1229,"Internal",28,97,0.00,119297.00,55.6701,24.7423,19.5876,3,7,4,7,4,1,2,0.00,0.00,0.00,,1,,0.00,0.00,0.00,0.00,0.00,0.00,0.00,0.00,0.00,0.00,0.00,0.00,0.00,0.00,0.00,0.00,0.00,0.00,0.00,0.00,0.00,0.00,1,0.00,0.00,0.00,,,,,,,0.00,0.00,0.00,1,0.00,0.00,45.0082,0
1230,"Internal",430,1117.00,0.00,80436.00,53.3572,20.5909,26.0519,106,141,71,57,45,7,3,0.00,0.00,0.00,,22,,0.00,0.00,199,88,143,8,0.00,57,0.00,18,0.00,220,0.00,1,0.00,2,0.00,28,0.00,80,7,33,1,0.00,0.00,0.00,,,,,,,671,72,18.1,72.9,51,0.00,39.8148,0
1231,"Internal",649,1922.00,0.00,84732.00,58.4287,26.6389,14.9324,108,194,148,88,55,37,19,0.00,0.00,0.00,,18,,0.00,0.00,0.00,5,0.00,0.00,0.00,0.00,0.00,0.00,0.00,0.00,0.00,0.00,0.00,1,0.00,0.00,0.00,2,0.00,0.00,0.00,0.00,0.00,0.00,,,,,,,2.5,2.5,0.4,2.6,0.00,0.00,41.6667,0
1232,"Internal",80,223,0.00,119297.00,38.565,16.1435,45.2915,11,34,7,19,7,2,0.00,0.00,0.00,0.00,,8,,0.00,0.00,0.00,0.00,0.00,0.00,0.00,0.00,0.00,0.00,0.00,0.00,0.00,0.00,0.00,0.00,0.00,0.00,0.00,0.00,0.00,0.00,0.00,0.00,0.00,0.00,,,,,,,0.00,0.00,0.00,0.00,0.00,0.00,66.6667,0
1233,"Internal",153,446,0.00,120893.00,57.6233,23.7668,18.6099,16,65,23,29,11,3,6,0.00,0.00,0.00,,12,,0.00,0.00,0.00,1,0.00,0.00,0.00,0.00,0.00,9,0.00,0.00,0.00,0.00,3,0.00,0.00,1,0.00,0.00,3,21,2,0.00,0.00,0.00,,,,,,,0.5,1.5,0.9,7.1,30,0.00,100,0
1234,"Internal",635,1628.00,0.00,130043.00,59.8894,22.6044,17.5061,164,216,105,74,48,15,13,0.00,0.00,0.00,,13,,0.00,0.00,0.00,23,0.00,0.00,0.00,0.00,0.00,9,0.00,107,0.00,10,61,1,0.00,2,0.00,25,1,8,5,0.00,0.00,0.00,,,,,,,118.5,13.5,5.3,97.7,17,0.00,48.1481,0
1235,"Internal",82,216,0.00,80436.00,54.1667,32.4074,13.4259,16,26,20,14,4,2,0.00,867,0.00,0.00,,4,,0.00,0.00,0.00,0.00,0.00,0.00,0.00,0.00,0.00,0.00,0.00,0.00,0.00,0.00,0.00,0.00,0.00,0.00,84,0.00,0.00,0.00,0.00,0.00,0.00,0.00,,,,,,,0.00,0.00,33.6,50.4,0.00,867,45.0082,0
1236,"Internal",166,402,0.00,119297.00,64.9254,19.1542,15.9204,34,75,22,26,6,3,0.00,275,0.00,0.00,,3,,0.00,0.00,0.00,0.00,0.00,0.00,0.00,0.00,0.00,0.00,0.00,0.00,0.00,0.00,0.00,0.00,0.00,18,39,6,0.00,0.00,0.00,0.00,0.00,0.00,,,,,,,0.00,18,16.8,28.2,0.00,275,31.0345,0
1237,"Internal",111,259,0.00,113417.00,54.4402,26.6409,18.9189,22,60,10,12,4,2,1,0.00,0.00,0.00,,8,,0.00,0.00,0.00,0.00,0.00,0.00,0.00,0.00,0.00,0.00,0.00,0.00,5,0.00,0.00,0.00,0.00,0.00,0.00,0.00,0.00,0.00,0.00,0.00,0.00,0.00,,,,,,,0.00,0.00,0.00,5,0.00,0.00,62.5,0
1238,"Internal",213,443,19,87454.00,43.7923,14.8984,41.3093,66,105,20,11,5,4,2,0.00,0.00,0.00,,5,,0.00,0.00,0.00,3,0.00,0.00,0.00,0.00,0.00,0.00,0.00,0.00,0.00,0.00,0.00,0.00,0.00,7,0.00,64,0.00,0.00,0.00,0.00,0.00,0.00,,,,,,,1.5,8.5,12.8,51.2,0.00,0.00,47.541,0
1239,"Internal",178,559,88,119297.00,54.7406,27.5492,17.7102,29,36,48,34,16,7,8,0.00,0.00,0.00,,10,,0.00,0.00,0.00,0.00,0.00,0.00,0.00,1,0.00,0.00,0.00,0.00,0.00,17,1,0.00,0.00,9,0.00,154,7,39,17,0.00,0.00,0.00,,,,,,,1,9,32.9,163.1,39,0.00,47.619,0
1240,"Internal",305,830,0.00,145164.00,49.1566,26.2651,24.5783,47,120,53,59,12,10,4,0.00,0.00,0.00,,28,,0.00,0.00,0.00,0.00,0.00,0.00,0.00,1,0.00,0.00,0.00,0.00,0.00,0.00,0.00,1,0.00,0.00,0.00,1,1,3,0.00,0.00,0.00,0.00,,,,,,,1,0.00,0.5,2.5,3,0.00,100,0
1241,"Internal",304,855,0.00,120893.00,52.0468,22.6901,25.2632,36,120,65,50,19,9,5,0.00,0.00,0.00,,24,,0.00,0.00,0.00,45,0.00,8,0.00,32,77,31,14,0.00,2,28,14,21,2,8,10,39,22,114,8,0.00,0.00,0.00,,,,,,,76.5,32.5,18.4,125.6,222,0.00,36.2445,0
1242,"Internal",371,983,0.00,116375.00,60.0203,24.6185,15.3611,86,121,64,58,29,5,8,0.00,0.00,0.00,,7,,0.00,0.00,0.00,9,0.00,0.00,0.00,5,127,16,0.00,0.00,0.00,14,6,2,0.00,14,5,0.00,21,104,23,0.00,0.00,0.00,,,,,,,9.5,18.5,8.3,62.7,247,0.00,30.5085,0
1243,"Internal",0.00,0.00,0.00,89930.00,,,,0.00,0.00,0.00,0.00,0.00,0.00,0.00,0.00,0.00,0.00,,0.00,,0.00,0.00,0.00,0.00,0.00,0.00,0.00,0.00,0.00,0.00,0.00,0.00,0.00,0.00,0.00,73,0.00,18,0.00,2094.00,0.00,0.00,2,0.00,0.00,0.00,,,,,,,0.00,18,418.8,1750.20,0.00,0.00,45.0082,0
1244,"Internal",499,957,0.00,87454.00,27.4817,7.7325,64.7858,191,225,43,23,11,2,4,321,0.00,0.00,,2,,0.00,0.00,0.00,11,0.00,0.00,0.00,0.00,1,0.00,0.00,0.00,0.00,0.00,0.00,0.00,0.00,2,46,0.00,1,6,6,0.00,0.00,0.00,,,,,,,5.5,7.5,18.7,34.3,7,321,61.1111,0
1245,"Internal",44,107,0.00,65198.00,71.9626,16.8224,11.215,14,17,4,3,1,5,0.00,0.00,0.00,0.00,,0.00,,0.00,0.00,0.00,0.00,0.00,0.00,0.00,0.00,0.00,23,0.00,0.00,0.00,0.00,25,0.00,0.00,0.00,0.00,24,5,21,32,0.00,0.00,0.00,,,,,,,0.00,0.00,6.3,79.7,44,0.00,34.9398,0
1246,"Internal",115,328,0.00,145164.00,54.878,27.7439,17.378,18,33,35,16,5,6,2,43,0.00,0.00,,8,,0.00,0.00,0.00,0.00,0.00,0.00,1,0.00,0.00,2,0.00,0.00,0.00,8,179,24,0.00,0.00,17,64,6,29,24,0.00,0.00,0.00,,,,,,,1,0.00,21.4,300.6,31,43,34.6369,0
1247,"Internal",148,395,0.00,120893.00,58.9873,24.3038,16.7089,18,80,10,26,6,3,5,0.00,0.00,0.00,,12,,0.00,0.00,0.00,0.00,0.00,0.00,0.00,0.00,0.00,0.00,0.00,0.00,0.00,9,0.00,0.00,0.00,0.00,0.00,0.00,0.00,0.00,0.00,0.00,0.00,0.00,,,,,,,0.00,0.00,0.00,9,0.00,0.00,62.5,0
1248,"Internal",127,325,0.00,113417.00,62.7692,20.6154,16.6154,21,56,24,14,9,2,1,0.00,0.00,0.00,,11,,0.00,0.00,0.00,24,0.00,0.00,0.00,0.00,0.00,0.00,0.00,0.00,0.00,0.00,23,11,0.00,1,0.00,49,0.00,0.00,0.00,0.00,0.00,0.00,,,,,,,12,13,9.8,73.2,0.00,0.00,45.0082,0
1249,"Internal",336,749,0.00,65198.00,64.0854,24.2991,11.6155,120,113,49,32,10,6,6,0.00,0.00,0.00,,8,,0.00,0.00,0.00,0.00,1,0.00,0.00,0.00,0.00,0.00,0.00,0.00,0.00,0.00,11,0.00,0.00,0.00,5,0.00,0.00,0.00,0.00,0.00,0.00,0.00,,,,,,,1,0.00,2,14,0.00,0.00,36.3636,0
1250,"Internal",0.00,0.00,0.00,89930.00,,,,0.00,0.00,0.00,0.00,0.00,0.00,0.00,0.00,0.00,0.00,,0.00,,0.00,0.00,0.00,0.00,0.00,0.00,0.00,0.00,0.00,0.00,0.00,0.00,0.00,0.00,0.00,0.00,0.00,0.00,0.00,0.00,0.00,0.00,0.00,0.00,0.00,0.00,,,,,,,0.00,0.00,0.00,0.00,0.00,0.00,45.0082,0
1251,"Internal",113,302,0.00,58880.00,56.6225,14.2384,29.1391,22,49,13,15,5,5,4,0.00,0.00,0.00,,1,,0.00,0.00,0.00,0.00,0.00,0.00,0.00,0.00,0.00,0.00,0.00,0.00,0.00,1,0.00,0.00,0.00,161,0.00,0.00,9,48,14,0.00,0.00,0.00,,,,,,,0.00,161,2.7,21.3,48,0.00,31.7241,0
1252,"Internal",361,993,0.00,116375.00,61.5307,21.3494,17.1198,54,146,63,50,35,8,5,0.00,0.00,0.00,,14,,0.00,0.00,0.00,1,0.00,0.00,0.00,0.00,0.00,0.00,0.00,0.00,0.00,0.00,1,0.00,0.00,0.00,0.00,0.00,2,9,0.00,0.00,0.00,0.00,,,,,,,0.5,0.5,0.6,2.4,9,0.00,21.0526,0
1253,"Internal",574,1538.00,0.00,113417.00,52.9259,23.0169,24.0572,86,245,98,85,40,12,8,0.00,0.00,0.00,,44,,0.00,0.00,0.00,0.00,0.00,0.00,0.00,1,0.00,0.00,0.00,0.00,0.00,0.00,2,0.00,1,9,0.00,0.00,0.00,0.00,0.00,0.00,0.00,0.00,,,,,,,1,10,0.00,2,0.00,0.00,65.9836,0
1254,"Internal",329,886,0.00,145164.00,62.1896,18.3973,19.4131,40,155,53,47,21,7,6,642,0.00,0.00,,22,,0.00,0.00,0.00,10,0.00,0.00,0.00,0.00,0.00,0.00,0.00,0.00,0.00,0.00,0.00,0.00,0.00,8,60,0.00,0.00,2,1,0.00,0.00,0.00,,,,,,,5,13,24,37,2,642,40,0
1255,"Internal",389,1198.00,0.00,67031.00,60.2671,30.5509,9.18197,58,103,74,92,40,10,12,0.00,0.00,0.00,,31,,0.00,1,0.00,16,0.00,0.00,0.00,0.00,2,0.00,0.00,0.00,0.00,3,5,1,0.00,8,0.00,54,11,57,17,0.00,0.00,0.00,,,,,,,9,16,14.1,76.9,59,0.00,61.1111,0
1256,"Internal",507,1408.00,0.00,65198.00,66.9034,21.3068,11.7898,9,269,118,53,53,5,0.00,0.00,0.00,0.00,,32,,0.00,0.00,0.00,0.00,0.00,0.00,0.00,0.00,0.00,0.00,0.00,0.00,0.00,0.00,87,2,0.00,0.00,37,0.00,0.00,0.00,0.00,0.00,0.00,0.00,,,,,,,0.00,0.00,14.8,111.2,0.00,0.00,36.8421,0
1257,"Internal",0.00,0.00,0.00,89930.00,,,,0.00,0.00,0.00,0.00,0.00,0.00,0.00,0.00,0.00,0.00,,0.00,,0.00,0.00,0.00,0.00,0.00,0.00,0.00,0.00,0.00,0.00,0.00,0.00,0.00,0.00,0.00,0.00,0.00,0.00,0.00,0.00,0.00,0.00,0.00,0.00,0.00,0.00,,,,,,,0.00,0.00,0.00,0.00,0.00,0.00,45.0082,0
1258,"Internal",291,780,0.00,146372.00,61.7949,22.3077,15.8974,43,128,39,54,17,7,3,0.00,0.00,0.00,,21,,0.00,0.00,0.00,2,0.00,0.00,0.00,0.00,0.00,0.00,0.00,0.00,0.00,0.00,0.00,0.00,0.00,0.00,0.00,0.00,0.00,0.00,1,0.00,0.00,0.00,,,,,,,1,1,0.00,1,0.00,0.00,45.0082,0
1259,"Internal",0.00,0.00,0.00,89930.00,,,,0.00,0.00,0.00,0.00,0.00,0.00,0.00,0.00,0.00,0.00,,0.00,,0.00,0.00,0.00,0.00,0.00,0.00,0.00,0.00,0.00,0.00,0.00,0.00,0.00,0.00,0.00,0.00,0.00,0.00,0.00,0.00,0.00,0.00,0.00,0.00,0.00,0.00,,,,,,,0.00,0.00,0.00,0.00,0.00,0.00,11.1111,0
1260,"Internal",126,328,0.00,125481.00,55.1829,24.0854,20.7317,25,50,19,24,3,0.00,5,0.00,0.00,0.00,,13,,0.00,0.00,0.00,3,0.00,0.00,0.00,0.00,0.00,0.00,0.00,0.00,0.00,0.00,0.00,0.00,0.00,0.00,0.00,1,0.00,0.00,0.00,0.00,0.00,0.00,,,,,,,1.5,1.5,0.2,0.8,0.00,0.00,45.0082,0
1261,"Internal",325,997,0.00,146372.00,54.7643,28.1846,17.0512,27,128,55,52,46,8,9,0.00,0.00,0.00,,25,,0.00,0.00,0.00,0.00,0.00,0.00,0.00,1,0.00,0.00,0.00,0.00,0.00,0.00,3,1,0.00,0.00,0.00,0.00,0.00,0.00,1,0.00,0.00,0.00,,,,,,,1,0.00,0.00,5,0.00,0.00,50,0
1262,"Internal",253,708,0.00,125481.00,69.6328,21.0452,9.32203,39,81,65,44,11,10,3,0.00,0.00,0.00,,15,,0.00,0.00,0.00,0.00,0.00,0.00,0.00,0.00,0.00,0.00,0.00,0.00,0.00,0.00,0.00,0.00,0.00,0.00,0.00,0.00,0.00,0.00,0.00,0.00,0.00,0.00,,,,,,,0.00,0.00,0.00,0.00,0.00,0.00,45.0082,0
1263,"Internal",315,830,0.00,125481.00,62.7711,24.5783,12.6506,58,113,70,50,14,4,6,0.00,0.00,0.00,,24,,0.00,0.00,0.00,5,0.00,0.00,0.00,0.00,0.00,0.00,0.00,0.00,0.00,1,1,2,0.00,0.00,0.00,8,0.00,0.00,0.00,0.00,0.00,0.00,,,,,,,2.5,2.5,1.6,10.4,0.00,0.00,58.6207,0
1264,"Internal",274,776,0.00,125481.00,64.3041,24.0979,11.5979,46,104,41,41,26,7,9,0.00,0.00,0.00,,20,,0.00,0.00,0.00,5,0.00,0.00,0.00,0.00,0.00,10,0.00,0.00,0.00,0.00,0.00,0.00,0.00,0.00,0.00,0.00,0.00,0.00,0.00,0.00,0.00,0.00,,,,,,,2.5,2.5,0.00,0.00,10,0.00,47.619,0
1267,"Internal",334,954,0.00,146372.00,51.8868,30.5031,17.6101,66,99,67,51,28,16,7,0.00,0.00,0.00,,33,,0.00,0.00,0.00,11,0.00,0.00,0.00,0.00,14,0.00,0.00,0.00,0.00,0.00,1,1,1,1,0.00,0.00,1,8,0.00,0.00,0.00,0.00,,,,,,,5.5,7.5,0.3,2.7,22,0.00,69.697,0
1301,"Internal",77,237,0.00,137071.00,67.0886,7.173,25.7384,0.00,32,11,31,2,1,0.00,0.00,0.00,0.00,,4,,0.00,0.00,0.00,8,0.00,0.00,0.00,0.00,0.00,0.00,0.00,0.00,2,0.00,0.00,0.00,0.00,205,0.00,0.00,0.00,0.00,0.00,0.00,0.00,0.00,,,,,,,4,209,0.00,2,0.00,0.00,13.5593,0
1302,"Internal",296,709,0.00,137071.00,55.2891,25.5289,19.1819,54,151,33,43,11,1,3,0.00,0.00,0.00,,27,,0.00,0.00,0.00,0.00,0.00,0.00,0.00,0.00,0.00,0.00,0.00,0.00,0.00,0.00,0.00,14,0.00,0.00,0.00,0.00,0.00,1,0.00,0.00,0.00,0.00,,,,,,,0.00,0.00,0.00,14,1,0.00,100,0
1303,"Internal",0.00,0.00,0.00,89930.00,,,,0.00,0.00,0.00,0.00,0.00,0.00,0.00,0.00,0.00,0.00,,0.00,,0.00,0.00,0.00,0.00,0.00,0.00,0.00,0.00,0.00,0.00,0.00,0.00,0.00,0.00,0.00,0.00,0.00,0.00,0.00,0.00,0.00,0.00,0.00,0.00,0.00,0.00,,,,,,,0.00,0.00,0.00,0.00,0.00,0.00,45.0082,0
1304,"Internal",266,692,0.00,135903.00,53.9017,20.3757,25.7225,41,118,48,34,17,6,2,0.00,0.00,0.00,,16,,0.00,0.00,0.00,3,0.00,0.00,0.00,0.00,0.00,0.00,0.00,0.00,0.00,0.00,0.00,0.00,0.00,13,1,0.00,0.00,0.00,0.00,0.00,0.00,0.00,,,,,,,1.5,14.5,0.4,0.6,0.00,0.00,30,0
1305,"Internal",9,14,0.00,99028.00,64.2857,28.5714,7.14286,1,6,1,1,0.00,0.00,0.00,0.00,0.00,0.00,,0.00,,0.00,0.00,0.00,0.00,0.00,0.00,0.00,0.00,0.00,0.00,0.00,0.00,0.00,0.00,2,0.00,0.00,0.00,0.00,0.00,0.00,0.00,0.00,0.00,0.00,0.00,,,,,,,0.00,0.00,0.00,2,0.00,0.00,50,0
1306,"Internal",643,1794.00,0.00,209375.00,55.7971,23.4671,20.7358,68,262,135,115,47,4,12,0.00,0.00,0.00,,44,,0.00,0.00,0.00,1,0.00,0.00,0.00,0.00,0.00,0.00,0.00,0.00,0.00,0.00,0.00,0.00,5,0.00,0.00,1,11,61,0.00,0.00,0.00,0.00,,,,,,,0.5,5.5,3.5,8.5,61,0.00,73.2794,0
1307,"Internal",257,661,0.00,137071.00,53.5552,20.121,26.3238,44,106,56,27,15,9,0.00,0.00,0.00,0.00,,17,,0.00,0.00,0.00,5,0.00,0.00,0.00,0.00,0.00,0.00,0.00,0.00,114,0.00,2,0.00,0.00,0.00,0.00,5,0.00,0.00,1,0.00,0.00,0.00,,,,,,,2.5,2.5,1,121,0.00,0.00,87.5,0
1308,"Internal",170,393,0.00,93938.00,50.6361,15.7761,33.5878,37,97,13,6,6,8,3,0.00,0.00,0.00,,12,,0.00,5,0.00,0.00,0.00,0.00,0.00,0.00,0.00,0.00,0.00,0.00,0.00,0.00,0.00,0.00,0.00,0.00,0.00,6,0.00,0.00,11,0.00,0.00,0.00,,,,,,,5,0.00,1.2,15.8,0.00,0.00,21.4286,0
1309,"Internal",347,717,0.00,93938.00,32.0781,9.62343,58.2985,106,174,26,25,12,3,1,0.00,0.00,0.00,,19,,0.00,0.00,0.00,0.00,0.00,0.00,0.00,0.00,0.00,0.00,0.00,0.00,0.00,0.00,0.00,0.00,0.00,0.00,0.00,0.00,0.00,0.00,0.00,0.00,0.00,0.00,,,,,,,0.00,0.00,0.00,0.00,0.00,0.00,100,0
1310,"Internal",0.00,0.00,0.00,89930.00,,,,0.00,0.00,0.00,0.00,0.00,0.00,0.00,0.00,0.00,0.00,,0.00,,0.00,0.00,0.00,0.00,0.00,0.00,0.00,0.00,0.00,0.00,0.00,0.00,0.00,0.00,0.00,0.00,0.00,0.00,0.00,0.00,0.00,0.00,0.00,0.00,0.00,0.00,,,,,,,0.00,0.00,0.00,0.00,0.00,0.00,45.0082,0
1311,"Internal",151,392,0.00,151178.00,46.9388,27.551,25.5102,27,71,12,25,12,1,3,0.00,0.00,0.00,,12,,0.00,0.00,0.00,0.00,0.00,0.00,0.00,0.00,0.00,0.00,0.00,0.00,0.00,0.00,0.00,0.00,0.00,0.00,0.00,0.00,0.00,0.00,0.00,0.00,0.00,0.00,,,,,,,0.00,0.00,0.00,0.00,0.00,0.00,50,0
1312,"Internal",297,704,0.00,151178.00,53.125,27.8409,19.0341,97,101,42,26,15,12,4,0.00,0.00,0.00,,25,,0.00,0.00,0.00,0.00,0.00,0.00,0.00,0.00,0.00,0.00,0.00,0.00,0.00,0.00,0.00,1,0.00,0.00,0.00,0.00,0.00,0.00,0.00,0.00,0.00,0.00,,,,,,,0.00,0.00,0.00,1,0.00,0.00,38.4615,0
1313,"Internal",501,887,0.00,126850.00,25.1409,1.69109,73.168,176,294,14,10,2,4,1,0.00,0.00,0.00,,23,,0.00,0.00,0.00,0.00,0.00,0.00,0.00,0.00,0.00,0.00,0.00,0.00,0.00,0.00,0.00,1,0.00,0.00,0.00,0.00,0.00,0.00,0.00,0.00,0.00,0.00,,,,,,,0.00,0.00,0.00,1,0.00,0.00,100,0
1314,"Internal",98,242,0.00,99028.00,57.438,17.7686,24.7934,19,37,28,9,2,2,1,0.00,0.00,0.00,,5,,2,0.00,0.00,6,0.00,0.00,0.00,0.00,0.00,0.00,0.00,0.00,0.00,0.00,1,5,0.00,0.00,0.00,0.00,0.00,2,0.00,0.00,0.00,0.00,,,,,,,5,3,0.00,6,2,0.00,76.4706,0
1315,"Internal",128,317,0.00,126850.00,15.7729,11.9874,72.2397,38,42,19,16,5,7,1,0.00,0.00,0.00,,8,,0.00,0.00,0.00,0.00,0.00,0.00,0.00,0.00,0.00,0.00,0.00,0.00,0.00,0.00,0.00,0.00,0.00,0.00,0.00,0.00,0.00,0.00,0.00,0.00,0.00,0.00,,,,,,,0.00,0.00,0.00,0.00,0.00,0.00,45.0082,0
1316,"Internal",405,709,0.00,88250.00,16.5021,4.93653,78.5614,131,257,6,9,2,0.00,0.00,0.00,0.00,0.00,,20,,0.00,0.00,0.00,0.00,0.00,0.00,0.00,0.00,0.00,0.00,0.00,0.00,0.00,1,0.00,0.00,0.00,0.00,0.00,0.00,0.00,0.00,2,0.00,0.00,0.00,,,,,,,0.00,0.00,0.00,3,0.00,0.00,26.6667,0
1317,"Internal",0.00,0.00,0.00,89930.00,,,,0.00,0.00,0.00,0.00,0.00,0.00,0.00,0.00,0.00,0.00,,0.00,,0.00,0.00,0.00,0.00,0.00,0.00,0.00,0.00,0.00,0.00,0.00,0.00,0.00,0.00,0.00,0.00,0.00,0.00,0.00,0.00,0.00,0.00,0.00,0.00,0.00,0.00,,,,,,,0.00,0.00,0.00,0.00,0.00,0.00,45.0082,0
1318,"Internal",1,2,0.00,126850.00,0.00,0.00,100,0.00,1,0.00,0.00,0.00,0.00,0.00,0.00,0.00,0.00,,0.00,,0.00,0.00,0.00,0.00,0.00,0.00,0.00,0.00,0.00,0.00,0.00,0.00,0.00,0.00,0.00,0.00,0.00,0.00,0.00,0.00,0.00,0.00,0.00,0.00,0.00,0.00,,,,,,,0.00,0.00,0.00,0.00,0.00,0.00,60,0
1319,"Internal",2,4,0.00,65395.00,50,25,25,0.00,2,0.00,0.00,0.00,0.00,0.00,0.00,0.00,0.00,,0.00,,0.00,0.00,0.00,9,0.00,0.00,0.00,0.00,0.00,0.00,0.00,0.00,0.00,0.00,0.00,0.00,0.00,0.00,0.00,0.00,1,5,2,0.00,0.00,0.00,,,,,,,4.5,4.5,0.3,2.7,5,0.00,81.4815,0
1320,"Internal",1,2,0.00,65395.00,100,0.00,0.00,0.00,1,0.00,0.00,0.00,0.00,0.00,0.00,0.00,0.00,,0.00,,0.00,0.00,0.00,0.00,0.00,0.00,0.00,0.00,0.00,0.00,0.00,0.00,0.00,0.00,0.00,0.00,0.00,0.00,0.00,0.00,90,461,0.00,0.00,0.00,318,,,,,,,0.00,0.00,27,63,461,0.00,14.3541,0
1321,"Internal",0.00,0.00,0.00,89930.00,,,,0.00,0.00,0.00,0.00,0.00,0.00,0.00,0.00,0.00,0.00,,0.00,,0.00,0.00,0.00,0.00,0.00,0.00,0.00,0.00,0.00,0.00,0.00,0.00,0.00,0.00,0.00,0.00,0.00,0.00,0.00,0.00,73,382,0.00,0.00,0.00,0.00,,,,,,,0.00,0.00,21.9,51.1,382,0.00,45.0082,0
1322,"Internal",166,390,0.00,65395.00,61.5385,18.2051,20.2564,50,54,31,23,2,5,1,0.00,0.00,0.00,,7,,0.00,0.00,0.00,8,0.00,0.00,0.00,0.00,0.00,0.00,0.00,0.00,0.00,0.00,0.00,0.00,0.00,0.00,0.00,0.00,0.00,0.00,0.00,0.00,0.00,0.00,,,,,,,4,4,0.00,0.00,0.00,0.00,57.1429,0
1323,"Internal",0.00,0.00,0.00,89930.00,,,,0.00,0.00,0.00,0.00,0.00,0.00,0.00,0.00,0.00,0.00,,0.00,,0.00,0.00,0.00,0.00,0.00,149,0.00,0.00,0.00,0.00,0.00,0.00,0.00,0.00,0.00,0.00,0.00,1,0.00,0.00,76,393,6,0.00,0.00,0.00,,,,,,,149,1,22.8,59.2,393,0.00,60,0
1324,"Internal",309,819,0.00,157063.00,54.0904,27.1062,18.8034,70,101,53,52,19,13,1,0.00,0.00,0.00,,19,,0.00,0.00,0.00,0.00,0.00,0.00,0.00,0.00,0.00,0.00,0.00,0.00,0.00,0.00,0.00,0.00,0.00,0.00,0.00,0.00,0.00,0.00,0.00,0.00,0.00,0.00,,,,,,,0.00,0.00,0.00,0.00,0.00,0.00,100,0
1325,"Internal",47,98,0.00,157063.00,66.3265,11.2245,22.449,9,29,7,1,0.00,1,0.00,0.00,0.00,0.00,,2,,0.00,0.00,0.00,5,0.00,0.00,0.00,0.00,0.00,0.00,0.00,0.00,0.00,0.00,0.00,0.00,0.00,0.00,0.00,0.00,0.00,0.00,0.00,0.00,0.00,0.00,,,,,,,2.5,2.5,0.00,0.00,0.00,0.00,66.6667,0
1326,"Internal",365,856,0.00,65395.00,61.5654,14.1355,24.2991,101,154,56,16,18,15,5,0.00,0.00,0.00,,22,,52,0.00,0.00,118,0.00,29,96,0.00,5,137,67,2,0.00,0.00,10,14,0.00,3,0.00,0.00,14,72,6,16,0.00,0.00,,,,,,,305,78,4.2,39.8,214,0.00,57.8947,0
1327,"Internal",0.00,0.00,0.00,89930.00,,,,0.00,0.00,0.00,0.00,0.00,0.00,0.00,0.00,0.00,0.00,,0.00,,0.00,0.00,0.00,0.00,0.00,0.00,0.00,0.00,0.00,0.00,0.00,0.00,0.00,0.00,0.00,0.00,0.00,0.00,0.00,0.00,0.00,0.00,0.00,0.00,0.00,0.00,,,,,,,0.00,0.00,0.00,0.00,0.00,0.00,45.0082,0
1328,"Internal",22,58,0.00,157063.00,24.1379,5.17241,70.6897,4,11,2,2,1,1,1,278,0.00,0.00,,1,,0.00,0.00,0.00,0.00,0.00,0.00,1,0.00,0.00,0.00,0.00,0.00,0.00,0.00,0.00,0.00,0.00,0.00,37,0.00,1,8,0.00,0.00,0.00,0.00,,,,,,,1,0.00,15.1,22.9,8,278,51.6,0
1329,"Internal",156,332,0.00,157063.00,40.0602,14.759,45.1807,43,79,12,18,2,1,1,0.00,0.00,0.00,,5,,0.00,0.00,0.00,0.00,0.00,0.00,0.00,0.00,0.00,0.00,0.00,0.00,0.00,0.00,0.00,0.00,0.00,0.00,0.00,0.00,0.00,0.00,0.00,0.00,0.00,0.00,,,,,,,0.00,0.00,0.00,0.00,0.00,0.00,60,0
1330,"Internal",19,56,0.00,65395.00,42.8571,33.9286,23.2143,6,4,1,4,2,1,1,0.00,0.00,0.00,,1,,0.00,0.00,0.00,0.00,0.00,0.00,0.00,0.00,0.00,0.00,0.00,0.00,0.00,0.00,34,5,0.00,0.00,0.00,0.00,0.00,0.00,0.00,0.00,0.00,0.00,,,,,,,0.00,0.00,0.00,39,0.00,0.00,45.9016,0
1331,"Internal",35,84,0.00,157063.00,75,9.52381,15.4762,0.00,25,8,1,0.00,1,0.00,0.00,0.00,0.00,,1,,0.00,0.00,0.00,5,0.00,0.00,0.00,0.00,0.00,0.00,0.00,0.00,0.00,0.00,0.00,0.00,0.00,0.00,0.00,0.00,0.00,0.00,0.00,0.00,0.00,0.00,,,,,,,2.5,2.5,0.00,0.00,0.00,0.00,33.3333,0
1332,"Internal",2,4,0.00,65395.00,50,25,25,0.00,2,0.00,0.00,0.00,0.00,0.00,0.00,0.00,0.00,,0.00,,0.00,0.00,0.00,0.00,0.00,0.00,0.00,0.00,0.00,0.00,0.00,0.00,0.00,0.00,0.00,0.00,0.00,0.00,0.00,0.00,0.00,0.00,0.00,0.00,0.00,0.00,,,,,,,0.00,0.00,0.00,0.00,0.00,0.00,45.0082,0
1333,"Internal",9,18,0.00,65395.00,50,5.55556,44.4444,1,7,1,0.00,0.00,0.00,0.00,0.00,0.00,0.00,,0.00,,0.00,0.00,0.00,0.00,0.00,0.00,0.00,0.00,0.00,0.00,0.00,0.00,0.00,0.00,0.00,0.00,20,0.00,0.00,0.00,14,71,0.00,0.00,0.00,0.00,,,,,,,0.00,20,4.2,9.8,71,0.00,40.5941,0
1334,"Internal",1,1,0.00,65395.00,100,0.00,0.00,1,0.00,0.00,0.00,0.00,0.00,0.00,0.00,0.00,0.00,,0.00,,0.00,0.00,0.00,0.00,0.00,0.00,0.00,0.00,0.00,0.00,0.00,0.00,0.00,0.00,0.00,0.00,0.00,0.00,0.00,0.00,0.00,0.00,0.00,0.00,0.00,0.00,,,,,,,0.00,0.00,0.00,0.00,0.00,0.00,57.1429,0
1335,"Internal",312,783,0.00,101721.00,60.5364,27.3308,12.1328,74,107,62,40,27,0.00,2,0.00,0.00,0.00,,20,,0.00,0.00,0.00,10,0.00,0.00,0.00,0.00,5,1,0.00,0.00,0.00,2,7,23,0.00,0.00,0.00,0.00,13,63,24,0.00,0.00,0.00,,,,,,,5,5,3.9,65.1,69,0.00,28.3133,0
1401,"Internal",0.00,0.00,0.00,89930.00,,,,0.00,0.00,0.00,0.00,0.00,0.00,0.00,0.00,0.00,0.00,,0.00,,0.00,0.00,0.00,0.00,0.00,0.00,0.00,0.00,0.00,0.00,0.00,0.00,0.00,0.00,0.00,0.00,0.00,0.00,0.00,0.00,0.00,0.00,0.00,0.00,0.00,0.00,,,,,,,0.00,0.00,0.00,0.00,0.00,0.00,45.0082,0
1402,"Internal",0.00,0.00,0.00,89930.00,,,,0.00,0.00,0.00,0.00,0.00,0.00,0.00,0.00,0.00,0.00,,0.00,,0.00,0.00,0.00,0.00,0.00,0.00,0.00,0.00,123,112,0.00,0.00,7,0.00,6,0.00,0.00,0.00,0.00,6,22,114,49,0.00,0.00,0.00,,,,,,,0.00,0.00,7.8,82.2,349,0.00,18.1269,0
1403,"Internal",0.00,0.00,0.00,89930.00,,,,0.00,0.00,0.00,0.00,0.00,0.00,0.00,0.00,0.00,0.00,,0.00,,0.00,0.00,0.00,0.00,0.00,0.00,0.00,1,317,600,0.00,0.00,0.00,37,5,56,0.00,15,11,6,68,350,33,0.00,0.00,0.00,,,,,,,1,15,26,190,1267.00,0.00,28.4176,0
1404,"Internal",0.00,0.00,0.00,89930.00,,,,0.00,0.00,0.00,0.00,0.00,0.00,0.00,0.00,0.00,0.00,,0.00,,0.00,0.00,0.00,0.00,0.00,0.00,0.00,0.00,0.00,81,0.00,0.00,0.00,9,0.00,0.00,5,0.00,0.00,16,8,42,11,0.00,0.00,0.00,,,,,,,0.00,5,5.6,38.4,123,0.00,41.1765,0
1405,"Internal",546,1339.00,0.00,90882.00,62.0612,20.9111,17.0276,144,201,92,48,42,18,1,0.00,0.00,0.00,,35,,0.00,0.00,0.00,0.00,0.00,0.00,0.00,0.00,21,0.00,0.00,0.00,0.00,1,10,2,6,0.00,0.00,18,14,71,15,0.00,0.00,0.00,,,,,,,0.00,6,7.8,52.2,92,0.00,9.30233,0
1406,"Internal",183,467,0.00,101623.00,61.4561,23.5546,14.9893,34,85,26,17,14,2,5,0.00,0.00,0.00,,17,,0.00,0.00,0.00,0.00,0.00,0.00,0.00,0.00,0.00,0.00,0.00,0.00,0.00,0.00,0.00,0.00,0.00,0.00,0.00,0.00,0.00,0.00,6,0.00,0.00,0.00,,,,,,,0.00,0.00,0.00,6,0.00,0.00,32.4841,0
1407,"Internal",74,170,0.00,88000.00,63.5294,18.2353,18.2353,31,18,9,9,4,1,2,0.00,0.00,0.00,,4,,0.00,0.00,0.00,0.00,0.00,0.00,0.00,0.00,31,535,0.00,0.00,0.00,13,2,0.00,0.00,3,0.00,44,26,137,48,0.00,0.00,0.00,,,,,,,0.00,3,16.6,116.4,703,0.00,23.3333,0
1408,"Internal",457,1198.00,0.00,90882.00,58.6811,23.2053,18.1135,86,186,84,49,31,10,11,564,0.00,0.00,,35,,0.00,0.00,0.00,6,0.00,0.00,0.00,0.00,0.00,25,0.00,0.00,0.00,2,0.00,1,0.00,0.00,53,57,0.00,0.00,6,0.00,0.00,0.00,,,,,,,3,3,32.6,86.4,25,564,50,0
1409,"Internal",398,1026.00,0.00,88065.00,59.8441,26.1209,14.0351,105,137,49,60,25,19,3,0.00,0.00,0.00,,33,,0.00,0.00,0.00,0.00,0.00,0.00,0.00,0.00,0.00,0.00,1,0.00,0.00,0.00,0.00,0.00,0.00,0.00,0.00,0.00,6,28,31,0.00,0.00,0.00,,,,,,,1,0.00,1.8,35.2,28,0.00,75,0
1410,"Internal",146,414,0.00,94659.00,57.7295,30.1932,12.0773,26,57,19,15,20,6,3,0.00,0.00,0.00,,11,,0.00,0.00,0.00,0.00,0.00,0.00,0.00,0.00,0.00,0.00,0.00,0.00,0.00,13,0.00,0.00,0.00,0.00,0.00,0.00,0.00,0.00,0.00,0.00,0.00,0.00,,,,,,,0.00,0.00,0.00,13,0.00,0.00,50,0
1411,"Internal",143,433,0.00,94659.00,71.5935,18.4758,9.93072,22,38,31,28,15,8,1,0.00,0.00,0.00,,10,,0.00,0.00,0.00,0.00,0.00,0.00,0.00,0.00,0.00,0.00,0.00,0.00,0.00,0.00,0.00,0.00,0.00,0.00,0.00,0.00,0.00,0.00,0.00,0.00,0.00,0.00,,,,,,,0.00,0.00,0.00,0.00,0.00,0.00,68,0
1412,"Internal",1,2,0.00,101623.00,100,0.00,0.00,0.00,1,0.00,0.00,0.00,0.00,0.00,81,0.00,0.00,,0.00,,0.00,0.00,0.00,0.00,0.00,0.00,0.00,0.00,0.00,0.00,0.00,0.00,0.00,0.00,0.00,0.00,0.00,0.00,0.00,0.00,0.00,0.00,30,0.00,0.00,0.00,,,,,,,0.00,0.00,0.00,30,0.00,81,45.0082,0
1413,"Internal",199,591,0.00,97019.00,65.6514,26.5651,7.78342,40,55,32,37,20,8,7,0.00,0.00,0.00,,13,,0.00,0.00,0.00,1,0.00,0.00,0.00,0.00,0.00,0.00,0.00,0.00,0.00,0.00,0.00,0.00,1,0.00,0.00,0.00,0.00,0.00,1,0.00,0.00,0.00,,,,,,,0.5,1.5,0.00,1,0.00,0.00,46.4286,0
1414,"Internal",111,339,0.00,94659.00,53.0973,31.2684,15.6342,24,22,23,23,9,5,5,0.00,0.00,0.00,,12,,0.00,0.00,0.00,0.00,0.00,0.00,0.00,0.00,0.00,0.00,0.00,0.00,0.00,0.00,0.00,0.00,0.00,0.00,0.00,0.00,0.00,0.00,0.00,0.00,0.00,0.00,,,,,,,0.00,0.00,0.00,0.00,0.00,0.00,45.0082,0
1415,"Internal",217,499,0.00,91227.00,54.509,15.2305,30.2605,74,80,26,13,14,5,5,0.00,0.00,0.00,,13,,0.00,0.00,0.00,0.00,0.00,0.00,0.00,0.00,0.00,0.00,0.00,0.00,0.00,0.00,0.00,0.00,0.00,0.00,0.00,0.00,0.00,0.00,0.00,0.00,0.00,0.00,,,,,,,0.00,0.00,0.00,0.00,0.00,0.00,75,0
1416,"Internal",57,173,0.00,67031.00,54.9133,32.3699,12.7168,11,16,8,10,8,2,2,0.00,0.00,0.00,,4,,1,0.00,0.00,0.00,0.00,0.00,0.00,0.00,6,29,0.00,0.00,0.00,5,0.00,1,0.00,0.00,0.00,0.00,10,51,0.00,0.00,0.00,0.00,,,,,,,1,0.00,3,13,86,0.00,33.758,0
1417,"Internal",332,840,0.00,91227.00,58.0952,22.0238,19.881,74,131,47,50,21,5,4,0.00,0.00,0.00,,23,,0.00,0.00,0.00,6,0.00,0.00,0.00,0.00,0.00,0.00,0.00,0.00,0.00,0.00,0.00,1,1,1,0.00,8,1,8,0.00,0.00,0.00,0.00,,,,,,,3,5,1.9,8.1,8,0.00,18.5185,0
1418,"Internal",317,829,0.00,97019.00,66.9481,22.4367,10.6152,71,106,64,45,17,9,5,0.00,0.00,0.00,,25,,0.00,0.00,0.00,0.00,0.00,0.00,0.00,1,0.00,0.00,3,0.00,0.00,0.00,6,0.00,0.00,0.00,0.00,0.00,1,9,0.00,0.00,0.00,0.00,,,,,,,4,0.00,0.3,6.7,9,0.00,53.3333,0
1419,"Internal",356,1058.00,0.00,128125.00,61.7202,28.6389,9.64083,55,107,75,65,31,12,11,0.00,0.00,0.00,,27,,0.00,0.00,0.00,5,0.00,0.00,0.00,0.00,0.00,0.00,0.00,0.00,0.00,0.00,7,9,1,0.00,0.00,0.00,0.00,0.00,0.00,0.00,0.00,0.00,,,,,,,2.5,3.5,0.00,16,0.00,0.00,33.3333,0
1420,"Internal",0.00,0.00,0.00,89930.00,,,,0.00,0.00,0.00,0.00,0.00,0.00,0.00,0.00,0.00,0.00,,0.00,,0.00,0.00,0.00,0.00,0.00,0.00,0.00,0.00,0.00,0.00,0.00,0.00,0.00,0.00,0.00,0.00,0.00,0.00,0.00,0.00,0.00,0.00,0.00,0.00,0.00,0.00,,,,,,,0.00,0.00,0.00,0.00,0.00,0.00,45.0082,0
1421,"Internal",3,6,0.00,94118.00,16.6667,50,33.3333,0.00,3,0.00,0.00,0.00,0.00,0.00,0.00,0.00,0.00,,0.00,,0.00,0.00,0.00,0.00,0.00,0.00,0.00,0.00,0.00,0.00,0.00,0.00,0.00,0.00,0.00,0.00,0.00,0.00,0.00,0.00,0.00,0.00,0.00,0.00,0.00,0.00,,,,,,,0.00,0.00,0.00,0.00,0.00,0.00,45.0082,0
1422,"Internal",0.00,0.00,0.00,89930.00,,,,0.00,0.00,0.00,0.00,0.00,0.00,0.00,0.00,0.00,0.00,,0.00,,0.00,0.00,0.00,0.00,0.00,0.00,0.00,0.00,0.00,0.00,0.00,0.00,0.00,0.00,0.00,0.00,0.00,0.00,0.00,0.00,0.00,0.00,0.00,0.00,0.00,0.00,,,,,,,0.00,0.00,0.00,0.00,0.00,0.00,45.0082,0
1423,"Internal",389,1039.00,0.00,128125.00,54.4755,35.8999,9.62464,82,154,32,71,34,13,3,0.00,0.00,0.00,,33,,0.00,0.00,0.00,0.00,0.00,0.00,0.00,0.00,0.00,0.00,0.00,0.00,0.00,0.00,0.00,0.00,0.00,0.00,0.00,0.00,0.00,0.00,0.00,0.00,0.00,0.00,,,,,,,0.00,0.00,0.00,0.00,0.00,0.00,45.0082,0
1424,"Internal",0.00,0.00,0.00,89930.00,,,,0.00,0.00,0.00,0.00,0.00,0.00,0.00,0.00,0.00,0.00,,0.00,,0.00,0.00,0.00,0.00,0.00,0.00,0.00,0.00,0.00,0.00,0.00,0.00,0.00,0.00,0.00,0.00,0.00,0.00,0.00,0.00,0.00,0.00,0.00,0.00,0.00,0.00,,,,,,,0.00,0.00,0.00,0.00,0.00,0.00,78.5714,0
1425,"Internal",0.00,0.00,0.00,89930.00,,,,0.00,0.00,0.00,0.00,0.00,0.00,0.00,0.00,0.00,0.00,,0.00,,0.00,0.00,0.00,0.00,0.00,0.00,0.00,0.00,0.00,0.00,0.00,0.00,0.00,0.00,0.00,0.00,0.00,0.00,0.00,0.00,0.00,0.00,0.00,0.00,0.00,0.00,,,,,,,0.00,0.00,0.00,0.00,0.00,0.00,45.0082,0
1426,"Internal",0.00,0.00,0.00,89930.00,,,,0.00,0.00,0.00,0.00,0.00,0.00,0.00,0.00,0.00,0.00,,0.00,,0.00,0.00,0.00,0.00,0.00,0.00,0.00,0.00,0.00,0.00,0.00,0.00,0.00,0.00,0.00,0.00,0.00,0.00,0.00,0.00,0.00,0.00,0.00,0.00,0.00,0.00,,,,,,,0.00,0.00,0.00,0.00,0.00,0.00,45.0082,0
1427,"Internal",1,5,0.00,101623.00,40,20,40,0.00,0.00,0.00,0.00,1,0.00,0.00,0.00,0.00,0.00,,0.00,,0.00,0.00,0.00,0.00,0.00,0.00,0.00,0.00,0.00,0.00,0.00,0.00,0.00,0.00,0.00,0.00,0.00,0.00,0.00,0.00,0.00,0.00,0.00,0.00,0.00,0.00,,,,,,,0.00,0.00,0.00,0.00,0.00,0.00,45.0082,0
1428,"Internal",0.00,0.00,0.00,89930.00,,,,0.00,0.00,0.00,0.00,0.00,0.00,0.00,2001.00,0.00,0.00,,0.00,,0.00,0.00,0.00,0.00,0.00,0.00,0.00,0.00,0.00,0.00,0.00,0.00,0.00,0.00,0.00,0.00,0.00,0.00,171,0.00,0.00,0.00,0.00,0.00,0.00,0.00,,,,,,,0.00,0.00,68.4,102.6,0.00,2001.00,45.0082,0
1429,"Internal",133,337,0.00,144412.00,56.9733,27.003,16.0237,21,65,20,16,5,5,1,0.00,0.00,0.00,,15,,2,0.00,0.00,15,0.00,0.00,0.00,0.00,64,0.00,1,14,0.00,0.00,0.00,0.00,0.00,39,0.00,44,7,33,10,0.00,0.00,0.00,,,,,,,24.5,46.5,10.9,50.1,97,0.00,22.449,0
1430,"Internal",288,761,0.00,128125.00,54.2707,36.3995,9.32983,63,113,26,48,29,6,3,0.00,0.00,0.00,,21,,0.00,0.00,0.00,0.00,0.00,0.00,0.00,0.00,0.00,0.00,0.00,0.00,0.00,0.00,0.00,0.00,0.00,0.00,0.00,0.00,0.00,0.00,0.00,0.00,0.00,0.00,,,,,,,0.00,0.00,0.00,0.00,0.00,0.00,45.0082,0
1431,"Internal",80,220,0.00,144412.00,62.7273,23.1818,14.0909,3,48,5,18,3,2,1,0.00,0.00,0.00,,9,,0.00,0.00,0.00,0.00,0.00,0.00,0.00,0.00,0.00,0.00,0.00,0.00,0.00,0.00,0.00,0.00,2,0.00,0.00,0.00,0.00,0.00,0.00,0.00,0.00,0.00,,,,,,,0.00,2,0.00,0.00,0.00,0.00,28.8462,0
1432,"Internal",0.00,0.00,0.00,89930.00,,,,0.00,0.00,0.00,0.00,0.00,0.00,0.00,0.00,0.00,0.00,,0.00,,0.00,0.00,0.00,0.00,0.00,0.00,0.00,8,0.00,0.00,0.00,0.00,0.00,0.00,0.00,0.00,0.00,0.00,0.00,0.00,0.00,0.00,0.00,0.00,0.00,0.00,,,,,,,8,0.00,0.00,0.00,0.00,0.00,100,0
1433,"Internal",38,114,0.00,101623.00,64.9123,16.6667,18.4211,8,8,7,7,7,1,0.00,0.00,0.00,0.00,,5,,0.00,0.00,0.00,0.00,0.00,0.00,0.00,0.00,0.00,0.00,0.00,0.00,0.00,0.00,0.00,0.00,0.00,5,0.00,0.00,0.00,0.00,0.00,0.00,0.00,0.00,,,,,,,0.00,5,0.00,0.00,0.00,0.00,45.0082,0
1434,"Internal",490,1190.00,0.00,114643.00,66.8067,24.4538,8.7395,122,201,68,63,14,14,8,0.00,0.00,0.00,,33,,0.00,0.00,0.00,0.00,0.00,0.00,0.00,0.00,0.00,0.00,0.00,0.00,0.00,0.00,10,0.00,0.00,0.00,0.00,0.00,0.00,0.00,0.00,0.00,0.00,0.00,,,,,,,0.00,0.00,0.00,10,0.00,0.00,81.8182,0
1435,"Internal",0.00,0.00,0.00,89930.00,,,,0.00,0.00,0.00,0.00,0.00,0.00,0.00,0.00,0.00,0.00,,0.00,,0.00,0.00,0.00,0.00,0.00,0.00,0.00,0.00,0.00,0.00,0.00,0.00,0.00,0.00,0.00,0.00,0.00,0.00,0.00,0.00,0.00,0.00,0.00,0.00,0.00,0.00,,,,,,,0.00,0.00,0.00,0.00,0.00,0.00,45.0082,0
1436,"Internal",376,850,0.00,90071.00,69.6471,24.7059,5.64706,118,145,60,23,14,12,4,0.00,0.00,0.00,,33,,0.00,0.00,0.00,0.00,0.00,0.00,0.00,0.00,0.00,0.00,0.00,0.00,0.00,0.00,13,0.00,0.00,0.00,0.00,0.00,0.00,0.00,0.00,0.00,0.00,0.00,,,,,,,0.00,0.00,0.00,13,0.00,0.00,66.6667,0
1437,"Internal",224,543,0.00,114643.00,65.7459,24.8619,9.39227,72,68,42,14,17,9,2,0.00,0.00,0.00,,21,,0.00,0.00,0.00,0.00,0.00,0.00,0.00,0.00,102,9,0.00,0.00,0.00,0.00,2,0.00,0.00,0.00,0.00,165,14,75,5,0.00,0.00,0.00,,,,,,,0.00,0.00,37.2,148.8,186,0.00,18.1818,0
1438,"Internal",77,231,0.00,101623.00,55.8442,24.6753,19.4805,7,27,9,29,3,2,0.00,448,0.00,0.00,,7,,0.00,0.00,0.00,1,0.00,0.00,0.00,0.00,0.00,0.00,0.00,0.00,0.00,0.00,1,5,0.00,0.00,48,0.00,0.00,0.00,0.00,0.00,0.00,0.00,,,,,,,0.5,0.5,19.2,34.8,0.00,448,50,0
1439,"Internal",114,294,19,101623.00,54.0816,31.2925,14.6258,27,41,16,23,2,0.00,5,0.00,0.00,0.00,,11,,0.00,0.00,0.00,1,0.00,0.00,0.00,1,18,3,0.00,0.00,0.00,0.00,0.00,1,0.00,0.00,0.00,0.00,0.00,0.00,1,0.00,0.00,0.00,,,,,,,1.5,0.5,0.00,2,21,0.00,20,0
1440,"Internal",283,647,0.00,144412.00,49.9227,19.6291,30.4482,103,79,40,45,11,4,1,0.00,0.00,0.00,,20,,0.00,0.00,0.00,5,0.00,0.00,0.00,0.00,0.00,0.00,0.00,0.00,0.00,0.00,5,8,0.00,0.00,0.00,1,1,5,0.00,0.00,0.00,0.00,,,,,,,2.5,2.5,0.5,14.5,5,0.00,45.0082,0
1441,"Internal",91,331,0.00,106688.00,77.0393,18.1269,4.83384,10,17,7,29,22,2,4,0.00,0.00,0.00,,6,,0.00,0.00,0.00,0.00,0.00,0.00,0.00,0.00,0.00,0.00,0.00,0.00,0.00,0.00,0.00,0.00,0.00,17,0.00,0.00,0.00,0.00,0.00,0.00,0.00,200,,,,,,,0.00,17,0.00,0.00,0.00,0.00,3.57143,0
1442,"Internal",35,85,0.00,144412.00,48.2353,16.4706,35.2941,10,11,5,7,2,0.00,0.00,0.00,0.00,0.00,,4,,0.00,0.00,0.00,18,0.00,0.00,0.00,0.00,0.00,0.00,0.00,0.00,0.00,0.00,0.00,2,0.00,0.00,0.00,0.00,1,3,0.00,0.00,0.00,0.00,,,,,,,9,9,0.3,2.7,3,0.00,94.7368,0
1443,"Internal",146,365,22,106688.00,44.6575,27.6712,27.6712,57,34,14,20,11,7,3,0.00,0.00,0.00,,8,,0.00,0.00,0.00,0.00,0.00,0.00,0.00,0.00,0.00,0.00,0.00,0.00,0.00,0.00,0.00,0.00,0.00,0.00,0.00,0.00,0.00,0.00,0.00,0.00,0.00,0.00,,,,,,,0.00,0.00,0.00,0.00,0.00,0.00,30.7692,0
1444,"Internal",180,499,0.00,85341.00,59.3186,24.2485,16.4329,10,91,34,27,12,5,1,0.00,0.00,0.00,,13,,0.00,0.00,0.00,0.00,0.00,0.00,0.00,0.00,0.00,0.00,0.00,0.00,1,0.00,1,0.00,0.00,0.00,0.00,0.00,1,8,0.00,0.00,0.00,0.00,,,,,,,0.00,0.00,0.3,2.7,8,0.00,66.6667,0
1445,"Internal",334,977,0.00,130750.00,52.2006,24.0532,23.7462,38,134,55,51,36,18,2,0.00,0.00,0.00,,19,,0.00,0.00,0.00,1,0.00,0.00,0.00,0.00,0.00,0.00,0.00,0.00,0.00,0.00,1,0.00,0.00,13,0.00,0.00,0.00,1,0.00,0.00,0.00,0.00,,,,,,,0.5,13.5,0.00,1,1,0.00,54.5455,0
1446,"Internal",15,51,0.00,106688.00,72.549,19.6078,7.84314,3,3,1,3,4,0.00,1,0.00,0.00,0.00,,2,,0.00,0.00,0.00,0.00,0.00,0.00,0.00,0.00,0.00,0.00,0.00,0.00,0.00,0.00,0.00,0.00,0.00,2,0.00,0.00,0.00,0.00,0.00,0.00,0.00,0.00,,,,,,,0.00,2,0.00,0.00,0.00,0.00,45.0082,0
1447,"Internal",136,342,0.00,85341.00,63.7427,22.807,13.4503,37,32,44,13,4,5,1,0.00,0.00,0.00,,8,,0.00,0.00,0.00,5,0.00,0.00,0.00,0.00,0.00,0.00,3,0.00,0.00,0.00,0.00,0.00,0.00,0.00,0.00,0.00,0.00,0.00,0.00,0.00,0.00,0.00,,,,,,,5.5,2.5,0.00,0.00,0.00,0.00,80,0
1448,"Internal",466,1388.00,0.00,106688.00,51.2248,32.9251,15.8501,103,112,84,78,50,26,13,0.00,0.00,0.00,,56,,0.00,0.00,0.00,20,0.00,0.00,0.00,1,16,0.00,0.00,0.00,0.00,7,0.00,0.00,0.00,0.00,0.00,115,0.00,2,7,0.00,0.00,0.00,,,,,,,11,10,23,106,18,0.00,33.3333,0
1449,"Internal",199,552,0.00,96806.00,47.1014,23.5507,29.3478,18,111,18,18,25,2,7,0.00,0.00,0.00,,13,,0.00,0.00,0.00,0.00,0.00,0.00,0.00,0.00,0.00,0.00,0.00,0.00,0.00,0.00,7,8,0.00,0.00,0.00,53,9,48,0.00,0.00,0.00,0.00,,,,,,,0.00,0.00,13.3,63.7,48,0.00,60,0
1450,"Internal",36,127,0.00,106688.00,47.2441,19.685,33.0709,3,8,6,11,4,2,2,0.00,0.00,0.00,,2,,0.00,0.00,0.00,0.00,0.00,0.00,0.00,0.00,0.00,0.00,0.00,0.00,0.00,0.00,0.00,0.00,0.00,0.00,0.00,0.00,0.00,0.00,0.00,0.00,0.00,0.00,,,,,,,0.00,0.00,0.00,0.00,0.00,0.00,15.3846,0
1451,"Internal",0.00,0.00,0.00,89930.00,,,,0.00,0.00,0.00,0.00,0.00,0.00,0.00,0.00,0.00,0.00,,0.00,,0.00,0.00,0.00,0.00,0.00,0.00,0.00,0.00,0.00,0.00,0.00,0.00,0.00,0.00,0.00,0.00,0.00,0.00,0.00,0.00,0.00,0.00,0.00,0.00,0.00,0.00,,,,,,,0.00,0.00,0.00,0.00,0.00,0.00,45.0082,0
1452,"Internal",140,371,0.00,96806.00,48.7871,24.5283,26.6846,32,40,35,17,11,4,1,0.00,0.00,0.00,,13,,0.00,0.00,0.00,0.00,0.00,0.00,0.00,0.00,0.00,0.00,0.00,0.00,0.00,0.00,0.00,2,0.00,0.00,0.00,0.00,0.00,0.00,0.00,0.00,0.00,0.00,,,,,,,0.00,0.00,0.00,2,0.00,0.00,45.0082,0
1453,"Internal",159,436,0.00,85341.00,52.5229,22.9358,24.5413,33,47,32,29,13,3,2,0.00,0.00,0.00,,14,,0.00,0.00,0.00,2,0.00,0.00,0.00,0.00,0.00,10,0.00,0.00,0.00,0.00,0.00,0.00,0.00,21,0.00,0.00,7,32,8,0.00,0.00,0.00,,,,,,,1,22,2.1,12.9,42,0.00,41.1765,0
1454,"Internal",116,284,0.00,124545.00,54.5775,17.2535,28.169,21,55,13,21,6,0.00,0.00,0.00,0.00,0.00,,8,,1,0.00,0.00,3,0.00,0.00,0.00,0.00,0.00,0.00,0.00,0.00,0.00,0.00,0.00,0.00,0.00,0.00,0.00,0.00,37,193,0.00,0.00,0.00,0.00,,,,,,,2.5,1.5,11.1,25.9,193,0.00,45.0082,0
1455,"Internal",562,1421.00,0.00,99911.00,63.1246,20.5489,16.3265,95,244,114,73,20,8,8,0.00,0.00,0.00,,41,,0.00,0.00,0.00,24,0.00,0.00,0.00,0.00,0.00,0.00,0.00,0.00,0.00,0.00,0.00,32,0.00,10,0.00,0.00,0.00,0.00,0.00,0.00,0.00,0.00,,,,,,,12,22,0.00,32,0.00,0.00,50,0
1456,"Internal",14,55,90,106688.00,41.8182,21.8182,36.3636,1,1,3,5,2,1,1,0.00,0.00,0.00,,4,,197,0.00,0.00,0.00,0.00,0.00,0.00,0.00,142,0.00,0.00,0.00,0.00,0.00,3,0.00,0.00,0.00,0.00,0.00,1,9,0.00,0.00,0.00,0.00,,,,,,,197,0.00,0.3,3.7,151,0.00,41.6667,0
1457,"Internal",208,566,0.00,96806.00,50.53,24.0283,25.4417,31,94,31,25,12,11,4,0.00,0.00,0.00,,21,,0.00,0.00,0.00,0.00,0.00,0.00,0.00,0.00,0.00,0.00,0.00,0.00,0.00,0.00,0.00,0.00,0.00,0.00,0.00,0.00,0.00,0.00,0.00,0.00,0.00,0.00,,,,,,,0.00,0.00,0.00,0.00,0.00,0.00,100,0
1458,"Internal",178,535,0.00,124545.00,51.215,30.0935,18.6916,16,66,27,45,20,2,2,0.00,0.00,0.00,,15,,0.00,0.00,0.00,0.00,0.00,0.00,0.00,0.00,0.00,0.00,0.00,0.00,0.00,0.00,0.00,1,0.00,0.00,3,0.00,0.00,0.00,0.00,0.00,0.00,0.00,,,,,,,0.00,0.00,1.2,2.8,0.00,0.00,69.2308,0
1459,"Internal",78,220,0.00,96806.00,49.0909,14.5455,36.3636,15,30,11,8,6,6,2,0.00,0.00,0.00,,4,,0.00,6,0.00,1,0.00,0.00,0.00,0.00,0.00,0.00,0.00,0.00,0.00,0.00,0.00,0.00,0.00,0.00,0.00,0.00,0.00,0.00,0.00,1,0.00,0.00,,,,,,,6.5,1.5,0.00,0.00,0.00,0.00,14.8148,0
1460,"Internal",49,142,0.00,124545.00,46.4789,19.7183,33.8028,1,22,14,9,1,0.00,2,0.00,0.00,0.00,,2,,0.00,0.00,0.00,0.00,0.00,0.00,0.00,0.00,0.00,0.00,0.00,0.00,0.00,0.00,0.00,0.00,0.00,0.00,0.00,0.00,41,211,0.00,0.00,0.00,0.00,,,,,,,0.00,0.00,12.3,28.7,211,0.00,30.7692,0
1461,"Internal",346,1237.00,0.00,106688.00,41.3905,24.4947,34.1148,39,46,69,115,38,24,15,0.00,0.00,0.00,,22,,0.00,0.00,0.00,0.00,0.00,0.00,0.00,0.00,0.00,0.00,0.00,0.00,0.00,0.00,0.00,0.00,0.00,0.00,0.00,0.00,0.00,0.00,0.00,0.00,0.00,0.00,,,,,,,0.00,0.00,0.00,0.00,0.00,0.00,45.0082,0
1462,"Internal",210,668,0.00,106688.00,44.012,22.7545,33.2335,41,34,43,54,19,14,5,0.00,0.00,0.00,,16,,0.00,0.00,0.00,0.00,0.00,0.00,0.00,0.00,0.00,0.00,0.00,0.00,0.00,0.00,0.00,0.00,0.00,0.00,0.00,0.00,0.00,0.00,0.00,0.00,0.00,0.00,,,,,,,0.00,0.00,0.00,0.00,0.00,0.00,45.0082,0
1463,"Internal",171,450,0.00,99911.00,57.1111,16.6667,26.2222,27,69,36,23,12,3,1,0.00,2482.00,0.00,,17,,0.00,0.00,0.00,8,0.00,0.00,0.00,0.00,0.00,0.00,0.00,0.00,0.00,0.00,9,1,0.00,2,154,0.00,0.00,0.00,1,0.00,0.00,0.00,,,,,,,4,6,61.6,103.4,0.00,2482.00,53.8462,0
1464,"Internal",64,164,0.00,124545.00,46.3415,23.7805,29.878,14,22,15,8,3,0.00,2,0.00,0.00,0.00,,6,,0.00,0.00,0.00,0.00,0.00,0.00,0.00,0.00,0.00,0.00,0.00,0.00,0.00,0.00,0.00,0.00,0.00,0.00,0.00,0.00,0.00,0.00,0.00,0.00,0.00,0.00,,,,,,,0.00,0.00,0.00,0.00,0.00,0.00,45.0082,0
1465,"Internal",45,114,0.00,107893.00,60.5263,21.9298,17.5439,12,16,7,5,3,0.00,2,0.00,0.00,0.00,,6,,0.00,0.00,0.00,0.00,0.00,0.00,0.00,0.00,0.00,0.00,0.00,0.00,0.00,0.00,0.00,0.00,0.00,0.00,0.00,0.00,0.00,0.00,0.00,0.00,0.00,0.00,,,,,,,0.00,0.00,0.00,0.00,0.00,0.00,45.0082,0
1466,"Internal",581,1783.00,0.00,116174.00,59.6747,32.866,7.45934,80,149,136,125,59,22,10,0.00,0.00,0.00,,49,,0.00,0.00,0.00,1,0.00,0.00,0.00,0.00,0.00,0.00,0.00,0.00,0.00,0.00,0.00,0.00,0.00,0.00,0.00,1,0.00,0.00,0.00,0.00,0.00,0.00,,,,,,,0.5,0.5,0.2,0.8,0.00,0.00,82.3529,0
1467,"Internal",136,383,0.00,124545.00,57.7024,24.5431,17.7546,20,55,13,33,11,1,3,0.00,0.00,0.00,,10,,0.00,0.00,0.00,0.00,0.00,0.00,0.00,0.00,0.00,0.00,0.00,0.00,0.00,0.00,0.00,8,0.00,5,0.00,0.00,0.00,0.00,1,0.00,0.00,0.00,,,,,,,0.00,5,0.00,9,0.00,0.00,19.0476,0
1468,"Internal",142,367,0.00,124545.00,50.6812,29.7003,19.6185,15,51,55,20,1,0.00,0.00,606,0.00,0.00,,15,,0.00,0.00,0.00,0.00,0.00,0.00,0.00,0.00,0.00,0.00,0.00,0.00,0.00,0.00,1,2,0.00,0.00,55,0.00,0.00,0.00,0.00,0.00,0.00,0.00,,,,,,,0.00,0.00,22,36,0.00,606,100,0
1469,"Internal",103,281,0.00,107893.00,63.3452,24.911,11.7438,21,31,12,35,3,0.00,1,0.00,0.00,0.00,,6,,0.00,0.00,0.00,0.00,0.00,0.00,0.00,0.00,0.00,0.00,0.00,0.00,0.00,0.00,0.00,0.00,0.00,0.00,0.00,0.00,0.00,0.00,0.00,0.00,0.00,0.00,,,,,,,0.00,0.00,0.00,0.00,0.00,0.00,45.0082,0
1470,"Internal",165,370,0.00,107893.00,54.0541,26.2162,19.7297,46,59,46,6,5,2,1,0.00,0.00,0.00,,12,,0.00,0.00,0.00,0.00,0.00,0.00,0.00,0.00,0.00,0.00,0.00,0.00,0.00,0.00,0.00,0.00,0.00,0.00,0.00,13,0.00,0.00,0.00,0.00,0.00,0.00,,,,,,,0.00,0.00,2.6,10.4,0.00,0.00,7.14286,0
1471,"Internal",420,1254.00,0.00,132587.00,53.0303,30.622,16.3477,45,157,65,84,53,13,3,0.00,0.00,0.00,,44,,0.00,0.00,0.00,0.00,0.00,0.00,0.00,0.00,0.00,0.00,0.00,0.00,0.00,0.00,1,5,0.00,0.00,0.00,0.00,0.00,0.00,3,0.00,0.00,0.00,,,,,,,0.00,0.00,0.00,9,0.00,0.00,43.75,0
1472,"Internal",65,182,0.00,107893.00,53.2967,30.2198,16.4835,4,29,18,8,3,2,1,0.00,0.00,0.00,,4,,0.00,0.00,0.00,0.00,0.00,0.00,0.00,0.00,0.00,0.00,0.00,0.00,0.00,0.00,0.00,0.00,0.00,0.00,0.00,0.00,0.00,0.00,0.00,0.00,0.00,0.00,,,,,,,0.00,0.00,0.00,0.00,0.00,0.00,100,0
1473,"Internal",558,1751.00,0.00,86634.00,60.3655,31.3535,8.28098,78,166,78,118,86,19,13,0.00,0.00,0.00,,48,,0.00,0.00,0.00,9,0.00,0.00,0.00,0.00,0.00,0.00,5,0.00,0.00,0.00,3,0.00,0.00,0.00,0.00,0.00,0.00,0.00,2,0.00,0.00,0.00,,,,,,,9.5,4.5,0.00,5,0.00,0.00,50,0
1474,"Internal",193,568,0.00,107893.00,56.5141,26.4085,17.0775,21,77,27,42,15,8,3,0.00,0.00,0.00,,18,,0.00,0.00,0.00,1,0.00,0.00,0.00,0.00,2,0.00,0.00,0.00,0.00,0.00,0.00,0.00,0.00,0.00,0.00,0.00,0.00,0.00,0.00,0.00,0.00,0.00,,,,,,,0.5,0.5,0.00,0.00,2,0.00,83.3333,0
1475,"Internal",78,246,0.00,107893.00,62.6016,24.3902,13.0081,6,26,18,15,6,5,2,0.00,0.00,0.00,,7,,0.00,0.00,0.00,0.00,0.00,0.00,0.00,0.00,0.00,0.00,0.00,0.00,0.00,0.00,0.00,0.00,0.00,0.00,0.00,0.00,0.00,0.00,0.00,0.00,0.00,0.00,,,,,,,0.00,0.00,0.00,0.00,0.00,0.00,45.0082,0
1476,"Internal",265,785,0.00,132587.00,52.1019,30.3185,17.5796,40,88,34,65,23,13,2,0.00,0.00,0.00,,23,,0.00,0.00,0.00,0.00,0.00,0.00,0.00,0.00,0.00,0.00,0.00,0.00,0.00,0.00,0.00,0.00,0.00,2,0.00,0.00,0.00,3,2,0.00,0.00,0.00,,,,,,,0.00,2,0.00,2,3,0.00,30.7692,0
1477,"Internal",142,405,0.00,107893.00,46.9136,23.9506,29.1358,17,52,26,36,5,5,1,0.00,0.00,0.00,,9,,0.00,0.00,0.00,0.00,0.00,0.00,0.00,0.00,0.00,0.00,0.00,0.00,0.00,0.00,2,1,0.00,5,0.00,0.00,0.00,0.00,0.00,0.00,0.00,0.00,,,,,,,0.00,5,0.00,3,0.00,0.00,57.8947,0
1478,"Internal",250,706,0.00,127321.00,49.5751,23.6544,26.7705,24,117,40,42,10,9,8,0.00,0.00,0.00,,21,,0.00,0.00,0.00,6,0.00,0.00,0.00,0.00,0.00,0.00,0.00,0.00,0.00,0.00,0.00,0.00,0.00,0.00,0.00,0.00,0.00,0.00,0.00,0.00,0.00,0.00,,,,,,,3,3,0.00,0.00,0.00,0.00,71.875,0
1479,"Internal",138,369,0.00,127321.00,57.9946,24.9322,17.0732,33,46,24,21,2,6,6,0.00,0.00,0.00,,10,,2,0.00,0.00,7,0.00,0.00,0.00,0.00,0.00,0.00,0.00,0.00,0.00,0.00,0.00,0.00,0.00,0.00,0.00,0.00,0.00,0.00,0.00,0.00,0.00,0.00,,,,,,,5.5,3.5,0.00,0.00,0.00,0.00,77.7778,0
1480,"Internal",104,310,0.00,127321.00,55.8065,16.7742,27.4194,13,31,33,12,8,1,6,0.00,0.00,0.00,,10,,0.00,0.00,0.00,0.00,0.00,0.00,0.00,0.00,0.00,0.00,0.00,0.00,0.00,0.00,0.00,1,0.00,0.00,0.00,0.00,0.00,0.00,0.00,0.00,0.00,0.00,,,,,,,0.00,0.00,0.00,1,0.00,0.00,25,0
1481,"Internal",347,906,0.00,137386.00,49.2274,18.7638,32.0088,26,196,55,45,12,8,5,0.00,0.00,0.00,,22,,0.00,0.00,0.00,0.00,0.00,0.00,0.00,0.00,0.00,0.00,0.00,0.00,0.00,0.00,0.00,0.00,0.00,9,0.00,0.00,0.00,0.00,0.00,0.00,0.00,0.00,,,,,,,0.00,9,0.00,0.00,0.00,0.00,47.0588,0
1482,"Internal",1,5,0.00,132587.00,20,60,20,0.00,0.00,0.00,0.00,1,0.00,0.00,0.00,0.00,0.00,,0.00,,0.00,0.00,0.00,0.00,0.00,0.00,0.00,0.00,0.00,0.00,0.00,0.00,0.00,0.00,0.00,0.00,0.00,0.00,0.00,0.00,0.00,0.00,0.00,0.00,0.00,0.00,,,,,,,0.00,0.00,0.00,0.00,0.00,0.00,45.0082,0
1501,"Internal",29,98,9,125083.00,36.7347,29.5918,33.6735,2,11,5,3,2,5,1,0.00,0.00,0.00,,1,,0.00,0.00,0.00,0.00,0.00,0.00,0.00,0.00,0.00,0.00,0.00,0.00,0.00,0.00,0.00,0.00,0.00,0.00,0.00,0.00,0.00,0.00,0.00,0.00,0.00,0.00,,,,,,,0.00,0.00,0.00,0.00,0.00,0.00,45.0082,0
1502,"Internal",24,46,0.00,173272.00,30.4348,17.3913,52.1739,10,8,4,2,0.00,0.00,0.00,0.00,0.00,0.00,,1,,7,0.00,0.00,5,0.00,0.00,0.00,0.00,0.00,0.00,0.00,0.00,0.00,0.00,0.00,0.00,0.00,0.00,0.00,0.00,0.00,2,0.00,0.00,0.00,0.00,,,,,,,9.5,2.5,0.00,0.00,2,0.00,70.5882,0
1503,"Internal",13,26,0.00,81515.00,73.0769,0.00,26.9231,0.00,13,0.00,0.00,0.00,0.00,0.00,0.00,0.00,0.00,,1,,0.00,0.00,0.00,1,0.00,0.00,37,0.00,30,15,0.00,0.00,0.00,0.00,46,80,0.00,0.00,14,32,22,116,22,0.00,0.00,0.00,,,,,,,37.5,0.5,18.6,197.4,161,0.00,46.4516,0
1504,"Internal",210,522,0.00,173272.00,45.0192,23.9464,31.0345,66,65,28,28,11,9,3,0.00,0.00,0.00,,17,,0.00,0.00,0.00,8,0.00,0.00,0.00,0.00,0.00,0.00,0.00,0.00,0.00,0.00,13,0.00,0.00,16,0.00,1,0.00,0.00,2,0.00,0.00,0.00,,,,,,,4,20,0.2,15.8,0.00,0.00,16,0
1505,"Internal",109,238,0.00,81515.00,60.5042,19.7479,19.7479,24,59,10,14,2,0.00,0.00,0.00,0.00,0.00,,8,,0.00,0.00,0.00,18,0.00,0.00,0.00,0.00,0.00,0.00,0.00,0.00,3,1,0.00,0.00,0.00,0.00,0.00,0.00,0.00,0.00,0.00,0.00,0.00,0.00,,,,,,,9,9,0.00,4,0.00,0.00,72.7273,0
1506,"Internal",91,263,0.00,81515.00,54.7529,18.251,26.9962,15,34,6,21,8,5,2,0.00,0.00,0.00,,4,,0.00,0.00,0.00,9,0.00,0.00,0.00,0.00,0.00,0.00,0.00,0.00,0.00,0.00,0.00,1,0.00,0.00,0.00,0.00,0.00,0.00,3,0.00,0.00,0.00,,,,,,,4.5,4.5,0.00,4,0.00,0.00,46.1538,0
1507,"Internal",209,481,0.00,146667.00,57.3805,20.5821,22.0374,44,111,18,24,8,3,1,0.00,0.00,0.00,,13,,0.00,0.00,0.00,8,0.00,0.00,0.00,0.00,0.00,0.00,0.00,0.00,0.00,0.00,2,1,0.00,0.00,55,0.00,0.00,0.00,7,15,0.00,0.00,,,,,,,4,19,22,43,0.00,0.00,85.7143,0
1508,"Internal",331,619,0.00,96103.00,78.6753,7.10824,14.2165,129,149,35,5,11,2,0.00,0.00,0.00,0.00,,20,,0.00,0.00,0.00,47,0.00,0.00,0.00,2,536,286,0.00,0.00,0.00,24,127,135,1,28,8,115,49,251,99,0.00,0.00,0.00,,,,,,,25.5,52.5,40.9,516.1,1073.00,0.00,65.0165,0
1509,"Internal",14,64,0.00,190674.00,40.625,59.375,0.00,0.00,0.00,4,2,4,4,0.00,0.00,0.00,0.00,,1,,0.00,0.00,0.00,0.00,0.00,0.00,0.00,0.00,0.00,0.00,0.00,0.00,0.00,0.00,0.00,0.00,0.00,0.00,0.00,0.00,0.00,0.00,0.00,0.00,0.00,0.00,,,,,,,0.00,0.00,0.00,0.00,0.00,0.00,45.0082,0
1510,"Internal",94,244,0.00,146667.00,57.7869,13.5246,28.6885,14,48,11,10,7,2,2,505,0.00,0.00,,5,,0.00,0.00,0.00,1,0.00,6,0.00,0.00,0.00,0.00,0.00,0.00,0.00,0.00,0.00,1,0.00,0.00,48,15,0.00,0.00,0.00,0.00,0.00,0.00,,,,,,,6.5,0.5,22.2,41.8,0.00,505,55.5556,0
1511,"Internal",290,694,0.00,173272.00,56.3401,13.2565,30.4035,28,173,49,29,10,0.00,1,0.00,0.00,0.00,,17,,0.00,0.00,0.00,6,0.00,0.00,0.00,2,0.00,0.00,0.00,0.00,0.00,1,0.00,3,0.00,26,0.00,0.00,0.00,0.00,2,0.00,0.00,0.00,,,,,,,5,29,0.00,6,0.00,0.00,44.8276,0
1512,"Internal",1,2,0.00,146667.00,100,0.00,0.00,0.00,1,0.00,0.00,0.00,0.00,0.00,0.00,0.00,0.00,,0.00,,0.00,0.00,0.00,55,0.00,0.00,10,11,800,210,3,94,0.00,52,6,9,0.00,63,23,139,94,487,44,0.00,0.00,0.00,,,,,,,145.5,90.5,65.2,301.8,1497.00,0.00,51.5152,0
1513,"Internal",305,785,0.00,173272.00,46.1146,22.4204,31.465,41,155,49,32,16,5,7,0.00,0.00,0.00,,15,,0.00,0.00,0.00,1,0.00,0.00,0.00,5,0.00,0.00,0.00,0.00,2,0.00,0.00,10,0.00,70,1,1,32,166,0.00,0.00,0.00,0.00,,,,,,,5.5,70.5,10.2,35.8,166,0.00,40,0
1514,"Internal",94,259,0.00,190674.00,38.9961,17.7606,43.2432,18,41,7,14,6,4,4,0.00,0.00,0.00,,4,,0.00,0.00,0.00,80,0.00,0.00,0.00,0.00,110,2,5,20,0.00,5,0.00,106,10,39,2,3,6,26,0.00,0.00,0.00,0.00,,,,,,,65,89,3.2,118.8,138,0.00,66.6667,0
1515,"Internal",159,428,0.00,146667.00,50.7009,21.729,27.5701,25,71,22,23,8,7,3,0.00,0.00,0.00,,12,,0.00,0.00,0.00,2,0.00,0.00,0.00,0.00,0.00,0.00,2,0.00,0.00,0.00,0.00,1,0.00,0.00,2,0.00,1,3,0.00,0.00,0.00,0.00,,,,,,,3,1,1.1,2.9,3,0.00,77.7778,0
1516,"Internal",315,886,0.00,146667.00,39.5034,19.6388,40.8578,48,121,55,52,21,8,10,175,667,0.00,,24,,0.00,0.00,0.00,15,0.00,0.00,0.00,0.00,0.00,0.00,0.00,0.00,0.00,0.00,2,2,1,0.00,52,0.00,0.00,0.00,14,0.00,0.00,0.00,,,,,,,7.5,8.5,20.8,49.2,0.00,842,57.4257,0
1517,"Internal",224,280,0.00,96103.00,34.2857,1.42857,64.2857,192,21,5,2,2,1,1,0.00,0.00,0.00,,11,,0.00,0.00,0.00,6,0.00,0.00,0.00,1,54,506,0.00,0.00,0.00,11,6,25,0.00,9,0.00,2,55,286,47,0.00,0.00,0.00,,,,,,,4,12,16.9,129.1,846,0.00,29.5681,0
1518,"Internal",129,309,0.00,190674.00,46.9256,16.8285,36.246,17,74,15,16,7,0.00,0.00,11,0.00,0.00,,9,,0.00,0.00,0.00,70,0.00,0.00,0.00,0.00,0.00,0.00,0.00,0.00,0.00,0.00,2,9,0.00,1,0.00,1,5,22,49,0.00,0.00,0.00,,,,,,,35,36,1.7,64.3,22,11,64.7059,0
1519,"Internal",650,1652.00,0.00,192344.00,48.3656,20.7022,30.9322,76,352,93,80,27,16,6,0.00,0.00,0.00,,37,,0.00,0.00,0.00,1,0.00,0.00,0.00,2,0.00,2,0.00,0.00,0.00,1,9,10,2,0.00,0.00,3,5,24,5,0.00,0.00,0.00,,,,,,,2.5,2.5,2.1,30.9,26,0.00,61.3333,0
1520,"Internal",415,1153.00,0.00,149028.00,47.1813,18.0399,34.7788,28,210,65,66,34,8,4,0.00,0.00,0.00,,26,,0.00,0.00,0.00,2,0.00,0.00,0.00,0.00,0.00,0.00,0.00,0.00,0.00,0.00,0.00,5,0.00,34,0.00,0.00,10,52,3,10,0.00,0.00,,,,,,,1,45,3,15,52,0.00,52.3256,0
1521,"Internal",263,640,0.00,149028.00,51.5625,21.7188,26.7188,50,129,31,33,15,3,2,0.00,0.00,0.00,,15,,0.00,0.00,0.00,8,0.00,0.00,0.00,2,0.00,0.00,0.00,0.00,0.00,0.00,8,0.00,0.00,2,0.00,0.00,0.00,0.00,0.00,0.00,0.00,0.00,,,,,,,6,6,0.00,8,0.00,0.00,42.1053,0
1522,"Internal",0.00,0.00,0.00,89930.00,,,,0.00,0.00,0.00,0.00,0.00,0.00,0.00,1578.00,0.00,0.00,,0.00,,0.00,0.00,0.00,0.00,0.00,0.00,0.00,0.00,0.00,0.00,0.00,0.00,0.00,0.00,0.00,0.00,0.00,0.00,197,8,0.00,0.00,25,0.00,0.00,0.00,,,,,,,0.00,0.00,80.4,149.6,0.00,1578.00,75.3846,0
1523,"Internal",1,3,0.00,104868.00,66.6667,0.00,33.3333,0.00,0.00,1,0.00,0.00,0.00,0.00,0.00,0.00,0.00,,0.00,,1,0.00,0.00,0.00,0.00,0.00,0.00,23,32,65,0.00,537,0.00,39,95,42,11,11,0.00,51,28,145,46,20,0.00,0.00,,,,,,,561,42,18.6,282.4,242,0.00,40.5904,0
1524,"Internal",741,1404.00,0.00,86779.00,73.8604,13.9601,12.1795,311,289,71,53,12,5,0.00,0.00,0.00,0.00,,46,,0.00,0.00,0.00,0.00,0.00,0.00,0.00,0.00,0.00,0.00,0.00,0.00,0.00,0.00,10,0.00,1,0.00,0.00,0.00,0.00,0.00,0.00,0.00,0.00,0.00,,,,,,,0.00,1,0.00,10,0.00,0.00,45.0082,0
1525,"Internal",138,322,0.00,86779.00,36.646,13.354,50,62,30,8,26,6,0.00,6,0.00,0.00,0.00,,6,,0.00,0.00,0.00,16,0.00,1,0.00,5,0.00,5,0.00,0.00,0.00,3,7,45,0.00,7,2,24,80,417,8,0.00,0.00,0.00,,,,,,,14,15,29.6,139.4,422,0.00,28.3828,0
1526,"Internal",196,558,0.00,149028.00,49.4624,27.7778,22.7599,22,86,23,41,14,9,1,0.00,0.00,0.00,,11,,0.00,0.00,0.00,10,0.00,0.00,0.00,0.00,0.00,0.00,0.00,0.00,0.00,0.00,10,0.00,0.00,0.00,0.00,0.00,0.00,0.00,0.00,0.00,0.00,0.00,,,,,,,5,5,0.00,10,0.00,0.00,76.1905,0
1527,"Internal",109,317,0.00,137989.00,60.2524,20.5047,19.2429,16,32,22,27,9,3,0.00,0.00,0.00,0.00,,5,,0.00,0.00,0.00,0.00,0.00,0.00,0.00,0.00,0.00,0.00,0.00,0.00,0.00,0.00,0.00,5,0.00,0.00,0.00,0.00,0.00,0.00,0.00,0.00,0.00,0.00,,,,,,,0.00,0.00,0.00,5,0.00,0.00,84.6154,0
1528,"Internal",324,793,0.00,190674.00,53.9723,17.9067,28.1211,33,201,34,36,10,8,2,0.00,0.00,0.00,,22,,0.00,0.00,0.00,16,0.00,0.00,0.00,0.00,0.00,0.00,0.00,0.00,0.00,0.00,0.00,5,1,0.00,0.00,0.00,1,7,9,0.00,0.00,0.00,,,,,,,8,9,0.3,14.7,7,0.00,45.4545,0
1529,"Internal",50,136,0.00,137989.00,55.1471,22.0588,22.7941,9,18,8,8,7,0.00,0.00,0.00,0.00,0.00,,2,,0.00,0.00,0.00,5,0.00,0.00,28,0.00,0.00,0.00,0.00,0.00,0.00,0.00,0.00,0.00,0.00,0.00,1,0.00,0.00,0.00,0.00,0.00,0.00,0.00,,,,,,,30.5,2.5,0.4,0.6,0.00,0.00,7.14286,0
1530,"Internal",399,968,0.00,137989.00,56.3017,20.7645,22.9339,77,176,70,55,18,2,1,0.00,0.00,0.00,,25,,0.00,0.00,0.00,32,0.00,0.00,0.00,0.00,0.00,0.00,0.00,0.00,2,0.00,2,0.00,0.00,13,0.00,0.00,11,56,7,0.00,0.00,0.00,,,,,,,16,29,3.3,18.7,56,0.00,45.8333,0
1531,"Internal",288,582,0.00,117589.00,55.8419,15.8076,28.3505,100,123,33,24,7,1,0.00,0.00,0.00,0.00,,16,,0.00,0.00,0.00,26,0.00,0.00,0.00,1,0.00,21,0.00,0.00,5,36,17,53,9,93,0.00,5,34,174,18,0.00,0.00,0.00,,,,,,,14,115,11.2,156.8,195,0.00,44.4444,0
1532,"Internal",314,842,0.00,137989.00,53.9192,24.1093,21.9715,60,124,38,59,18,11,4,0.00,0.00,0.00,,22,,0.00,0.00,0.00,0.00,0.00,0.00,0.00,0.00,0.00,17,0.00,0.00,0.00,1,0.00,21,0.00,0.00,0.00,67,2,14,6,0.00,0.00,0.00,,,,,,,0.00,0.00,14,83,31,0.00,37.037,0
1533,"Internal",219,594,0.00,190674.00,64.3098,19.5286,16.1616,18,112,39,31,6,10,3,0.00,0.00,0.00,,13,,3,0.00,0.00,32,0.00,0.00,0.00,0.00,0.00,0.00,0.00,0.00,0.00,0.00,3,6,1,0.00,0.00,15,1,6,2,0.00,0.00,0.00,,,,,,,19,17,3.3,23.7,6,0.00,56.8627,0
1534,"Internal",37,130,0.00,157813.00,78.4615,14.6154,6.92308,0.00,5,12,18,1,0.00,1,0.00,0.00,0.00,,2,,0.00,0.00,0.00,0.00,0.00,0.00,0.00,0.00,0.00,0.00,0.00,0.00,0.00,1,0.00,0.00,0.00,0.00,0.00,0.00,0.00,0.00,0.00,0.00,0.00,0.00,,,,,,,0.00,0.00,0.00,1,0.00,0.00,45.0082,0
1535,"Internal",462,1323.00,0.00,157813.00,54.6485,31.9728,13.3787,60,143,120,92,36,8,3,899,1197.00,0.00,,38,,0.00,0.00,0.00,2,0.00,0.00,0.00,1,0.00,0.00,0.00,0.00,0.00,0.00,0.00,9,0.00,0.00,219,0.00,1,3,15,0.00,0.00,0.00,,,,,,,2,1,87.9,156.1,3,2096.00,49.2063,0
1536,"Internal",0.00,0.00,0.00,89930.00,,,,0.00,0.00,0.00,0.00,0.00,0.00,0.00,0.00,0.00,0.00,,0.00,,0.00,0.00,0.00,0.00,0.00,0.00,0.00,0.00,0.00,0.00,0.00,0.00,0.00,0.00,0.00,0.00,0.00,0.00,0.00,0.00,0.00,0.00,0.00,0.00,0.00,0.00,,,,,,,0.00,0.00,0.00,0.00,0.00,0.00,45.0082,0
1537,"Internal",849,2144.00,0.00,204127.00,48.4142,17.3974,34.1884,102,466,105,117,37,12,10,0.00,0.00,0.00,,48,,0.00,0.00,0.00,37,0.00,0.00,0.00,3,0.00,0.00,0.00,0.00,7,7,16,41,1,52,0.00,1,47,244,47,0.00,0.00,0.00,,,,,,,21.5,71.5,14.3,151.7,244,0.00,45.8797,0
1538,"Internal",0.00,0.00,0.00,89930.00,,,,0.00,0.00,0.00,0.00,0.00,0.00,0.00,0.00,0.00,0.00,,0.00,,0.00,0.00,0.00,0.00,0.00,0.00,0.00,0.00,0.00,0.00,0.00,0.00,0.00,0.00,0.00,0.00,0.00,0.00,0.00,0.00,0.00,0.00,0.00,0.00,0.00,0.00,,,,,,,0.00,0.00,0.00,0.00,0.00,0.00,100,0
1539,"Internal",368,994,0.00,112206.00,49.1952,20.4225,30.3823,56,175,42,50,23,7,15,0.00,0.00,0.00,,22,,0.00,0.00,0.00,0.00,0.00,0.00,0.00,0.00,0.00,0.00,0.00,0.00,0.00,0.00,10,3,1,0.00,0.00,0.00,0.00,0.00,1,0.00,0.00,0.00,,,,,,,0.00,1,0.00,14,0.00,0.00,61.5385,0
1540,"Internal",226,555,0.00,171774.00,45.2252,16.3964,38.3784,58,93,26,25,13,9,2,0.00,0.00,0.00,,13,,0.00,0.00,0.00,0.00,0.00,0.00,0.00,0.00,0.00,0.00,0.00,0.00,0.00,0.00,1,2,0.00,0.00,0.00,0.00,0.00,3,0.00,0.00,0.00,0.00,,,,,,,0.00,0.00,0.00,3,3,0.00,60,0
1541,"Internal",1,2,0.00,157813.00,0.00,50,50,0.00,1,0.00,0.00,0.00,0.00,0.00,0.00,0.00,356,,0.00,,0.00,0.00,0.00,0.00,0.00,0.00,0.00,0.00,0.00,0.00,0.00,0.00,0.00,0.00,0.00,0.00,0.00,0.00,2,0.00,0.00,0.00,0.00,0.00,0.00,0.00,,,,,,,0.00,0.00,0.8,1.2,0.00,0.00,71.875,0
1542,"Internal",0.00,0.00,0.00,89930.00,,,,0.00,0.00,0.00,0.00,0.00,0.00,0.00,0.00,0.00,0.00,,0.00,,0.00,0.00,0.00,0.00,0.00,0.00,0.00,0.00,0.00,0.00,0.00,0.00,0.00,0.00,0.00,13,0.00,0.00,0.00,60,3,16,3,0.00,0.00,0.00,,,,,,,0.00,0.00,12.9,66.1,16,0.00,50.4854,0
1543,"Internal",527,1513.00,0.00,90071.00,55.8493,36.3516,7.79908,136,68,170,102,0.00,34,17,0.00,0.00,0.00,,36,,0.00,0.00,0.00,0.00,0.00,0.00,0.00,0.00,143,513,0.00,0.00,55,33,21,2,0.00,20,10,2,73,376,108,0.00,0.00,0.00,,,,,,,0.00,20,26.3,277.7,1032.00,0.00,15.3846,0
1544,"Internal",5,14,0.00,171774.00,71.4286,14.2857,14.2857,0.00,2,2,1,0.00,0.00,0.00,0.00,0.00,0.00,,0.00,,0.00,0.00,0.00,10,0.00,0.00,0.00,0.00,0.00,0.00,0.00,0.00,0.00,0.00,0.00,0.00,0.00,0.00,0.00,0.00,0.00,0.00,0.00,0.00,0.00,0.00,,,,,,,5,5,0.00,0.00,0.00,0.00,76.087,0
1545,"Internal",105,251,0.00,112206.00,54.9801,15.1394,29.8805,15,57,17,12,2,1,1,0.00,0.00,0.00,,8,,0.00,0.00,0.00,1,0.00,0.00,0.00,0.00,0.00,0.00,0.00,0.00,1,0.00,0.00,13,0.00,0.00,0.00,0.00,0.00,0.00,2,21,0.00,0.00,,,,,,,0.5,21.5,0.00,16,0.00,0.00,60,0
1602,"Internal",40,71,0.00,171774.00,46.4789,23.9437,29.5775,12,26,1,1,0.00,0.00,0.00,0.00,0.00,0.00,,2,,1,0.00,0.00,0.00,0.00,0.00,0.00,0.00,0.00,0.00,0.00,0.00,0.00,0.00,0.00,0.00,0.00,0.00,0.00,0.00,0.00,0.00,0.00,0.00,0.00,0.00,,,,,,,1,0.00,0.00,0.00,0.00,0.00,33.8462,0
1603,"Internal",166,485,0.00,52429.00,63.5052,20.4124,16.0825,16,70,31,27,11,4,7,0.00,0.00,0.00,,15,,0.00,0.00,0.00,0.00,0.00,0.00,0.00,0.00,0.00,0.00,0.00,0.00,0.00,0.00,0.00,2,0.00,0.00,0.00,1,0.00,0.00,0.00,0.00,0.00,0.00,,,,,,,0.00,0.00,0.2,2.8,0.00,0.00,68.6567,0
1604,"Internal",29,81,0.00,60000.00,60.4938,24.6914,14.8148,2,14,6,4,2,0.00,1,0.00,0.00,0.00,,2,,0.00,0.00,0.00,22,0.00,0.00,29,0.00,0.00,0.00,0.00,1308.00,0.00,0.00,3,0.00,0.00,0.00,0.00,0.00,0.00,0.00,0.00,0.00,0.00,0.00,,,,,,,1348.00,11,0.00,3,0.00,0.00,36.1897,0
1605,"Internal",0.00,0.00,0.00,89930.00,,,,0.00,0.00,0.00,0.00,0.00,0.00,0.00,0.00,0.00,0.00,,1,,0.00,0.00,0.00,0.00,0.00,0.00,0.00,5,0.00,0.00,0.00,0.00,0.00,0.00,11,0.00,0.00,0.00,0.00,22,0.00,0.00,0.00,0.00,0.00,0.00,,,,,,,5,0.00,4.4,28.6,0.00,0.00,37.5,0
1606,"Internal",152,378,19,60000.00,65.0794,19.5767,15.3439,42,64,17,7,10,5,7,0.00,0.00,0.00,,15,,0.00,0.00,0.00,0.00,0.00,0.00,0.00,0.00,0.00,0.00,0.00,0.00,0.00,0.00,0.00,0.00,0.00,0.00,0.00,0.00,0.00,0.00,2,0.00,0.00,0.00,,,,,,,0.00,0.00,0.00,2,0.00,0.00,45.0082,0
1607,"Internal",0.00,0.00,0.00,89930.00,,,,0.00,0.00,0.00,0.00,0.00,0.00,0.00,0.00,0.00,0.00,,0.00,,0.00,0.00,0.00,0.00,0.00,0.00,0.00,0.00,3,0.00,0.00,0.00,7,3,0.00,0.00,0.00,0.00,0.00,8,13,65,18,0.00,0.00,0.00,,,,,,,0.00,0.00,5.5,43.5,68,0.00,56.8289,0
1608,"Internal",158,456,0.00,107222.00,61.8421,25.8772,12.2807,44,36,20,23,23,11,1,0.00,0.00,0.00,,9,,0.00,0.00,0.00,11,0.00,0.00,0.00,2,14,70,0.00,1701.00,0.00,0.00,3,0.00,0.00,6,0.00,0.00,1,6,6,0.00,0.00,0.00,,,,,,,1708.50,11.5,0.3,9.7,90,0.00,21.1765,0
1609,"Internal",17,48,0.00,60000.00,43.75,33.3333,22.9167,4,3,6,1,2,1,0.00,0.00,0.00,0.00,,1,,0.00,0.00,0.00,0.00,0.00,0.00,61,13,0.00,0.00,32,124,0.00,0.00,0.00,5,0.00,2,0.00,0.00,0.00,0.00,0.00,0.00,0.00,0.00,,,,,,,230,2,0.00,5,0.00,0.00,29.6296,0
1610,"Internal",0.00,0.00,9,89930.00,,,,0.00,0.00,0.00,0.00,0.00,0.00,0.00,0.00,0.00,0.00,,0.00,,0.00,0.00,0.00,0.00,0.00,0.00,0.00,0.00,8,413,0.00,0.00,0.00,3,0.00,0.00,0.00,0.00,0.00,32,1,9,9,0.00,0.00,0.00,,,,,,,0.00,0.00,6.7,38.3,430,0.00,45.0082,0
1611,"Internal",718,2157.00,0.00,107989.00,54.4738,26.1474,19.3788,136,187,81,225,45,29,15,0.00,0.00,0.00,,47,,0.00,0.00,0.00,0.00,0.00,0.00,0.00,0.00,0.00,0.00,0.00,0.00,0.00,0.00,0.00,0.00,0.00,0.00,0.00,0.00,0.00,0.00,0.00,0.00,0.00,0.00,,,,,,,0.00,0.00,0.00,0.00,0.00,0.00,45.0082,0
1612,"Internal",10,23,0.00,87229.00,60.8696,13.0435,26.087,3,4,1,1,1,0.00,0.00,0.00,0.00,0.00,,0.00,,0.00,0.00,0.00,0.00,0.00,0.00,0.00,0.00,0.00,0.00,0.00,0.00,0.00,0.00,0.00,0.00,0.00,0.00,0.00,0.00,0.00,0.00,5,0.00,0.00,0.00,,,,,,,0.00,0.00,0.00,5,0.00,0.00,20.1439,0
1613,"Internal",66,167,0.00,57353.00,66.4671,26.9461,6.58683,14,28,10,6,6,1,1,0.00,0.00,0.00,,6,,0.00,0.00,0.00,0.00,0.00,0.00,0.00,0.00,0.00,0.00,0.00,0.00,0.00,0.00,0.00,0.00,0.00,0.00,0.00,0.00,0.00,0.00,0.00,0.00,0.00,0.00,,,,,,,0.00,0.00,0.00,0.00,0.00,0.00,45.0082,0
1614,"Internal",320,814,0.00,57353.00,65.9705,27.2727,6.75676,69,130,51,30,31,6,3,0.00,0.00,0.00,,18,,0.00,0.00,0.00,0.00,0.00,0.00,0.00,0.00,0.00,0.00,0.00,0.00,0.00,0.00,10,0.00,0.00,0.00,0.00,0.00,0.00,0.00,0.00,0.00,0.00,0.00,,,,,,,0.00,0.00,0.00,10,0.00,0.00,69.2308,0
1615,"Internal",536,1572.00,6,107989.00,62.8499,28.0534,9.09669,95,157,106,92,50,25,11,0.00,0.00,0.00,,49,,0.00,0.00,0.00,0.00,0.00,0.00,0.00,0.00,0.00,0.00,0.00,0.00,0.00,0.00,6,0.00,0.00,0.00,0.00,0.00,0.00,0.00,5,0.00,0.00,0.00,,,,,,,0.00,0.00,0.00,11,0.00,0.00,28.9474,0
1616,"Internal",242,682,0.00,107989.00,65.8358,32.1114,2.05279,44,79,57,27,14,16,5,1702.00,0.00,0.00,,21,,0.00,0.00,0.00,0.00,0.00,0.00,0.00,0.00,0.00,0.00,0.00,0.00,0.00,0.00,0.00,0.00,0.00,0.00,158,0.00,3,16,0.00,0.00,0.00,0.00,,,,,,,0.00,0.00,64.1,96.9,16,1702.00,37.5,0
1617,"Internal",342,863,6,87229.00,59.9073,22.4797,17.613,78,145,48,30,23,10,8,0.00,0.00,0.00,,20,,1,0.00,0.00,2,0.00,0.00,0.00,0.00,11,0.00,0.00,0.00,0.00,0.00,0.00,0.00,0.00,0.00,0.00,0.00,2,9,7,0.00,0.00,0.00,,,,,,,2,1,0.6,8.4,20,0.00,44.6746,0
1618,"Internal",0.00,0.00,0.00,89930.00,,,,0.00,0.00,0.00,0.00,0.00,0.00,0.00,0.00,0.00,0.00,,0.00,,0.00,0.00,0.00,0.00,0.00,0.00,0.00,36,0.00,0.00,0.00,294,0.00,0.00,0.00,0.00,0.00,71,0.00,0.00,1,6,0.00,0.00,0.00,0.00,,,,,,,330,71,0.3,0.7,6,0.00,8.82353,0
1619,"Internal",0.00,0.00,0.00,89930.00,,,,0.00,0.00,0.00,0.00,0.00,0.00,0.00,0.00,0.00,0.00,,0.00,,0.00,0.00,0.00,0.00,0.00,0.00,0.00,0.00,11,46,0.00,0.00,0.00,0.00,8,0.00,0.00,0.00,0.00,0.00,14,71,7,0.00,0.00,0.00,,,,,,,0.00,0.00,4.2,24.8,128,0.00,25,0
1620,"Internal",166,504,0.00,57353.00,66.6667,27.1825,6.15079,12,61,38,32,15,3,5,0.00,0.00,0.00,,11,,0.00,0.00,2,10,9,0.00,0.00,0.00,8,6,0.00,0.00,0.00,0.00,10,0.00,0.00,0.00,0.00,0.00,10,56,15,0.00,0.00,0.00,,,,,,,16,5,3,32,70,0.00,60.6205,0
1621,"Internal",3,7,0.00,60000.00,57.1429,28.5714,14.2857,0.00,2,1,0.00,0.00,0.00,0.00,0.00,0.00,0.00,,0.00,,0.00,0.00,0.00,13,0.00,0.00,0.00,16,0.00,0.00,0.00,0.00,0.00,0.00,8,0.00,0.00,0.00,0.00,0.00,0.00,3,3,0.00,0.00,0.00,,,,,,,22.5,6.5,0.00,11,3,0.00,70.9677,0
1622,"Internal",428,1149.00,0.00,57857.00,62.4021,26.8059,10.792,104,139,60,61,46,13,5,0.00,0.00,0.00,,29,,0.00,0.00,0.00,0.00,0.00,0.00,0.00,0.00,0.00,0.00,0.00,0.00,0.00,0.00,18,0.00,0.00,0.00,0.00,0.00,1,8,8,0.00,0.00,0.00,,,,,,,0.00,0.00,0.3,26.7,8,0.00,50,0
1623,"Internal",681,1891.00,0.00,65350.00,61.3432,28.8736,9.78318,133,236,113,99,61,27,12,0.00,0.00,0.00,,39,,0.00,0.00,0.00,0.00,0.00,0.00,0.00,0.00,0.00,0.00,0.00,0.00,0.00,0.00,3,0.00,0.00,0.00,0.00,17,0.00,0.00,0.00,0.00,0.00,0.00,,,,,,,0.00,0.00,3.4,16.6,0.00,0.00,33.3333,0
1624,"Internal",176,526,0.00,73553.00,62.3574,33.8403,3.80228,33,48,34,35,10,7,9,0.00,0.00,0.00,,17,,0.00,0.00,0.00,0.00,0.00,0.00,0.00,0.00,0.00,0.00,0.00,0.00,0.00,0.00,0.00,0.00,0.00,0.00,0.00,0.00,0.00,0.00,1,0.00,0.00,0.00,,,,,,,0.00,0.00,0.00,1,0.00,0.00,45.0082,0
1625,"Internal",307,829,0.00,73553.00,56.8154,31.0012,12.1834,89,35,92,72,12,3,4,0.00,0.00,0.00,,27,,0.00,0.00,0.00,0.00,0.00,0.00,0.00,0.00,0.00,0.00,0.00,0.00,0.00,0.00,5,0.00,0.00,0.00,0.00,0.00,0.00,0.00,0.00,0.00,0.00,0.00,,,,,,,0.00,0.00,0.00,5,0.00,0.00,40,0
1626,"Internal",472,1480.00,0.00,77125.00,60.5405,29.0541,10.4054,61,150,82,77,64,21,17,0.00,0.00,0.00,,39,,0.00,0.00,0.00,8,0.00,0.00,0.00,0.00,0.00,0.00,0.00,0.00,0.00,0.00,0.00,0.00,0.00,10,0.00,0.00,0.00,0.00,1,0.00,0.00,0.00,,,,,,,4,14,0.00,1,0.00,0.00,16.6667,0
1627,"Internal",171,496,0.00,69940.00,56.8548,26.8145,16.3306,30,56,27,35,9,10,4,0.00,0.00,0.00,,14,,0.00,0.00,0.00,8,0.00,0.00,0.00,0.00,0.00,0.00,0.00,0.00,0.00,0.00,0.00,0.00,0.00,0.00,0.00,0.00,0.00,0.00,0.00,0.00,0.00,0.00,,,,,,,4,4,0.00,0.00,0.00,0.00,0.00,0
1628,"Internal",85,258,0.00,57353.00,65.5039,26.3566,8.13954,11,20,28,14,6,5,1,0.00,0.00,0.00,,10,,0.00,0.00,0.00,0.00,0.00,0.00,0.00,0.00,0.00,0.00,0.00,0.00,0.00,2,0.00,0.00,0.00,0.00,0.00,0.00,0.00,0.00,0.00,0.00,0.00,0.00,,,,,,,0.00,0.00,0.00,2,0.00,0.00,7.5,0
1629,"Internal",189,590,0.00,57353.00,61.1864,30.339,8.47458,35,31,52,36,18,16,1,0.00,0.00,0.00,,13,,0.00,0.00,0.00,0.00,0.00,0.00,0.00,0.00,0.00,0.00,0.00,0.00,0.00,0.00,0.00,0.00,0.00,0.00,0.00,0.00,0.00,2,0.00,0.00,0.00,0.00,,,,,,,0.00,0.00,0.00,0.00,2,0.00,37.2093,0
1630,"Internal",336,800,0.00,66490.00,64.75,29.125,6.125,95,135,34,42,20,5,5,0.00,0.00,0.00,,22,,0.00,0.00,0.00,0.00,0.00,0.00,0.00,0.00,0.00,0.00,0.00,0.00,0.00,0.00,8,0.00,0.00,0.00,0.00,0.00,0.00,0.00,0.00,0.00,0.00,0.00,,,,,,,0.00,0.00,0.00,8,0.00,0.00,0.00,0
1631,"Internal",118,301,0.00,77125.00,56.8106,27.2425,15.9468,32,40,13,21,8,2,2,0.00,0.00,0.00,,10,,0.00,0.00,0.00,0.00,0.00,0.00,0.00,0.00,0.00,0.00,0.00,0.00,0.00,0.00,5,0.00,0.00,0.00,0.00,1,0.00,0.00,0.00,0.00,0.00,0.00,,,,,,,0.00,0.00,0.2,5.8,0.00,0.00,28.7037,0
1632,"Internal",1027.00,3531.00,0.00,101023.00,61.484,33.1351,5.38091,101,272,200,222,79,68,85,0.00,0.00,0.00,,97,,0.00,0.00,0.00,26,0.00,0.00,0.00,0.00,0.00,0.00,0.00,0.00,0.00,0.00,5,98,0.00,5,0.00,0.00,0.00,1,5,0.00,0.00,0.00,,,,,,,13,18,0.00,108,1,0.00,25.641,0
1633,"Internal",484,1231.00,0.00,52377.00,57.7579,26.7262,15.5158,126,171,80,46,37,14,10,666,0.00,0.00,,29,,0.00,0.00,0.00,6,0.00,0.00,0.00,0.00,0.00,2,0.00,0.00,0.00,0.00,11,0.00,6,0.00,63,0.00,8,45,18,0.00,0.00,0.00,,,,,,,3,9,27.6,72.4,47,666,56.4315,0
1634,"Internal",606,1853.00,0.00,87420.00,61.5219,31.5704,6.90772,88,187,108,109,68,31,15,0.00,0.00,0.00,,39,,0.00,0.00,0.00,0.00,0.00,0.00,0.00,0.00,0.00,0.00,0.00,187,0.00,0.00,0.00,0.00,0.00,0.00,0.00,0.00,13,64,0.00,10,0.00,0.00,,,,,,,187,10,3.9,9.1,64,0.00,16.6667,0
1635,"Internal",495,1182.00,0.00,84100.00,65.8206,21.2352,12.9442,162,153,84,44,33,12,7,0.00,0.00,0.00,,34,,0.00,0.00,0.00,0.00,0.00,0.00,0.00,0.00,0.00,0.00,0.00,0.00,0.00,0.00,8,0.00,0.00,0.00,0.00,0.00,0.00,0.00,0.00,0.00,0.00,0.00,,,,,,,0.00,0.00,0.00,8,0.00,0.00,16.6667,0
1636,"Internal",456,1316.00,0.00,64447.00,60.8663,32.3708,6.76292,80,132,95,90,33,20,6,332,0.00,0.00,,30,,0.00,0.00,0.00,0.00,0.00,0.00,0.00,0.00,1,0.00,0.00,0.00,0.00,0.00,2,0.00,0.00,0.00,0.00,14,1,7,0.00,0.00,0.00,0.00,,,,,,,0.00,0.00,3.1,13.9,8,332,71.8163,0
1637,"Internal",0.00,0.00,0.00,89930.00,,,,0.00,0.00,0.00,0.00,0.00,0.00,0.00,0.00,0.00,0.00,,0.00,,0.00,0.00,0.00,0.00,0.00,238,154,0.00,0.00,7,18,306,0.00,0.00,3,0.00,30,83,0.00,0.00,13,67,8,0.00,0.00,0.00,,,,,,,716,113,3.9,20.1,74,0.00,9.09091,0
1638,"Internal",147,487,0.00,76468.00,64.0657,32.6489,3.28542,11,52,24,21,25,7,7,0.00,0.00,0.00,,12,,0.00,0.00,0.00,0.00,0.00,0.00,0.00,0.00,0.00,0.00,0.00,0.00,0.00,0.00,0.00,3,0.00,0.00,0.00,0.00,0.00,0.00,0.00,0.00,0.00,0.00,,,,,,,0.00,0.00,0.00,3,0.00,0.00,45.0082,0
1639,"Internal",133,378,9,84100.00,60.582,25.6614,13.7566,28,35,18,38,11,2,1,0.00,0.00,0.00,,10,,0.00,0.00,0.00,0.00,0.00,0.00,0.00,0.00,0.00,0.00,0.00,0.00,0.00,0.00,0.00,0.00,0.00,0.00,0.00,0.00,0.00,0.00,0.00,0.00,0.00,0.00,,,,,,,0.00,0.00,0.00,0.00,0.00,0.00,93.5484,0
1640,"Internal",458,1414.00,5,73696.00,57.355,29.703,12.942,74,116,100,85,46,21,16,480,0.00,0.00,,26,,0.00,0.00,0.00,0.00,0.00,0.00,0.00,0.00,0.00,0.00,0.00,0.00,0.00,0.00,0.00,0.00,0.00,0.00,51,0.00,0.00,0.00,1,0.00,0.00,0.00,,,,,,,0.00,0.00,20.4,31.6,0.00,480,45.0082,0
1641,"Internal",0.00,0.00,0.00,89930.00,,,,0.00,0.00,0.00,0.00,0.00,0.00,0.00,0.00,0.00,0.00,,0.00,,0.00,0.00,0.00,0.00,180,42,0.00,84,0.00,0.00,48,699,0.00,0.00,0.00,64,0.00,0.00,0.00,0.00,0.00,0.00,0.00,0.00,0.00,0.00,,,,,,,1053.00,0.00,0.00,64,0.00,0.00,45.0082,0
1642,"Internal",0.00,0.00,0.00,89930.00,,,,0.00,0.00,0.00,0.00,0.00,0.00,0.00,0.00,0.00,0.00,,0.00,,0.00,0.00,0.00,0.00,0.00,0.00,0.00,0.00,0.00,0.00,0.00,0.00,0.00,0.00,0.00,0.00,0.00,0.00,0.00,0.00,0.00,0.00,0.00,0.00,0.00,0.00,,,,,,,0.00,0.00,0.00,0.00,0.00,0.00,45.0082,0
1643,"Internal",234,637,0.00,84100.00,64.9922,28.8854,6.12245,50,79,44,25,22,11,3,0.00,0.00,0.00,,13,,0.00,0.00,0.00,0.00,0.00,0.00,0.00,0.00,0.00,15,0.00,0.00,0.00,0.00,0.00,0.00,0.00,0.00,0.00,0.00,0.00,0.00,0.00,0.00,0.00,0.00,,,,,,,0.00,0.00,0.00,0.00,15,0.00,15,0
1644,"Internal",634,1911.00,0.00,76468.00,58.7127,30.4553,10.832,87,196,111,144,67,15,14,0.00,0.00,0.00,,46,,0.00,0.00,0.00,8,0.00,0.00,90,10,5,16,0.00,91,0.00,0.00,0.00,0.00,0.00,3,0.00,0.00,8,40,94,0.00,0.00,0.00,,,,,,,195,7,2.4,99.6,61,0.00,60.9524,0
1645,"Internal",0.00,0.00,0.00,89930.00,,,,0.00,0.00,0.00,0.00,0.00,0.00,0.00,0.00,0.00,0.00,,0.00,,0.00,0.00,0.00,0.00,0.00,47,10,53,0.00,0.00,29,99,0.00,0.00,0.00,32,0.00,0.00,0.00,0.00,0.00,0.00,0.00,0.00,0.00,0.00,,,,,,,238,0.00,0.00,32,0.00,0.00,35.316,0
1646,"Internal",43,150,0.00,60000.00,54.6667,27.3333,18,8,7,5,9,9,3,2,0.00,0.00,0.00,,2,,0.00,0.00,0.00,194,131,0.00,0.00,216,0.00,5,0.00,746,0.00,0.00,6,0.00,0.00,61,0.00,0.00,0.00,2,5,0.00,0.00,0.00,,,,,,,1190.00,158,0.00,11,7,0.00,22.7273,0
1647,"Internal",270,921,0.00,90071.00,59.6091,35.8306,4.56026,36,51,49,61,54,11,8,0.00,0.00,0.00,,23,,0.00,0.00,0.00,0.00,0.00,0.00,0.00,0.00,0.00,0.00,0.00,62,0.00,0.00,0.00,0.00,0.00,0.00,0.00,0.00,0.00,0.00,0.00,0.00,0.00,0.00,,,,,,,62,0.00,0.00,0.00,0.00,0.00,51.5638,0
1648,"Internal",0.00,0.00,0.00,89930.00,,,,0.00,0.00,0.00,0.00,0.00,0.00,0.00,0.00,0.00,0.00,,0.00,,0.00,0.00,0.00,0.00,0.00,0.00,0.00,0.00,0.00,0.00,73,233,0.00,0.00,0.00,39,0.00,0.00,0.00,0.00,0.00,0.00,0.00,0.00,0.00,0.00,,,,,,,306,0.00,0.00,39,0.00,0.00,45.0082,0
1650,"Internal",0.00,0.00,0.00,89930.00,,,,0.00,0.00,0.00,0.00,0.00,0.00,0.00,0.00,0.00,0.00,,0.00,,0.00,0.00,0.00,0.00,0.00,0.00,0.00,0.00,0.00,0.00,0.00,0.00,0.00,0.00,0.00,0.00,0.00,0.00,0.00,0.00,0.00,0.00,0.00,0.00,0.00,0.00,,,,,,,0.00,0.00,0.00,0.00,0.00,0.00,50,0
1651,"Internal",506,1537.00,25,81393.00,58.4255,34.3526,7.22186,98,116,107,84,65,27,9,0.00,0.00,0.00,,33,,0.00,0.00,0.00,0.00,0.00,0.00,0.00,0.00,0.00,0.00,0.00,0.00,0.00,0.00,1,0.00,0.00,0.00,0.00,5,0.00,0.00,1,0.00,0.00,0.00,,,,,,,0.00,0.00,1,6,0.00,0.00,45.0082,0
1652,"Internal",38,118,0.00,52377.00,56.7797,25.4237,17.7966,9,9,5,5,6,2,2,0.00,0.00,0.00,,2,,0.00,0.00,0.00,0.00,0.00,0.00,0.00,0.00,0.00,0.00,0.00,0.00,0.00,0.00,0.00,0.00,0.00,0.00,0.00,0.00,0.00,0.00,0.00,0.00,0.00,0.00,,,,,,,0.00,0.00,0.00,0.00,0.00,0.00,50,0
1653,"Internal",0.00,0.00,0.00,89930.00,,,,0.00,0.00,0.00,0.00,0.00,0.00,0.00,0.00,0.00,0.00,,0.00,,0.00,0.00,0.00,0.00,0.00,0.00,0.00,0.00,0.00,0.00,0.00,0.00,0.00,0.00,0.00,0.00,0.00,0.00,0.00,0.00,6,30,0.00,0.00,0.00,0.00,,,,,,,0.00,0.00,1.8,4.2,30,0.00,64.0845,0
1654,"Internal",0.00,0.00,0.00,89930.00,,,,0.00,0.00,0.00,0.00,0.00,0.00,0.00,0.00,0.00,0.00,,0.00,,0.00,0.00,0.00,0.00,0.00,0.00,0.00,0.00,0.00,0.00,0.00,0.00,0.00,0.00,0.00,0.00,0.00,0.00,0.00,0.00,0.00,0.00,0.00,0.00,0.00,0.00,,,,,,,0.00,0.00,0.00,0.00,0.00,0.00,60.3175,0
1655,"Internal",82,281,0.00,90071.00,46.6192,48.7544,4.62634,9,17,16,22,9,6,3,0.00,421,0.00,,17,,0.00,0.00,0.00,0.00,0.00,0.00,0.00,0.00,0.00,0.00,0.00,0.00,0.00,0.00,0.00,0.00,0.00,53,22,188,0.00,0.00,8,0.00,0.00,0.00,,,,,,,0.00,53,46.4,171.6,0.00,421,58.8578,0
1656,"Internal",1,2,0.00,90071.00,100,0.00,0.00,0.00,1,0.00,0.00,0.00,0.00,0.00,494,0.00,0.00,,0.00,,40,0.00,0.00,32,163,202,327,72,0.00,0.00,406,201,0.00,0.00,6,32,10,17,83,0.00,1,7,0.00,0.00,0.00,0.00,,,,,,,1427.00,43,33.5,88.5,7,494,50,0
1657,"Internal",186,533,0.00,69940.00,58.9118,21.3884,19.6998,24,71,40,24,11,10,6,0.00,0.00,0.00,,11,,1,0.00,0.00,6,0.00,0.00,0.00,0.00,0.00,0.00,0.00,0.00,0.00,0.00,0.00,0.00,0.00,2,0.00,0.00,0.00,0.00,3,0.00,0.00,0.00,,,,,,,4,5,0.00,3,0.00,0.00,45.0082,0
1658,"Internal",2,8,0.00,107599.00,50,25,25,0.00,1,0.00,0.00,0.00,1,0.00,0.00,0.00,0.00,,0.00,,0.00,0.00,0.00,0.00,0.00,172,0.00,0.00,0.00,0.00,0.00,592,0.00,0.00,0.00,0.00,0.00,10,0.00,0.00,0.00,0.00,0.00,0.00,0.00,0.00,,,,,,,764,10,0.00,0.00,0.00,0.00,51.8519,0
1659,"Internal",0.00,0.00,0.00,89930.00,,,,0.00,0.00,0.00,0.00,0.00,0.00,0.00,0.00,0.00,0.00,,0.00,,0.00,0.00,0.00,6,0.00,10,29,3,0.00,0.00,0.00,0.00,0.00,0.00,0.00,0.00,0.00,5,0.00,0.00,1,5,3,0.00,0.00,0.00,,,,,,,45,8,0.3,3.7,5,0.00,45.0082,0
1660,"Internal",0.00,0.00,0.00,89930.00,,,,0.00,0.00,0.00,0.00,0.00,0.00,0.00,0.00,0.00,0.00,,0.00,,0.00,0.00,0.00,0.00,0.00,0.00,0.00,0.00,0.00,0.00,0.00,0.00,0.00,0.00,0.00,0.00,0.00,0.00,0.00,0.00,0.00,0.00,0.00,0.00,0.00,0.00,,,,,,,0.00,0.00,0.00,0.00,0.00,0.00,49.1566,0
1661,"Internal",0.00,0.00,0.00,89930.00,,,,0.00,0.00,0.00,0.00,0.00,0.00,0.00,0.00,0.00,0.00,,0.00,,0.00,0.00,0.00,9,45,383,2,11,0.00,0.00,0.00,219,0.00,0.00,0.00,18,0.00,0.00,0.00,0.00,0.00,0.00,0.00,0.00,0.00,0.00,,,,,,,664.5,4.5,0.00,18,0.00,0.00,20.9302,0
1662,"Internal",119,343,0.00,94350.00,50.4373,23.3236,26.2391,20,43,22,16,3,13,2,0.00,0.00,0.00,,6,,0.00,0.00,0.00,21,0.00,0.00,0.00,0.00,0.00,0.00,0.00,0.00,0.00,0.00,0.00,0.00,0.00,0.00,0.00,1,0.00,0.00,0.00,0.00,0.00,0.00,,,,,,,10.5,10.5,0.2,0.8,0.00,0.00,100,0
1663,"Internal",7,13,0.00,107841.00,69.2308,23.0769,7.69231,5,0.00,0.00,2,0.00,0.00,0.00,0.00,0.00,0.00,,0.00,,0.00,0.00,0.00,0.00,0.00,0.00,0.00,0.00,0.00,0.00,0.00,0.00,0.00,0.00,0.00,0.00,0.00,0.00,0.00,0.00,0.00,0.00,0.00,0.00,0.00,0.00,,,,,,,0.00,0.00,0.00,0.00,0.00,0.00,45.0082,0
1664,"Internal",0.00,0.00,0.00,89930.00,,,,0.00,0.00,0.00,0.00,0.00,0.00,0.00,0.00,0.00,0.00,,0.00,,0.00,0.00,0.00,0.00,0.00,0.00,0.00,0.00,0.00,0.00,0.00,0.00,0.00,0.00,0.00,0.00,0.00,0.00,0.00,0.00,0.00,0.00,0.00,0.00,0.00,0.00,,,,,,,0.00,0.00,0.00,0.00,0.00,0.00,47.0588,0
1665,"Internal",333,917,0.00,96052.00,60.4144,18.5387,21.0469,62,121,63,30,42,11,4,0.00,0.00,0.00,,24,,0.00,0.00,0.00,28,0.00,0.00,0.00,1,282,108,0.00,0.00,0.00,18,0.00,2,0.00,0.00,0.00,5,29,148,13,0.00,0.00,0.00,,,,,,,15,14,9.7,57.3,538,0.00,31.0345,0
1666,"Internal",409,1028.00,0.00,107567.00,56.0311,20.1362,23.8327,82,181,60,49,19,13,5,0.00,0.00,0.00,,24,,0.00,0.00,0.00,33,0.00,0.00,0.00,0.00,0.00,0.00,0.00,0.00,0.00,0.00,2,0.00,0.00,0.00,0.00,0.00,0.00,2,2,0.00,0.00,0.00,,,,,,,16.5,16.5,0.00,4,2,0.00,66.9339,0
1667,"Internal",0.00,0.00,0.00,89930.00,,,,0.00,0.00,0.00,0.00,0.00,0.00,0.00,0.00,0.00,0.00,,0.00,,6,0.00,0.00,5,0.00,0.00,114,0.00,0.00,0.00,18,47,0.00,0.00,0.00,3,0.00,0.00,0.00,0.00,0.00,0.00,0.00,70,0.00,0.00,,,,,,,187.5,72.5,0.00,3,0.00,0.00,9.09091,0
1668,"Internal",281,763,0.00,94350.00,68.152,12.1887,19.6592,46,113,42,52,17,5,6,0.00,0.00,0.00,,16,,0.00,0.00,0.00,5,0.00,0.00,0.00,0.00,0.00,0.00,0.00,0.00,0.00,0.00,0.00,0.00,0.00,2,0.00,0.00,0.00,0.00,2,0.00,0.00,0.00,,,,,,,2.5,4.5,0.00,2,0.00,0.00,45.0082,0
1669,"Internal",1,1,0.00,107841.00,100,0.00,0.00,1,0.00,0.00,0.00,0.00,0.00,0.00,0.00,0.00,0.00,,0.00,,0.00,0.00,0.00,0.00,0.00,0.00,0.00,0.00,0.00,0.00,0.00,0.00,0.00,0.00,0.00,0.00,0.00,0.00,0.00,0.00,0.00,0.00,0.00,0.00,0.00,0.00,,,,,,,0.00,0.00,0.00,0.00,0.00,0.00,40,0
1670,"Internal",136,382,0.00,107599.00,45.5497,25.6545,28.7958,24,47,29,16,9,9,2,0.00,0.00,0.00,,14,,0.00,0.00,0.00,5,0.00,0.00,0.00,0.00,0.00,0.00,0.00,0.00,0.00,0.00,0.00,0.00,0.00,0.00,0.00,0.00,0.00,0.00,0.00,0.00,0.00,0.00,,,,,,,2.5,2.5,0.00,0.00,0.00,0.00,20,0
1671,"Internal",8,26,0.00,107841.00,50,50,0.00,0.00,3,0.00,5,0.00,0.00,0.00,0.00,0.00,0.00,,0.00,,0.00,0.00,0.00,0.00,0.00,0.00,0.00,0.00,0.00,0.00,0.00,0.00,0.00,0.00,0.00,0.00,0.00,0.00,0.00,0.00,0.00,0.00,0.00,0.00,0.00,0.00,,,,,,,0.00,0.00,0.00,0.00,0.00,0.00,45.0082,0
1672,"Internal",6,16,0.00,107599.00,62.5,12.5,25,1,2,1,2,0.00,0.00,0.00,0.00,0.00,0.00,,1,,0.00,0.00,0.00,0.00,0.00,0.00,0.00,0.00,0.00,0.00,0.00,0.00,0.00,0.00,0.00,0.00,0.00,0.00,0.00,0.00,0.00,0.00,0.00,0.00,0.00,0.00,,,,,,,0.00,0.00,0.00,0.00,0.00,0.00,28.5714,0
1673,"Internal",0.00,0.00,0.00,89930.00,,,,0.00,0.00,0.00,0.00,0.00,0.00,0.00,0.00,0.00,0.00,,0.00,,0.00,0.00,0.00,0.00,0.00,0.00,0.00,0.00,0.00,0.00,0.00,0.00,0.00,0.00,0.00,0.00,0.00,0.00,0.00,0.00,0.00,0.00,0.00,0.00,0.00,0.00,,,,,,,0.00,0.00,0.00,0.00,0.00,0.00,57.1429,0
1674,"Internal",3,4,0.00,96052.00,50,25,25,2,1,0.00,0.00,0.00,0.00,0.00,0.00,0.00,0.00,,0.00,,0.00,0.00,0.00,0.00,0.00,0.00,0.00,0.00,0.00,0.00,0.00,0.00,0.00,0.00,0.00,0.00,0.00,0.00,0.00,0.00,0.00,0.00,0.00,0.00,0.00,0.00,,,,,,,0.00,0.00,0.00,0.00,0.00,0.00,45.0082,0
1675,"Internal",13,38,0.00,94350.00,34.2105,18.4211,47.3684,1,5,1,6,0.00,0.00,0.00,0.00,0.00,0.00,,1,,0.00,0.00,0.00,0.00,0.00,0.00,0.00,0.00,0.00,0.00,0.00,0.00,0.00,0.00,0.00,0.00,0.00,0.00,0.00,0.00,0.00,0.00,0.00,0.00,0.00,0.00,,,,,,,0.00,0.00,0.00,0.00,0.00,0.00,45.0082,0
1676,"Internal",0.00,0.00,0.00,89930.00,,,,0.00,0.00,0.00,0.00,0.00,0.00,0.00,0.00,0.00,0.00,,0.00,,0.00,0.00,0.00,0.00,0.00,0.00,0.00,0.00,0.00,0.00,0.00,0.00,0.00,0.00,0.00,0.00,0.00,0.00,0.00,0.00,0.00,0.00,0.00,0.00,0.00,0.00,,,,,,,0.00,0.00,0.00,0.00,0.00,0.00,45.0082,0
1677,"Internal",26,58,0.00,107599.00,70.6897,17.2414,12.069,0.00,23,0.00,3,0.00,0.00,0.00,0.00,0.00,0.00,,1,,0.00,0.00,0.00,0.00,0.00,0.00,0.00,0.00,0.00,0.00,0.00,0.00,0.00,0.00,0.00,0.00,0.00,0.00,0.00,0.00,0.00,0.00,0.00,0.00,0.00,0.00,,,,,,,0.00,0.00,0.00,0.00,0.00,0.00,45.0082,0
1678,"Internal",1,5,0.00,107841.00,40,40,20,0.00,0.00,0.00,0.00,1,0.00,0.00,0.00,0.00,0.00,,0.00,,0.00,0.00,0.00,0.00,0.00,80,0.00,0.00,0.00,0.00,0.00,0.00,0.00,0.00,0.00,0.00,0.00,0.00,0.00,0.00,0.00,0.00,0.00,0.00,0.00,0.00,,,,,,,80,0.00,0.00,0.00,0.00,0.00,38.6139,0
1679,"Internal",187,475,0.00,107841.00,60.2105,13.8947,25.8947,44,66,30,34,9,0.00,4,0.00,0.00,0.00,,10,,0.00,0.00,0.00,5,0.00,28,0.00,0.00,0.00,0.00,0.00,0.00,0.00,0.00,3,2,0.00,0.00,0.00,0.00,15,76,0.00,0.00,0.00,0.00,,,,,,,30.5,2.5,4.5,15.5,76,0.00,0.00,0
1680,"Internal",31,63,0.00,94350.00,53.9683,17.4603,28.5714,7,19,2,3,0.00,0.00,0.00,0.00,0.00,0.00,,6,,2,0.00,0.00,0.00,0.00,0.00,0.00,0.00,0.00,0.00,0.00,0.00,0.00,0.00,0.00,0.00,0.00,0.00,0.00,0.00,0.00,0.00,3,0.00,0.00,0.00,,,,,,,2,0.00,0.00,3,0.00,0.00,69.0722,0
1681,"Internal",306,854,0.00,85452.00,63.7002,22.3653,13.9344,58,103,59,44,22,13,7,0.00,0.00,0.00,,17,,0.00,0.00,0.00,0.00,0.00,0.00,0.00,0.00,6,16,0.00,0.00,0.00,0.00,0.00,0.00,0.00,1,0.00,0.00,0.00,3,0.00,0.00,0.00,0.00,,,,,,,0.00,1,0.00,0.00,25,0.00,75,0
1682,"Internal",305,783,0.00,73179.00,58.8761,22.8608,18.2631,59,141,35,39,14,8,9,0.00,0.00,0.00,,21,,0.00,0.00,0.00,2,0.00,0.00,0.00,0.00,0.00,0.00,0.00,0.00,0.00,0.00,0.00,0.00,0.00,0.00,0.00,0.00,0.00,0.00,0.00,0.00,0.00,0.00,,,,,,,1,1,0.00,0.00,0.00,0.00,60,0
1683,"Internal",107,300,0.00,73179.00,62,23.3333,14.6667,23,28,21,22,9,3,1,0.00,0.00,0.00,,7,,0.00,0.00,0.00,0.00,0.00,0.00,0.00,0.00,0.00,0.00,0.00,0.00,0.00,0.00,0.00,2,0.00,0.00,0.00,0.00,0.00,0.00,0.00,0.00,0.00,0.00,,,,,,,0.00,0.00,0.00,2,0.00,0.00,100,0
1684,"Internal",0.00,0.00,0.00,89930.00,,,,0.00,0.00,0.00,0.00,0.00,0.00,0.00,0.00,0.00,0.00,,0.00,,0.00,0.00,0.00,0.00,0.00,0.00,0.00,0.00,0.00,0.00,0.00,0.00,0.00,0.00,0.00,0.00,0.00,0.00,0.00,0.00,0.00,0.00,0.00,0.00,0.00,0.00,,,,,,,0.00,0.00,0.00,0.00,0.00,0.00,11.1111,0
1685,"Internal",543,1606.00,0.00,88438.00,60.7098,27.6463,11.6438,86,168,110,94,40,37,8,0.00,0.00,0.00,,32,,0.00,0.00,0.00,1,0.00,0.00,0.00,0.00,0.00,0.00,0.00,0.00,0.00,0.00,0.00,0.00,0.00,3,1,0.00,0.00,1,0.00,0.00,0.00,0.00,,,,,,,0.5,3.5,0.4,0.6,1,0.00,0.00,0
1686,"Internal",438,1147.00,0.00,69340.00,57.1055,24.4987,18.3958,99,156,87,42,26,19,9,279,0.00,0.00,,17,,5,0.00,0.00,0.00,0.00,0.00,0.00,0.00,0.00,0.00,0.00,0.00,0.00,0.00,0.00,0.00,0.00,0.00,48,10,0.00,0.00,2,0.00,0.00,0.00,,,,,,,5,0.00,21.2,38.8,0.00,279,45.0082,0
1687,"Internal",1,2,0.00,107089.00,100,0.00,0.00,0.00,1,0.00,0.00,0.00,0.00,0.00,0.00,0.00,0.00,,0.00,,0.00,0.00,0.00,0.00,0.00,0.00,0.00,0.00,0.00,0.00,0.00,0.00,0.00,0.00,0.00,0.00,0.00,0.00,0.00,0.00,1,3,1,0.00,0.00,0.00,,,,,,,0.00,0.00,0.3,1.7,3,0.00,16.2162,0
1688,"Internal",180,395,6,107841.00,54.6835,22.5316,22.7848,56,83,12,14,9,6,0.00,0.00,0.00,0.00,,11,,0.00,0.00,0.00,1,0.00,0.00,0.00,0.00,0.00,0.00,0.00,0.00,0.00,0.00,0.00,2,0.00,17,0.00,0.00,0.00,0.00,0.00,10,0.00,0.00,,,,,,,0.5,27.5,0.00,2,0.00,0.00,57.1429,0
1689,"Internal",288,834,0.00,115234.00,59.1127,25.7794,15.1079,39,105,57,48,20,11,8,0.00,0.00,0.00,,15,,0.00,0.00,0.00,16,0.00,0.00,0.00,0.00,0.00,0.00,0.00,0.00,0.00,0.00,0.00,2,0.00,0.00,0.00,0.00,0.00,0.00,0.00,0.00,0.00,0.00,,,,,,,8,8,0.00,2,0.00,0.00,0.00,0
1690,"Internal",156,450,0.00,115234.00,57.1111,24.8889,18,16,69,30,23,4,4,10,0.00,0.00,0.00,,8,,0.00,0.00,0.00,0.00,0.00,0.00,0.00,0.00,0.00,3,0.00,0.00,0.00,0.00,0.00,0.00,0.00,0.00,0.00,0.00,0.00,0.00,0.00,0.00,0.00,0.00,,,,,,,0.00,0.00,0.00,0.00,3,0.00,25,0
1691,"Internal",513,1536.00,0.00,71656.00,58.6589,32.9427,8.39844,81,135,118,94,63,14,8,0.00,0.00,0.00,,32,,0.00,0.00,0.00,7,0.00,0.00,0.00,0.00,0.00,0.00,1,0.00,0.00,0.00,0.00,0.00,0.00,0.00,0.00,0.00,0.00,0.00,0.00,0.00,0.00,0.00,,,,,,,4.5,3.5,0.00,0.00,0.00,0.00,10.2564,0
1692,"Internal",906,2435.00,0.00,107089.00,57.3717,28.2136,14.4148,151,368,138,157,59,20,13,1128.00,0.00,0.00,,44,,0.00,0.00,0.00,1,0.00,0.00,0.00,0.00,0.00,0.00,0.00,0.00,0.00,0.00,0.00,6,0.00,1,125,6,9,45,14,0.00,0.00,0.00,,,,,,,0.5,1.5,53.9,106.1,45,1128.00,45.0082,0
1701,"Internal",0.00,0.00,0.00,89930.00,,,,0.00,0.00,0.00,0.00,0.00,0.00,0.00,0.00,0.00,0.00,,0.00,,0.00,0.00,0.00,0.00,0.00,0.00,0.00,0.00,0.00,0.00,0.00,0.00,0.00,0.00,0.00,0.00,0.00,0.00,0.00,0.00,0.00,0.00,0.00,0.00,0.00,0.00,,,,,,,0.00,0.00,0.00,0.00,0.00,0.00,45.0082,0
1702,"Internal",0.00,0.00,0.00,89930.00,,,,0.00,0.00,0.00,0.00,0.00,0.00,0.00,0.00,0.00,0.00,,0.00,,0.00,0.00,0.00,0.00,0.00,0.00,0.00,0.00,0.00,23,0.00,0.00,0.00,0.00,2,0.00,0.00,0.00,0.00,721,16,85,2,0.00,0.00,0.00,,,,,,,0.00,0.00,149,592,108,0.00,17.7215,0
1703,"Internal",461,1250.00,0.00,116449.00,53.92,26.24,19.84,86,165,94,67,21,17,11,0.00,0.00,0.00,,31,,0.00,0.00,0.00,3,0.00,0.00,0.00,0.00,0.00,2,1,0.00,0.00,0.00,0.00,3,5,124,0.00,0.00,0.00,3,0.00,0.00,0.00,0.00,,,,,,,2.5,130.5,0.00,3,5,0.00,80,0
1704,"Internal",389,1244.00,0.00,160547.00,58.6013,33.9228,7.47588,51,85,73,120,40,16,4,0.00,0.00,0.00,,35,,0.00,0.00,0.00,0.00,0.00,0.00,0.00,9,0.00,2,0.00,0.00,0.00,0.00,5,9,0.00,7,0.00,0.00,0.00,0.00,0.00,0.00,0.00,0.00,,,,,,,9,7,0.00,14,2,0.00,12.5,0
1705,"Internal",402,1070.00,0.00,90430.00,59.4393,26.8224,13.7383,91,129,72,66,31,5,8,0.00,0.00,0.00,,27,,0.00,0.00,0.00,0.00,0.00,0.00,0.00,0.00,0.00,0.00,0.00,0.00,0.00,0.00,0.00,0.00,0.00,10,0.00,2,0.00,0.00,1,0.00,0.00,0.00,,,,,,,0.00,10,0.4,2.6,0.00,0.00,22.292,0
1706,"Internal",588,1101.00,0.00,65375.00,57.7657,10.7175,31.5168,290,180,57,38,15,3,5,540,0.00,0.00,,37,,0.00,8,0.00,5,0.00,0.00,0.00,3,142,7,0.00,0.00,0.00,13,15,8,0.00,69,75,65,47,244,40,0.00,0.00,0.00,,,,,,,13.5,71.5,57.1,205.9,393,540,41.6667,0
1707,"Internal",415,858,0.00,89651.00,46.1538,16.6667,37.1795,146,176,37,37,14,4,1,877,0.00,0.00,,27,,0.00,0.00,0.00,0.00,0.00,0.00,0.00,0.00,0.00,0.00,0.00,0.00,0.00,0.00,11,0.00,0.00,2,79,0.00,0.00,0.00,18,0.00,0.00,0.00,,,,,,,0.00,2,31.6,76.4,0.00,877,100,0
1708,"Internal",174,431,0.00,184188.00,48.9559,35.2668,15.7773,46,64,32,14,7,7,4,844,0.00,0.00,,13,,0.00,0.00,0.00,0.00,0.00,0.00,0.00,0.00,0.00,0.00,0.00,0.00,0.00,0.00,0.00,0.00,0.00,0.00,53,0.00,0.00,0.00,0.00,0.00,0.00,0.00,,,,,,,0.00,0.00,21.2,31.8,0.00,844,87.5,0
1709,"Internal",409,1232.00,0.00,156218.00,64.7727,30.6006,4.62662,42,121,98,103,33,7,5,0.00,0.00,0.00,,33,,0.00,0.00,0.00,0.00,0.00,0.00,0.00,0.00,0.00,0.00,0.00,0.00,0.00,0.00,1,0.00,0.00,0.00,0.00,0.00,0.00,0.00,0.00,0.00,0.00,0.00,,,,,,,0.00,0.00,0.00,1,0.00,0.00,42.3077,0
1710,"Internal",599,1336.00,0.00,123098.00,50.4491,18.7126,30.8383,159,268,87,54,23,7,1,0.00,0.00,0.00,,36,,0.00,0.00,0.00,6,0.00,0.00,0.00,0.00,0.00,0.00,0.00,0.00,0.00,0.00,5,5,0.00,5,6,7,0.00,0.00,2,0.00,0.00,0.00,,,,,,,3,8,3.8,21.2,0.00,0.00,61.2801,0
1711,"Internal",0.00,0.00,0.00,89930.00,,,,0.00,0.00,0.00,0.00,0.00,0.00,0.00,0.00,0.00,0.00,,0.00,,3,0.00,0.00,18,10,0.00,52,20,0.00,11,0.00,0.00,124,220,461,236,14,347,10,507,10,53,110,0.00,0.00,179,,,,,,,94,370,108.4,1569.60,64,0.00,45.0082,0
1712,"Internal",207,574,0.00,156218.00,59.9303,36.4111,3.65854,22,86,38,41,18,2,0.00,0.00,0.00,0.00,,16,,0.00,0.00,0.00,0.00,0.00,0.00,0.00,0.00,0.00,0.00,0.00,0.00,0.00,0.00,0.00,0.00,0.00,0.00,0.00,0.00,0.00,0.00,0.00,0.00,0.00,0.00,,,,,,,0.00,0.00,0.00,0.00,0.00,0.00,42.8571,0
1713,"Internal",299,815,0.00,184188.00,60.4908,23.9264,15.5828,51,117,59,30,25,11,6,0.00,0.00,0.00,,19,,0.00,0.00,0.00,0.00,0.00,0.00,0.00,0.00,0.00,0.00,0.00,0.00,0.00,0.00,0.00,0.00,0.00,0.00,0.00,0.00,0.00,0.00,0.00,0.00,0.00,0.00,,,,,,,0.00,0.00,0.00,0.00,0.00,0.00,71.4286,0
1714,"Internal",392,925,0.00,121103.00,57.1892,20.2162,22.5946,126,117,73,49,15,9,3,0.00,0.00,0.00,,22,,0.00,0.00,0.00,0.00,0.00,0.00,0.00,0.00,0.00,0.00,0.00,0.00,0.00,0.00,1,1,0.00,0.00,0.00,0.00,0.00,3,0.00,0.00,0.00,0.00,,,,,,,0.00,0.00,0.00,2,3,0.00,100,0
1715,"Internal",201,471,0.00,82813.00,57.1125,12.5265,30.3609,30,112,37,8,11,2,1,0.00,0.00,0.00,,10,,0.00,0.00,0.00,0.00,0.00,0.00,0.00,0.00,0.00,0.00,0.00,0.00,0.00,0.00,0.00,10,0.00,0.00,0.00,0.00,0.00,0.00,0.00,0.00,0.00,0.00,,,,,,,0.00,0.00,0.00,10,0.00,0.00,33.3333,0
1716,"Internal",202,492,0.00,121103.00,53.252,23.7805,22.9675,38,102,23,18,18,2,1,0.00,0.00,0.00,,16,,0.00,0.00,0.00,7,0.00,0.00,0.00,0.00,0.00,0.00,0.00,0.00,0.00,0.00,0.00,2,0.00,0.00,0.00,0.00,0.00,0.00,1,0.00,0.00,0.00,,,,,,,3.5,3.5,0.00,3,0.00,0.00,100,0
1717,"Internal",212,575,0.00,117100.00,59.6522,25.7391,14.6087,44,91,16,26,20,8,7,0.00,0.00,0.00,,15,,0.00,0.00,0.00,0.00,0.00,0.00,0.00,0.00,0.00,0.00,0.00,0.00,0.00,0.00,0.00,0.00,0.00,0.00,0.00,0.00,0.00,0.00,0.00,0.00,0.00,0.00,,,,,,,0.00,0.00,0.00,0.00,0.00,0.00,57.1429,0
1718,"Internal",358,925,0.00,117100.00,58.9189,19.3514,21.7297,51,159,73,55,10,3,7,0.00,0.00,0.00,,23,,0.00,0.00,0.00,6,0.00,0.00,0.00,1,0.00,0.00,0.00,0.00,0.00,0.00,2,1,0.00,0.00,0.00,0.00,0.00,0.00,1,0.00,0.00,0.00,,,,,,,4,3,0.00,4,0.00,0.00,100,0
1719,"Internal",298,790,0.00,128750.00,58.8608,26.0759,15.0633,56,96,81,43,11,5,6,0.00,0.00,0.00,,22,,0.00,0.00,0.00,0.00,0.00,0.00,0.00,0.00,0.00,0.00,0.00,0.00,0.00,0.00,0.00,0.00,0.00,0.00,0.00,0.00,0.00,0.00,0.00,0.00,0.00,0.00,,,,,,,0.00,0.00,0.00,0.00,0.00,0.00,40,0
1720,"Internal",564,1166.00,0.00,96875.00,32.5901,7.37564,60.0343,113,363,43,35,4,4,2,0.00,0.00,0.00,,26,,0.00,0.00,0.00,0.00,0.00,0.00,0.00,0.00,0.00,0.00,0.00,0.00,0.00,0.00,0.00,3,0.00,0.00,0.00,7,0.00,0.00,3,0.00,0.00,0.00,,,,,,,0.00,0.00,1.4,11.6,0.00,0.00,92.8571,0
1721,"Internal",110,264,0.00,82813.00,60.2273,4.54545,35.2273,14,57,26,9,2,2,0.00,0.00,0.00,0.00,,6,,0.00,0.00,0.00,0.00,0.00,0.00,0.00,0.00,0.00,0.00,0.00,0.00,0.00,0.00,0.00,0.00,0.00,0.00,0.00,0.00,0.00,0.00,0.00,0.00,0.00,0.00,,,,,,,0.00,0.00,0.00,0.00,0.00,0.00,39.4057,0
1722,"Internal",272,663,0.00,117100.00,57.7677,22.1719,20.0603,79,98,40,23,17,14,1,0.00,0.00,0.00,,18,,7,0.00,0.00,11,0.00,0.00,0.00,0.00,319,31,5,0.00,2,56,146,17,6,3,0.00,42,21,104,6,0.00,0.00,0.00,,,,,,,17.5,14.5,14.7,275.3,454,0.00,45.0082,0
1723,"Internal",0.00,0.00,0.00,89930.00,,,,0.00,0.00,0.00,0.00,0.00,0.00,0.00,0.00,0.00,0.00,,0.00,,0.00,0.00,0.00,0.00,0.00,0.00,0.00,0.00,0.00,0.00,0.00,0.00,0.00,0.00,0.00,0.00,0.00,0.00,0.00,0.00,0.00,0.00,0.00,0.00,0.00,0.00,,,,,,,0.00,0.00,0.00,0.00,0.00,0.00,54.5455,0
1724,"Internal",0.00,0.00,0.00,89930.00,,,,0.00,0.00,0.00,0.00,0.00,0.00,0.00,0.00,0.00,0.00,,0.00,,2,0.00,0.00,0.00,0.00,0.00,0.00,0.00,209,0.00,0.00,0.00,0.00,7,0.00,0.00,0.00,0.00,0.00,0.00,15,75,0.00,0.00,0.00,0.00,,,,,,,2,0.00,4.5,17.5,284,0.00,20,0
1725,"Internal",652,1319.00,0.00,86923.00,74.6778,14.5565,10.7657,246,261,77,39,15,9,5,0.00,0.00,0.00,,41,,0.00,0.00,0.00,0.00,0.00,0.00,0.00,0.00,0.00,0.00,0.00,0.00,0.00,0.00,14,2,0.00,0.00,0.00,0.00,0.00,0.00,0.00,0.00,0.00,0.00,,,,,,,0.00,0.00,0.00,16,0.00,0.00,18.4211,0
1726,"Internal",445,1300.00,0.00,176850.00,59.8462,27.6923,12.4615,38,163,103,99,27,9,6,0.00,0.00,0.00,,33,,0.00,0.00,0.00,0.00,0.00,0.00,0.00,0.00,0.00,0.00,0.00,0.00,0.00,0.00,0.00,0.00,0.00,1,0.00,0.00,2,14,3,0.00,0.00,0.00,,,,,,,0.00,1,0.6,4.4,14,0.00,100,0
1727,"Internal",332,857,0.00,124375.00,59.3932,28.0047,12.6021,69,127,53,47,31,3,2,0.00,0.00,0.00,,25,,0.00,0.00,0.00,0.00,0.00,0.00,0.00,0.00,0.00,0.00,0.00,0.00,0.00,0.00,0.00,0.00,0.00,0.00,0.00,0.00,0.00,0.00,0.00,0.00,0.00,0.00,,,,,,,0.00,0.00,0.00,0.00,0.00,0.00,45.0082,0
1728,"Internal",70,182,0.00,158958.00,58.2418,20.8791,20.8791,9,36,7,12,5,0.00,1,0.00,0.00,0.00,,3,,0.00,0.00,0.00,0.00,0.00,0.00,0.00,0.00,0.00,0.00,0.00,0.00,0.00,0.00,1,3,2,0.00,0.00,0.00,0.00,0.00,0.00,0.00,0.00,0.00,,,,,,,0.00,2,0.00,4,0.00,0.00,25,0
1729,"Internal",394,917,0.00,90071.00,66.4122,19.5202,14.0676,120,145,48,56,15,6,4,0.00,0.00,0.00,,25,,0.00,0.00,0.00,0.00,0.00,0.00,0.00,0.00,0.00,0.00,0.00,0.00,3,0.00,1,0.00,0.00,0.00,0.00,0.00,0.00,0.00,0.00,0.00,0.00,0.00,,,,,,,0.00,0.00,0.00,4,0.00,0.00,53.8462,0
1730,"Internal",0.00,0.00,0.00,89930.00,,,,0.00,0.00,0.00,0.00,0.00,0.00,0.00,0.00,0.00,0.00,,0.00,,0.00,0.00,0.00,0.00,0.00,0.00,0.00,0.00,0.00,0.00,0.00,0.00,0.00,0.00,0.00,0.00,0.00,0.00,0.00,0.00,0.00,0.00,0.00,0.00,0.00,0.00,,,,,,,0.00,0.00,0.00,0.00,0.00,0.00,0.00,0
1731,"Internal",138,373,0.00,104868.00,68.9008,26.8097,4.28954,41,35,22,21,6,9,4,0.00,0.00,0.00,,11,,5,0.00,0.00,0.00,0.00,0.00,0.00,0.00,0.00,24,0.00,0.00,0.00,0.00,0.00,0.00,0.00,0.00,0.00,0.00,6,32,0.00,0.00,0.00,0.00,,,,,,,5,0.00,1.8,4.2,56,0.00,59.322,0
1732,"Internal",304,898,0.00,158958.00,50.6682,29.8441,19.4878,33,115,53,54,36,11,2,0.00,0.00,0.00,,24,,0.00,0.00,0.00,0.00,0.00,0.00,0.00,0.00,0.00,0.00,0.00,0.00,0.00,0.00,0.00,1,0.00,1,0.00,3,1,3,3,0.00,0.00,0.00,,,,,,,0.00,1,0.9,7.1,3,0.00,28.8717,0
1733,"Internal",12,42,0.00,104868.00,57.1429,26.1905,16.6667,1,2,3,3,2,1,0.00,0.00,0.00,0.00,,1,,7,0.00,0.00,1,0.00,0.00,0.00,0.00,0.00,0.00,0.00,0.00,0.00,0.00,0.00,0.00,0.00,0.00,0.00,0.00,0.00,0.00,0.00,0.00,0.00,0.00,,,,,,,7.5,0.5,0.00,0.00,0.00,0.00,34.4828,0
1734,"Internal",413,1222.00,0.00,129474.00,56.4648,34.6154,8.9198,74,102,82,98,39,15,3,0.00,0.00,0.00,,24,,0.00,0.00,0.00,1,0.00,0.00,0.00,0.00,0.00,0.00,3,0.00,0.00,0.00,1,5,0.00,29,0.00,1,0.00,0.00,0.00,0.00,0.00,0.00,,,,,,,3.5,29.5,0.2,6.8,0.00,0.00,57.5,0
1735,"Internal",797,2227.00,0.00,156521.00,59.9461,26.6277,13.4261,105,308,166,123,65,19,11,0.00,0.00,0.00,,54,,0.00,0.00,0.00,90,0.00,0.00,73,2,0.00,0.00,0.00,48,25,0.00,16,25,16,20,0.00,3,1,8,15,0.00,0.00,0.00,,,,,,,168,81,0.9,84.1,8,0.00,100,0
1736,"Internal",247,643,0.00,146389.00,59.5645,27.5272,12.9082,52,90,45,38,10,10,2,0.00,1946.00,0.00,,16,,0.00,0.00,0.00,0.00,0.00,0.00,0.00,0.00,0.00,0.00,0.00,0.00,0.00,0.00,0.00,0.00,0.00,0.00,140,0.00,0.00,0.00,7,0.00,0.00,0.00,,,,,,,0.00,0.00,56,91,0.00,1946.00,44.8276,0
1738,"Internal",327,950,0.00,176106.00,57.5789,26.2105,16.2105,48,100,71,76,14,11,7,0.00,0.00,0.00,,30,,0.00,0.00,0.00,2,0.00,0.00,0.00,0.00,0.00,0.00,0.00,0.00,0.00,0.00,0.00,6,0.00,0.00,0.00,0.00,0.00,0.00,0.00,0.00,0.00,0.00,,,,,,,1,1,0.00,6,0.00,0.00,28,0
1739,"Internal",644,1940.00,0.00,104868.00,62.3711,30.2062,7.42268,109,175,102,169,47,30,12,0.00,0.00,0.00,,49,,0.00,0.00,6,32,0.00,0.00,0.00,0.00,0.00,18,0.00,0.00,0.00,1,11,0.00,0.00,0.00,0.00,7,3,21,0.00,0.00,0.00,0.00,,,,,,,22,16,2.3,19.7,39,0.00,58.3333,0
1740,"Internal",168,542,0.00,131636.00,52.214,32.8413,14.9446,12,49,25,61,14,6,1,0.00,0.00,0.00,,14,,0.00,0.00,0.00,0.00,0.00,0.00,0.00,0.00,0.00,2,0.00,0.00,0.00,0.00,2,5,0.00,0.00,0.00,0.00,0.00,0.00,0.00,0.00,0.00,0.00,,,,,,,0.00,0.00,0.00,7,2,0.00,89.2857,0
1741,"Internal",370,1064.00,0.00,176106.00,68.985,23.7782,7.23684,72,95,57,116,13,17,0.00,0.00,0.00,0.00,,17,,0.00,0.00,0.00,0.00,0.00,0.00,0.00,0.00,0.00,0.00,0.00,0.00,0.00,0.00,0.00,0.00,0.00,0.00,0.00,0.00,0.00,0.00,0.00,0.00,0.00,0.00,,,,,,,0.00,0.00,0.00,0.00,0.00,0.00,45.0082,0
1742,"Internal",0.00,0.00,0.00,89930.00,,,,0.00,0.00,0.00,0.00,0.00,0.00,0.00,0.00,0.00,0.00,,0.00,,0.00,0.00,61,0.00,0.00,0.00,0.00,0.00,0.00,0.00,0.00,0.00,0.00,0.00,0.00,0.00,0.00,0.00,0.00,0.00,0.00,0.00,0.00,0.00,0.00,0.00,,,,,,,61,0.00,0.00,0.00,0.00,0.00,25,0
1743,"Internal",238,645,0.00,131636.00,60.7752,31.7829,7.44186,49,75,44,45,19,3,3,0.00,0.00,0.00,,16,,0.00,0.00,0.00,0.00,0.00,0.00,0.00,0.00,0.00,0.00,0.00,0.00,0.00,0.00,0.00,0.00,0.00,0.00,0.00,1,0.00,0.00,0.00,0.00,0.00,0.00,,,,,,,0.00,0.00,0.2,0.8,0.00,0.00,47.0588,0
1745,"Internal",427,1577.00,0.00,131636.00,55.4217,32.5935,11.9848,41,76,78,106,50,56,20,0.00,0.00,0.00,,37,,0.00,0.00,0.00,5,0.00,0.00,0.00,0.00,0.00,0.00,0.00,0.00,0.00,0.00,0.00,6,0.00,0.00,0.00,1,0.00,0.00,1,0.00,0.00,0.00,,,,,,,2.5,2.5,0.2,7.8,0.00,0.00,45.0082,0
1746,"Internal",279,956,0.00,94568.00,62.1339,29.6025,8.2636,24,61,67,76,15,22,14,0.00,0.00,0.00,,16,,0.00,16,0.00,0.00,0.00,0.00,0.00,0.00,0.00,0.00,0.00,0.00,0.00,0.00,0.00,0.00,0.00,0.00,0.00,0.00,0.00,0.00,0.00,0.00,0.00,0.00,,,,,,,16,0.00,0.00,0.00,0.00,0.00,45.0082,0
1747,"Internal",17,39,0.00,146389.00,48.7179,25.641,25.641,1,14,1,0.00,0.00,0.00,1,0.00,0.00,0.00,,2,,0.00,0.00,0.00,0.00,0.00,0.00,0.00,0.00,0.00,0.00,0.00,0.00,0.00,0.00,0.00,0.00,0.00,0.00,0.00,0.00,0.00,0.00,0.00,0.00,0.00,0.00,,,,,,,0.00,0.00,0.00,0.00,0.00,0.00,50,0
1748,"Internal",326,799,0.00,67800.00,54.0676,36.9212,9.01126,119,65,69,40,23,2,8,0.00,0.00,0.00,,24,,0.00,0.00,0.00,0.00,0.00,0.00,0.00,0.00,0.00,0.00,0.00,0.00,0.00,0.00,1,0.00,0.00,0.00,0.00,0.00,0.00,0.00,0.00,0.00,0.00,0.00,,,,,,,0.00,0.00,0.00,1,0.00,0.00,57,0
1749,"Internal",589,1623.00,14,146389.00,48.6753,23.1054,28.2193,86,253,89,84,46,19,12,649,0.00,0.00,,46,,0.00,0.00,0.00,51,0.00,0.00,0.00,5,0.00,6,0.00,30,0.00,1,5,1,0.00,3,54,23,0.00,2,18,0.00,0.00,0.00,,,,,,,60.5,28.5,26.2,75.8,8,649,100,0
1750,"Internal",1,2,0.00,80179.00,50,0.00,50,0.00,1,0.00,0.00,0.00,0.00,0.00,0.00,0.00,0.00,,0.00,,0.00,0.00,0.00,0.00,0.00,0.00,0.00,0.00,0.00,0.00,0.00,0.00,0.00,0.00,0.00,0.00,0.00,0.00,0.00,0.00,0.00,2,0.00,0.00,0.00,0.00,,,,,,,0.00,0.00,0.00,0.00,2,0.00,47.2222,0
1751,"Internal",618,1478.00,0.00,67800.00,55.0068,20.433,24.5602,179,215,106,66,35,7,10,0.00,0.00,0.00,,40,,0.00,0.00,0.00,25,0.00,0.00,0.00,0.00,26,0.00,0.00,0.00,0.00,0.00,0.00,0.00,0.00,3,0.00,0.00,0.00,2,0.00,0.00,0.00,0.00,,,,,,,12.5,15.5,0.00,0.00,28,0.00,62.5,0
1752,"Internal",9,20,0.00,146389.00,50,25,25,0.00,8,0.00,1,0.00,0.00,0.00,0.00,0.00,0.00,,0.00,,0.00,0.00,0.00,0.00,0.00,0.00,0.00,0.00,1,0.00,0.00,0.00,0.00,0.00,6,0.00,0.00,0.00,0.00,0.00,0.00,0.00,0.00,0.00,0.00,0.00,,,,,,,0.00,0.00,0.00,6,1,0.00,54.6296,0
1753,"Internal",512,1315.00,0.00,60625.00,59.7719,21.5209,18.7072,116,205,65,67,34,19,6,0.00,0.00,0.00,,41,,0.00,0.00,0.00,84,0.00,0.00,0.00,2,0.00,0.00,0.00,0.00,3,0.00,1,2,0.00,0.00,0.00,23,1,9,5,0.00,0.00,0.00,,,,,,,44,42,4.9,30.1,9,0.00,52.6316,0
1754,"Internal",29,79,0.00,67800.00,58.2278,16.4557,25.3165,5,9,8,5,1,0.00,1,0.00,0.00,0.00,,1,,0.00,0.00,0.00,0.00,0.00,0.00,0.00,0.00,0.00,0.00,0.00,0.00,0.00,0.00,0.00,26,0.00,0.00,0.00,0.00,0.00,0.00,17,0.00,0.00,0.00,,,,,,,0.00,0.00,0.00,43,0.00,0.00,55.5556,0
1755,"Internal",115,319,0.00,80179.00,41.3793,22.2571,36.3636,21,45,11,18,17,3,0.00,7,0.00,0.00,,7,,0.00,0.00,0.00,0.00,0.00,0.00,0.00,0.00,0.00,0.00,0.00,0.00,0.00,0.00,0.00,2,0.00,25,0.00,0.00,0.00,0.00,2,0.00,0.00,0.00,,,,,,,0.00,25,0.00,4,0.00,7,45.0082,0
1756,"Internal",5,14,0.00,60625.00,42.8571,0.00,57.1429,0.00,4,0.00,0.00,0.00,1,0.00,0.00,0.00,0.00,,0.00,,0.00,0.00,0.00,0.00,0.00,0.00,0.00,0.00,0.00,0.00,0.00,0.00,0.00,0.00,0.00,0.00,0.00,0.00,0.00,0.00,0.00,0.00,0.00,0.00,0.00,0.00,,,,,,,0.00,0.00,0.00,0.00,0.00,0.00,29.6296,0
1757,"Internal",249,610,9,87614.00,52.9508,23.2787,23.7705,56,107,44,18,11,10,3,0.00,0.00,0.00,,16,,22,0.00,0.00,1,0.00,0.00,0.00,0.00,6,0.00,0.00,20,0.00,0.00,1,6,2,1,16,1,0.00,3,3,0.00,0.00,0.00,,,,,,,42.5,3.5,6.6,20.4,9,0.00,80,0
1758,"Internal",85,201,0.00,87614.00,56.7164,26.3682,16.9154,36,22,9,7,4,3,4,0.00,0.00,0.00,,7,,0.00,0.00,0.00,3,0.00,0.00,0.00,0.00,0.00,0.00,0.00,0.00,0.00,0.00,0.00,0.00,0.00,0.00,0.00,0.00,0.00,0.00,0.00,0.00,0.00,0.00,,,,,,,1.5,1.5,0.00,0.00,0.00,0.00,36.1702,0
1759,"Internal",88,247,0.00,80179.00,54.6559,31.9838,13.3603,10,39,11,17,9,1,1,329,0.00,0.00,,7,,7,0.00,0.00,2,0.00,0.00,0.00,0.00,0.00,0.00,0.00,0.00,0.00,0.00,0.00,38,0.00,0.00,44,0.00,1,5,1,0.00,0.00,0.00,,,,,,,8,1,17.9,66.1,5,329,100,0
1760,"Internal",9,19,0.00,60625.00,57.8947,5.26316,36.8421,4,3,0.00,1,1,0.00,0.00,0.00,0.00,0.00,,0.00,,0.00,0.00,0.00,2,0.00,0.00,0.00,0.00,0.00,0.00,0.00,0.00,0.00,0.00,0.00,0.00,0.00,0.00,0.00,0.00,0.00,0.00,0.00,0.00,0.00,0.00,,,,,,,1,1,0.00,0.00,0.00,0.00,0.00,0
1762,"Internal",2,6,0.00,87614.00,50,33.3333,16.6667,0.00,1,0.00,1,0.00,0.00,0.00,0.00,0.00,0.00,,0.00,,0.00,0.00,0.00,2,0.00,0.00,0.00,0.00,0.00,0.00,0.00,0.00,0.00,0.00,0.00,0.00,0.00,0.00,0.00,0.00,0.00,0.00,0.00,0.00,0.00,0.00,,,,,,,1,1,0.00,0.00,0.00,0.00,83.1461,0
1763,"Internal",598,1825.00,0.00,98030.00,55.2877,18.0822,26.6301,111,207,75,70,53,44,38,0.00,0.00,0.00,,8,,0.00,0.00,0.00,23,0.00,0.00,0.00,0.00,0.00,0.00,0.00,0.00,0.00,0.00,0.00,7,0.00,2,0.00,0.00,0.00,0.00,2,0.00,0.00,0.00,,,,,,,11.5,13.5,0.00,9,0.00,0.00,45.0082,0
1801,"Internal",0.00,0.00,0.00,89930.00,,,,0.00,0.00,0.00,0.00,0.00,0.00,0.00,0.00,0.00,0.00,,0.00,,0.00,0.00,0.00,0.00,0.00,0.00,0.00,0.00,0.00,0.00,0.00,0.00,0.00,0.00,0.00,0.00,0.00,0.00,0.00,0.00,0.00,0.00,0.00,0.00,0.00,0.00,,,,,,,0.00,0.00,0.00,0.00,0.00,0.00,44.8276,0
1802,"Internal",10,39,0.00,90071.00,58.9744,7.69231,33.3333,1,0.00,3,1,5,0.00,0.00,0.00,0.00,0.00,,0.00,,0.00,0.00,0.00,17,0.00,0.00,0.00,0.00,0.00,0.00,0.00,0.00,0.00,0.00,0.00,0.00,0.00,0.00,0.00,0.00,2,11,0.00,0.00,0.00,0.00,,,,,,,8.5,8.5,0.6,1.4,11,0.00,55.5556,0
1805,"Internal",10,26,0.00,80179.00,84.6154,11.5385,3.84615,2,5,0.00,1,2,0.00,0.00,0.00,0.00,0.00,,1,,15,0.00,0.00,55,0.00,0.00,0.00,0.00,0.00,0.00,0.00,0.00,0.00,0.00,1,0.00,0.00,6,0.00,0.00,0.00,0.00,5,0.00,0.00,0.00,,,,,,,42.5,33.5,0.00,6,0.00,0.00,66.1765,0
1806,"Internal",29,92,0.00,171774.00,81.5217,8.69565,9.78261,4,9,4,6,2,4,0.00,0.00,0.00,0.00,,1,,0.00,0.00,0.00,2,0.00,0.00,0.00,0.00,0.00,0.00,0.00,0.00,0.00,0.00,0.00,0.00,0.00,0.00,0.00,0.00,0.00,0.00,1,0.00,0.00,0.00,,,,,,,1,1,0.00,1,0.00,0.00,21.7391,0
1807,"Internal",16,39,0.00,171774.00,48.7179,23.0769,28.2051,2,6,7,1,0.00,0.00,0.00,0.00,0.00,0.00,,2,,0.00,0.00,0.00,0.00,0.00,0.00,0.00,0.00,0.00,0.00,0.00,0.00,0.00,0.00,0.00,1,0.00,0.00,0.00,0.00,77,394,689,0.00,0.00,0.00,,,,,,,0.00,0.00,23.1,743.9,394,0.00,45.0082,0
1808,"Internal",47,100,0.00,171774.00,43,19,38,7,32,5,1,2,0.00,0.00,0.00,0.00,0.00,,1,,0.00,0.00,0.00,0.00,0.00,0.00,0.00,0.00,0.00,0.00,0.00,0.00,0.00,0.00,0.00,1,0.00,0.00,0.00,1,0.00,0.00,0.00,8,0.00,0.00,,,,,,,0.00,8,0.2,1.8,0.00,0.00,45.0082,0
1809,"Internal",490,1164.00,0.00,64635.00,49.7423,18.6426,31.6151,120,209,73,56,14,13,5,0.00,0.00,0.00,,17,,0.00,0.00,0.00,10,0.00,0.00,0.00,0.00,0.00,0.00,0.00,0.00,5,0.00,0.00,3,0.00,0.00,0.00,0.00,0.00,1,2,0.00,0.00,0.00,,,,,,,5,5,0.00,10,1,0.00,52.381,0
1810,"Internal",162,373,0.00,93504.00,59.7855,20.1072,20.1072,29,94,15,12,9,3,0.00,0.00,0.00,0.00,,7,,2,0.00,0.00,36,0.00,0.00,7,8,0.00,0.00,0.00,0.00,0.00,0.00,2,1,0.00,5,0.00,8,0.00,1,24,0.00,0.00,0.00,,,,,,,35,23,1.6,33.4,1,0.00,74.0741,0
1811,"Internal",310,785,0.00,93210.00,52.1019,14.1401,33.758,75,94,72,51,11,2,5,0.00,0.00,0.00,,14,,0.00,0.00,0.00,10,0.00,0.00,0.00,0.00,0.00,8,0.00,0.00,0.00,0.00,2,22,0.00,5,0.00,0.00,1,9,3,44,0.00,0.00,,,,,,,5,54,0.3,27.7,17,0.00,38.2353,0
1812,"Internal",20,59,0.00,171774.00,57.6271,15.2542,27.1186,4,8,2,2,1,1,2,0.00,0.00,0.00,,1,,9,0.00,0.00,8,0.00,0.00,0.00,0.00,0.00,0.00,0.00,0.00,0.00,0.00,0.00,0.00,0.00,0.00,8,0.00,0.00,2,10,0.00,0.00,0.00,,,,,,,13,4,3.2,14.8,2,0.00,0.00,0
1813,"Internal",0.00,0.00,0.00,89930.00,,,,0.00,0.00,0.00,0.00,0.00,0.00,0.00,0.00,0.00,0.00,,0.00,,0.00,0.00,0.00,0.00,0.00,0.00,0.00,0.00,0.00,0.00,0.00,0.00,0.00,0.00,0.00,0.00,0.00,0.00,0.00,0.00,0.00,0.00,0.00,0.00,0.00,0.00,,,,,,,0.00,0.00,0.00,0.00,0.00,0.00,0.00,0
1814,"Internal",121,332,0.00,171774.00,50.6024,18.3735,31.0241,11,62,12,24,8,3,1,0.00,0.00,0.00,,4,,1,0.00,0.00,1,0.00,0.00,0.00,0.00,0.00,0.00,7,0.00,0.00,0.00,0.00,3,0.00,3,3,0.00,0.00,0.00,1,0.00,0.00,0.00,,,,,,,8.5,3.5,1.2,5.8,0.00,0.00,64.8649,0
1815,"Internal",1,3,0.00,171774.00,66.6667,0.00,33.3333,0.00,0.00,1,0.00,0.00,0.00,0.00,0.00,0.00,0.00,,0.00,,0.00,0.00,0.00,0.00,0.00,0.00,0.00,0.00,0.00,0.00,0.00,0.00,0.00,0.00,0.00,0.00,0.00,0.00,0.00,0.00,0.00,0.00,0.00,0.00,0.00,0.00,,,,,,,0.00,0.00,0.00,0.00,0.00,0.00,14.5963,0
1816,"Internal",549,1299.00,0.00,140813.00,57.1978,17.398,25.4042,125,260,53,71,29,5,6,0.00,0.00,0.00,,20,,0.00,0.00,0.00,25,0.00,0.00,0.00,3,0.00,0.00,1,0.00,0.00,0.00,3,1,0.00,0.00,0.00,0.00,1,9,1,0.00,0.00,0.00,,,,,,,16.5,12.5,0.3,5.7,9,0.00,34.2105,0
1817,"Internal",235,526,0.00,171774.00,44.8669,13.6882,41.4449,72,101,32,9,9,9,3,0.00,0.00,0.00,,6,,11,0.00,0.00,13,0.00,0.00,0.00,0.00,0.00,0.00,0.00,0.00,0.00,0.00,1,2,0.00,3,0.00,0.00,5,21,0.00,0.00,0.00,0.00,,,,,,,17.5,9.5,1.5,6.5,21,0.00,40.625,0
1818,"Internal",8,20,0.00,87614.00,45,25,30,2,3,1,1,1,0.00,0.00,0.00,0.00,0.00,,1,,0.00,0.00,0.00,0.00,0.00,0.00,0.00,0.00,0.00,0.00,0.00,0.00,0.00,0.00,0.00,0.00,0.00,0.00,0.00,0.00,0.00,0.00,0.00,0.00,0.00,0.00,,,,,,,0.00,0.00,0.00,0.00,0.00,0.00,77.2727,0
1901,"Internal",219,595,0.00,121786.00,50.5882,16.1345,33.2773,27,97,39,32,18,3,3,0.00,0.00,0.00,,16,,5,0.00,0.00,23,0.00,0.00,0.00,0.00,17,28,11,6,0.00,6,3,0.00,0.00,14,0.00,0.00,18,98,16,18,0.00,0.00,,,,,,,33.5,43.5,5.4,37.6,143,0.00,61.1111,0
1902,"Internal",829,2202.00,0.00,89890.00,53.8147,23.842,22.3433,220,248,140,109,58,38,16,706,0.00,0.00,,72,,0.00,0.00,0.00,18,0.00,0.00,0.00,1,0.00,0.00,2,0.00,0.00,0.00,1,2,0.00,1,75,162,0.00,0.00,10,0.00,0.00,0.00,,,,,,,12,10,62.4,187.6,0.00,706,32.2581,0
1903,"Internal",622,1675.00,0.00,98236.00,59.5821,24.2985,16.1194,78,289,99,84,52,14,6,476,0.00,0.00,,47,,0.00,0.00,0.00,8,0.00,0.00,0.00,0.00,13,46,18,0.00,0.00,7,0.00,0.00,0.00,2,48,26,30,153,13,0.00,0.00,0.00,,,,,,,22,6,33.4,90.6,212,476,21.6667,0
1904,"Internal",302,884,0.00,147969.00,54.638,32.0136,13.3484,31,124,49,55,25,13,5,0.00,0.00,0.00,,27,,0.00,0.00,0.00,7,0.00,0.00,0.00,0.00,0.00,0.00,0.00,0.00,0.00,0.00,0.00,2,0.00,0.00,0.00,0.00,0.00,1,5,0.00,0.00,0.00,,,,,,,3.5,3.5,0.00,7,1,0.00,52.2222,0
1905,"Internal",9,25,0.00,147969.00,60,28,12,1,4,1,2,1,0.00,0.00,0.00,0.00,0.00,,1,,0.00,0.00,0.00,0.00,0.00,0.00,0.00,0.00,0.00,0.00,0.00,0.00,0.00,0.00,0.00,0.00,0.00,0.00,0.00,0.00,0.00,0.00,0.00,0.00,0.00,0.00,,,,,,,0.00,0.00,0.00,0.00,0.00,0.00,50.4274,0
1906,"Internal",223,489,0.00,121786.00,58.4867,20.0409,21.4724,50,116,35,13,6,1,2,470,0.00,0.00,,18,,0.00,0.00,0.00,6,0.00,0.00,0.00,1,0.00,0.00,0.00,0.00,0.00,0.00,0.00,9,0.00,0.00,119,0.00,0.00,0.00,0.00,0.00,0.00,0.00,,,,,,,4,3,47.6,80.4,0.00,470,41.629,0
1907,"Internal",133,357,0.00,133036.00,63.3053,17.9272,18.7675,20,61,18,20,7,3,4,0.00,0.00,0.00,,15,,0.00,0.00,0.00,6,0.00,0.00,0.00,0.00,0.00,0.00,0.00,0.00,0.00,0.00,0.00,6,0.00,0.00,0.00,2,0.00,0.00,0.00,0.00,0.00,0.00,,,,,,,3,3,0.4,7.6,0.00,0.00,64.2857,0
1908,"Internal",147,355,0.00,133036.00,43.9437,21.9718,34.0845,33,74,11,16,3,8,2,0.00,0.00,0.00,,9,,0.00,0.00,0.00,21,0.00,0.00,0.00,3,0.00,0.00,0.00,0.00,0.00,0.00,0.00,0.00,0.00,3,0.00,0.00,0.00,0.00,0.00,0.00,0.00,0.00,,,,,,,13.5,13.5,0.00,0.00,0.00,0.00,37.037,0
1909,"Internal",429,1337.00,0.00,139107.00,61.107,27.0007,11.8923,22,155,103,76,52,15,6,868,0.00,0.00,,31,,0.00,1,0.00,9,0.00,0.00,10,0.00,0.00,3,0.00,127,0.00,0.00,5,0.00,0.00,3,112,0.00,10,53,0.00,0.00,0.00,0.00,,,,,,,142.5,7.5,47.8,79.2,56,868,63.1579,0
1910,"Internal",557,1671.00,0.00,139107.00,60.5027,26.6308,12.8665,60,188,113,112,65,10,9,0.00,0.00,0.00,,50,,0.00,0.00,0.00,17,0.00,0.00,0.00,0.00,0.00,0.00,1,0.00,0.00,0.00,0.00,0.00,0.00,8,0.00,0.00,1,3,0.00,0.00,0.00,0.00,,,,,,,9.5,16.5,0.3,0.7,3,0.00,41.7722,0
1911,"Internal",441,1233.00,0.00,133114.00,55.7178,22.06,22.2222,48,186,86,73,31,11,6,0.00,0.00,0.00,,36,,0.00,0.00,0.00,24,0.00,0.00,0.00,0.00,0.00,0.00,0.00,0.00,6,0.00,0.00,2,0.00,46,0.00,0.00,0.00,0.00,5,0.00,0.00,0.00,,,,,,,12,58,0.00,13,0.00,0.00,43.5897,0
1912,"Internal",26,93,0.00,167617.00,27.957,26.8817,45.1613,1,7,7,4,2,4,1,0.00,0.00,0.00,,1,,0.00,0.00,0.00,0.00,0.00,0.00,0.00,0.00,0.00,0.00,11,0.00,0.00,0.00,0.00,0.00,0.00,0.00,0.00,0.00,0.00,0.00,0.00,0.00,0.00,0.00,,,,,,,11,0.00,0.00,0.00,0.00,0.00,66.6667,0
1913,"Internal",225,693,0.00,147969.00,57.4315,27.2727,15.2958,20,66,54,56,22,4,3,0.00,0.00,0.00,,22,,0.00,0.00,0.00,123,80,29,143,207,0.00,20,0.00,575,1,2,1,20,0.00,68,0.00,0.00,1,6,6,0.00,0.00,0.00,,,,,,,1095.50,129.5,0.3,30.7,26,0.00,57.9251,0
1914,"Internal",100,256,0.00,167617.00,54.6875,21.875,23.4375,11,56,9,16,6,2,0.00,0.00,0.00,0.00,,9,,0.00,0.00,0.00,0.00,0.00,0.00,0.00,0.00,0.00,0.00,0.00,0.00,0.00,0.00,0.00,0.00,0.00,0.00,0.00,0.00,0.00,0.00,0.00,0.00,0.00,0.00,,,,,,,0.00,0.00,0.00,0.00,0.00,0.00,45.0082,0
1915,"Internal",57,154,0.00,167617.00,56.4935,16.8831,26.6234,7,21,17,7,4,1,0.00,0.00,0.00,0.00,,5,,0.00,0.00,0.00,0.00,117,0.00,0.00,0.00,0.00,0.00,0.00,0.00,0.00,0.00,0.00,0.00,0.00,0.00,0.00,0.00,0.00,0.00,0.00,0.00,0.00,0.00,,,,,,,117,0.00,0.00,0.00,0.00,0.00,50,0
1916,"Internal",4,11,0.00,136369.00,54.5455,27.2727,18.1818,0.00,2,1,1,0.00,0.00,0.00,0.00,0.00,0.00,,0.00,,0.00,30,0.00,0.00,0.00,22,41,504,0.00,166,0.00,25,0.00,0.00,31,0.00,0.00,0.00,0.00,0.00,0.00,0.00,0.00,0.00,0.00,0.00,,,,,,,622,0.00,0.00,31,166,0.00,45.0082,0
1917,"Internal",445,1193.00,0.00,167617.00,57.7536,21.8776,20.3688,43,238,55,56,39,8,6,0.00,0.00,0.00,,30,,0.00,18,0.00,0.00,0.00,0.00,0.00,0.00,0.00,0.00,0.00,0.00,0.00,0.00,5,1,0.00,0.00,0.00,0.00,0.00,0.00,1,0.00,0.00,0.00,,,,,,,18,0.00,0.00,7,0.00,0.00,25,0
1918,"Internal",14,34,0.00,167617.00,55.8824,20.5882,23.5294,2,8,1,2,1,0.00,0.00,0.00,0.00,0.00,,1,,0.00,0.00,0.00,1,0.00,0.00,0.00,0.00,0.00,0.00,0.00,0.00,0.00,0.00,0.00,0.00,0.00,0.00,0.00,0.00,0.00,0.00,0.00,0.00,0.00,0.00,,,,,,,0.5,0.5,0.00,0.00,0.00,0.00,60.7143,0
1919,"Internal",382,1146.00,0.00,136369.00,50.8726,24.6946,24.4328,23,168,61,70,42,12,6,0.00,0.00,0.00,,30,,0.00,0.00,0.00,65,0.00,0.00,0.00,0.00,0.00,0.00,1,0.00,1,0.00,0.00,0.00,0.00,24,1,0.00,0.00,0.00,0.00,0.00,0.00,0.00,,,,,,,33.5,56.5,0.4,1.6,0.00,0.00,55.3306,0
1920,"Internal",0.00,0.00,0.00,89930.00,,,,0.00,0.00,0.00,0.00,0.00,0.00,0.00,0.00,0.00,0.00,,0.00,,0.00,0.00,0.00,0.00,0.00,0.00,0.00,0.00,0.00,0.00,0.00,0.00,0.00,0.00,0.00,0.00,0.00,0.00,0.00,0.00,0.00,0.00,0.00,0.00,0.00,0.00,,,,,,,0.00,0.00,0.00,0.00,0.00,0.00,45.0082,0
1921,"Internal",49,137,0.00,167617.00,46.7153,21.8978,31.3869,5,24,7,6,4,2,1,0.00,0.00,0.00,,2,,0.00,0.00,0.00,0.00,0.00,0.00,0.00,0.00,0.00,0.00,0.00,0.00,0.00,0.00,0.00,1,0.00,0.00,0.00,0.00,0.00,0.00,0.00,0.00,0.00,0.00,,,,,,,0.00,0.00,0.00,1,0.00,0.00,45.0082,0
1922,"Internal",149,433,0.00,166420.00,53.1178,18.2448,28.6374,17,56,32,24,11,6,3,0.00,0.00,0.00,,10,,1,0.00,0.00,5,0.00,0.00,0.00,0.00,0.00,0.00,0.00,0.00,0.00,0.00,1,14,0.00,2,0.00,0.00,0.00,0.00,0.00,0.00,0.00,0.00,,,,,,,3.5,4.5,0.00,15,0.00,0.00,50,0
1923,"Internal",12,38,0.00,136369.00,55.2632,23.6842,21.0526,1,4,2,3,1,1,0.00,0.00,0.00,0.00,,1,,0.00,0.00,0.00,0.00,0.00,0.00,0.00,0.00,0.00,0.00,0.00,0.00,0.00,0.00,0.00,0.00,0.00,0.00,0.00,0.00,0.00,0.00,0.00,0.00,0.00,0.00,,,,,,,0.00,0.00,0.00,0.00,0.00,0.00,45.0082,0
1924,"Internal",6,17,0.00,78462.00,58.8235,35.2941,5.88235,1,2,1,1,1,0.00,0.00,0.00,0.00,0.00,,6,,0.00,0.00,0.00,0.00,0.00,0.00,0.00,0.00,0.00,0.00,0.00,0.00,0.00,0.00,0.00,0.00,0.00,0.00,0.00,0.00,0.00,0.00,0.00,0.00,0.00,0.00,,,,,,,0.00,0.00,0.00,0.00,0.00,0.00,45.0082,0
1925,"Internal",0.00,0.00,0.00,89930.00,,,,0.00,0.00,0.00,0.00,0.00,0.00,0.00,0.00,0.00,0.00,,0.00,,0.00,0.00,0.00,0.00,0.00,0.00,0.00,0.00,0.00,0.00,0.00,0.00,0.00,0.00,0.00,0.00,0.00,0.00,0.00,0.00,0.00,0.00,0.00,0.00,0.00,0.00,,,,,,,0.00,0.00,0.00,0.00,0.00,0.00,45.0082,0
1926,"Internal",329,794,0.00,78462.00,53.2746,15.7431,30.9824,85,141,40,28,17,16,2,0.00,0.00,0.00,,13,,13,5,0.00,49,0.00,0.00,0.00,0.00,0.00,0.00,0.00,0.00,60,0.00,7,5,0.00,52,0.00,17,5,26,21,0.00,0.00,0.00,,,,,,,42.5,76.5,4.9,110.1,26,0.00,45.122,0
1927,"Internal",73,186,0.00,78462.00,66.6667,12.3656,20.9677,19,25,15,5,4,3,2,0.00,0.00,0.00,,6,,0.00,0.00,0.00,0.00,0.00,0.00,0.00,0.00,0.00,0.00,0.00,0.00,0.00,0.00,2,1,0.00,0.00,0.00,0.00,0.00,0.00,0.00,0.00,0.00,0.00,,,,,,,0.00,0.00,0.00,3,0.00,0.00,50,0
1928,"Internal",35,86,0.00,78462.00,60.4651,18.6047,20.9302,3,22,3,5,2,0.00,0.00,0.00,0.00,0.00,,2,,14,0.00,0.00,0.00,0.00,0.00,0.00,0.00,0.00,0.00,0.00,0.00,0.00,0.00,0.00,0.00,0.00,0.00,0.00,0.00,0.00,0.00,0.00,0.00,0.00,0.00,,,,,,,14,0.00,0.00,0.00,0.00,0.00,31.8182,0
1929,"Internal",94,261,0.00,78462.00,50.5747,20.6897,28.7356,24,27,15,14,6,4,4,0.00,0.00,0.00,,4,,0.00,0.00,0.00,0.00,0.00,0.00,0.00,1,0.00,0.00,0.00,0.00,0.00,0.00,0.00,1,0.00,0.00,0.00,0.00,0.00,1,0.00,0.00,0.00,0.00,,,,,,,1,0.00,0.00,1,1,0.00,42.8571,0
1930,"Internal",0.00,0.00,0.00,89930.00,,,,0.00,0.00,0.00,0.00,0.00,0.00,0.00,0.00,0.00,0.00,,0.00,,0.00,0.00,0.00,0.00,0.00,0.00,0.00,0.00,0.00,0.00,0.00,0.00,0.00,0.00,0.00,0.00,0.00,0.00,0.00,0.00,0.00,0.00,0.00,0.00,0.00,0.00,,,,,,,0.00,0.00,0.00,0.00,0.00,0.00,45.0082,0
1931,"Internal",1,2,0.00,94118.00,0.00,50,50,0.00,1,0.00,0.00,0.00,0.00,0.00,0.00,0.00,0.00,,0.00,,0.00,0.00,0.00,0.00,0.00,0.00,0.00,0.00,0.00,0.00,0.00,0.00,0.00,0.00,0.00,0.00,0.00,0.00,0.00,0.00,0.00,0.00,0.00,0.00,0.00,0.00,,,,,,,0.00,0.00,0.00,0.00,0.00,0.00,45.0082,0
1932,"Internal",4,8,0.00,69940.00,50,0.00,50,0.00,4,0.00,0.00,0.00,0.00,0.00,0.00,0.00,0.00,,0.00,,0.00,0.00,0.00,0.00,0.00,0.00,0.00,0.00,0.00,0.00,0.00,0.00,0.00,0.00,0.00,0.00,0.00,0.00,0.00,0.00,0.00,0.00,0.00,0.00,0.00,0.00,,,,,,,0.00,0.00,0.00,0.00,0.00,0.00,45.0082,0
2001,"Internal",21,32,0.00,94350.00,62.5,9.375,28.125,13,3,4,1,0.00,0.00,0.00,0.00,0.00,0.00,,1,,0.00,0.00,0.00,0.00,0.00,0.00,0.00,0.00,0.00,0.00,0.00,0.00,0.00,0.00,0.00,0.00,0.00,0.00,0.00,0.00,0.00,0.00,0.00,0.00,0.00,0.00,,,,,,,0.00,0.00,0.00,0.00,0.00,0.00,45.0082,0
2002,"Internal",0.00,0.00,0.00,89930.00,,,,0.00,0.00,0.00,0.00,0.00,0.00,0.00,0.00,0.00,0.00,,0.00,,0.00,0.00,0.00,0.00,0.00,0.00,0.00,0.00,0.00,0.00,0.00,0.00,0.00,0.00,0.00,0.00,0.00,0.00,0.00,0.00,0.00,0.00,0.00,0.00,0.00,0.00,,,,,,,0.00,0.00,0.00,0.00,0.00,0.00,45.0082,0
2003,"Internal",6,14,0.00,115234.00,64.2857,21.4286,14.2857,1,3,1,1,0.00,0.00,0.00,0.00,0.00,0.00,,0.00,,0.00,0.00,0.00,0.00,0.00,0.00,0.00,0.00,0.00,0.00,0.00,0.00,0.00,0.00,0.00,0.00,0.00,0.00,0.00,0.00,0.00,0.00,0.00,0.00,0.00,0.00,,,,,,,0.00,0.00,0.00,0.00,0.00,0.00,58.3333,0
2004,"Internal",150,375,0.00,98611.00,61.6,10.6667,27.7333,47,46,30,9,3,10,5,0.00,0.00,0.00,,9,,8,0.00,0.00,6,0.00,0.00,0.00,0.00,0.00,0.00,0.00,0.00,0.00,0.00,0.00,3,0.00,0.00,0.00,0.00,2,13,0.00,0.00,0.00,0.00,,,,,,,11,3,0.6,4.4,13,0.00,66.6667,0
2005,"Internal",184,426,0.00,97853.00,54.9296,20.6573,24.4131,58,70,21,21,5,7,2,0.00,0.00,0.00,,11,,2,0.00,0.00,3,0.00,0.00,0.00,0.00,0.00,0.00,2,0.00,0.00,0.00,0.00,1,0.00,6,0.00,0.00,0.00,0.00,0.00,0.00,0.00,0.00,,,,,,,5.5,7.5,0.00,1,0.00,0.00,50,0
2006,"Internal",0.00,0.00,0.00,89930.00,,,,0.00,0.00,0.00,0.00,0.00,0.00,0.00,0.00,0.00,0.00,,0.00,,0.00,0.00,0.00,0.00,0.00,0.00,0.00,0.00,0.00,0.00,0.00,0.00,0.00,0.00,0.00,0.00,0.00,0.00,0.00,0.00,0.00,0.00,0.00,0.00,0.00,0.00,,,,,,,0.00,0.00,0.00,0.00,0.00,0.00,45.0082,0
2007,"Internal",1,2,0.00,98611.00,100,0.00,0.00,0.00,1,0.00,0.00,0.00,0.00,0.00,0.00,0.00,0.00,,0.00,,0.00,0.00,0.00,0.00,0.00,0.00,0.00,0.00,0.00,0.00,0.00,0.00,0.00,0.00,0.00,0.00,0.00,0.00,0.00,0.00,0.00,0.00,0.00,0.00,0.00,0.00,,,,,,,0.00,0.00,0.00,0.00,0.00,0.00,0.00,0
2009,"Internal",379,959,0.00,98611.00,59.2284,14.7028,26.0688,81,169,48,30,32,17,2,0.00,0.00,0.00,,18,,0.00,2,0.00,8,0.00,0.00,0.00,0.00,0.00,0.00,0.00,0.00,2,0.00,0.00,0.00,0.00,0.00,0.00,0.00,0.00,2,1,0.00,0.00,0.00,,,,,,,6,4,0.00,3,2,0.00,45.4545,0
2010,"Internal",9,28,0.00,93185.00,92.8571,3.57143,3.57143,0.00,6,0.00,0.00,2,1,0.00,0.00,0.00,0.00,,0.00,,0.00,0.00,0.00,0.00,0.00,0.00,0.00,0.00,0.00,0.00,0.00,0.00,0.00,0.00,0.00,0.00,0.00,0.00,0.00,0.00,0.00,0.00,0.00,0.00,0.00,0.00,,,,,,,0.00,0.00,0.00,0.00,0.00,0.00,0.00,0
2101,"Internal",1,2,39,78462.00,100,0.00,0.00,0.00,1,0.00,0.00,0.00,0.00,0.00,0.00,0.00,0.00,,0.00,,0.00,0.00,0.00,9,0.00,40,0.00,0.00,0.00,0.00,0.00,0.00,0.00,0.00,1,0.00,0.00,8,0.00,0.00,0.00,0.00,0.00,0.00,0.00,0.00,,,,,,,44.5,12.5,0.00,1,0.00,0.00,85.5422,0
2102,"Internal",509,1542.00,0.00,66154.00,52.3346,17.38,30.2853,132,130,64,66,45,35,37,45,0.00,0.00,,5,,7,12,7,221,0.00,0.00,0.00,28,4,3,114,0.00,0.00,0.00,0.00,0.00,0.00,36,0.00,0.00,3,19,2,0.00,0.00,0.00,,,,,,,278.5,146.5,0.9,4.1,26,45,79.3043,0
2103,"Internal",0.00,0.00,0.00,89930.00,,,,0.00,0.00,0.00,0.00,0.00,0.00,0.00,0.00,0.00,0.00,,0.00,,0.00,0.00,0.00,0.00,0.00,0.00,0.00,0.00,0.00,0.00,205,745,0.00,0.00,0.00,0.00,0.00,0.00,0.00,0.00,0.00,0.00,0.00,0.00,0.00,0.00,,,,,,,950,0.00,0.00,0.00,0.00,0.00,26.9122,0
2104,"Internal",0.00,0.00,0.00,89930.00,,,,0.00,0.00,0.00,0.00,0.00,0.00,0.00,0.00,0.00,0.00,,0.00,,0.00,0.00,0.00,165,0.00,0.00,0.00,0.00,0.00,0.00,0.00,0.00,0.00,0.00,3,0.00,0.00,0.00,0.00,0.00,2,9,1,0.00,0.00,0.00,,,,,,,82.5,82.5,0.6,5.4,9,0.00,45.0082,0
2105,"Internal",2,7,0.00,132587.00,42.8571,42.8571,14.2857,0.00,1,0.00,0.00,1,0.00,0.00,0.00,0.00,0.00,,0.00,,0.00,0.00,0.00,0.00,0.00,0.00,0.00,0.00,0.00,0.00,0.00,0.00,0.00,0.00,0.00,0.00,0.00,0.00,0.00,0.00,2,14,0.00,0.00,0.00,0.00,,,,,,,0.00,0.00,0.6,1.4,14,0.00,14.2857,0
2107,"Internal",3,6,0.00,78462.00,33.3333,50,16.6667,0.00,3,0.00,0.00,0.00,0.00,0.00,0.00,0.00,0.00,,0.00,,0.00,0.00,0.00,0.00,0.00,0.00,0.00,0.00,0.00,0.00,0.00,0.00,0.00,0.00,0.00,0.00,0.00,0.00,0.00,0.00,0.00,0.00,0.00,0.00,0.00,0.00,,,,,,,0.00,0.00,0.00,0.00,0.00,0.00,45.0082,0
2108,"Internal",0.00,0.00,0.00,89930.00,,,,0.00,0.00,0.00,0.00,0.00,0.00,0.00,0.00,0.00,0.00,,0.00,,0.00,0.00,0.00,0.00,0.00,0.00,0.00,0.00,0.00,0.00,0.00,0.00,0.00,0.00,0.00,0.00,0.00,0.00,0.00,0.00,0.00,0.00,0.00,0.00,0.00,0.00,,,,,,,0.00,0.00,0.00,0.00,0.00,0.00,45.0082,0
2109,"Internal",0.00,0.00,0.00,89930.00,,,,0.00,0.00,0.00,0.00,0.00,0.00,0.00,0.00,0.00,0.00,,0.00,,0.00,0.00,0.00,0.00,0.00,0.00,0.00,0.00,0.00,0.00,0.00,0.00,0.00,0.00,0.00,0.00,0.00,0.00,0.00,0.00,0.00,0.00,0.00,0.00,0.00,0.00,,,,,,,0.00,0.00,0.00,0.00,0.00,0.00,45.0082,0
2110,"Internal",4,15,0.00,74053.00,46.6667,33.3333,20,1,1,0.00,0.00,1,0.00,1,0.00,0.00,0.00,,0.00,,0.00,16,74,121,0.00,460,144,220,0.00,0.00,106,750,46,0.00,32,40,23,30,0.00,0.00,12,60,55,15,0.00,0.00,,,,,,,1830.50,128.5,3.6,181.4,60,0.00,72.0226,0
2111,"Internal",1,2,0.00,78462.00,100,0.00,0.00,0.00,1,0.00,0.00,0.00,0.00,0.00,0.00,0.00,0.00,,0.00,,0.00,0.00,0.00,0.00,0.00,0.00,0.00,0.00,0.00,0.00,0.00,0.00,0.00,0.00,0.00,0.00,0.00,0.00,0.00,0.00,0.00,0.00,0.00,0.00,0.00,0.00,,,,,,,0.00,0.00,0.00,0.00,0.00,0.00,45.0082,0
2112,"Internal",0.00,0.00,0.00,89930.00,,,,0.00,0.00,0.00,0.00,0.00,0.00,0.00,0.00,0.00,0.00,,0.00,,0.00,0.00,0.00,0.00,0.00,0.00,0.00,0.00,0.00,0.00,0.00,0.00,0.00,0.00,0.00,0.00,0.00,0.00,0.00,0.00,0.00,0.00,0.00,0.00,0.00,0.00,,,,,,,0.00,0.00,0.00,0.00,0.00,0.00,45.0082,0
2113,"Internal",0.00,0.00,0.00,89930.00,,,,0.00,0.00,0.00,0.00,0.00,0.00,0.00,0.00,0.00,0.00,,0.00,,0.00,0.00,0.00,0.00,0.00,0.00,0.00,0.00,0.00,0.00,0.00,0.00,0.00,0.00,0.00,0.00,0.00,0.00,0.00,0.00,0.00,0.00,0.00,0.00,0.00,0.00,,,,,,,0.00,0.00,0.00,0.00,0.00,0.00,45.0082,0
2114,"Internal",1,2,0.00,66154.00,100,0.00,0.00,0.00,1,0.00,0.00,0.00,0.00,0.00,0.00,0.00,0.00,,0.00,,15,74,0.00,428,0.00,221,14196.00,10,0.00,45,108,2110.00,110,0.00,0.00,27,0.00,37,0.00,107,11,56,32,0.00,0.00,91,,,,,,,16948.00,251,24.7,262.3,101,0.00,69.8355,0
2115,"Internal",88,231,0.00,78462.00,48.9177,16.0173,35.0649,22,33,12,9,5,3,4,0.00,0.00,0.00,,3,,0.00,0.00,0.00,1,0.00,0.00,0.00,0.00,0.00,0.00,0.00,0.00,0.00,0.00,0.00,2,0.00,0.00,0.00,0.00,0.00,0.00,0.00,0.00,0.00,0.00,,,,,,,0.5,0.5,0.00,2,0.00,0.00,90,0
2116,"Internal",70,187,0.00,78093.00,60.4278,12.2995,27.2727,8,36,13,3,7,0.00,3,0.00,0.00,0.00,,0.00,,0.00,0.00,0.00,0.00,0.00,0.00,0.00,0.00,0.00,0.00,0.00,0.00,0.00,0.00,0.00,0.00,0.00,0.00,0.00,0.00,0.00,0.00,0.00,0.00,0.00,0.00,,,,,,,0.00,0.00,0.00,0.00,0.00,0.00,45.0082,0
2117,"Internal",23,83,0.00,66154.00,55.4217,13.253,31.3253,4,4,4,4,1,4,2,0.00,0.00,0.00,,0.00,,0.00,0.00,0.00,0.00,0.00,0.00,0.00,0.00,0.00,0.00,0.00,0.00,0.00,0.00,1,0.00,0.00,0.00,0.00,0.00,0.00,0.00,0.00,0.00,0.00,0.00,,,,,,,0.00,0.00,0.00,1,0.00,0.00,0.00,0
2118,"Internal",253,823,0.00,103951.00,55.5286,27.4605,17.0109,37,77,34,43,29,18,15,0.00,0.00,0.00,,6,,0.00,0.00,0.00,6,0.00,0.00,0.00,0.00,0.00,0.00,0.00,0.00,0.00,0.00,1,0.00,1,0.00,0.00,0.00,0.00,0.00,0.00,0.00,0.00,0.00,,,,,,,3,4,0.00,1,0.00,0.00,25,0
2119,"Internal",177,554,0.00,103951.00,56.6787,18.4116,24.9097,34,61,18,17,20,13,14,0.00,0.00,0.00,,1,,0.00,0.00,0.00,22,0.00,0.00,0.00,0.00,0.00,0.00,0.00,0.00,0.00,0.00,0.00,1,0.00,0.00,0.00,0.00,0.00,0.00,4,0.00,0.00,0.00,,,,,,,11,11,0.00,5,0.00,0.00,88.8889,0
2120,"Internal",182,416,14,51912.00,54.3269,19.9519,25.7212,74,47,27,17,6,8,3,104,0.00,0.00,,6,,0.00,14,0.00,0.00,0.00,0.00,0.00,0.00,0.00,17,0.00,2,0.00,0.00,2,1,0.00,0.00,39,18,1,5,1,0.00,0.00,0.00,,,,,,,16,0.00,19.5,42.5,22,104,60.5263,0
2121,"Internal",493,1477.00,0.00,78750.00,53.5545,21.8687,24.5768,99,167,65,61,36,30,35,0.00,0.00,0.00,,10,,3,0.00,0.00,19,0.00,0.00,0.00,0.00,10,213,23,0.00,0.00,13,16,10,0.00,6,0.00,26,22,114,122,0.00,0.00,128,,,,,,,35.5,15.5,11.8,197.2,337,0.00,24.8804,0
2122,"Internal",716,2034.00,0.00,68012.00,57.8171,25.6146,16.5683,202,189,88,101,64,38,34,0.00,0.00,0.00,,6,,1,23,0.00,74,0.00,157,157,0.00,9,76,6,0.00,6,6,26,1,0.00,149,0.00,41,48,245,28,48,0.00,49,,,,,,,381,234,22.6,133.4,330,0.00,39.2925,0
2123,"Internal",1652.00,4733.00,0.00,65962.00,59.3492,26.03,14.6207,431,476,242,182,127,97,97,1079.00,0.00,0.00,,17,,0.00,0.00,0.00,7,0.00,0.00,0.00,0.00,45,29,6,33,1,7,45,26,0.00,3,0.00,13,3,13,1,173,0.00,0.00,,,,,,,42.5,179.5,3.5,92.5,87,1079.00,49.8246,0
2124,"Internal",1513.00,4763.00,0.00,80656.00,55.0913,27.6087,17.3,284,416,257,212,138,104,102,584,0.00,0.00,,21,,0.00,0.00,0.00,9,0.00,0.00,0.00,0.00,0.00,0.00,13,0.00,0.00,0.00,7,16,0.00,0.00,0.00,33,6,31,10,0.00,0.00,0.00,,,,,,,17.5,4.5,8.4,63.6,31,584,32.6923,0
2125,"Internal",1,2,0.00,68012.00,50,50,0.00,0.00,1,0.00,0.00,0.00,0.00,0.00,0.00,0.00,0.00,,0.00,,0.00,0.00,0.00,0.00,0.00,0.00,0.00,0.00,0.00,44,0.00,0.00,0.00,0.00,0.00,0.00,0.00,0.00,0.00,0.00,23,118,15,0.00,0.00,0.00,,,,,,,0.00,0.00,6.9,31.1,162,0.00,26.4957,0
2126,"Internal",1997.00,6318.00,0.00,81534.00,54.6534,29.408,15.9386,374,546,317,294,197,143,126,783,0.00,0.00,,38,,6,1,0.00,114,84,77,35,12,128,149,1,0.00,0.00,26,38,44,0.00,198,0.00,182,58,299,92,9,0.00,0.00,,,,,,,273,264,53.8,386.2,576,783,58.1498,0
2127,"Internal",0.00,0.00,0.00,89930.00,,,,0.00,0.00,0.00,0.00,0.00,0.00,0.00,0.00,0.00,0.00,,0.00,,0.00,0.00,0.00,0.00,0.00,0.00,0.00,0.00,0.00,0.00,0.00,0.00,0.00,0.00,0.00,0.00,0.00,0.00,0.00,0.00,0.00,0.00,0.00,0.00,0.00,0.00,,,,,,,0.00,0.00,0.00,0.00,0.00,0.00,45.0082,0
2128,"Internal",659,2116.00,0.00,90492.00,56.1437,29.0643,14.7921,99,192,114,108,61,41,44,0.00,0.00,0.00,,7,,0.00,0.00,0.00,1,0.00,0.00,0.00,0.00,0.00,31,3,0.00,0.00,0.00,0.00,0.00,0.00,3,0.00,0.00,1,6,1,0.00,0.00,0.00,,,,,,,3.5,3.5,0.3,1.7,37,0.00,28.5714,0
2129,"Internal",285,921,0.00,103605.00,50.38,28.9902,20.6298,60,70,44,35,31,21,24,0.00,1230.00,0.00,,2,,0.00,0.00,0.00,4,0.00,0.00,0.00,0.00,0.00,0.00,0.00,0.00,0.00,0.00,0.00,0.00,0.00,26,0.00,0.00,1,4,4,0.00,0.00,0.00,,,,,,,2,28,0.3,4.7,4,1230.00,36.5854,0
2130,"Internal",0.00,0.00,0.00,0.00,0.00,0.00,0.00,0.00,0.00,0.00,0.00,0.00,0.00,0.00,0.00,0.00,0.00,,0.00,,0.00,0.00,0.00,0.00,0.00,0.00,0.00,0.00,0.00,0.00,0.00,0.00,0.00,0.00,0.00,0.00,0.00,0.00,0.00,0.00,0.00,0.00,0.00,0.00,0.00,0.00,,,,,,,0.00,0.00,0.00,0.00,0.00,0.00,25,0
2131,"Internal",961,2771.00,0.00,102191.00,51.2811,24.9729,23.7459,197,354,124,97,90,37,62,505,0.00,0.00,,9,,15,0.00,29,17,0.00,0.00,0.00,0.00,0.00,0.00,0.00,1,0.00,0.00,4,10,0.00,36,0.00,0.00,1,7,0.00,0.00,0.00,0.00,,,,,,,53.5,44.5,0.3,14.7,7,505,41.4894,0
2132,"Internal",4,9,0.00,68012.00,55.5556,33.3333,11.1111,1,2,0.00,1,0.00,0.00,0.00,0.00,0.00,0.00,,0.00,,0.00,36,16,57,0.00,1031.00,277,22,280,542,66,482,0.00,22,1,12,41,84,0.00,71,35,182,15,0.00,0.00,66,,,,,,,1958.50,153.5,24.7,131.3,1004.00,0.00,60.0289,0
2133,"Internal",0.00,0.00,0.00,89930.00,,,,0.00,0.00,0.00,0.00,0.00,0.00,0.00,0.00,0.00,0.00,,0.00,,0.00,0.00,0.00,63,0.00,0.00,0.00,0.00,0.00,0.00,0.00,0.00,104,0.00,0.00,10,0.00,0.00,0.00,0.00,0.00,0.00,0.00,0.00,0.00,0.00,,,,,,,31.5,31.5,0.00,114,0.00,0.00,45.0082,0
2134,"Internal",0.00,0.00,0.00,89930.00,,,,0.00,0.00,0.00,0.00,0.00,0.00,0.00,0.00,0.00,0.00,,0.00,,0.00,0.00,0.00,0.00,0.00,0.00,0.00,0.00,0.00,0.00,0.00,0.00,0.00,0.00,0.00,0.00,0.00,0.00,0.00,0.00,0.00,0.00,0.00,0.00,0.00,0.00,,,,,,,0.00,0.00,0.00,0.00,0.00,0.00,45.0082,0
2135,"Internal",0.00,0.00,0.00,89930.00,,,,0.00,0.00,0.00,0.00,0.00,0.00,0.00,0.00,0.00,0.00,,0.00,,0.00,0.00,0.00,0.00,0.00,0.00,0.00,0.00,0.00,0.00,0.00,0.00,0.00,0.00,0.00,0.00,0.00,0.00,0.00,0.00,0.00,0.00,0.00,0.00,0.00,0.00,,,,,,,0.00,0.00,0.00,0.00,0.00,0.00,45.0082,0
3001,"External",,,,,,,,,,,,,,,,,,,,,,,,,,,,,,,,,,,,,,,,,,,,,,,32000,"Medium",4.7301,72.3818,1.45413,21.434,,,,,,,,
3002,"External",,,,,,,,,,,,,,,,,,,,,,,,,,,,,,,,,,,,,,,,,,,,,,,4600,"Medium",3.80086,90.561,0.234904,5.4032,,,,,,,,
3003,"External",,,,,,,,,,,,,,,,,,,,,,,,,,,,,,,,,,,,,,,,,,,,,,,6300,"Long",9.05849,78.395,1.33913,11.2074,,,,,,,,
3004,"External",,,,,,,,,,,,,,,,,,,,,,,,,,,,,,,,,,,,,,,,,,,,,,,870,"Medium",2.47596,57.3197,1.62384,38.5805,,,,,,,,
3005,"External",,,,,,,,,,,,,,,,,,,,,,,,,,,,,,,,,,,,,,,,,,,,,,,1250,"Medium",4.95787,80.0182,0.903018,14.1209,,,,,,,,
3006,"External",,,,,,,,,,,,,,,,,,,,,,,,,,,,,,,,,,,,,,,,,,,,,,,9400,"Long",9.32794,45.5041,7.45448,37.7135,,,,,,,,
3007,"External",,,,,,,,,,,,,,,,,,,,,,,,,,,,,,,,,,,,,,,,,,,,,,,11550,"Short",2.97718,87.1149,0.340115,9.56782,,,,,,,,
3008,"External",,,,,,,,,,,,,,,,,,,,,,,,,,,,,,,,,,,,,,,,,,,,,,,4350,"Medium",8.61324,80.933,1.04582,9.40792,,,,,,,,
3009,"External",,,,,,,,,,,,,,,,,,,,,,,,,,,,,,,,,,,,,,,,,,,,,,,5100,"Medium",2.56443,88.7232,0.251606,8.46072,,,,,,,,
3010,"External",,,,,,,,,,,,,,,,,,,,,,,,,,,,,,,,,,,,,,,,,,,,,,,2450,"Medium",3.43303,85.4783,0.413671,10.675,,,,,,,,
3011,"External",,,,,,,,,,,,,,,,,,,,,,,,,,,,,,,,,,,,,,,,,,,,,,,44000,"Long",3.36204,93.9391,0.096611,2.60223,,,,,,,,
3012,"External",,,,,,,,,,,,,,,,,,,,,,,,,,,,,,,,,,,,,,,,,,,,,,,5350,"Medium",1.6805,97.292,0.016875,1.01059,,,,,,,,
