term,estimated_as,estimate,std.error,statistic,p.value
N_HBO_bus,N_HBO_bus,0.0062628870381547285,0.004712985962616981,1.3288575624522194,0.184
N_HBSR_bus,N_HBSR_bus,0.008752737585572275,0.003923751617010894,2.2307063341180835,0.02577
N_HBO_walkbike,N_HBO_walkbike,0.033600570539718266,0.006622008960012275,5.0740750643224715,0
r_sq,NA,0.026658887313214686,NA,NA,NA
