term,estimated_as,estimate,std.error,statistic,p.value
W_HBO_bus,W_HBO_bus,0.6725008715995862,0.013656134944965951,49.24532997877921,0
r_sq,NA,0.009519512558449503,NA,NA,NA
