tod,pa_fac
AM,0.9110580270655845
MD,0.5058321009251806
PM,0.28155230930714026
NT,0.39051510721299654
