period,factor
AM,0.127173381
MD,0.404568269
PM,0.22709159
NT,0.241166757
