Urban,LocalFac
1,0.11562101
0,0.064793289
