purpose,segment,factor
N_HBO,v0,0.483489
N_HBO,vi,0.9037818
N_HBO,vs,0.5923692
N_HBSCH,,0.6639408
N_HBSHP,v0,1.21824
N_HBSHP,vi,1.043118
N_HBSHP,vs,0.6342462
N_HBSR,v0,1.2319452
N_HBSR,vi,1.0743354
N_HBSR,vs,0.6372918
W_HBO,v0,0.49491
W_HBO,vi,1.2814362
W_HBO,vs,0.742365
W_HBW,v0,1.1200194
W_HBW,vi,1.3217904
W_HBW,vs,0.7065792
